date,rain_in,rain_mm
2010-09-30,0,0
2010-10-01,0,0
2010-10-02,0,0
2010-10-03,0,0
2010-10-04,0,0
2010-10-05,0,0
2010-10-06,0,0
2010-10-07,0,0
2010-10-08,0,0
2010-10-09,0,0
2010-10-10,0,0
2010-10-11,0,0
2010-10-12,0.41000000000000003,10.414
2010-10-13,0.0603,1.53162
2010-10-14,0.03,0.7619999999999999
2010-10-15,0,0
2010-10-16,0,0
2010-10-17,0,0
2010-10-18,0,0
2010-10-19,1e-4,0.00254
2010-10-20,0.0501,1.27254
2010-10-21,0,0
2010-10-22,0,0
2010-10-23,0,0
2010-10-24,0,0
2010-10-25,2.7501,69.85254
2010-10-26,1.3701,34.80054
2010-10-27,1e-4,0.00254
2010-10-28,0,0
2010-10-29,0,0
2010-10-30,0,0
2010-10-31,0,0
2010-11-01,0,0
2010-11-02,0,0
2010-11-03,0.15030000000000002,3.8176200000000002
2010-11-04,0.1202,3.05308
2010-11-05,1e-4,0.00254
2010-11-06,0.01,0.254
2010-11-07,0,0
2010-11-08,0,0
2010-11-09,0,0
2010-11-10,0,0
2010-11-11,0,0
2010-11-12,0,0
2010-11-13,1e-4,0.00254
2010-11-14,0.2906,7.38124
2010-11-15,0,0
2010-11-16,2.2103,56.14162
2010-11-17,0.02,0.508
2010-11-18,0,0
2010-11-19,0,0
2010-11-20,0,0
2010-11-21,0,0
2010-11-22,0,0
2010-11-23,4.4503,113.03762
2010-11-24,0.0601,1.52654
2010-11-25,0.1001,2.54254
2010-11-26,0.6606,16.779239999999998
2010-11-27,0,0
2010-11-28,0,0
2010-11-29,0.5301,13.46454
2010-11-30,3.9503,100.33761999999999
2010-12-01,0,0
2010-12-02,0,0
2010-12-03,0,0
2010-12-04,2e-4,0.00508
2010-12-05,0.0017000000000000001,0.04318
2010-12-06,0.0012000000000000001,0.03048
2010-12-07,2e-4,0.00508
2010-12-08,0,0
2010-12-09,0,0
2010-12-10,0,0
2010-12-11,0.4501,11.43254
2010-12-12,0.9725,24.7015
2010-12-13,0.0125,0.3175
2010-12-14,0,0
2010-12-15,3.0000000000000003e-4,0.00762
2010-12-16,0.4404,11.18616
2010-12-17,0,0
2010-12-18,0,0
2010-12-19,0,0
2010-12-20,0,0
2010-12-21,2e-4,0.00508
2010-12-22,0.0906,2.30124
2010-12-23,0,0
2010-12-24,2e-4,0.00508
2010-12-25,0.3026,7.686039999999999
2010-12-26,0.0032,0.08128
2010-12-27,3.0000000000000003e-4,0.00762
2010-12-28,0,0
2010-12-29,0.0303,0.76962
2010-12-30,0.09,2.2859999999999996
2010-12-31,0,0
2011-01-01,1.1708,29.73832
2011-01-02,0,0
2011-01-03,0,0
2011-01-04,0,0
2011-01-05,0.0903,2.29362
2011-01-06,0.0202,0.51308
2011-01-07,4e-4,0.01016
2011-01-08,0.032100000000000004,0.8153400000000001
2011-01-09,0,0
2011-01-10,0.5125000000000001,13.017500000000002
2011-01-11,0.0026000000000000003,0.06604
2011-01-12,0.0025,0.0635
2011-01-13,0.0013000000000000002,0.03302
2011-01-14,0,0
2011-01-15,0,0
2011-01-16,0,0
2011-01-17,5e-4,0.0127
2011-01-18,0.4507,11.44778
2011-01-19,0.0212,0.53848
2011-01-20,0.0804,2.04216
2011-01-21,0.0105,0.2667
2011-01-22,0,0
2011-01-23,0,0
2011-01-24,3.0000000000000003e-4,0.00762
2011-01-25,0.4407,11.193779999999999
2011-01-26,0.6006,15.25524
2011-01-27,0,0
2011-01-28,0,0
2011-01-29,0,0
2011-01-30,0,0
2011-01-31,0.060500000000000005,1.5367
2011-02-01,1.1202,28.45308
2011-02-02,0.0206,0.5232399999999999
2011-02-03,0,0
2011-02-04,1e-4,0.00254
2011-02-05,0.0913,2.31902
2011-02-06,0,0
2011-02-07,0.6507000000000001,16.52778
2011-02-08,4e-4,0.01016
2011-02-09,0.1903,4.83362
2011-02-10,0.0506,1.28524
2011-02-11,0,0
2011-02-12,0,0
2011-02-13,0,0
2011-02-14,0,0
2011-02-15,0,0
2011-02-16,0,0
2011-02-17,0,0
2011-02-18,0.0503,1.2776199999999998
2011-02-19,0.0302,0.76708
2011-02-20,2e-4,0.00508
2011-02-21,1e-4,0.00254
2011-02-22,0.38,9.652
2011-02-23,0,0
2011-02-24,2.4706,62.75324
2011-02-25,1.7606000000000002,44.71924
2011-02-26,0,0
2011-02-27,0.0402,1.02108
2011-02-28,5.1408000000000005,130.57632
2011-03-01,0,0
2011-03-02,0,0
2011-03-03,0,0
2011-03-04,0,0
2011-03-05,2.5408,64.53631999999999
2011-03-06,0.3602,9.14908
2011-03-07,0,0
2011-03-08,0.07,1.778
2011-03-09,1.4206,36.08324
2011-03-10,0.0314,0.7975599999999999
2011-03-11,0.0201,0.51054
2011-03-12,0,0
2011-03-13,0.0403,1.02362
2011-03-14,0.5409,13.73886
2011-03-15,4e-4,0.01016
2011-03-16,0,0
2011-03-17,0,0
2011-03-18,0,0
2011-03-19,0,0
2011-03-20,0,0
2011-03-21,0,0
2011-03-22,0,0
2011-03-23,0.0402,1.02108
2011-03-24,0.01,0.254
2011-03-25,0.10020000000000001,2.54508
2011-03-26,0.5402,13.721079999999999
2011-03-27,0.01,0.254
2011-03-28,0.2204,5.59816
2011-03-29,0.0101,0.25654
2011-03-30,3.5609,90.44686
2011-03-31,5e-4,0.0127
2011-04-01,0,0
2011-04-02,0,0
2011-04-03,0,0
2011-04-04,2.3409,59.458859999999994
2011-04-05,0.6902,17.53108
2011-04-06,0,0
2011-04-07,0,0
2011-04-08,0,0
2011-04-09,0,0
2011-04-10,0,0
2011-04-11,1.2201,30.990539999999996
2011-04-12,0.2507,6.367779999999999
2011-04-13,0,0
2011-04-14,0,0
2011-04-15,1.5602,39.62908
2011-04-16,1.9008,48.280319999999996
2011-04-17,0,0
2011-04-18,0,0
2011-04-19,0,0
2011-04-20,0.8513000000000001,21.62302
2011-04-21,0.12010000000000001,3.0505400000000003
2011-04-22,3.0000000000000003e-4,0.00762
2011-04-23,0,0
2011-04-24,0.2403,6.10362
2011-04-25,0.0101,0.25654
2011-04-26,1.2101,30.736539999999998
2011-04-27,3.3103000000000002,84.08162
2011-04-28,1e-4,0.00254
2011-04-29,1e-4,0.00254
2011-04-30,0,0
2011-05-01,1.2702,32.263079999999995
2011-05-02,0.2203,5.595619999999999
2011-05-03,3.681,93.4974
2011-05-04,0,0
2011-05-05,0,0
2011-05-06,2e-4,0.00508
2011-05-07,3.0000000000000003e-4,0.00762
2011-05-08,0,0
2011-05-09,0,0
2011-05-10,0,0
2011-05-11,0,0
2011-05-12,0.0601,1.52654
2011-05-13,0.08030000000000001,2.03962
2011-05-14,0.3405,8.6487
2011-05-15,3.0000000000000003e-4,0.00762
2011-05-16,0.0609,1.54686
2011-05-17,0,0
2011-05-18,0,0
2011-05-19,2e-4,0.00508
2011-05-20,0,0
2011-05-21,0.17,4.3180000000000005
2011-05-22,0,0
2011-05-23,0.7307,18.55978
2011-05-24,0.5804,14.74216
2011-05-25,0,0
2011-05-26,1.3805,35.0647
2011-05-27,1e-4,0.00254
2011-05-28,0,0
2011-05-29,0,0
2011-05-30,0,0
2011-05-31,0,0
2011-06-01,0,0
2011-06-02,0,0
2011-06-03,0,0
2011-06-04,0,0
2011-06-05,0.03,0.7619999999999999
2011-06-06,0,0
2011-06-07,0,0
2011-06-08,0,0
2011-06-09,0,0
2011-06-10,0,0
2011-06-11,0,0
2011-06-12,0,0
2011-06-13,0,0
2011-06-14,0.0404,1.02616
2011-06-15,5.4701,138.94054
2011-06-16,0,0
2011-06-17,0.0306,0.7772399999999999
2011-06-18,0.1205,3.0606999999999998
2011-06-19,2.33,59.181999999999995
2011-06-20,0,0
2011-06-21,0.0305,0.7746999999999999
2011-06-22,0.1102,2.79908
2011-06-23,0,0
2011-06-24,0,0
2011-06-25,0.2003,5.08762
2011-06-26,1.0407,26.43378
2011-06-27,0,0
2011-06-28,5.37,136.398
2011-06-29,0,0
2011-06-30,0,0
2011-07-01,0,0
2011-07-02,0,0
2011-07-03,0,0
2011-07-04,0,0
2011-07-05,0,0
2011-07-06,2.0401,51.81853999999999
2011-07-07,2.8400000000000003,72.13600000000001
2011-07-08,0.1506,3.82524
2011-07-09,0,0
2011-07-10,0,0
2011-07-11,0,0
2011-07-12,1e-4,0.00254
2011-07-13,0,0
2011-07-14,1e-4,0.00254
2011-07-15,0,0
2011-07-16,0,0
2011-07-17,0,0
2011-07-18,1.04,26.416
2011-07-19,0.0102,0.25908
2011-07-20,0,0
2011-07-21,0,0
2011-07-22,0,0
2011-07-23,0,0
2011-07-24,0,0
2011-07-25,0,0
2011-07-26,0,0
2011-07-27,0,0
2011-07-28,0,0
2011-07-29,0,0
2011-07-30,1.6901,42.92854
2011-07-31,1e-4,0.00254
2011-08-01,0,0
2011-08-02,0,0
2011-08-03,0,0
2011-08-04,0,0
2011-08-05,1.0903,27.69362
2011-08-06,0.2809,7.134859999999999
2011-08-07,0.050300000000000004,1.27762
2011-08-08,1e-4,0.00254
2011-08-09,3.0000000000000003e-4,0.00762
2011-08-10,0,0
2011-08-11,0,0
2011-08-12,0,0
2011-08-13,0.0101,0.25654
2011-08-14,0,0
2011-08-15,0,0
2011-08-16,0,0
2011-08-17,0,0
2011-08-18,0,0
2011-08-19,0,0
2011-08-20,0,0
2011-08-21,2.7401,69.59854
2011-08-22,0,0
2011-08-23,0,0
2011-08-24,0,0
2011-08-25,0,0
2011-08-26,0,0
2011-08-27,0,0
2011-08-28,0,0
2011-08-29,0,0
2011-08-30,0,0
2011-08-31,0,0
2011-09-01,0,0
2011-09-02,0,0
2011-09-03,0,0
2011-09-04,0.5004,12.710159999999998
2011-09-05,2.5905,65.7987
2011-09-06,3.1601,80.26653999999999
2011-09-07,4e-4,0.01016
2011-09-08,0,0
2011-09-09,0,0
2011-09-10,0,0
2011-09-11,0.2,5.08
2011-09-12,0,0
2011-09-13,0,0
2011-09-14,0,0
2011-09-15,0.4303,10.92962
2011-09-16,0,0
2011-09-17,0,0
2011-09-18,2e-4,0.00508
2011-09-19,0.1804,4.58216
2011-09-20,0.31,7.874
2011-09-21,0.2004,5.09016
2011-09-22,0,0
2011-09-23,0.9601000000000001,24.38654
2011-09-24,0.01,0.254
2011-09-25,1e-4,0.00254
2011-09-26,0.4506,11.44524
2011-09-27,0,0
2011-09-28,0,0
2011-09-29,0.05,1.27
2011-09-30,0,0
2011-10-01,0,0
2011-10-02,0,0
2011-10-03,0,0
2011-10-04,0,0
2011-10-05,0,0
2011-10-06,0,0
2011-10-07,0,0
2011-10-08,0,0
2011-10-09,0,0
2011-10-10,0,0
2011-10-11,0,0
2011-10-12,0,0
2011-10-13,0.42050000000000004,10.6807
2011-10-14,0,0
2011-10-15,0,0
2011-10-16,0,0
2011-10-17,0,0
2011-10-18,0.050100000000000006,1.27254
2011-10-19,0.1207,3.0657799999999997
2011-10-20,0.12090000000000001,3.07086
2011-10-21,0,0
2011-10-22,0,0
2011-10-23,0,0
2011-10-24,0,0
2011-10-25,0,0
2011-10-26,0,0
2011-10-27,0.15080000000000002,3.8303200000000004
2011-10-28,0.7103,18.04162
2011-10-29,0,0
2011-10-30,0,0
2011-10-31,0,0
2011-11-01,0,0
2011-11-02,0,0
2011-11-03,0.8003,20.32762
2011-11-04,0.0102,0.25908
2011-11-05,0,0
2011-11-06,0,0
2011-11-07,0,0
2011-11-08,0.19,4.826
2011-11-09,0.0505,1.2827
2011-11-10,0,0
2011-11-11,0,0
2011-11-12,0,0
2011-11-13,0,0
2011-11-14,0,0
2011-11-15,1.8302,46.48708
2011-11-16,1.6907,42.94378
2011-11-17,0,0
2011-11-18,0,0
2011-11-19,0,0
2011-11-20,1.6801,42.67453999999999
2011-11-21,1.2905,32.7787
2011-11-22,0.1106,2.80924
2011-11-23,0.0903,2.29362
2011-11-24,0,0
2011-11-25,0,0
2011-11-26,0,0
2011-11-27,1.8506,47.00524
2011-11-28,1.8807,47.76978
2011-11-29,0.0637,1.61798
2011-11-30,0.0208,0.5283199999999999
2011-12-01,0,0
2011-12-02,0,0
2011-12-03,0,0
2011-12-04,0,0
2011-12-05,2.1107,53.611779999999996
2011-12-06,0.7614,19.33956
2011-12-07,0.1714,4.35356
2011-12-08,0,0
2011-12-09,0,0
2011-12-10,0,0
2011-12-11,0,0
2011-12-12,0,0
2011-12-13,6.000000000000001e-4,0.01524
2011-12-14,0,0
2011-12-15,0.1202,3.05308
2011-12-16,0.5603,14.23162
2011-12-17,0,0
2011-12-18,0,0
2011-12-19,0,0
2011-12-20,0.27030000000000004,6.865620000000001
2011-12-21,0.23020000000000002,5.84708
2011-12-22,0.6601,16.76654
2011-12-23,0.0202,0.51308
2011-12-24,0,0
2011-12-25,0,0
2011-12-26,0,0
2011-12-27,1.521,38.633399999999995
2011-12-28,0.12,3.0479999999999996
2011-12-29,0,0
2011-12-30,0,0
2011-12-31,0,0
2012-01-01,0,0
2012-01-02,0,0
2012-01-03,1e-4,0.00254
2012-01-04,0,0
2012-01-05,0,0
2012-01-06,0,0
2012-01-07,0.020300000000000002,0.5156200000000001
2012-01-08,0,0
2012-01-09,0.4001,10.16254
2012-01-10,0.0102,0.25908
2012-01-11,3.9406000000000003,100.09124
2012-01-12,0.0419,1.06426
2012-01-13,0.0016,0.04064
2012-01-14,0,0
2012-01-15,0,0
2012-01-16,0.0205,0.5206999999999999
2012-01-17,1.6806999999999999,42.68977999999999
2012-01-18,0,0
2012-01-19,0,0
2012-01-20,0,0
2012-01-21,0.9907,25.16378
2012-01-22,0.08,2.032
2012-01-23,2.3802,60.45707999999999
2012-01-24,0,0
2012-01-25,0.07020000000000001,1.7830800000000002
2012-01-26,0.3905,9.9187
2012-01-27,0.6407,16.27378
2012-01-28,0,0
2012-01-29,0,0
2012-01-30,0,0
2012-01-31,0,0
2012-02-01,0.7605,19.316699999999997
2012-02-02,0.38,9.652
2012-02-03,0,0
2012-02-04,0.5905,14.9987
2012-02-05,3.0000000000000003e-4,0.00762
2012-02-06,0,0
2012-02-07,0,0
2012-02-08,0.0106,0.26924
2012-02-09,0,0
2012-02-10,0.0407,1.03378
2012-02-11,0.0316,0.80264
2012-02-12,0,0
2012-02-13,0,0
2012-02-14,0.1814,4.60756
2012-02-15,3.0000000000000003e-4,0.00762
2012-02-16,0.5603,14.23162
2012-02-17,0,0
2012-02-18,0,0
2012-02-19,0.9804,24.90216
2012-02-20,0,0
2012-02-21,0.01,0.254
2012-02-22,0.4102,10.41908
2012-02-23,0,0
2012-02-24,0,0
2012-02-25,0,0
2012-02-26,0,0
2012-02-27,0,0
2012-02-28,0,0
2012-02-29,0.8903,22.613619999999997
2012-03-01,0.0101,0.25654
2012-03-02,0.2603,6.611619999999999
2012-03-03,0,0
2012-03-04,0,0
2012-03-05,3.0000000000000003e-4,0.00762
2012-03-06,0,0
2012-03-07,0,0
2012-03-08,2.1601,54.86653999999999
2012-03-09,0.3001,7.622539999999999
2012-03-10,0,0
2012-03-11,0,0
2012-03-12,0.020900000000000002,0.53086
2012-03-13,0,0
2012-03-14,0,0
2012-03-15,1.1104,28.204159999999998
2012-03-16,0.3803,9.65962
2012-03-17,0.1002,2.54508
2012-03-18,3.0000000000000003e-4,0.00762
2012-03-19,0,0
2012-03-20,0,0
2012-03-21,0,0
2012-03-22,0.4104,10.424159999999999
2012-03-23,0.0402,1.02108
2012-03-24,0.5702,14.483080000000001
2012-03-25,0,0
2012-03-26,0,0
2012-03-27,0,0
2012-03-28,0,0
2012-03-29,0,0
2012-03-30,0,0
2012-03-31,0,0
2012-04-01,0,0
2012-04-02,0,0
2012-04-03,0,0
2012-04-04,0.0201,0.51054
2012-04-05,1.7102,43.43908
2012-04-06,0.23,5.842
2012-04-07,0,0
2012-04-08,0,0
2012-04-09,0,0
2012-04-10,0,0
2012-04-11,0,0
2012-04-12,0,0
2012-04-13,0,0
2012-04-14,0,0
2012-04-15,0,0
2012-04-16,0.2303,5.84962
2012-04-17,0.1804,4.58216
2012-04-18,0.0102,0.25908
2012-04-19,0,0
2012-04-20,0,0
2012-04-21,1.1503,29.21762
2012-04-22,0.01,0.254
2012-04-23,0,0
2012-04-24,0,0
2012-04-25,4e-4,0.01016
2012-04-26,0,0
2012-04-27,1.0601,26.92654
2012-04-28,1e-4,0.00254
2012-04-29,0,0
2012-04-30,0,0
2012-05-01,0,0
2012-05-02,0,0
2012-05-03,2e-4,0.00508
2012-05-04,0,0
2012-05-05,0.4201,10.670539999999999
2012-05-06,0.15009999999999998,3.8125399999999994
2012-05-07,1e-4,0.00254
2012-05-08,0,0
2012-05-09,2e-4,0.00508
2012-05-10,0,0
2012-05-11,0,0
2012-05-12,0.0903,2.29362
2012-05-13,4.1808,106.19231999999998
2012-05-14,0.5402,13.721079999999999
2012-05-15,0,0
2012-05-16,0,0
2012-05-17,0.01,0.254
2012-05-18,0,0
2012-05-19,0,0
2012-05-20,0.18,4.571999999999999
2012-05-21,1e-4,0.00254
2012-05-22,0,0
2012-05-23,0,0
2012-05-24,0,0
2012-05-25,0,0
2012-05-26,0,0
2012-05-27,0,0
2012-05-28,1e-4,0.00254
2012-05-29,2.94,74.67599999999999
2012-05-30,0.01,0.254
2012-05-31,0,0
2012-06-01,0.9407,23.89378
2012-06-02,0,0
2012-06-03,0,0
2012-06-04,0.0502,1.27508
2012-06-05,0.0103,0.26161999999999996
2012-06-06,0,0
2012-06-07,0,0
2012-06-08,0,0
2012-06-09,0,0
2012-06-10,0.0803,2.0396199999999998
2012-06-11,0.1005,2.5527
2012-06-12,0.03,0.7619999999999999
2012-06-13,0,0
2012-06-14,0,0
2012-06-15,1e-4,0.00254
2012-06-16,0.0207,0.5257799999999999
2012-06-17,0,0
2012-06-18,0,0
2012-06-19,0,0
2012-06-20,0,0
2012-06-21,0,0
2012-06-22,0,0
2012-06-23,0,0
2012-06-24,0,0
2012-06-25,0,0
2012-06-26,0,0
2012-06-27,0,0
2012-06-28,0,0
2012-06-29,0,0
2012-06-30,0,0
2012-07-01,0,0
2012-07-02,2e-4,0.00508
2012-07-03,0,0
2012-07-04,0.03,0.7619999999999999
2012-07-05,0,0
2012-07-06,0,0
2012-07-07,0,0
2012-07-08,0.7803,19.81962
2012-07-09,2.7004,68.59016
2012-07-10,3.1003,78.74762
2012-07-11,2e-4,0.00508
2012-07-12,1.8202,46.23308
2012-07-13,1.0508,26.690319999999996
2012-07-14,3.8307,97.29978
2012-07-15,0.0204,0.51816
2012-07-16,0,0
2012-07-17,0,0
2012-07-18,0.61,15.493999999999998
2012-07-19,0,0
2012-07-20,7.0901,180.08853999999997
2012-07-21,0.0103,0.26161999999999996
2012-07-22,0,0
2012-07-23,0,0
2012-07-24,0,0
2012-07-25,0,0
2012-07-26,0,0
2012-07-27,2e-4,0.00508
2012-07-28,0,0
2012-07-29,1e-4,0.00254
2012-07-30,0,0
2012-07-31,2e-4,0.00508
2012-08-01,3.8201,97.03054
2012-08-02,0,0
2012-08-03,0.02,0.508
2012-08-04,0.2502,6.355079999999999
2012-08-05,0.45999999999999996,11.684
2012-08-06,0.08,2.032
2012-08-07,0,0
2012-08-08,0,0
2012-08-09,0.7301,18.544539999999998
2012-08-10,0.0201,0.51054
2012-08-11,0,0
2012-08-12,0,0
2012-08-13,0.93,23.622
2012-08-14,0,0
2012-08-15,0,0
2012-08-16,0,0
2012-08-17,1.8203,46.23562
2012-08-18,0,0
2012-08-19,0,0
2012-08-20,0,0
2012-08-21,0,0
2012-08-22,0,0
2012-08-23,0,0
2012-08-24,0,0
2012-08-25,0.11030000000000001,2.8016200000000002
2012-08-26,0,0
2012-08-27,0,0
2012-08-28,0,0
2012-08-29,0,0
2012-08-30,0.08,2.032
2012-08-31,0.0401,1.0185399999999998
2012-09-01,2e-4,0.00508
2012-09-02,1.9405000000000001,49.2887
2012-09-03,0.0906,2.30124
2012-09-04,0.3904,9.91616
2012-09-05,0.4801,12.19454
2012-09-06,0.45,11.43
2012-09-07,0,0
2012-09-08,3.4506,87.64524
2012-09-09,0,0
2012-09-10,0,0
2012-09-11,0,0
2012-09-12,0,0
2012-09-13,0,0
2012-09-14,0,0
2012-09-15,0,0
2012-09-16,1e-4,0.00254
2012-09-17,3.3001,83.82253999999999
2012-09-18,0.38079999999999997,9.67232
2012-09-19,0,0
2012-09-20,0,0
2012-09-21,0,0
2012-09-22,0,0
2012-09-23,0,0
2012-09-24,0,0
2012-09-25,0,0
2012-09-26,0,0
2012-09-27,0,0
2012-09-28,2e-4,0.00508
2012-09-29,0,0
2012-09-30,0,0
2012-10-01,2.7707,70.37578
2012-10-02,5e-4,0.0127
2012-10-03,0,0
2012-10-04,0,0
2012-10-05,0,0
2012-10-06,1.3902999999999999,35.31361999999999
2012-10-07,0.0207,0.5257799999999999
2012-10-08,0.0402,1.02108
2012-10-09,0,0
2012-10-10,0,0
2012-10-11,0,0
2012-10-12,3.2903000000000002,83.57362
2012-10-13,0,0
2012-10-14,1e-4,0.00254
2012-10-15,0,0
2012-10-16,0,0
2012-10-17,0,0
2012-10-18,1.0202,25.913079999999997
2012-10-19,0,0
2012-10-20,0,0
2012-10-21,0,0
2012-10-22,0,0
2012-10-23,0,0
2012-10-24,0,0
2012-10-25,0,0
2012-10-26,4e-4,0.01016
2012-10-27,0.0904,2.2961599999999995
2012-10-28,0,0
2012-10-29,0,0
2012-10-30,0,0
2012-10-31,0,0
2012-11-01,0,0
2012-11-02,0,0
2012-11-03,0.21020000000000003,5.33908
2012-11-04,0.02,0.508
2012-11-05,0,0
2012-11-06,0.0404,1.02616
2012-11-07,0.1901,4.828539999999999
2012-11-08,0,0
2012-11-09,0,0
2012-11-10,0,0
2012-11-11,0,0
2012-11-12,1.1001,27.94254
2012-11-13,0,0
2012-11-14,0,0
2012-11-15,0,0
2012-11-16,0,0
2012-11-17,0,0
2012-11-18,0,0
2012-11-19,0,0
2012-11-20,2e-4,0.00508
2012-11-21,0,0
2012-11-22,0,0
2012-11-23,0.15009999999999998,3.8125399999999994
2012-11-24,0,0
2012-11-25,0,0
2012-11-26,0.0201,0.51054
2012-11-27,0.3504,8.90016
2012-11-28,0,0
2012-11-29,0,0
2012-11-30,0,0
2012-12-01,0,0
2012-12-02,0,0
2012-12-03,0,0
2012-12-04,0.45030000000000003,11.43762
2012-12-05,0.0505,1.2827
2012-12-06,0,0
2012-12-07,0.0101,0.25654
2012-12-08,0.3302,8.38708
2012-12-09,0.461,11.7094
2012-12-10,1.3004,33.030159999999995
2012-12-11,0,0
2012-12-12,0,0
2012-12-13,0,0
2012-12-14,0,0
2012-12-15,0.020300000000000002,0.5156200000000001
2012-12-16,0,0
2012-12-17,0.4907,12.46378
2012-12-18,0,0
2012-12-19,0,0
2012-12-20,0.7303000000000001,18.54962
2012-12-21,3.0000000000000003e-4,0.00762
2012-12-22,0,0
2012-12-23,0.16040000000000001,4.07416
2012-12-24,0.24029999999999999,6.103619999999999
2012-12-25,1e-4,0.00254
2012-12-26,2.0809,52.85486
2012-12-27,2e-4,0.00508
2012-12-28,0.1405,3.5687
2012-12-29,0.8021,20.37334
2012-12-30,7e-4,0.017779999999999997
2012-12-31,2e-4,0.00508
2013-01-01,0.7416,18.83664
2013-01-02,0,0
2013-01-03,0,0
2013-01-04,0,0
2013-01-05,1e-4,0.00254
2013-01-06,0,0
2013-01-07,0,0
2013-01-08,0,0
2013-01-09,0.9704,24.64816
2013-01-10,1.3102,33.27908
2013-01-11,0.0906,2.30124
2013-01-12,2.4502,62.23508
2013-01-13,4.1203,104.65562
2013-01-14,0.15030000000000002,3.8176200000000002
2013-01-15,0.3408,8.65632
2013-01-16,0.6206,15.76324
2013-01-17,0.0105,0.2667
2013-01-18,0,0
2013-01-19,0,0
2013-01-20,0,0
2013-01-21,0,0
2013-01-22,0,0
2013-01-23,0,0
2013-01-24,0,0
2013-01-25,1.1703000000000001,29.725620000000003
2013-01-26,0,0
2013-01-27,0,0
2013-01-28,3.0000000000000003e-4,0.00762
2013-01-29,0,0
2013-01-30,2.1502,54.61507999999999
2013-01-31,1e-4,0.00254
2013-02-01,0.2601,6.60654
2013-02-02,0.1409,3.5788599999999997
2013-02-03,0.040100000000000004,1.01854
2013-02-04,0,0
2013-02-05,1e-4,0.00254
2013-02-06,0,0
2013-02-07,0,0
2013-02-08,0.2203,5.595619999999999
2013-02-09,0,0
2013-02-10,1.8202,46.23308
2013-02-11,0,0
2013-02-12,0,0
2013-02-13,0.4209,10.690859999999999
2013-02-14,0,0
2013-02-15,2e-4,0.00508
2013-02-16,0,0
2013-02-17,0,0
2013-02-18,0,0
2013-02-19,0.4309,10.94486
2013-02-20,0,0
2013-02-21,0.18,4.571999999999999
2013-02-22,0.9504,24.140159999999998
2013-02-23,0,0
2013-02-24,0,0
2013-02-25,0,0
2013-02-26,0.1907,4.84378
2013-02-27,0.0206,0.5232399999999999
2013-02-28,0.0204,0.51816
2013-03-01,0.0218,0.55372
2013-03-02,0.1442,3.6626799999999995
2013-03-03,7e-4,0.017779999999999997
2013-03-04,0,0
2013-03-05,2.2905,58.1787
2013-03-06,0.0014,0.035559999999999994
2013-03-07,0,0
2013-03-08,0,0
2013-03-09,0,0
2013-03-10,0,0
2013-03-11,1.0407,26.43378
2013-03-12,0,0
2013-03-13,0,0
2013-03-14,0.01,0.254
2013-03-15,0.03,0.7619999999999999
2013-03-16,0,0
2013-03-17,1e-4,0.00254
2013-03-18,4.990200000000001,126.75108000000002
2013-03-19,0,0
2013-03-20,1e-4,0.00254
2013-03-21,0,0
2013-03-22,0,0
2013-03-23,0.0102,0.25908
2013-03-24,0.901,22.8854
2013-03-25,0.0012000000000000001,0.03048
2013-03-26,0.0225,0.5714999999999999
2013-03-27,0,0
2013-03-28,0,0
2013-03-29,0.3907,9.923779999999999
2013-03-30,0.3204,8.13816
2013-03-31,0.4403,11.18362
2013-04-01,0,0
2013-04-02,2e-4,0.00508
2013-04-03,0,0
2013-04-04,0.1012,2.57048
2013-04-05,0.03,0.7619999999999999
2013-04-06,0,0
2013-04-07,0,0
2013-04-08,0,0
2013-04-09,0,0
2013-04-10,0,0
2013-04-11,3.84,97.53599999999999
2013-04-12,0.2203,5.595619999999999
2013-04-13,0,0
2013-04-14,2e-4,0.00508
2013-04-15,0,0
2013-04-16,0.01,0.254
2013-04-17,0,0
2013-04-18,0,0
2013-04-19,4.0101,101.85654000000001
2013-04-20,0,0
2013-04-21,0,0
2013-04-22,0,0
2013-04-23,0,0
2013-04-24,1.9503,49.53762
2013-04-25,0,0
2013-04-26,2e-4,0.00508
2013-04-27,3.4402,87.38108
2013-04-28,2.8005,71.1327
2013-04-29,0,0
2013-04-30,0,0
2013-05-01,0,0
2013-05-02,0,0
2013-05-03,0,0
2013-05-04,1.7103,43.44161999999999
2013-05-05,0.3201,8.13054
2013-05-06,0.131,3.3274
2013-05-07,0.07,1.778
2013-05-08,0.09,2.2859999999999996
2013-05-09,0.0201,0.51054
2013-05-10,0.47050000000000003,11.9507
2013-05-11,0.0202,0.51308
2013-05-12,0,0
2013-05-13,0,0
2013-05-14,0,0
2013-05-15,0,0
2013-05-16,0,0
2013-05-17,0.8407,21.35378
2013-05-18,0.0201,0.51054
2013-05-19,0.0303,0.76962
2013-05-20,0,0
2013-05-21,0.2701,6.860539999999999
2013-05-22,0.1303,3.30962
2013-05-23,0.01,0.254
2013-05-24,0,0
2013-05-25,0,0
2013-05-26,0,0
2013-05-27,0,0
2013-05-28,0,0
2013-05-29,0,0
2013-05-30,1e-4,0.00254
2013-05-31,0.0102,0.25908
2013-06-01,1.05,26.669999999999998
2013-06-02,0.0103,0.26161999999999996
2013-06-03,1e-4,0.00254
2013-06-04,0,0
2013-06-05,0.1001,2.54254
2013-06-06,0.89,22.605999999999998
2013-06-07,0.8,20.32
2013-06-08,0,0
2013-06-09,0.9807,24.909779999999998
2013-06-10,1.8606,47.25924
2013-06-11,0,0
2013-06-12,0,0
2013-06-13,1e-4,0.00254
2013-06-14,0,0
2013-06-15,0,0
2013-06-16,0,0
2013-06-17,0.03,0.7619999999999999
2013-06-18,1.731,43.9674
2013-06-19,0,0
2013-06-20,1.76,44.704
2013-06-21,0,0
2013-06-22,0,0
2013-06-23,0.12,3.0479999999999996
2013-06-24,2e-4,0.00508
2013-06-25,0,0
2013-06-26,0,0
2013-06-27,3.0000000000000003e-4,0.00762
2013-06-28,0.0101,0.25654
2013-06-29,0,0
2013-06-30,1e-4,0.00254
2013-07-01,0,0
2013-07-02,0,0
2013-07-03,0,0
2013-07-04,2.1703,55.12562
2013-07-05,1.5714000000000001,39.913560000000004
2013-07-06,1.6102,40.89908
2013-07-07,0.01,0.254
2013-07-08,1e-4,0.00254
2013-07-09,0,0
2013-07-10,0.5301,13.46454
2013-07-11,1.1606,29.47924
2013-07-12,0,0
2013-07-13,0,0
2013-07-14,0.04,1.016
2013-07-15,0,0
2013-07-16,0,0
2013-07-17,1e-4,0.00254
2013-07-18,1.0904,27.69616
2013-07-19,0,0
2013-07-20,0,0
2013-07-21,0.3202,8.13308
2013-07-22,0.6602,16.76908
2013-07-23,0,0
2013-07-24,0,0
2013-07-25,0,0
2013-07-26,0,0
2013-07-27,0.0204,0.51816
2013-07-28,0.0601,1.52654
2013-07-29,0,0
2013-07-30,0.1001,2.54254
2013-07-31,0.5006,12.71524
2013-08-01,1e-4,0.00254
2013-08-02,0,0
2013-08-03,0.0802,2.0370799999999996
2013-08-04,0,0
2013-08-05,1e-4,0.00254
2013-08-06,0.050300000000000004,1.27762
2013-08-07,1.2705,32.2707
2013-08-08,0.6605,16.776699999999998
2013-08-09,0.3301,8.38454
2013-08-10,0,0
2013-08-11,0.05,1.27
2013-08-12,2e-4,0.00508
2013-08-13,0.0302,0.76708
2013-08-14,0,0
2013-08-15,0,0
2013-08-16,0,0
2013-08-17,0.1303,3.30962
2013-08-18,0.0103,0.26161999999999996
2013-08-19,0,0
2013-08-20,0.4601,11.686539999999999
2013-08-21,0.1003,2.5476199999999998
2013-08-22,0,0
2013-08-23,0.62,15.748
2013-08-24,0,0
2013-08-25,0,0
2013-08-26,0,0
2013-08-27,0,0
2013-08-28,0,0
2013-08-29,0,0
2013-08-30,0,0
2013-08-31,0.050100000000000006,1.27254
2013-09-01,0.7702,19.56308
2013-09-02,0.2601,6.60654
2013-09-03,0,0
2013-09-04,0,0
2013-09-05,0,0
2013-09-06,0,0
2013-09-07,0,0
2013-09-08,0,0
2013-09-09,1e-4,0.00254
2013-09-10,2.7802000000000002,70.61708
2013-09-11,0.08020000000000001,2.03708
2013-09-12,0.3204,8.13816
2013-09-13,2e-4,0.00508
2013-09-14,0,0
2013-09-15,0,0
2013-09-16,0,0
2013-09-17,0,0
2013-09-18,0,0
2013-09-19,0,0
2013-09-20,1e-4,0.00254
2013-09-21,3.3205,84.3407
2013-09-22,0,0
2013-09-23,0,0
2013-09-24,0,0
2013-09-25,0.9804,24.90216
2013-09-26,0,0
2013-09-27,0,0
2013-09-28,0,0
2013-09-29,0.02,0.508
2013-09-30,0,0
2013-10-01,0,0
2013-10-02,0.1302,3.30708
2013-10-03,0.06999999999999999,1.7779999999999998
2013-10-04,0.01,0.254
2013-10-05,0,0
2013-10-06,2.4407,61.99378
2013-10-07,0,0
2013-10-08,0,0
2013-10-09,0,0
2013-10-10,0,0
2013-10-11,0,0
2013-10-12,0,0
2013-10-13,0,0
2013-10-14,0,0
2013-10-15,0,0
2013-10-16,0.541,13.7414
2013-10-17,0.1008,2.56032
2013-10-18,0,0
2013-10-19,3.0000000000000003e-4,0.00762
2013-10-20,0,0
2013-10-21,0,0
2013-10-22,0.2002,5.08508
2013-10-23,0.01,0.254
2013-10-24,0,0
2013-10-25,0,0
2013-10-26,0,0
2013-10-27,0,0
2013-10-28,0.0106,0.26924
2013-10-29,0,0
2013-10-30,0,0
2013-10-31,0.2803,7.119619999999999
2013-11-01,1.41,35.81399999999999
2013-11-02,2e-4,0.00508
2013-11-03,0,0
2013-11-04,0,0
2013-11-05,0,0
2013-11-06,0.0403,1.02362
2013-11-07,0.541,13.7414
2013-11-08,0,0
2013-11-09,0,0
2013-11-10,0,0
2013-11-11,0,0
2013-11-12,0.0408,1.03632
2013-11-13,0,0
2013-11-14,0,0
2013-11-15,0.1502,3.8150799999999996
2013-11-16,6.000000000000001e-4,0.01524
2013-11-17,0.6702,17.02308
2013-11-18,2.0801000000000003,52.834540000000004
2013-11-19,0,0
2013-11-20,0,0
2013-11-21,0,0
2013-11-22,0.4408,11.19632
2013-11-23,0,0
2013-11-24,0,0
2013-11-25,0.18,4.571999999999999
2013-11-26,0.7709,19.58086
2013-11-27,3.0000000000000003e-4,0.00762
2013-11-28,0,0
2013-11-29,0,0
2013-11-30,0,0
2013-12-01,0,0
2013-12-02,0,0
2013-12-03,4e-4,0.01016
2013-12-04,0,0
2013-12-05,3.9005,99.0727
2013-12-06,3.4401,87.37854
2013-12-07,4e-4,0.01016
2013-12-08,1.0907,27.70378
2013-12-09,0.0803,2.0396199999999998
2013-12-10,0.1705,4.3307
2013-12-11,0,0
2013-12-12,0,0
2013-12-13,0,0
2013-12-14,0.6706,17.03324
2013-12-15,0,0
2013-12-16,0,0
2013-12-17,0,0
2013-12-18,0,0
2013-12-19,0,0
2013-12-20,0.0404,1.02616
2013-12-21,0.12040000000000001,3.05816
2013-12-22,1.8603,47.251619999999996
2013-12-23,4e-4,0.01016
2013-12-24,2e-4,0.00508
2013-12-25,0,0
2013-12-26,0,0
2013-12-27,0,0
2013-12-28,0.040100000000000004,1.01854
2013-12-29,1.3403,34.04362
2013-12-30,0,0
2013-12-31,2e-4,0.00508
2014-01-01,0,0
2014-01-02,0.401,10.1854
2014-01-03,0.001,0.0254
2014-01-04,0,0
2014-01-05,0.37,9.398
2014-01-06,0.4913,12.47902
2014-01-07,0,0
2014-01-08,0,0
2014-01-09,0.1703,4.32562
2014-01-10,3.0000000000000003e-4,0.00762
2014-01-11,1.8701,47.50054
2014-01-12,0,0
2014-01-13,0.6304000000000001,16.01216
2014-01-14,0.6802,17.277079999999998
2014-01-15,5e-4,0.0127
2014-01-16,1e-4,0.00254
2014-01-17,0.0405,1.0287
2014-01-18,0,0
2014-01-19,0,0
2014-01-20,0,0
2014-01-21,0.0013000000000000002,0.03302
2014-01-22,1e-4,0.00254
2014-01-23,2e-4,0.00508
2014-01-24,0,0
2014-01-25,0.0101,0.25654
2014-01-26,0,0
2014-01-27,0,0
2014-01-28,0,0
2014-01-29,0,0
2014-01-30,0,0
2014-01-31,0,0
2014-02-01,0,0
2014-02-02,0.6604,16.77416
2014-02-03,1.3504,34.30016
2014-02-04,1.1602,29.469079999999995
2014-02-05,2.1502,54.61507999999999
2014-02-06,0.0014,0.035559999999999994
2014-02-07,2e-4,0.00508
2014-02-08,0.0011,0.02794
2014-02-09,0.0101,0.25654
2014-02-10,0,0
2014-02-11,0,0
2014-02-12,0.0305,0.7746999999999999
2014-02-13,0,0
2014-02-14,0.36010000000000003,9.14654
2014-02-15,0.09040000000000001,2.29616
2014-02-16,1e-4,0.00254
2014-02-17,0.16,4.064
2014-02-18,0,0
2014-02-19,2e-4,0.00508
2014-02-20,0,0
2014-02-21,1.6203,41.15562
2014-02-22,0,0
2014-02-23,0,0
2014-02-24,2e-4,0.00508
2014-02-25,0,0
2014-02-26,0,0
2014-02-27,0,0
2014-02-28,0,0
2014-03-01,4e-4,0.01016
2014-03-02,0.6611,16.79194
2014-03-03,3.5716,90.71864
2014-03-04,0,0
2014-03-05,0,0
2014-03-06,0,0
2014-03-07,0,0
2014-03-08,0,0
2014-03-09,0,0
2014-03-10,0,0
2014-03-11,0,0
2014-03-12,0.0805,2.0446999999999997
2014-03-13,1e-4,0.00254
2014-03-14,2e-4,0.00508
2014-03-15,0,0
2014-03-16,0.8607,21.86178
2014-03-17,0.0706,1.7932399999999997
2014-03-18,0,0
2014-03-19,0,0
2014-03-20,0,0
2014-03-21,0,0
2014-03-22,0,0
2014-03-23,0.1802,4.57708
2014-03-24,0,0
2014-03-25,0.0216,0.54864
2014-03-26,0,0
2014-03-27,4e-4,0.01016
2014-03-28,0.8707,22.11578
2014-03-29,0.68,17.272000000000002
2014-03-30,0,0
2014-03-31,0,0
2014-04-01,1e-4,0.00254
2014-04-02,0,0
2014-04-03,1.0603,26.93162
2014-04-04,1.7902,45.47108
2014-04-05,0,0
2014-04-06,0,0
2014-04-07,0.7503,19.057619999999996
2014-04-08,0.0108,0.27432
2014-04-09,0.04,1.016
2014-04-10,0,0
2014-04-11,0,0
2014-04-12,0.6702,17.02308
2014-04-13,0,0
2014-04-14,0.3004,7.630159999999999
2014-04-15,0.8011,20.34794
2014-04-16,0,0
2014-04-17,0,0
2014-04-18,0,0
2014-04-19,0,0
2014-04-20,0,0
2014-04-21,0,0
2014-04-22,0.0204,0.51816
2014-04-23,0,0
2014-04-24,0,0
2014-04-25,0.8608,21.86432
2014-04-26,0,0
2014-04-27,0.04,1.016
2014-04-28,6.0306,153.17723999999998
2014-04-29,2.6702,67.82307999999999
2014-04-30,0.39,9.906
2014-05-01,0,0
2014-05-02,0,0
2014-05-03,0,0
2014-05-04,0,0
2014-05-05,0,0
2014-05-06,0,0
2014-05-07,0,0
2014-05-08,0,0
2014-05-09,0.0703,1.78562
2014-05-10,0.05,1.27
2014-05-11,0,0
2014-05-12,0,0
2014-05-13,0,0
2014-05-14,2.681,68.0974
2014-05-15,0.40049999999999997,10.172699999999999
2014-05-16,0.1504,3.82016
2014-05-17,0,0
2014-05-18,0,0
2014-05-19,0,0
2014-05-20,0,0
2014-05-21,0,0
2014-05-22,0,0
2014-05-23,0,0
2014-05-24,0,0
2014-05-25,0.23,5.842
2014-05-26,0.2802,7.11708
2014-05-27,0,0
2014-05-28,0.3201,8.13054
2014-05-29,1e-4,0.00254
2014-05-30,0,0
2014-05-31,5e-4,0.0127
2014-06-01,2e-4,0.00508
2014-06-02,0,0
2014-06-03,2e-4,0.00508
2014-06-04,0,0
2014-06-05,0.9006,22.875239999999998
2014-06-06,0,0
2014-06-07,3.0102,76.45908
2014-06-08,1.6603,42.17162
2014-06-09,0.32,8.128
2014-06-10,1.4809,37.61486
2014-06-11,0.0704,1.78816
2014-06-12,0,0
2014-06-13,0.5603,14.23162
2014-06-14,0,0
2014-06-15,0,0
2014-06-16,0,0
2014-06-17,0,0
2014-06-18,0,0
2014-06-19,0,0
2014-06-20,0.5203,13.21562
2014-06-21,2e-4,0.00508
2014-06-22,0,0
2014-06-23,2e-4,0.00508
2014-06-24,0.040100000000000004,1.01854
2014-06-25,0.040100000000000004,1.01854
2014-06-26,0,0
2014-06-27,0.9902000000000001,25.15108
2014-06-28,0.7902,20.07108
2014-06-29,0.1403,3.56362
2014-06-30,0.02,0.508
2014-07-01,0,0
2014-07-02,0.4302,10.92708
2014-07-03,0,0
2014-07-04,0,0
2014-07-05,0,0
2014-07-06,0,0
2014-07-07,0,0
2014-07-08,0.0101,0.25654
2014-07-09,0.050100000000000006,1.27254
2014-07-10,0,0
2014-07-11,0,0
2014-07-12,0,0
2014-07-13,0,0
2014-07-14,0.060000000000000005,1.524
2014-07-15,0.34,8.636000000000001
2014-07-16,0,0
2014-07-17,0,0
2014-07-18,0.1108,2.81432
2014-07-19,2.0803,52.83961999999999
2014-07-20,0,0
2014-07-21,0,0
2014-07-22,0,0
2014-07-23,0.0801,2.03454
2014-07-24,0,0
2014-07-25,0,0
2014-07-26,0,0
2014-07-27,0,0
2014-07-28,1.0401,26.41854
2014-07-29,0,0
2014-07-30,0,0
2014-07-31,0,0
2014-08-01,0,0
2014-08-02,0,0
2014-08-03,0,0
2014-08-04,0,0
2014-08-05,0,0
2014-08-06,0,0
2014-08-07,1e-4,0.00254
2014-08-08,1.1704999999999999,29.730699999999995
2014-08-09,1.96,49.784
2014-08-10,1.16,29.463999999999995
2014-08-11,0.0604,1.53416
2014-08-12,0.01,0.254
2014-08-13,0,0
2014-08-14,0,0
2014-08-15,0,0
2014-08-16,2e-4,0.00508
2014-08-17,1.8001,45.722539999999995
2014-08-18,0.3902,9.91108
2014-08-19,0.040100000000000004,1.01854
2014-08-20,1.3504,34.30016
2014-08-21,0.0103,0.26161999999999996
2014-08-22,0,0
2014-08-23,5e-4,0.0127
2014-08-24,0.0704,1.78816
2014-08-25,0,0
2014-08-26,0.0101,0.25654
2014-08-27,0,0
2014-08-28,0,0
2014-08-29,0,0
2014-08-30,1.8307,46.499779999999994
2014-08-31,1.3504,34.30016
2014-09-01,0,0
2014-09-02,0.1302,3.30708
2014-09-03,0.1004,2.55016
2014-09-04,0,0
2014-09-05,0,0
2014-09-06,1e-4,0.00254
2014-09-07,1e-4,0.00254
2014-09-08,0,0
2014-09-09,0,0
2014-09-10,0,0
2014-09-11,0.0305,0.7746999999999999
2014-09-12,0,0
2014-09-13,0,0
2014-09-14,0,0
2014-09-15,2e-4,0.00508
2014-09-16,3.0000000000000003e-4,0.00762
2014-09-17,0,0
2014-09-18,0,0
2014-09-19,0,0
2014-09-20,0,0
2014-09-21,0,0
2014-09-22,0,0
2014-09-23,0,0
2014-09-24,0,0
2014-09-25,0,0
2014-09-26,0,0
2014-09-27,0,0
2014-09-28,0,0
2014-09-29,0,0
2014-09-30,0,0
2014-10-01,0,0
2014-10-02,0,0
2014-10-03,0.6403,16.26362
2014-10-04,3.0000000000000003e-4,0.00762
2014-10-05,0,0
2014-10-06,0.2501,6.352539999999999
2014-10-07,1.2203000000000002,30.995620000000002
2014-10-08,1.8401,46.73854
2014-10-09,2e-4,0.00508
2014-10-10,4.3809000000000005,111.27486
2014-10-11,1.6201999999999999,41.153079999999996
2014-10-12,0.0501,1.27254
2014-10-13,1.5203,38.61562
2014-10-14,2.4308,61.74232
2014-10-15,0.1911,4.85394
2014-10-16,0.050300000000000004,1.27762
2014-10-17,0,0
2014-10-18,0,0
2014-10-19,0,0
2014-10-20,0,0
2014-10-21,0,0
2014-10-22,0,0
2014-10-23,0,0
2014-10-24,0,0
2014-10-25,0,0
2014-10-26,0,0
2014-10-27,0,0
2014-10-28,2e-4,0.00508
2014-10-29,0.8401,21.33854
2014-10-30,0,0
2014-10-31,0.0305,0.7746999999999999
2014-11-01,0,0
2014-11-02,0,0
2014-11-03,0,0
2014-11-04,0,0
2014-11-05,1.7001,43.182539999999996
2014-11-06,0.13,3.302
2014-11-07,0,0
2014-11-08,0,0
2014-11-09,0,0
2014-11-10,0,0
2014-11-11,0.0403,1.02362
2014-11-12,0.0502,1.27508
2014-11-13,4e-4,0.01016
2014-11-14,0,0
2014-11-15,0,0
2014-11-16,1.5201,38.61054
2014-11-17,0.9008,22.88032
2014-11-18,6.000000000000001e-4,0.01524
2014-11-19,0,0
2014-11-20,0,0
2014-11-21,0,0
2014-11-22,0,0
2014-11-23,0.9305,23.6347
2014-11-24,0.1504,3.82016
2014-11-25,0,0
2014-11-26,0.01,0.254
2014-11-27,0.0803,2.0396199999999998
2014-11-28,0,0
2014-11-29,0,0
2014-11-30,0,0
2014-12-01,0.2803,7.119619999999999
2014-12-02,0.19030000000000002,4.833620000000001
2014-12-03,0,0
2014-12-04,0.1505,3.8226999999999998
2014-12-05,0.1604,4.074159999999999
2014-12-06,1.191,30.2514
2014-12-07,0,0
2014-12-08,0,0
2014-12-09,0,0
2014-12-10,0,0
2014-12-11,0,0
2014-12-12,0,0
2014-12-13,0,0
2014-12-14,0,0
2014-12-15,0.0404,1.02616
2014-12-16,2e-4,0.00508
2014-12-17,0.03,0.7619999999999999
2014-12-18,0.1401,3.55854
2014-12-19,0,0
2014-12-20,1e-4,0.00254
2014-12-21,0,0
2014-12-22,4e-4,0.01016
2014-12-23,0.7902,20.07108
2014-12-24,0.5307000000000001,13.479780000000002
2014-12-25,5e-4,0.0127
2014-12-26,0,0
2014-12-27,0.6005,15.2527
2014-12-28,0.5105999999999999,12.969239999999997
2014-12-29,0.0502,1.27508
2014-12-30,0,0
2014-12-31,0,0
2015-01-01,0,0
2015-01-02,0.0012000000000000001,0.03048
2015-01-03,0.4803,12.19962
2015-01-04,0.4204,10.67816
2015-01-05,0,0
2015-01-06,0,0
2015-01-07,0.0012000000000000001,0.03048
2015-01-08,0,0
2015-01-09,0,0
2015-01-10,0,0
2015-01-11,0.0108,0.27432
2015-01-12,1.7509000000000001,44.47286
2015-01-13,1e-4,0.00254
2015-01-14,4e-4,0.01016
2015-01-15,0,0
2015-01-16,0,0
2015-01-17,0,0
2015-01-18,1e-4,0.00254
2015-01-19,0,0
2015-01-20,0,0
2015-01-21,0,0
2015-01-22,0,0
2015-01-23,0.5700000000000001,14.478000000000002
2015-01-24,0.181,4.5973999999999995
2015-01-25,0.0302,0.76708
2015-01-26,0.0604,1.53416
2015-01-27,3.0000000000000003e-4,0.00762
2015-01-28,0,0
2015-01-29,3.0000000000000003e-4,0.00762
2015-01-30,0,0
2015-01-31,0,0
2015-02-01,0.8903,22.613619999999997
2015-02-02,0.1414,3.59156
2015-02-03,0,0
2015-02-04,0,0
2015-02-05,0,0
2015-02-06,0,0
2015-02-07,0,0
2015-02-08,0,0
2015-02-09,0,0
2015-02-10,3.0000000000000003e-4,0.00762
2015-02-11,0,0
2015-02-12,6.000000000000001e-4,0.01524
2015-02-13,0,0
2015-02-14,0,0
2015-02-15,0,0
2015-02-16,2.3405,59.448699999999995
2015-02-17,0.0012000000000000001,0.03048
2015-02-18,0.011300000000000001,0.28702
2015-02-19,0,0
2015-02-20,0.1005,2.5527
2015-02-21,4.1805,106.1847
2015-02-22,0.14,3.556
2015-02-23,0,0
2015-02-24,0,0
2015-02-25,0,0
2015-02-26,0.0614,1.55956
2015-02-27,0,0
2015-02-28,0,0
2015-03-01,0.3002,7.6250800000000005
2015-03-02,0.14100000000000001,3.5814000000000004
2015-03-03,0.03,0.7619999999999999
2015-03-04,2.7203,69.09562
2015-03-05,0.6518,16.55572
2015-03-06,0,0
2015-03-07,0,0
2015-03-08,0,0
2015-03-09,5e-4,0.0127
2015-03-10,0.8106,20.58924
2015-03-11,0.3007,7.63778
2015-03-12,2e-4,0.00508
2015-03-13,0.6606000000000001,16.77924
2015-03-14,0.5305,13.474699999999999
2015-03-15,3.0000000000000003e-4,0.00762
2015-03-16,0,0
2015-03-17,0,0
2015-03-18,0,0
2015-03-19,0.0805,2.0446999999999997
2015-03-20,0.0504,1.28016
2015-03-21,0,0
2015-03-22,0,0
2015-03-23,0,0
2015-03-24,0,0
2015-03-25,0,0
2015-03-26,0.24029999999999999,6.103619999999999
2015-03-27,0.0407,1.03378
2015-03-28,0,0
2015-03-29,0,0
2015-03-30,0.0303,0.76962
2015-03-31,0,0
2015-04-01,0,0
2015-04-02,6.000000000000001e-4,0.01524
2015-04-03,1.6503,41.91762
2015-04-04,1e-4,0.00254
2015-04-05,0,0
2015-04-06,0.8502000000000001,21.59508
2015-04-07,0.0601,1.52654
2015-04-08,0,0
2015-04-09,0,0
2015-04-10,1.9607,49.80178
2015-04-11,0,0
2015-04-12,0,0
2015-04-13,0.3601,9.146539999999998
2015-04-14,1.9304999999999999,49.034699999999994
2015-04-15,0.1312,3.33248
2015-04-16,3.0007,76.21778
2015-04-17,0,0
2015-04-18,0.79,20.066
2015-04-19,1.8307,46.499779999999994
2015-04-20,0.7703,19.56562
2015-04-21,0,0
2015-04-22,4e-4,0.01016
2015-04-23,0,0
2015-04-24,1e-4,0.00254
2015-04-25,0.0905,2.2986999999999997
2015-04-26,0.1003,2.5476199999999998
2015-04-27,0,0
2015-04-28,0,0
2015-04-29,0,0
2015-04-30,1e-4,0.00254
2015-05-01,0,0
2015-05-02,0,0
2015-05-03,0,0
2015-05-04,0,0
2015-05-05,0,0
2015-05-06,0,0
2015-05-07,0,0
2015-05-08,0,0
2015-05-09,0,0
2015-05-10,2e-4,0.00508
2015-05-11,0,0
2015-05-12,0,0
2015-05-13,0,0
2015-05-14,0,0
2015-05-15,0.63,16.002
2015-05-16,0.1004,2.55016
2015-05-17,1.0002,25.405079999999998
2015-05-18,5e-4,0.0127
2015-05-19,0,0
2015-05-20,3.0000000000000003e-4,0.00762
2015-05-21,1.3609,34.56686
2015-05-22,0,0
2015-05-23,0,0
2015-05-24,0,0
2015-05-25,0.9802000000000001,24.89708
2015-05-26,1.3206,33.54324
2015-05-27,0.1904,4.8361600000000005
2015-05-28,0.0204,0.51816
2015-05-29,0.0602,1.5290799999999998
2015-05-30,0.9005,22.8727
2015-05-31,0.3202,8.13308
2015-06-01,2.4009,60.982859999999995
2015-06-02,0.0104,0.26415999999999995
2015-06-03,0,0
2015-06-04,0,0
2015-06-05,0,0
2015-06-06,0,0
2015-06-07,0,0
2015-06-08,2.5102,63.759080000000004
2015-06-09,0,0
2015-06-10,0,0
2015-06-11,0,0
2015-06-12,0.0302,0.76708
2015-06-13,0,0
2015-06-14,0,0
2015-06-15,0,0
2015-06-16,0,0
2015-06-17,0,0
2015-06-18,0.0301,0.7645399999999999
2015-06-19,1.0002,25.405079999999998
2015-06-20,0.3304,8.39216
2015-06-21,0,0
2015-06-22,0,0
2015-06-23,0,0
2015-06-24,0.2202,5.59308
2015-06-25,0,0
2015-06-26,0,0
2015-06-27,0.3004,7.630159999999999
2015-06-28,0,0
2015-06-29,0.02,0.508
2015-06-30,0.8200000000000001,20.828
2015-07-01,0.5103,12.961619999999998
2015-07-02,2.3204000000000002,58.93816
2015-07-03,0.66,16.764
2015-07-04,0.8902,22.611079999999998
2015-07-05,0.8807,22.36978
2015-07-06,0,0
2015-07-07,0.4601,11.686539999999999
2015-07-08,1.1207,28.46578
2015-07-09,0,0
2015-07-10,0,0
2015-07-11,0.1403,3.56362
2015-07-12,0.0201,0.51054
2015-07-13,0,0
2015-07-14,2e-4,0.00508
2015-07-15,0.0701,1.7805399999999998
2015-07-16,0,0
2015-07-17,0,0
2015-07-18,0,0
2015-07-19,0,0
2015-07-20,0,0
2015-07-21,0,0
2015-07-22,0.6201,15.750539999999999
2015-07-23,0.5103,12.961619999999998
2015-07-24,0,0
2015-07-25,0,0
2015-07-26,0,0
2015-07-27,0,0
2015-07-28,3.0702000000000003,77.98308
2015-07-29,0.030100000000000002,0.76454
2015-07-30,0,0
2015-07-31,0,0
2015-08-01,0,0
2015-08-02,0,0
2015-08-03,0.98,24.892
2015-08-04,0,0
2015-08-05,0.07010000000000001,1.7805400000000002
2015-08-06,1.7702,44.96308
2015-08-07,0,0
2015-08-08,0,0
2015-08-09,0,0
2015-08-10,1e-4,0.00254
2015-08-11,0,0
2015-08-12,0,0
2015-08-13,0,0
2015-08-14,0.2801,7.11454
2015-08-15,1e-4,0.00254
2015-08-16,0.7304,18.55216
2015-08-17,0.5205,13.220699999999999
2015-08-18,0,0
2015-08-19,1.2103,30.741619999999998
2015-08-20,0.1603,4.071619999999999
2015-08-21,0,0
2015-08-22,0,0
2015-08-23,0.0204,0.51816
2015-08-24,0,0
2015-08-25,0,0
2015-08-26,0,0
2015-08-27,0,0
2015-08-28,0,0
2015-08-29,0.10010000000000001,2.5425400000000002
2015-08-30,0,0
2015-08-31,0,0
2015-09-01,0,0
2015-09-02,0,0
2015-09-03,0,0
2015-09-04,0,0
2015-09-05,2e-4,0.00508
2015-09-06,0,0
2015-09-07,0,0
2015-09-08,0,0
2015-09-09,0.2801,7.11454
2015-09-10,0.4309,10.94486
2015-09-11,1.87,47.498
2015-09-12,0,0
2015-09-13,0,0
2015-09-14,0,0
2015-09-15,0,0
2015-09-16,0,0
2015-09-17,0,0
2015-09-18,0,0
2015-09-19,0,0
2015-09-20,0,0
2015-09-21,0,0
2015-09-22,0,0
2015-09-23,0,0
2015-09-24,0,0
2015-09-25,0.1603,4.071619999999999
2015-09-26,0.6502,16.515079999999998
2015-09-27,0.4602,11.689079999999999
2015-09-28,2e-4,0.00508
2015-09-29,0.2804,7.122159999999999
2015-09-30,0.030600000000000002,0.77724
2015-10-01,0.0411,1.0439399999999999
2015-10-02,0.7109,18.056859999999997
2015-10-03,0.0404,1.02616
2015-10-04,0.0403,1.02362
2015-10-05,0,0
2015-10-06,0,0
2015-10-07,0,0
2015-10-08,0,0
2015-10-09,0.7201000000000001,18.29054
2015-10-10,0.2107,5.35178
2015-10-11,0,0
2015-10-12,0,0
2015-10-13,0.3702,9.40308
2015-10-14,0,0
2015-10-15,0,0
2015-10-16,1e-4,0.00254
2015-10-17,0,0
2015-10-18,0,0
2015-10-19,0,0
2015-10-20,0,0
2015-10-21,0,0
2015-10-22,0,0
2015-10-23,0,0
2015-10-24,0.0307,0.77978
2015-10-25,0.0803,2.0396199999999998
2015-10-26,0.6005,15.2527
2015-10-27,2.5903,65.79362
2015-10-28,0.5508,13.990319999999999
2015-10-29,1e-4,0.00254
2015-10-30,0,0
2015-10-31,0.1303,3.30962
2015-11-01,0.0103,0.26161999999999996
2015-11-02,0.0413,1.04902
2015-11-03,0,0
2015-11-04,0,0
2015-11-05,0,0
2015-11-06,0.4807,12.20978
2015-11-07,0,0
2015-11-08,0,0
2015-11-09,0.1813,4.60502
2015-11-10,0.0014,0.035559999999999994
2015-11-11,0,0
2015-11-12,0.1302,3.30708
2015-11-13,0,0
2015-11-14,0,0
2015-11-15,0,0
2015-11-16,0.020300000000000002,0.5156200000000001
2015-11-17,0,0
2015-11-18,2.3902,60.71108
2015-11-19,0,0
2015-11-20,0,0
2015-11-21,0.0205,0.5206999999999999
2015-11-22,1e-4,0.00254
2015-11-23,0,0
2015-11-24,0,0
2015-11-25,0,0
2015-11-26,0,0
2015-11-27,0,0
2015-11-28,0.2004,5.09016
2015-11-29,2.3809,60.47486
2015-11-30,1.6606,42.17924
2015-12-01,1.7904,45.47616
2015-12-02,0,0
2015-12-03,0,0
2015-12-04,0,0
2015-12-05,0,0
2015-12-06,0,0
2015-12-07,0,0
2015-12-08,0,0
2015-12-09,0,0
2015-12-10,0,0
2015-12-11,0,0
2015-12-12,0,0
2015-12-13,0,0
2015-12-14,0.8502000000000001,21.59508
2015-12-15,0,0
2015-12-16,1e-4,0.00254
2015-12-17,0.0404,1.02616
2015-12-18,0,0
2015-12-19,0,0
2015-12-20,0,0
2015-12-21,0.1905,4.8387
2015-12-22,1.9402,49.281079999999996
2015-12-23,5e-4,0.0127
2015-12-24,0.0702,1.7830799999999998
2015-12-25,2.3607,59.96178
2015-12-26,1.6005,40.652699999999996
2015-12-27,0,0
2015-12-28,1.7702000000000002,44.963080000000005
2015-12-29,0,0
2015-12-30,0,0
2015-12-31,0,0
2016-01-01,0,0
2016-01-02,0,0
2016-01-03,0,0
2016-01-04,0,0
2016-01-05,0,0
2016-01-06,0,0
2016-01-07,0,0
2016-01-08,0.0302,0.76708
2016-01-09,1e-4,0.00254
2016-01-10,0.36110000000000003,9.171940000000001
2016-01-11,0,0
2016-01-12,0,0
2016-01-13,0,0
2016-01-14,0,0
2016-01-15,0.4801,12.19454
2016-01-16,2e-4,0.00508
2016-01-17,0,0
2016-01-18,0,0
2016-01-19,0,0
2016-01-20,0.4003,10.16762
2016-01-21,0,0
2016-01-22,1.7208,43.70832
2016-01-23,0.001,0.0254
2016-01-24,0,0
2016-01-25,0,0
2016-01-26,0.1105,2.8066999999999998
2016-01-27,0,0
2016-01-28,0,0
2016-01-29,0,0
2016-01-30,0,0
2016-01-31,0,0
2016-02-01,0.2807,7.129779999999999
2016-02-02,0.1302,3.30708
2016-02-03,1.4,35.559999999999995
2016-02-04,0,0
2016-02-05,0,0
2016-02-06,0,0
2016-02-07,0,0
2016-02-08,0.0012000000000000001,0.03048
2016-02-09,0.1634,4.150359999999999
2016-02-10,0.0318,0.80772
2016-02-11,0.0603,1.53162
2016-02-12,4e-4,0.01016
2016-02-13,0,0
2016-02-14,0.0208,0.5283199999999999
2016-02-15,1.5204,38.618159999999996
2016-02-16,1.2104,30.744159999999997
2016-02-17,0,0
2016-02-18,0,0
2016-02-19,0,0
2016-02-20,0,0
2016-02-21,0.0206,0.5232399999999999
2016-02-22,0,0
2016-02-23,0.1405,3.5687
2016-02-24,1.7309,43.96486
2016-02-25,0.0912,2.31648
2016-02-26,8e-4,0.02032
2016-02-27,0,0
2016-02-28,0,0
2016-02-29,1e-4,0.00254
2016-03-01,1.6704,42.42816
2016-03-02,0,0
2016-03-03,0.4602,11.689079999999999
2016-03-04,3.0000000000000003e-4,0.00762
2016-03-05,1e-4,0.00254
2016-03-06,0,0
2016-03-07,0,0
2016-03-08,0,0
2016-03-09,0,0
2016-03-10,1.7504,44.460159999999995
2016-03-11,0.2906,7.38124
2016-03-12,0.06,1.5239999999999998
2016-03-13,1.6504,41.92016
2016-03-14,3.0000000000000003e-4,0.00762
2016-03-15,0,0
2016-03-16,1e-4,0.00254
2016-03-17,0,0
2016-03-18,0,0
2016-03-19,3.0000000000000003e-4,0.00762
2016-03-20,0.0102,0.25908
2016-03-21,0,0
2016-03-22,0,0
2016-03-23,0,0
2016-03-24,2.5004,63.51015999999999
2016-03-25,0,0
2016-03-26,0,0
2016-03-27,0.050300000000000004,1.27762
2016-03-28,0.23049999999999998,5.854699999999999
2016-03-29,0,0
2016-03-30,0,0
2016-03-31,1.1005,27.9527
2016-04-01,0.12,3.0479999999999996
2016-04-02,0,0
2016-04-03,0,0
2016-04-04,0,0
2016-04-05,0,0
2016-04-06,0.31020000000000003,7.87908
2016-04-07,4e-4,0.01016
2016-04-08,0.0405,1.0287
2016-04-09,0,0
2016-04-10,0.0403,1.02362
2016-04-11,7e-4,0.017779999999999997
2016-04-12,0.0201,0.51054
2016-04-13,0,0
2016-04-14,0.0101,0.25654
2016-04-15,2e-4,0.00508
2016-04-16,0,0
2016-04-17,0,0
2016-04-18,0,0
2016-04-19,0,0
2016-04-20,0,0
2016-04-21,0.6201,15.750539999999999
2016-04-22,0,0
2016-04-23,0,0
2016-04-24,0,0
2016-04-25,0,0
2016-04-26,0,0
2016-04-27,0.4301,10.924539999999999
2016-04-28,1e-4,0.00254
2016-04-29,1e-4,0.00254
2016-04-30,0.17049999999999998,4.330699999999999
2016-05-01,6.000000000000001e-4,0.01524
2016-05-02,0.7405,18.8087
2016-05-03,4e-4,0.01016
2016-05-04,0.07010000000000001,1.7805400000000002
2016-05-05,0,0
2016-05-06,0,0
2016-05-07,0,0
2016-05-08,0,0
2016-05-09,0,0
2016-05-10,0.0803,2.0396199999999998
2016-05-11,0.03,0.7619999999999999
2016-05-12,0.1202,3.05308
2016-05-13,0,0
2016-05-14,3.0000000000000003e-4,0.00762
2016-05-15,0,0
2016-05-16,0,0
2016-05-17,0.1707,4.33578
2016-05-18,0,0
2016-05-19,0,0
2016-05-20,3.8602,98.04907999999999
2016-05-21,0,0
2016-05-22,0,0
2016-05-23,0,0
2016-05-24,0,0
2016-05-25,2e-4,0.00508
2016-05-26,0.6901999999999999,17.531079999999996
2016-05-27,2e-4,0.00508
2016-05-28,0,0
2016-05-29,0,0
2016-05-30,0,0
2016-05-31,0,0
2016-06-01,0.08,2.032
2016-06-02,0.2601,6.60654
2016-06-03,0.01,0.254
2016-06-04,1.3106,33.28924
2016-06-05,0.16040000000000001,4.07416
2016-06-06,0,0
2016-06-07,0,0
2016-06-08,0,0
2016-06-09,0,0
2016-06-10,0,0
2016-06-11,0,0
2016-06-12,0,0
2016-06-13,0.0803,2.0396199999999998
2016-06-14,0.16999999999999998,4.318
2016-06-15,0.5404,13.726159999999998
2016-06-16,0,0
2016-06-17,0,0
2016-06-18,1e-4,0.00254
2016-06-19,0,0
2016-06-20,0,0
2016-06-21,0,0
2016-06-22,0,0
2016-06-23,0,0
2016-06-24,2.6201,66.55054
2016-06-25,0,0
2016-06-26,0,0
2016-06-27,0.0808,2.05232
2016-06-28,1.03,26.162
2016-06-29,0,0
2016-06-30,0,0
2016-07-01,0.0103,0.26161999999999996
2016-07-02,0,0
2016-07-03,0,0
2016-07-04,0.9801,24.89454
2016-07-05,3.2003999999999997,81.29015999999999
2016-07-06,2.1803,55.379619999999996
2016-07-07,3.9506,100.34524
2016-07-08,0,0
2016-07-09,0.24000000000000002,6.096
2016-07-10,0,0
2016-07-11,0.07,1.778
2016-07-12,0,0
2016-07-13,0,0
2016-07-14,0.25,6.35
2016-07-15,0,0
2016-07-16,3.0000000000000003e-4,0.00762
2016-07-17,0,0
2016-07-18,0,0
2016-07-19,2e-4,0.00508
2016-07-20,0,0
2016-07-21,0,0
2016-07-22,0,0
2016-07-23,0,0
2016-07-24,0,0
2016-07-25,5e-4,0.0127
2016-07-26,0.16,4.064
2016-07-27,0.05,1.27
2016-07-28,1.4104999999999999,35.826699999999995
2016-07-29,1e-4,0.00254
2016-07-30,0,0
2016-07-31,0.38,9.652
2016-08-01,0,0
2016-08-02,0.1201,3.05054
2016-08-03,1.6901,42.92854
2016-08-04,0,0
2016-08-05,2.4102,61.21908
2016-08-06,0.0801,2.03454
2016-08-07,2e-4,0.00508
2016-08-08,0,0
2016-08-09,2.2405,56.908699999999996
2016-08-10,0,0
2016-08-11,1e-4,0.00254
2016-08-12,0,0
2016-08-13,0,0
2016-08-14,1e-4,0.00254
2016-08-15,0.1403,3.56362
2016-08-16,0.17020000000000002,4.32308
2016-08-17,0,0
2016-08-18,0.1202,3.05308
2016-08-19,0.8509,21.612859999999998
2016-08-20,1.4808,37.61232
2016-08-21,1.5613000000000001,39.65702
2016-08-22,0,0
2016-08-23,0,0
2016-08-24,0,0
2016-08-25,1.25,31.75
2016-08-26,0,0
2016-08-27,2.45,62.230000000000004
2016-08-28,0,0
2016-08-29,0,0
2016-08-30,0,0
2016-08-31,0,0
2016-09-01,0,0
2016-09-02,0,0
2016-09-03,0,0
2016-09-04,0,0
2016-09-05,0,0
2016-09-06,0,0
2016-09-07,0,0
2016-09-08,0,0
2016-09-09,0,0
2016-09-10,0.6803,17.279619999999998
2016-09-11,0,0
2016-09-12,0,0
2016-09-13,0,0
2016-09-14,0,0
2016-09-15,0,0
2016-09-16,0,0
2016-09-17,1.7302,43.94708
2016-09-18,0.4702,11.94308
2016-09-19,0,0
2016-09-20,0,0
2016-09-21,0,0
2016-09-22,0,0
2016-09-23,0,0
2016-09-24,0,0
2016-09-25,0,0
2016-09-26,0.1003,2.5476199999999998
2016-09-27,0,0
2016-09-28,1e-4,0.00254
2016-09-29,0.0404,1.02616
2016-09-30,0.1402,3.5610799999999996
2016-10-01,0,0
2016-10-02,0,0
2016-10-03,0,0
2016-10-04,0,0
2016-10-05,0,0
2016-10-06,0,0
2016-10-07,0,0
2016-10-08,0,0
2016-10-09,0,0
2016-10-10,0,0
2016-10-11,0,0
2016-10-12,0,0
2016-10-13,0,0
2016-10-14,0.0704,1.78816
2016-10-15,0,0
2016-10-16,0,0
2016-10-17,0,0
2016-10-18,0,0
2016-10-19,0,0
2016-10-20,0.37020000000000003,9.403080000000001
2016-10-21,0.020900000000000002,0.53086
2016-10-22,0,0
2016-10-23,0,0
2016-10-24,0,0
2016-10-25,0,0
2016-10-26,0,0
2016-10-27,3.0000000000000003e-4,0.00762
2016-10-28,0,0
2016-10-29,0,0
2016-10-30,0,0
2016-10-31,0,0
2016-11-01,0,0
2016-11-02,0,0
2016-11-03,0,0
2016-11-04,0,0
2016-11-05,0,0
2016-11-06,0,0
2016-11-07,0,0
2016-11-08,0,0
2016-11-09,0.0103,0.26161999999999996
2016-11-10,0,0
2016-11-11,0,0
2016-11-12,0,0
2016-11-13,0,0
2016-11-14,0,0
2016-11-15,1e-4,0.00254
2016-11-16,0,0
2016-11-17,0,0
2016-11-18,0,0
2016-11-19,0.42010000000000003,10.67054
2016-11-20,0,0
2016-11-21,0,0
2016-11-22,0,0
2016-11-23,0.0103,0.26161999999999996
2016-11-24,0,0
2016-11-25,0,0
2016-11-26,0,0
2016-11-27,2e-4,0.00508
2016-11-28,0.1206,3.06324
2016-11-29,1.4301000000000001,36.32454
2016-11-30,1.1702,29.723079999999996
2016-12-01,0,0
2016-12-02,0,0
2016-12-03,1e-4,0.00254
2016-12-04,0.5212,13.23848
2016-12-05,0.0501,1.27254
2016-12-06,1.2812999999999999,32.545019999999994
2016-12-07,0,0
2016-12-08,0,0
2016-12-09,0,0
2016-12-10,0,0
2016-12-11,2e-4,0.00508
2016-12-12,2.7104,68.84415999999999
2016-12-13,0.1906,4.841239999999999
2016-12-14,0,0
2016-12-15,0,0
2016-12-16,0,0
2016-12-17,0.0107,0.27177999999999997
2016-12-18,3.2908,83.58632
2016-12-19,0,0
2016-12-20,3.0000000000000003e-4,0.00762
2016-12-21,0,0
2016-12-22,0,0
2016-12-23,0,0
2016-12-24,4.1505,105.42269999999999
2016-12-25,0.16060000000000002,4.07924
2016-12-26,0,0
2016-12-27,1.5008000000000001,38.12032
2016-12-28,1e-4,0.00254
2016-12-29,0.25020000000000003,6.35508
2016-12-30,0,0
2016-12-31,0.2406,6.11124
2017-01-01,0.191,4.8514
2017-01-02,0.0307,0.77978
2017-01-03,1.7614,44.73956
2017-01-04,4e-4,0.01016
2017-01-05,0,0
2017-01-06,0.1118,2.83972
2017-01-07,0,0
2017-01-08,0,0
2017-01-09,0,0
2017-01-10,4e-4,0.01016
2017-01-11,0.5211,13.23594
2017-01-12,4e-4,0.01016
2017-01-13,0.0613,1.5570199999999998
2017-01-14,6.000000000000001e-4,0.01524
2017-01-15,0.0703,1.78562
2017-01-16,0,0
2017-01-17,1.3505,34.3027
2017-01-18,0,0
2017-01-19,1.2505,31.762699999999995
2017-01-20,1.1801,29.974539999999998
2017-01-21,0,0
2017-01-22,0.0402,1.02108
2017-01-23,0.0303,0.76962
2017-01-24,0,0
2017-01-25,3.0000000000000003e-4,0.00762
2017-01-26,0,0
2017-01-27,0,0
2017-01-28,0,0
2017-01-29,0.1307,3.31978
2017-01-30,3.0000000000000003e-4,0.00762
2017-01-31,0,0
2017-02-01,0,0
2017-02-02,3.0000000000000003e-4,0.00762
2017-02-03,0,0
2017-02-04,0,0
2017-02-05,2e-4,0.00508
2017-02-06,0.6900999999999999,17.528539999999996
2017-02-07,0.32020000000000004,8.133080000000001
2017-02-08,0.32,8.128
2017-02-09,1e-4,0.00254
2017-02-10,0,0
2017-02-11,4e-4,0.01016
2017-02-12,1e-4,0.00254
2017-02-13,0,0
2017-02-14,0.0606,1.53924
2017-02-15,1.02,25.907999999999998
2017-02-16,0,0
2017-02-17,0,0
2017-02-18,0.0605,1.5367
2017-02-19,0,0
2017-02-20,0,0
2017-02-21,3.0000000000000003e-4,0.00762
2017-02-22,0.0608,1.54432
2017-02-23,0,0
2017-02-24,0,0
2017-02-25,0,0
2017-02-26,0,0
2017-02-27,0.0103,0.26161999999999996
2017-02-28,0.2405,6.1087
2017-03-01,2.8003,71.12762
2017-03-02,0,0
2017-03-03,0,0
2017-03-04,0,0
2017-03-05,0,0
2017-03-06,1e-4,0.00254
2017-03-07,1.3609,34.56686
2017-03-08,0,0
2017-03-09,0,0
2017-03-10,3.1202,79.25308
2017-03-11,0.3306,8.39724
2017-03-12,0,0
2017-03-13,0.08,2.032
2017-03-14,0.0103,0.26161999999999996
2017-03-15,0,0
2017-03-16,0,0
2017-03-17,0.0306,0.7772399999999999
2017-03-18,0.8905,22.618699999999997
2017-03-19,0,0
2017-03-20,0,0
2017-03-21,0.9702,24.643079999999998
2017-03-22,2e-4,0.00508
2017-03-23,1e-4,0.00254
2017-03-24,0,0
2017-03-25,0.0402,1.02108
2017-03-26,0.1705,4.3307
2017-03-27,0.1102,2.79908
2017-03-28,0.2802,7.11708
2017-03-29,0,0
2017-03-30,0.01,0.254
2017-03-31,0.14020000000000002,3.5610800000000005
2017-04-01,0,0
2017-04-02,0,0
2017-04-03,0.2308,5.8623199999999995
2017-04-04,1e-4,0.00254
2017-04-05,0,0
2017-04-06,0.011600000000000001,0.29464
2017-04-07,0,0
2017-04-08,0,0
2017-04-09,0,0
2017-04-10,0,0
2017-04-11,0.0201,0.51054
2017-04-12,0.2801,7.11454
2017-04-13,0,0
2017-04-14,0,0
2017-04-15,0,0
2017-04-16,2e-4,0.00508
2017-04-17,0.7703,19.56562
2017-04-18,3.9903,101.35361999999999
2017-04-19,0.56,14.224
2017-04-20,0.08,2.032
2017-04-21,1.1805,29.9847
2017-04-22,6.301,160.0454
2017-04-23,1.141,28.981399999999997
2017-04-24,0.5,12.7
2017-04-25,0,0
2017-04-26,0,0
2017-04-27,0.5404,13.726159999999998
2017-04-28,0.0101,0.25654
2017-04-29,0,0
2017-04-30,0.5,12.7
2017-05-01,0.3004,7.630159999999999
2017-05-02,0,0
2017-05-03,0,0
2017-05-04,1.4407,36.59378
2017-05-05,0.28150000000000003,7.1501
2017-05-06,0,0
2017-05-07,0,0
2017-05-08,0,0
2017-05-09,0,0
2017-05-10,0,0
2017-05-11,1e-4,0.00254
2017-05-12,1.9011,48.28794
2017-05-13,0,0
2017-05-14,0,0
2017-05-15,0,0
2017-05-16,0,0
2017-05-17,0,0
2017-05-18,0,0
2017-05-19,2e-4,0.00508
2017-05-20,1.31,33.274
2017-05-21,0.3905,9.9187
2017-05-22,0,0
2017-05-23,0,0
2017-05-24,0.5007,12.71778
2017-05-25,0.0102,0.25908
2017-05-26,0,0
2017-05-27,0.040600000000000004,1.0312400000000002
2017-05-28,0.7505,19.062699999999996
2017-05-29,0,0
2017-05-30,0.1305,3.3146999999999998
2017-05-31,0,0
2017-06-01,0,0
2017-06-02,0,0
2017-06-03,0,0
2017-06-04,0.0404,1.02616
2017-06-05,1.8006,45.73524
2017-06-06,0.02,0.508
2017-06-07,0,0
2017-06-08,0,0
2017-06-09,0,0
2017-06-10,0,0
2017-06-11,0,0
2017-06-12,0,0
2017-06-13,0.01,0.254
2017-06-14,2e-4,0.00508
2017-06-15,1.7702,44.96308
2017-06-16,0,0
2017-06-17,0,0
2017-06-18,2.6102,66.29907999999999
2017-06-19,0.0202,0.51308
2017-06-20,0,0
2017-06-21,0,0
2017-06-22,1.7807000000000002,45.229780000000005
2017-06-23,0.8909,22.62886
2017-06-24,0,0
2017-06-25,0,0
2017-06-26,0,0
2017-06-27,0,0
2017-06-28,0,0
2017-06-29,4e-4,0.01016
2017-06-30,0.0102,0.25908
2017-07-01,0.7401,18.79854
2017-07-02,0,0
2017-07-03,0,0
2017-07-04,0.7101999999999999,18.03908
2017-07-05,1.8605,47.256699999999995
2017-07-06,1.5502,39.37508
2017-07-07,0.86,21.843999999999998
2017-07-08,2e-4,0.00508
2017-07-09,0,0
2017-07-10,0,0
2017-07-11,0,0
2017-07-12,0,0
2017-07-13,2e-4,0.00508
2017-07-14,0.1803,4.579619999999999
2017-07-15,4.56,115.82399999999998
2017-07-16,0,0
2017-07-17,0,0
2017-07-18,0,0
2017-07-19,0.08,2.032
2017-07-20,0,0
2017-07-21,0,0
2017-07-22,0,0
2017-07-23,0,0
2017-07-24,0,0
2017-07-25,0,0
2017-07-26,0,0
2017-07-27,0,0
2017-07-28,0.1612,4.09448
2017-07-29,0,0
2017-07-30,0,0
2017-07-31,0,0
2017-08-01,0,0
2017-08-02,0.9501,24.13254
2017-08-03,1e-4,0.00254
2017-08-04,1.4601000000000002,37.08654
2017-08-05,0,0
2017-08-06,0.19,4.826
2017-08-07,5.4405,138.18869999999998
2017-08-08,0,0
2017-08-09,0,0
2017-08-10,0,0
2017-08-11,0,0
2017-08-12,2e-4,0.00508
2017-08-13,0,0
2017-08-14,0.7807,19.829779999999996
2017-08-15,2e-4,0.00508
2017-08-16,2.2605,57.4167
2017-08-17,0.09,2.2859999999999996
2017-08-18,0.0103,0.26161999999999996
2017-08-19,0,0
2017-08-20,0,0
2017-08-21,0,0
2017-08-22,1.01,25.654
2017-08-23,0.76,19.304
2017-08-24,0,0
2017-08-25,0,0
2017-08-26,0,0
2017-08-27,0,0
2017-08-28,0.1203,3.05562
2017-08-29,0,0
2017-08-30,0.35,8.889999999999999
2017-08-31,2.7104,68.84415999999999
2017-09-01,10.5208,267.22832
2017-09-02,0.1404,3.5661599999999996
2017-09-03,0,0
2017-09-04,0,0
2017-09-05,0.8505,21.6027
2017-09-06,0,0
2017-09-07,0,0
2017-09-08,0,0
2017-09-09,0,0
2017-09-10,0,0
2017-09-11,0.040100000000000004,1.01854
2017-09-12,1.281,32.5374
2017-09-13,0.17200000000000001,4.3688
2017-09-14,0.0904,2.2961599999999995
2017-09-15,0,0
2017-09-16,0,0
2017-09-17,0,0
2017-09-18,0,0
2017-09-19,0.9,22.86
2017-09-20,3.0000000000000003e-4,0.00762
2017-09-21,0.08,2.032
2017-09-22,0,0
2017-09-23,0,0
2017-09-24,0,0
2017-09-25,0,0
2017-09-26,0,0
2017-09-27,0,0
2017-09-28,0,0
2017-09-29,0,0
2017-09-30,0,0
2017-10-01,0,0
2017-10-02,0,0
2017-10-03,0,0
2017-10-04,0,0
2017-10-05,0,0
2017-10-06,0,0
2017-10-07,0.01,0.254
2017-10-08,0.7009,17.80286
2017-10-09,0,0
2017-10-10,0.6402,16.26108
2017-10-11,5e-4,0.0127
2017-10-12,0,0
2017-10-13,0,0
2017-10-14,0,0
2017-10-15,0.0404,1.02616
2017-10-16,2e-4,0.00508
2017-10-17,0,0
2017-10-18,0,0
2017-10-19,0,0
2017-10-20,0,0
2017-10-21,0,0
2017-10-22,2e-4,0.00508
2017-10-23,1.9315,49.0601
2017-10-24,0.0101,0.25654
2017-10-25,0,0
2017-10-26,0,0
2017-10-27,0,0
2017-10-28,3.3902,86.11108
2017-10-29,0,0
2017-10-30,0,0
2017-10-31,0,0
2017-11-01,0.0205,0.5206999999999999
2017-11-02,3.0000000000000003e-4,0.00762
2017-11-03,0.47050000000000003,11.9507
2017-11-04,0,0
2017-11-05,0,0
2017-11-06,0.3507,8.907779999999999
2017-11-07,7.551,191.7954
2017-11-08,3.0000000000000003e-4,0.00762
2017-11-09,0,0
2017-11-10,0,0
2017-11-11,0,0
2017-11-12,2e-4,0.00508
2017-11-13,0,0
2017-11-14,0,0
2017-11-15,0.12040000000000001,3.05816
2017-11-16,1e-4,0.00254
2017-11-17,0,0
2017-11-18,1.1501000000000001,29.21254
2017-11-19,4e-4,0.01016
2017-11-20,0,0
2017-11-21,0,0
2017-11-22,0,0
2017-11-23,0,0
2017-11-24,0,0
2017-11-25,0,0
2017-11-26,0,0
2017-11-27,0,0
2017-11-28,0,0
2017-11-29,0,0
2017-11-30,0.6404,16.26616
2017-12-01,0,0
2017-12-02,0,0
2017-12-03,0,0
2017-12-04,0,0
2017-12-05,1.0206,25.923239999999996
2017-12-06,0,0
2017-12-07,0,0
2017-12-08,0,0
2017-12-09,0,0
2017-12-10,0,0
2017-12-11,0,0
2017-12-12,1e-4,0.00254
2017-12-13,0,0
2017-12-14,0,0
2017-12-15,0,0
2017-12-16,0,0
2017-12-17,0.14,3.556
2017-12-18,0,0
2017-12-19,0.1106,2.80924
2017-12-20,1.7713,44.99102
2017-12-21,3.0000000000000003e-4,0.00762
2017-12-22,0.7504,19.060159999999996
2017-12-23,5.4911,139.47394
2017-12-24,0.0205,0.5206999999999999
2017-12-25,7e-4,0.017779999999999997
2017-12-26,0,0
2017-12-27,0,0
2017-12-28,0,0
2017-12-29,0,0
2017-12-30,0,0
2017-12-31,0,0
2018-01-01,2e-4,0.00508
2018-01-02,0,0
2018-01-03,0,0
2018-01-04,3.0000000000000003e-4,0.00762
2018-01-05,0,0
2018-01-06,0,0
2018-01-07,1e-4,0.00254
2018-01-08,0.4611,11.71194
2018-01-09,0.1303,3.30962
2018-01-10,0,0
2018-01-11,0.0705,1.7906999999999997
2018-01-12,0.5623,14.28242
2018-01-13,0.002,0.0508
2018-01-14,0,0
2018-01-15,0,0
2018-01-16,0.18130000000000002,4.605020000000001
2018-01-17,0.0013000000000000002,0.03302
2018-01-18,0,0
2018-01-19,0,0
2018-01-20,0,0
2018-01-21,0,0
2018-01-22,0.1701,4.320539999999999
2018-01-23,0,0
2018-01-24,0,0
2018-01-25,0,0
2018-01-26,0,0
2018-01-27,0.3101,7.876539999999999
2018-01-28,0.6606,16.779239999999998
2018-01-29,2e-4,0.00508
2018-01-30,1e-4,0.00254
2018-01-31,0,0
2018-02-01,0.4502,11.43508
2018-02-02,0.0104,0.26415999999999995
2018-02-03,0,0
2018-02-04,1.0705,27.1907
2018-02-05,0,0
2018-02-06,0.2901,7.36854
2018-02-07,2.0404,51.826159999999994
2018-02-08,0,0
2018-02-09,0,0
2018-02-10,4.6302,117.60708
2018-02-11,2.1304,54.112159999999996
2018-02-12,1e-4,0.00254
2018-02-13,0,0
2018-02-14,0.5205,13.220699999999999
2018-02-15,0.0202,0.51308
2018-02-16,0.2204,5.59816
2018-02-17,2.1601,54.86653999999999
2018-02-18,0,0
2018-02-19,0,0
2018-02-20,0,0
2018-02-21,0.6602,16.76908
2018-02-22,1.8105,45.9867
2018-02-23,0,0
2018-02-24,0.0705,1.7906999999999997
2018-02-25,1.7701,44.960539999999995
2018-02-26,0.09040000000000001,2.29616
2018-02-27,0,0
2018-02-28,0.8906000000000001,22.62124
2018-03-01,0.7705,19.5707
2018-03-02,0,0
2018-03-03,0,0
2018-03-04,0,0
2018-03-05,0.07050000000000001,1.7907000000000002
2018-03-06,0.1203,3.05562
2018-03-07,0,0
2018-03-08,0.0308,0.78232
2018-03-09,0,0
2018-03-10,0.0302,0.76708
2018-03-11,1.1904000000000001,30.23616
2018-03-12,0.29150000000000004,7.404100000000001
2018-03-13,0,0
2018-03-14,0,0
2018-03-15,0,0
2018-03-16,0,0
2018-03-17,0.4102,10.41908
2018-03-18,0,0
2018-03-19,0.0508,1.29032
2018-03-20,0.1303,3.30962
2018-03-21,0.0011,0.02794
2018-03-22,0,0
2018-03-23,0,0
2018-03-24,0.1408,3.57632
2018-03-25,3.7002,93.98508
2018-03-26,0,0
2018-03-27,0,0
2018-03-28,0.1809,4.59486
2018-03-29,6.8804,174.76216
2018-03-30,0.09079999999999999,2.3063199999999995
2018-03-31,0,0
2018-04-01,0.0802,2.0370799999999996
2018-04-02,0.0012000000000000001,0.03048
2018-04-03,0,0
2018-04-04,2.6906,68.34124
2018-04-05,0,0
2018-04-06,0.1702,4.323079999999999
2018-04-07,0.0604,1.53416
2018-04-08,0,0
2018-04-09,0,0
2018-04-10,0,0
2018-04-11,0,0
2018-04-12,0,0
2018-04-13,0,0
2018-04-14,1.2604,32.01416
2018-04-15,2.3109,58.69686
2018-04-16,0.0108,0.27432
2018-04-17,0,0
2018-04-18,0,0
2018-04-19,0.29000000000000004,7.3660000000000005
2018-04-20,0,0
2018-04-21,0,0
2018-04-22,1.7002,43.18508
2018-04-23,2.5211,64.03594
2018-04-24,0.0407,1.03378
2018-04-25,1e-4,0.00254
2018-04-26,0.1804,4.58216
2018-04-27,0,0
2018-04-28,0,0
2018-04-29,0,0
2018-04-30,0,0
2018-05-01,0,0
2018-05-02,0,0
2018-05-03,0,0
2018-05-04,0.0402,1.02108
2018-05-05,2.9904,75.95616
2018-05-06,0.0302,0.76708
2018-05-07,0.0303,0.76962
2018-05-08,0,0
2018-05-09,0,0
2018-05-10,0.24029999999999999,6.103619999999999
2018-05-11,0,0
2018-05-12,0,0
2018-05-13,0,0
2018-05-14,0,0
2018-05-15,2e-4,0.00508
2018-05-16,0,0
2018-05-17,4.86,123.444
2018-05-18,0.6701,17.02054
2018-05-19,0.09,2.2859999999999996
2018-05-20,0.0601,1.52654
2018-05-21,0.2403,6.10362
2018-05-22,0.4001,10.16254
2018-05-23,2e-4,0.00508
2018-05-24,0,0
2018-05-25,0,0
2018-05-26,0.7601,19.30654
2018-05-27,0,0
2018-05-28,0.0602,1.5290799999999998
2018-05-29,0.5212,13.23848
2018-05-30,0.1105,2.8066999999999998
2018-05-31,4e-4,0.01016
2018-06-01,2.8206,71.64324
2018-06-02,0,0
2018-06-03,0,0
2018-06-04,0,0
2018-06-05,0,0
2018-06-06,0,0
2018-06-07,0,0
2018-06-08,0,0
2018-06-09,0,0
2018-06-10,3.8303000000000003,97.28962
2018-06-11,0,0
2018-06-12,3.0000000000000003e-4,0.00762
2018-06-13,1e-4,0.00254
2018-06-14,0,0
2018-06-15,2e-4,0.00508
2018-06-16,1e-4,0.00254
2018-06-17,0.7,17.779999999999998
2018-06-18,0.25,6.35
2018-06-19,0,0
2018-06-20,4e-4,0.01016
2018-06-21,0.201,5.1054
2018-06-22,0.0503,1.2776199999999998
2018-06-23,0,0
2018-06-24,0.2702,6.863079999999999
2018-06-25,0,0
2018-06-26,0.2705,6.8707
2018-06-27,1.4403,36.583619999999996
2018-06-28,0.6705,17.0307
2018-06-29,0,0
2018-06-30,0,0
2018-07-01,4e-4,0.01016
2018-07-02,0.1204,3.0581599999999995
2018-07-03,5e-4,0.0127
2018-07-04,0,0
2018-07-05,0.0601,1.52654
2018-07-06,1.4404000000000001,36.58616
2018-07-07,3.0000000000000003e-4,0.00762
2018-07-08,0,0
2018-07-09,0,0
2018-07-10,0.2901,7.36854
2018-07-11,0.0301,0.7645399999999999
2018-07-12,0,0
2018-07-13,0,0
2018-07-14,0,0
2018-07-15,3.0507,77.48778
2018-07-16,1e-4,0.00254
2018-07-17,1.25,31.75
2018-07-18,0,0
2018-07-19,0,0
2018-07-20,0,0
2018-07-21,2e-4,0.00508
2018-07-22,0.020300000000000002,0.5156200000000001
2018-07-23,3.0000000000000003e-4,0.00762
2018-07-24,0,0
2018-07-25,0,0
2018-07-26,0,0
2018-07-27,0,0
2018-07-28,0,0
2018-07-29,0,0
2018-07-30,0,0
2018-07-31,0,0
2018-08-01,1.2804,32.52216
2018-08-02,0,0
2018-08-03,0,0
2018-08-04,0,0
2018-08-05,2.15,54.60999999999999
2018-08-06,0,0
2018-08-07,2e-4,0.00508
2018-08-08,0.7801,19.81454
2018-08-09,0.26030000000000003,6.61162
2018-08-10,0.8505,21.6027
2018-08-11,0,0
2018-08-12,0,0
2018-08-13,0,0
2018-08-14,0,0
2018-08-15,0,0
2018-08-16,0.1706,4.33324
2018-08-17,1.4701,37.34054
2018-08-18,5.8003,147.32762
2018-08-19,0,0
2018-08-20,1.0004,25.410159999999998
2018-08-21,0.45030000000000003,11.43762
2018-08-22,0,0
2018-08-23,0,0
2018-08-24,0,0
2018-08-25,0,0
2018-08-26,0,0
2018-08-27,0,0
2018-08-28,0,0
2018-08-29,0.2301,5.844539999999999
2018-08-30,0,0
2018-08-31,0.0904,2.2961599999999995
2018-09-01,0.0402,1.02108
2018-09-02,0,0
2018-09-03,0,0
2018-09-04,0,0
2018-09-05,2e-4,0.00508
2018-09-06,0.4304,10.93216
2018-09-07,0,0
2018-09-08,0.87,22.098
2018-09-09,2.5904000000000003,65.79616
2018-09-10,3.0000000000000003e-4,0.00762
2018-09-11,0,0
2018-09-12,0,0
2018-09-13,0,0
2018-09-14,0,0
2018-09-15,0,0
2018-09-16,0,0
2018-09-17,1e-4,0.00254
2018-09-18,0,0
2018-09-19,0,0
2018-09-20,0,0
2018-09-21,0.02,0.508
2018-09-22,0.8104,20.58416
2018-09-23,4.341,110.2614
2018-09-24,2.0903,53.09362
2018-09-25,0.2201,5.59054
2018-09-26,1.1305,28.7147
2018-09-27,2.2706,57.67323999999999
2018-09-28,0,0
2018-09-29,0,0
2018-09-30,0,0
2018-10-01,0,0
2018-10-02,0.6601,16.76654
2018-10-03,0,0
2018-10-04,0,0
2018-10-05,0,0
2018-10-06,0,0
2018-10-07,0.1404,3.5661599999999996
2018-10-08,0.0701,1.7805399999999998
2018-10-09,0,0
2018-10-10,0.4601,11.686539999999999
2018-10-11,0.07,1.778
2018-10-12,1e-4,0.00254
2018-10-13,1e-4,0.00254
2018-10-14,0.331,8.407399999999999
2018-10-15,2.341,59.461400000000005
2018-10-16,0.0403,1.02362
2018-10-17,0.02,0.508
2018-10-18,0,0
2018-10-19,0,0
2018-10-20,0.2807,7.129779999999999
2018-10-21,0,0
2018-10-22,0,0
2018-10-23,0,0
2018-10-24,0,0
2018-10-25,0.0205,0.5206999999999999
2018-10-26,0.4319,10.97026
2018-10-27,0.0103,0.26161999999999996
2018-10-28,0,0
2018-10-29,0,0
2018-10-30,0,0
2018-10-31,0,0
2018-11-01,0.6603,16.77162
2018-11-02,3.0000000000000003e-4,0.00762
2018-11-03,0,0
2018-11-04,0.1201,3.05054
2018-11-05,0.0601,1.52654
2018-11-06,3.8705,98.3107
2018-11-07,0.0103,0.26161999999999996
2018-11-08,0,0
2018-11-09,0.9903,25.153619999999997
2018-11-10,0,0
2018-11-11,0,0
2018-11-12,0.6902,17.53108
2018-11-13,0.161,4.0893999999999995
2018-11-14,0.9502,24.13508
2018-11-15,0.33130000000000004,8.41502
2018-11-16,0,0
2018-11-17,0,0
2018-11-18,0,0
2018-11-19,4e-4,0.01016
2018-11-20,0,0
2018-11-21,0,0
2018-11-22,0,0
2018-11-23,1e-4,0.00254
2018-11-24,0.2803,7.119619999999999
2018-11-25,0,0
2018-11-26,0.0305,0.7746999999999999
2018-11-27,0,0
2018-11-28,0,0
2018-11-29,0.1908,4.8463199999999995
2018-11-30,0.2803,7.119619999999999
2018-12-01,1.1211,28.475939999999998
2018-12-02,0,0
2018-12-03,0,0
2018-12-04,0,0
2018-12-05,0.0702,1.7830799999999998
2018-12-06,0,0
2018-12-07,0,0
2018-12-08,0.2207,5.60578
2018-12-09,0.8916000000000001,22.64664
2018-12-10,2e-4,0.00508
2018-12-11,0,0
2018-12-12,0,0
2018-12-13,0.0206,0.5232399999999999
2018-12-14,0.2111,5.36194
2018-12-15,0.01,0.254
2018-12-16,0.0202,0.51308
2018-12-17,0,0
2018-12-18,0,0
2018-12-19,0,0
2018-12-20,0.7805,19.824699999999996
2018-12-21,0.131,3.3274
2018-12-22,0.0201,0.51054
2018-12-23,0.1606,4.0792399999999995
2018-12-24,0,0
2018-12-25,0,0
2018-12-26,0,0
2018-12-27,0.9408,23.89632
2018-12-28,0.2403,6.10362
2018-12-29,0,0
2018-12-30,0,0
2018-12-31,5.1006,129.55524
2019-01-01,1e-4,0.00254
2019-01-02,2e-4,0.00508
2019-01-03,0.6808,17.292319999999997
2019-01-04,0.5508,13.990319999999999
2019-01-05,0.05,1.27
2019-01-06,0,0
2019-01-07,1e-4,0.00254
2019-01-08,1e-4,0.00254
2019-01-09,0,0
2019-01-10,0,0
2019-01-11,0,0
2019-01-12,0.2908,7.3863199999999996
2019-01-13,0.25120000000000003,6.38048
2019-01-14,4e-4,0.01016
2019-01-15,0,0
2019-01-16,0,0
2019-01-17,0.5403,13.723619999999999
2019-01-18,0.0304,0.77216
2019-01-19,2.7704,70.36815999999999
2019-01-20,0.0019,0.04826
2019-01-21,4e-4,0.01016
2019-01-22,0,0
2019-01-23,1.2003,30.487619999999996
2019-01-24,0.2104,5.34416
2019-01-25,0,0
2019-01-26,0,0
2019-01-27,0,0
2019-01-28,1e-4,0.00254
2019-01-29,0.0304,0.77216
2019-01-30,0.001,0.0254
2019-01-31,0,0
2019-02-01,4e-4,0.01016
2019-02-02,0,0
2019-02-03,0,0
2019-02-04,3.0000000000000003e-4,0.00762
2019-02-05,0,0
2019-02-06,4.1102,104.39907999999998
2019-02-07,5.9702,151.64308
2019-02-08,0.3704,9.40816
2019-02-09,0,0
2019-02-10,1.1804000000000001,29.98216
2019-02-11,0.2902,7.37108
2019-02-12,1.1605,29.4767
2019-02-13,0,0
2019-02-14,0,0
2019-02-15,0.1503,3.8176199999999993
2019-02-16,0.9102,23.11908
2019-02-17,3.5105,89.16669999999999
2019-02-18,0.28,7.112
2019-02-19,0.6101,15.496539999999998
2019-02-20,3.0103,76.46162
2019-02-21,0.1504,3.82016
2019-02-22,1.0204,25.918159999999997
2019-02-23,2.0108,51.07432
2019-02-24,2.05,52.06999999999999
2019-02-25,0,0
2019-02-26,0,0
2019-02-27,0,0
2019-02-28,4e-4,0.01016
2019-03-01,0.0111,0.28194
2019-03-02,3.0000000000000003e-4,0.00762
2019-03-03,0.7305,18.5547
2019-03-04,2e-4,0.00508
2019-03-05,0,0
2019-03-06,0,0
2019-03-07,0,0
2019-03-08,0.7506,19.06524
2019-03-09,3.1407,79.77377999999999
2019-03-10,1.8202,46.23308
2019-03-11,0.0102,0.25908
2019-03-12,0,0
2019-03-13,0,0
2019-03-14,0.0303,0.76962
2019-03-15,0,0
2019-03-16,0,0
2019-03-17,0,0
2019-03-18,0,0
2019-03-19,0,0
2019-03-20,0,0
2019-03-21,0,0
2019-03-22,0,0
2019-03-23,0,0
2019-03-24,2e-4,0.00508
2019-03-25,0.38,9.652
2019-03-26,2e-4,0.00508
2019-03-27,0,0
2019-03-28,0,0
2019-03-29,0.0101,0.25654
2019-03-30,0.05,1.27
2019-03-31,2.0403000000000002,51.823620000000005
2019-04-01,0,0
2019-04-02,0,0
2019-04-03,0,0
2019-04-04,5e-4,0.0127
2019-04-05,0.79,20.066
2019-04-06,0,0
2019-04-07,1.4205,36.0807
2019-04-08,6.14,155.956
2019-04-09,0,0
2019-04-10,0,0
2019-04-11,0,0
2019-04-12,0.08,2.032
2019-04-13,0.1004,2.55016
2019-04-14,3.5002,88.90508
2019-04-15,0,0
2019-04-16,0,0
2019-04-17,0,0
2019-04-18,0,0
2019-04-19,2.0021,50.853339999999996
2019-04-20,1.0606,26.939239999999998
2019-04-21,0,0
2019-04-22,0,0
2019-04-23,0,0
2019-04-24,0,0
2019-04-25,1e-4,0.00254
2019-04-26,0.22039999999999998,5.598159999999999
2019-04-27,0,0
2019-04-28,0,0
2019-04-29,0,0
2019-04-30,0,0
2019-05-01,0.0201,0.51054
2019-05-02,0.1803,4.579619999999999
2019-05-03,0.24080000000000001,6.11632
2019-05-04,0.0607,1.54178
2019-05-05,0.5305,13.474699999999999
2019-05-06,0,0
2019-05-07,0,0
2019-05-08,0,0
2019-05-09,1.0203,25.915619999999997
2019-05-10,0,0
2019-05-11,0.5911,15.013939999999998
2019-05-12,0.15059999999999998,3.8252399999999995
2019-05-13,0,0
2019-05-14,0,0
2019-05-15,0.14,3.556
2019-05-16,0,0
2019-05-17,0,0
2019-05-18,0,0
2019-05-19,0.06,1.5239999999999998
2019-05-20,0,0
2019-05-21,0,0
2019-05-22,0,0
2019-05-23,0,0
2019-05-24,0,0
2019-05-25,0.01,0.254
2019-05-26,0,0
2019-05-27,0,0
2019-05-28,0,0
2019-05-29,0,0
2019-05-30,0.0102,0.25908
2019-05-31,0,0
2019-06-01,0,0
2019-06-02,0,0
2019-06-03,0,0
2019-06-04,0,0
2019-06-05,0,0
2019-06-06,0.0013000000000000002,0.03302
2019-06-07,5.5103,139.96161999999998
2019-06-08,0.0703,1.78562
2019-06-09,1.2102,30.739079999999998
2019-06-10,3.0000000000000003e-4,0.00762
2019-06-11,0,0
2019-06-12,0,0
2019-06-13,0,0
2019-06-14,0,0
2019-06-15,0,0
2019-06-16,0,0
2019-06-17,1.1401000000000001,28.958540000000003
2019-06-18,2.5704,65.28815999999999
2019-06-19,1e-4,0.00254
2019-06-20,1.1607,29.48178
2019-06-21,0,0
2019-06-22,0.6606,16.779239999999998
2019-06-23,4e-4,0.01016
2019-06-24,0.8203,20.83562
2019-06-25,0,0
2019-06-26,0.46,11.684
2019-06-27,4.3703,111.00562000000001
2019-06-28,0.16010000000000002,4.066540000000001
2019-06-29,0,0
2019-06-30,0,0
2019-07-01,0,0
2019-07-02,3.0000000000000003e-4,0.00762
2019-07-03,0.0604,1.53416
2019-07-04,1.2711,32.28594
2019-07-05,3.0000000000000003e-4,0.00762
2019-07-06,0.22010000000000002,5.59054
2019-07-07,0.2202,5.59308
2019-07-08,0.5101,12.956539999999999
2019-07-09,0,0
2019-07-10,0.01,0.254
2019-07-11,0,0
2019-07-12,0,0
2019-07-13,2e-4,0.00508
2019-07-14,5e-4,0.0127
2019-07-15,0.0303,0.76962
2019-07-16,0.01,0.254
2019-07-17,0.0101,0.25654
2019-07-18,0.0801,2.03454
2019-07-19,0,0
2019-07-20,0.4202,10.67308
2019-07-21,0.3707,9.415779999999998
2019-07-22,5.9503,151.13762
2019-07-23,2.3806,60.46723999999999
2019-07-24,0,0
2019-07-25,0,0
2019-07-26,0,0
2019-07-27,0,0
2019-07-28,0,0
2019-07-29,0,0
2019-07-30,0.8600000000000001,21.844
2019-07-31,0.02,0.508
2019-08-01,0,0
2019-08-02,0,0
2019-08-03,2.5004,63.51015999999999
2019-08-04,1.2002,30.485079999999996
2019-08-05,0,0
2019-08-06,0,0
2019-08-07,1.0002,25.405079999999998
2019-08-08,0,0
2019-08-09,1e-4,0.00254
2019-08-10,2e-4,0.00508
2019-08-11,0,0
2019-08-12,0,0
2019-08-13,3.23,82.042
2019-08-14,1e-4,0.00254
2019-08-15,0,0
2019-08-16,0,0
2019-08-17,0,0
2019-08-18,0,0
2019-08-19,0,0
2019-08-20,0.04,1.016
2019-08-21,0,0
2019-08-22,0.2702,6.863079999999999
2019-08-23,1e-4,0.00254
2019-08-24,1e-4,0.00254
2019-08-25,0.0403,1.02362
2019-08-26,2.0702,52.583079999999995
2019-08-27,0,0
2019-08-28,1e-4,0.00254
2019-08-29,0,0
2019-08-30,0,0
2019-08-31,0,0
2019-09-01,0,0
2019-09-02,0,0
2019-09-03,0,0
2019-09-04,0,0
2019-09-05,0,0
2019-09-06,0,0
2019-09-07,0,0
2019-09-08,0,0
2019-09-09,0,0
2019-09-10,0.02,0.508
2019-09-11,0,0
2019-09-12,0,0
2019-09-13,2e-4,0.00508
2019-09-14,0,0
2019-09-15,0,0
2019-09-16,0,0
2019-09-17,0,0
2019-09-18,0,0
2019-09-19,0,0
2019-09-20,0,0
2019-09-21,0,0
2019-09-22,0,0
2019-09-23,0.01,0.254
2019-09-24,0,0
2019-09-25,2e-4,0.00508
2019-09-26,2e-4,0.00508
2019-09-27,0,0
2019-09-28,0,0
2019-09-29,0,0
2019-09-30,0,0
2019-10-01,0,0
2019-10-02,0,0
2019-10-03,0,0
2019-10-04,0,0
2019-10-05,0,0
2019-10-06,0.3902,9.91108
2019-10-07,4.2405,107.7087
2019-10-08,0,0
2019-10-09,0,0
2019-10-10,0,0
2019-10-11,0.040100000000000004,1.01854
2019-10-12,0.5603,14.23162
2019-10-13,0,0
2019-10-14,0,0
2019-10-15,2e-4,0.00508
2019-10-16,0.7009000000000001,17.802860000000003
2019-10-17,0,0
2019-10-18,0,0
2019-10-19,0.0104,0.26415999999999995
2019-10-20,4e-4,0.01016
2019-10-21,0.5509000000000001,13.99286
2019-10-22,0,0
2019-10-23,0,0
2019-10-24,0,0
2019-10-25,0.2804,7.122159999999999
2019-10-26,2.6806,68.08724
2019-10-27,0.0311,0.78994
2019-10-28,0,0
2019-10-29,0,0
2019-10-30,1.4303000000000001,36.32962
2019-10-31,2.0808,52.85232
2019-11-01,0,0
2019-11-02,0,0
2019-11-03,0,0
2019-11-04,0,0
2019-11-05,0,0
2019-11-06,0,0
2019-11-07,0.9704,24.64816
2019-11-08,0,0
2019-11-09,0,0
2019-11-10,0,0
2019-11-11,0.1201,3.05054
2019-11-12,0.4003,10.16762
2019-11-13,0,0
2019-11-14,0,0
2019-11-15,0,0
2019-11-16,0,0
2019-11-17,0,0
2019-11-18,0,0
2019-11-19,4e-4,0.01016
2019-11-20,0,0
2019-11-21,1e-4,0.00254
2019-11-22,2.0204,51.31816
2019-11-23,1.2207999999999999,31.008319999999994
2019-11-24,0,0
2019-11-25,0,0
2019-11-26,0.1301,3.30454
2019-11-27,2.0501,52.07254
2019-11-28,1e-4,0.00254
2019-11-29,5e-4,0.0127
2019-11-30,1.3207,33.54578
2019-12-01,2.52,64.008
2019-12-02,0.040600000000000004,1.0312400000000002
2019-12-03,0,0
2019-12-04,0,0
2019-12-05,0,0
2019-12-06,0.030100000000000002,0.76454
2019-12-07,0,0
2019-12-08,0,0
2019-12-09,0,0
2019-12-10,2.201,55.9054
2019-12-11,0,0
2019-12-12,0,0
2019-12-13,0.0416,1.0566399999999998
2019-12-14,0.0012000000000000001,0.03048
2019-12-15,0.020300000000000002,0.5156200000000001
2019-12-16,2.5807,65.54978
2019-12-17,0.311,7.899399999999999
2019-12-18,0,0
2019-12-19,0,0
2019-12-20,0,0
2019-12-21,0,0
2019-12-22,0.0204,0.51816
2019-12-23,0.07050000000000001,1.7907000000000002
2019-12-24,0,0
2019-12-25,0,0
2019-12-26,0,0
2019-12-27,0.0205,0.5206999999999999
2019-12-28,0.040600000000000004,1.0312400000000002
2019-12-29,4.5701,116.08054
2019-12-30,0.5703,14.485619999999999
2019-12-31,0,0
2020-01-01,0,0
2020-01-02,1.31,33.274
2020-01-03,1.0007,25.417779999999997
2020-01-04,0.0505,1.2827
2020-01-05,0,0
2020-01-06,0,0
2020-01-07,0.1203,3.05562
2020-01-08,0,0
2020-01-09,0,0
2020-01-10,2e-4,0.00508
2020-01-11,2.9706,75.45324
2020-01-12,0.24,6.095999999999999
2020-01-13,0,0
2020-01-14,1.1503,29.21762
2020-01-15,0.020900000000000002,0.53086
2020-01-16,0.0202,0.51308
2020-01-17,0,0
2020-01-18,0.5604,14.23416
2020-01-19,0,0
2020-01-20,0.0014,0.035559999999999994
2020-01-21,1e-4,0.00254
2020-01-22,0,0
2020-01-23,0.30010000000000003,7.622540000000001
2020-01-24,0.7112,18.06448
2020-01-25,7e-4,0.017779999999999997
2020-01-26,1e-4,0.00254
2020-01-27,0.0708,1.79832
2020-01-28,0,0
2020-01-29,4e-4,0.01016
2020-01-30,0,0
2020-01-31,0.0308,0.78232
2020-02-01,0.2414,6.1315599999999995
2020-02-02,0,0
2020-02-03,0,0
2020-02-04,0.381,9.6774
2020-02-05,2.2507,57.16778
2020-02-06,0.931,23.6474
2020-02-07,0.2111,5.36194
2020-02-08,0,0
2020-02-09,0,0
2020-02-10,2.0216,51.348639999999996
2020-02-11,1.0115,25.6921
2020-02-12,1.0016,25.44064
2020-02-13,1.5404,39.12616
2020-02-14,2e-4,0.00508
2020-02-15,0,0
2020-02-16,2e-4,0.00508
2020-02-17,0,0
2020-02-18,0.5509000000000001,13.99286
2020-02-19,1e-4,0.00254
2020-02-20,0.3006,7.635239999999999
2020-02-21,0,0
2020-02-22,0,0
2020-02-23,3.0000000000000003e-4,0.00762
2020-02-24,0.9709,24.66086
2020-02-25,0.0706,1.7932399999999997
2020-02-26,0.011300000000000001,0.28702
2020-02-27,0.011000000000000001,0.27940000000000004
2020-02-28,6.000000000000001e-4,0.01524
2020-02-29,0.18,4.571999999999999
2020-03-01,0,0
2020-03-02,0.6707000000000001,17.035780000000003
2020-03-03,0.6902,17.53108
2020-03-04,0,0
2020-03-05,0,0
2020-03-06,0,0
2020-03-07,0,0
2020-03-08,0,0
2020-03-09,0,0
2020-03-10,0.4109,10.43686
2020-03-11,0.0301,0.7645399999999999
2020-03-12,0,0
2020-03-13,0.11019999999999999,2.7990799999999996
2020-03-14,0.1703,4.32562
2020-03-15,0.2804,7.122159999999999
2020-03-16,0.0101,0.25654
2020-03-17,1.8407,46.75378
2020-03-18,0.9802000000000001,24.89708
2020-03-19,0.2703,6.865619999999999
2020-03-20,1.1406,28.971239999999998
2020-03-21,5e-4,0.0127
2020-03-22,0.0402,1.02108
2020-03-23,1.1307,28.71978
2020-03-24,2.1707,55.13578
2020-03-25,0,0
2020-03-26,0,0
2020-03-27,0,0
2020-03-28,0,0
2020-03-29,0.9202,23.373079999999998
2020-03-30,0,0
2020-03-31,0.9004000000000001,22.870160000000002
2020-04-01,0,0
2020-04-02,0,0
2020-04-03,0,0
2020-04-04,1e-4,0.00254
2020-04-05,0,0
2020-04-06,0,0
2020-04-07,2e-4,0.00508
2020-04-08,0,0
2020-04-09,0.2701,6.860539999999999
2020-04-10,0,0
2020-04-11,0,0
2020-04-12,5.5,139.7
2020-04-13,1.1204,28.45816
2020-04-14,3.0000000000000003e-4,0.00762
2020-04-15,0,0
2020-04-16,0,0
2020-04-17,0,0
2020-04-18,0.6106,15.50924
2020-04-19,0.0205,0.5206999999999999
2020-04-20,0.5102,12.959079999999998
2020-04-21,0.1,2.54
2020-04-22,1e-4,0.00254
2020-04-23,1.0406,26.43124
2020-04-24,0.0403,1.02362
2020-04-25,0.6805,17.284699999999997
2020-04-26,2e-4,0.00508
2020-04-27,0,0
2020-04-28,0.03,0.7619999999999999
2020-04-29,0.1907,4.84378
2020-04-30,0,0
2020-05-01,0,0
2020-05-02,0,0
2020-05-03,0.4902,12.45108
2020-05-04,3.0000000000000003e-4,0.00762
2020-05-05,0.48050000000000004,12.2047
2020-05-06,0.0202,0.51308
2020-05-07,0,0
2020-05-08,0.5301,13.46454
2020-05-09,0,0
2020-05-10,0,0
2020-05-11,0,0
2020-05-12,5e-4,0.0127
2020-05-13,0.1306,3.3172399999999995
2020-05-14,0,0
2020-05-15,0,0
2020-05-16,0,0
2020-05-17,2e-4,0.00508
2020-05-18,0.0309,0.78486
2020-05-19,0.3303,8.389619999999999
2020-05-20,0.030699999999999998,0.7797799999999999
2020-05-21,0.0204,0.51816
2020-05-22,0.27,6.858
2020-05-23,0.0802,2.0370799999999996
2020-05-24,2e-4,0.00508
2020-05-25,0.0801,2.03454
2020-05-26,0.1501,3.8125400000000003
2020-05-27,1.4005,35.5727
2020-05-28,0.1003,2.5476199999999998
2020-05-29,0.0801,2.03454
2020-05-30,1e-4,0.00254
2020-05-31,0,0
2020-06-01,0,0
2020-06-02,0,0
2020-06-03,3.0000000000000003e-4,0.00762
2020-06-04,0.8400000000000001,21.336000000000002
2020-06-05,0.8704,22.108159999999998
2020-06-06,0,0
2020-06-07,0,0
2020-06-08,0,0
2020-06-09,0.0806,2.04724
2020-06-10,0,0
2020-06-11,0,0
2020-06-12,0,0
2020-06-13,0,0
2020-06-14,1e-4,0.00254
2020-06-15,0,0
2020-06-16,0,0
2020-06-17,0,0
2020-06-18,0,0
2020-06-19,1e-4,0.00254
2020-06-20,0,0
2020-06-21,2.3506,59.705239999999996
2020-06-22,1e-4,0.00254
2020-06-23,1.4902,37.851079999999996
2020-06-24,0,0
2020-06-25,0.0102,0.25908
2020-06-26,0,0
2020-06-27,2e-4,0.00508
2020-06-28,3.0000000000000003e-4,0.00762
2020-06-29,0.0103,0.26161999999999996
2020-06-30,4.1304,104.91215999999999
2020-07-01,0.3303,8.389619999999999
2020-07-02,0,0
2020-07-03,0,0
2020-07-04,0,0
2020-07-05,0.4202,10.67308
2020-07-06,0,0
2020-07-07,0,0
2020-07-08,1e-4,0.00254
2020-07-09,0,0
2020-07-10,0,0
2020-07-11,0,0
2020-07-12,1.8101,45.97654
2020-07-13,1e-4,0.00254
2020-07-14,0,0
2020-07-15,0,0
2020-07-16,0,0
2020-07-17,0,0
2020-07-18,0,0
2020-07-19,0,0
2020-07-20,0,0
2020-07-21,0.0603,1.53162
2020-07-22,0.1603,4.071619999999999
2020-07-23,0.0405,1.0287
2020-07-24,0,0
2020-07-25,0.1603,4.071619999999999
2020-07-26,0.57,14.477999999999998
2020-07-27,0,0
2020-07-28,0.41000000000000003,10.414
2020-07-29,2.5703,65.28562
2020-07-30,0.1703,4.32562
2020-07-31,2.5006,63.51523999999999
2020-08-01,1.1106,28.209239999999998
2020-08-02,0,0
2020-08-03,0,0
2020-08-04,0,0
2020-08-05,0,0
2020-08-06,0,0
2020-08-07,0,0
2020-08-08,0,0
2020-08-09,0,0
2020-08-10,0.12,3.0479999999999996
2020-08-11,0,0
2020-08-12,0.17020000000000002,4.32308
2020-08-13,0,0
2020-08-14,0.8102,20.57908
2020-08-15,0.0304,0.77216
2020-08-16,1e-4,0.00254
2020-08-17,0,0
2020-08-18,0,0
2020-08-19,0,0
2020-08-20,0,0
2020-08-21,0.6706,17.03324
2020-08-22,2.6204,66.55816
2020-08-23,0.03,0.7619999999999999
2020-08-24,1.15,29.209999999999997
2020-08-25,0,0
2020-08-26,0,0
2020-08-27,0,0
2020-08-28,2.4605,62.4967
2020-08-29,0.5207,13.22578
2020-08-30,1.9802,50.297079999999994
2020-08-31,1.5507,39.38778
2020-09-01,0.2202,5.59308
2020-09-02,0.0101,0.25654
2020-09-03,0.07,1.778
2020-09-04,0,0
2020-09-05,0,0
2020-09-06,0,0
2020-09-07,0,0
2020-09-08,0,0
2020-09-09,0,0
2020-09-10,0,0
2020-09-11,0,0
2020-09-12,0.6402,16.26108
2020-09-13,8.9304,226.83216
2020-09-14,0,0
2020-09-15,0,0
2020-09-16,1e-4,0.00254
2020-09-17,0,0
2020-09-18,0,0
2020-09-19,0,0
2020-09-20,0,0
2020-09-21,0,0
2020-09-22,0,0
2020-09-23,0.0106,0.26924
2020-09-24,0.0405,1.0287
2020-09-25,3.0000000000000003e-4,0.00762
2020-09-26,0,0
2020-09-27,0,0
2020-09-28,0.2609,6.62686
2020-09-29,0,0
2020-09-30,0,0
2020-10-01,0,0
2020-10-02,0,0
2020-10-03,0,0
2020-10-04,0,0
2020-10-05,0,0
2020-10-06,0,0
2020-10-07,0,0
2020-10-08,0,0
2020-10-09,1e-4,0.00254
2020-10-10,1.1303,28.70962
2020-10-11,1.1609,29.48686
2020-10-12,0.20040000000000002,5.09016
2020-10-13,0.02,0.508
2020-10-14,0,0
2020-10-15,1e-4,0.00254
2020-10-16,0.1106,2.80924
2020-10-17,0,0
2020-10-18,0.0102,0.25908
2020-10-19,0,0
2020-10-20,0,0
2020-10-21,0,0
2020-10-22,0,0
2020-10-23,4e-4,0.01016
2020-10-24,1.7507,44.46778
2020-10-25,0.0101,0.25654
2020-10-26,0.0108,0.27432
2020-10-27,4e-4,0.01016
2020-10-28,1.1305,28.7147
2020-10-29,0.4508,11.45032
2020-10-30,0.0304,0.77216
2020-10-31,0,0
2020-11-01,3.0000000000000003e-4,0.00762
2020-11-02,0,0
2020-11-03,0,0
2020-11-04,0,0
2020-11-05,0,0
2020-11-06,0,0
2020-11-07,0,0
2020-11-08,0,0
2020-11-09,0,0
2020-11-10,3.0000000000000003e-4,0.00762
2020-11-11,0.16090000000000002,4.08686
2020-11-12,0,0
2020-11-13,0,0
2020-11-14,0,0
2020-11-15,0.2704,6.868159999999999
2020-11-16,0,0
2020-11-17,0,0
2020-11-18,0,0
2020-11-19,0,0
2020-11-20,0,0
2020-11-21,0,0
2020-11-22,0.0706,1.7932399999999997
2020-11-23,0,0
2020-11-24,0,0
2020-11-25,0.0403,1.02362
2020-11-26,0,0
2020-11-27,0,0
2020-11-28,0,0
2020-11-29,0.0101,0.25654
2020-11-30,1.3315000000000001,33.820100000000004
2020-12-01,7e-4,0.017779999999999997
2020-12-02,0,0
2020-12-03,0.02,0.508
2020-12-04,1.2709,32.28086
2020-12-05,0,0
2020-12-06,0,0
2020-12-07,0,0
2020-12-08,0,0
2020-12-09,0,0
2020-12-10,0,0
2020-12-11,0,0
2020-12-12,0.1303,3.30962
2020-12-13,0,0
2020-12-14,1.7701,44.960539999999995
2020-12-15,0,0
2020-12-16,0.3308,8.40232
2020-12-17,0.0105,0.2667
2020-12-18,0,0
2020-12-19,0.0102,0.25908
2020-12-20,0.3802,9.657079999999999
2020-12-21,0,0
2020-12-22,0,0
2020-12-23,0,0
2020-12-24,1.2405,31.508699999999997
2020-12-25,0.0207,0.5257799999999999
2020-12-26,0,0
2020-12-27,0,0
2020-12-28,0,0
2020-12-29,0,0
2020-12-30,0,0
2020-12-31,0,0
2021-01-01,0.9302,23.62708
2021-01-02,0,0
2021-01-03,0.061200000000000004,1.55448
2021-01-04,0,0
2021-01-05,0,0
2021-01-06,0,0
2021-01-07,0,0
2021-01-08,3.0000000000000003e-4,0.00762
2021-01-09,0,0
2021-01-10,0,0
2021-01-11,0.0013000000000000002,0.03302
2021-01-12,0.0309,0.78486
2021-01-13,0,0
2021-01-14,0,0
2021-01-15,0.0403,1.02362
2021-01-16,6.000000000000001e-4,0.01524
2021-01-17,0,0
2021-01-18,0,0
2021-01-19,0,0
2021-01-20,0,0
2021-01-21,0.2505,6.362699999999999
2021-01-22,0,0
2021-01-23,0,0
2021-01-24,0.0405,1.0287
2021-01-25,0.9408,23.89632
2021-01-26,2.2,55.88
2021-01-27,0.0303,0.76962
2021-01-28,3.0000000000000003e-4,0.00762
2021-01-29,0,0
2021-01-30,0.0106,0.26924
2021-01-31,0.3707,9.415779999999998
2021-02-01,0.032100000000000004,0.8153400000000001
2021-02-02,0,0
2021-02-03,0,0
2021-02-04,1e-4,0.00254
2021-02-05,0.22,5.588
2021-02-06,0,0
2021-02-07,0.3003,7.62762
2021-02-08,0,0
2021-02-09,0,0
2021-02-10,2e-4,0.00508
2021-02-11,0.5306,13.477239999999998
2021-02-12,0,0
2021-02-13,3.0000000000000003e-4,0.00762
2021-02-14,9.000000000000001e-4,0.022860000000000002
2021-02-15,1.4729,37.41166
2021-02-16,0.1115,2.8321
2021-02-17,0.0906,2.30124
2021-02-18,0.3916,9.94664
2021-02-19,0,0
2021-02-20,0,0
2021-02-21,0,0
2021-02-22,0.15030000000000002,3.8176200000000002
2021-02-23,0,0
2021-02-24,0,0
2021-02-25,2e-4,0.00508
2021-02-26,0.1802,4.57708
2021-02-27,1.3707,34.81578
2021-02-28,1.3106,33.28924
2021-03-01,2.4405,61.9887
2021-03-02,0,0
2021-03-03,0,0
2021-03-04,0,0
2021-03-05,0,0
2021-03-06,0,0
2021-03-07,0,0
2021-03-08,0,0
2021-03-09,0,0
2021-03-10,0,0
2021-03-11,0,0
2021-03-12,0.2304,5.85216
2021-03-13,0.3506,8.905240000000001
2021-03-14,0.0104,0.26415999999999995
2021-03-15,0.26030000000000003,6.61162
2021-03-16,0,0
2021-03-17,1.1903,30.233619999999995
2021-03-18,1.0308,26.182319999999997
2021-03-19,5e-4,0.0127
2021-03-20,0,0
2021-03-21,0,0
2021-03-22,0,0
2021-03-23,3.0000000000000003e-4,0.00762
2021-03-24,0,0
2021-03-25,1.6502000000000001,41.91508
2021-03-26,2.4001,60.96254
2021-03-27,3.2411,82.32394
2021-03-28,20.35,516.89
2021-03-29,0,0
2021-03-30,1e-4,0.00254
2021-03-31,3.1206,79.26324
2021-04-01,0,0
2021-04-02,0,0
2021-04-03,0,0
2021-04-04,0,0
2021-04-05,0,0
2021-04-06,0,0
2021-04-07,0,0
2021-04-08,0.48009999999999997,12.194539999999998
2021-04-09,0,0
2021-04-10,0.2404,6.10616
2021-04-11,0,0
2021-04-12,0,0
2021-04-13,1e-4,0.00254
2021-04-14,3.0000000000000003e-4,0.00762
2021-04-15,0,0
2021-04-16,0,0
2021-04-17,2e-4,0.00508
2021-04-18,0,0
2021-04-19,0.0101,0.25654
2021-04-20,0,0
2021-04-21,0.0801,2.03454
2021-04-22,0,0
2021-04-23,0.0703,1.78562
2021-04-24,0.3504,8.90016
2021-04-25,2e-4,0.00508
2021-04-26,0,0
2021-04-27,0,0
2021-04-28,2.3008,58.44032
2021-04-29,0.7805,19.824699999999996
2021-04-30,0.03,0.7619999999999999
2021-05-01,0,0
2021-05-02,0.030100000000000002,0.76454
2021-05-03,4.7802,121.41707999999998
2021-05-04,0.9107000000000001,23.13178
2021-05-05,0.7902,20.07108
2021-05-06,0.5801000000000001,14.73454
2021-05-07,2e-4,0.00508
2021-05-08,0,0
2021-05-09,0.6202,15.753079999999999
2021-05-10,0.0903,2.29362
2021-05-11,0,0
2021-05-12,0.0102,0.25908
2021-05-13,0,0
2021-05-14,0,0
2021-05-15,0,0
2021-05-16,0.0202,0.51308
2021-05-17,0,0
2021-05-18,0,0
2021-05-19,2e-4,0.00508
2021-05-20,0,0
2021-05-21,0,0
2021-05-22,0,0
2021-05-23,0,0
2021-05-24,0,0
2021-05-25,0,0
2021-05-26,0.5402,13.721079999999999
2021-05-27,0,0
2021-05-28,1.4306,36.33724
2021-05-29,0.6206,15.76324
2021-05-30,0,0
2021-05-31,0,0
2021-06-01,2e-4,0.00508
2021-06-02,1.8005,45.732699999999994
2021-06-03,0.07010000000000001,1.7805400000000002
2021-06-04,0,0
2021-06-05,0,0
2021-06-06,0.0211,0.53594
2021-06-07,4e-4,0.01016
2021-06-08,0,0
2021-06-09,1.1405,28.968700000000002
2021-06-10,0.2303,5.84962
2021-06-11,0.46030000000000004,11.69162
2021-06-12,1e-4,0.00254
2021-06-13,0,0
2021-06-14,0,0
2021-06-15,0,0
2021-06-16,0,0
2021-06-17,0,0
2021-06-18,0,0
2021-06-19,0,0
2021-06-20,0,0
2021-06-21,0.13,3.302
2021-06-22,0.0102,0.25908
2021-06-23,0,0
2021-06-24,0,0
2021-06-25,0,0
2021-06-26,0,0
2021-06-27,0,0
2021-06-28,0.0902,2.29108
2021-06-29,0,0
2021-06-30,2e-4,0.00508
2021-07-01,0.7303,18.549619999999997
2021-07-02,0.0101,0.25654
2021-07-03,0,0
2021-07-04,0,0
2021-07-05,0,0
2021-07-06,0,0
2021-07-07,0.8101,20.57654
2021-07-08,0,0
2021-07-09,2e-4,0.00508
2021-07-10,0,0
2021-07-11,0.7905,20.078699999999998
2021-07-12,3.0000000000000003e-4,0.00762
2021-07-13,0.0305,0.7746999999999999
2021-07-14,0,0
2021-07-15,0,0
2021-07-16,0.01,0.254
2021-07-17,1e-4,0.00254
2021-07-18,7.2902000000000005,185.17108
2021-07-19,0,0
2021-07-20,0,0
2021-07-21,0,0
2021-07-22,0,0
2021-07-23,0,0
2021-07-24,0,0
2021-07-25,3.1802,80.77708
2021-07-26,0.34040000000000004,8.64616
2021-07-27,0,0
2021-07-28,0,0
2021-07-29,0,0
2021-07-30,0,0
2021-07-31,0,0
2021-08-01,8.7101,221.23654
2021-08-02,0,0
2021-08-03,0,0
2021-08-04,0,0
2021-08-05,0,0
2021-08-06,0,0
2021-08-07,0.01,0.254
2021-08-08,0,0
2021-08-09,0.1201,3.05054
2021-08-10,0,0
2021-08-11,0,0
2021-08-12,1e-4,0.00254
2021-08-13,0.6606,16.779239999999998
2021-08-14,0,0
2021-08-15,0.6702,17.02308
2021-08-16,0.0106,0.26924
2021-08-17,0,0
2021-08-18,0.5503,13.97762
2021-08-19,0.4102,10.41908
2021-08-20,0.1,2.54
2021-08-21,1.2003,30.487619999999996
2021-08-22,5.34,135.636
2021-08-23,0,0
2021-08-24,0,0
2021-08-25,0,0
2021-08-26,2e-4,0.00508
2021-08-27,4e-4,0.01016
2021-08-28,0.54,13.716
2021-08-29,0.25,6.35
2021-08-30,0.4904,12.456159999999999
2021-08-31,3.1302,79.50707999999999
2021-09-01,0.060000000000000005,1.524
2021-09-02,0,0
2021-09-03,0,0
2021-09-04,0,0
2021-09-05,0.0402,1.02108
2021-09-06,0,0
2021-09-07,0,0
2021-09-08,0.0101,0.25654
2021-09-09,0,0
2021-09-10,0,0
2021-09-11,0,0
2021-09-12,0,0
2021-09-13,0,0
2021-09-14,0.030199999999999998,0.7670799999999999
2021-09-15,0.6602,16.76908
2021-09-16,0,0
2021-09-17,0.6608,16.78432
2021-09-18,1.11,28.194000000000003
2021-09-19,1.7305,43.954699999999995
2021-09-20,4.8507,123.20777999999999
2021-09-21,0.19,4.826
2021-09-22,1.3201,33.53054
2021-09-23,0,0
2021-09-24,0,0
2021-09-25,1e-4,0.00254
2021-09-26,0,0
2021-09-27,0,0
2021-09-28,0,0
2021-09-29,0,0
2021-09-30,0,0
2021-10-01,0,0
2021-10-02,0.0601,1.52654
2021-10-03,4.0807,103.64977999999999
2021-10-04,0,0
2021-10-05,1.7402,44.20108
2021-10-06,0.8107,20.59178
2021-10-07,0.24,6.095999999999999
2021-10-08,0,0
2021-10-09,0,0
2021-10-10,0,0
2021-10-11,0,0
2021-10-12,0.0201,0.51054
2021-10-13,0,0
2021-10-14,0,0
2021-10-15,0.0907,2.30378
2021-10-16,0.3604,9.15416
2021-10-17,0,0
2021-10-18,0,0
2021-10-19,0,0
2021-10-20,0,0
2021-10-21,0.1101,2.79654
2021-10-22,0,0
2021-10-23,0,0
2021-10-24,0,0
2021-10-25,1.8501,46.99254
2021-10-26,0,0
2021-10-27,0,0
2021-10-28,0.2207,5.60578
2021-10-29,0.3604,9.15416
2021-10-30,0.1405,3.5687
2021-10-31,1e-4,0.00254
2021-11-01,0,0
2021-11-02,3.0000000000000003e-4,0.00762
2021-11-03,0,0
2021-11-04,0,0
2021-11-05,0,0
2021-11-06,0,0
2021-11-07,0,0
2021-11-08,0,0
2021-11-09,0,0
2021-11-10,0,0
2021-11-11,1.35,34.29
2021-11-12,0,0
2021-11-13,2e-4,0.00508
2021-11-14,0,0
2021-11-15,0,0
2021-11-16,0,0
2021-11-17,0,0
2021-11-18,0.3,7.619999999999999
2021-11-19,0,0
2021-11-20,0,0
2021-11-21,0.6403,16.26362
2021-11-22,0.0701,1.7805399999999998
2021-11-23,0,0
2021-11-24,0,0
2021-11-25,0.4403,11.18362
2021-11-26,0.0903,2.29362
2021-11-27,0,0
2021-11-28,0,0
2021-11-29,0,0
2021-11-30,0,0
2021-12-01,0.04,1.016
2021-12-02,1e-4,0.00254
2021-12-03,0,0
2021-12-04,0,0
2021-12-05,0.0101,0.25654
2021-12-06,5.9108,150.13432
2021-12-07,0,0
2021-12-08,0,0
2021-12-09,0,0
2021-12-10,0.26,6.604
2021-12-11,0.4103,10.421619999999999
2021-12-12,0,0
2021-12-13,0,0
2021-12-14,0,0
2021-12-15,0,0
2021-12-16,0.1303,3.30962
2021-12-17,1.4505,36.842699999999994
2021-12-18,1.1703999999999999,29.728159999999995
2021-12-19,1e-4,0.00254
2021-12-20,0,0
2021-12-21,0,0
2021-12-22,0,0
2021-12-23,0,0
2021-12-24,0,0
2021-12-25,0,0
2021-12-26,0,0
2021-12-27,0,0
2021-12-28,0.0207,0.5257799999999999
2021-12-29,0.5801000000000001,14.73454
2021-12-30,0.08020000000000001,2.03708
2021-12-31,0.01,0.254
2022-01-01,3.1403,79.76361999999999
2022-01-02,0.9302,23.62708
2022-01-03,0.4407,11.193779999999999
2022-01-04,0,0
2022-01-05,0,0
2022-01-06,1.3208,33.54832
2022-01-07,3.0000000000000003e-4,0.00762
2022-01-08,0,0
2022-01-09,2.3305,59.19469999999999
2022-01-10,0,0
2022-01-11,0,0
2022-01-12,0,0
2022-01-13,2e-4,0.00508
2022-01-14,0,0
2022-01-15,0.0102,0.25908
2022-01-16,1.5508,39.390319999999996
2022-01-17,8e-4,0.02032
2022-01-18,0,0
2022-01-19,1.1403,28.963620000000002
2022-01-20,0.38070000000000004,9.669780000000001
2022-01-21,0,0
2022-01-22,0,0
2022-01-23,0,0
2022-01-24,0,0
2022-01-25,0,0
2022-01-26,0,0
2022-01-27,0,0
2022-01-28,0.0012000000000000001,0.03048
2022-01-29,5e-4,0.0127
2022-01-30,0,0
2022-01-31,0,0
2022-02-01,0,0
2022-02-02,1.7203,43.69562
2022-02-03,2.3103000000000002,58.68162
2022-02-04,0.0516,1.31064
2022-02-05,0,0
2022-02-06,0,0
2022-02-07,0,0
2022-02-08,0,0
2022-02-09,0,0
2022-02-10,0,0
2022-02-11,0,0
2022-02-12,4e-4,0.01016
2022-02-13,0,0
2022-02-14,0,0
2022-02-15,0,0
2022-02-16,0,0
2022-02-17,5.2804,134.12216
2022-02-18,0,0
2022-02-19,0,0
2022-02-20,0,0
2022-02-21,2e-4,0.00508
2022-02-22,2.8004,71.13015999999999
2022-02-23,0.66,16.764
2022-02-24,2.8903,73.41362
2022-02-25,0.0909,2.3088599999999997
2022-02-26,0,0
2022-02-27,0.0403,1.02362
2022-02-28,0,0
2022-03-01,0,0
2022-03-02,0,0
2022-03-03,0,0
2022-03-04,0,0
2022-03-05,0,0
2022-03-06,0,0
2022-03-07,0.9304,23.63216
2022-03-08,0,0
2022-03-09,0.2607,6.621779999999999
2022-03-10,0,0
2022-03-11,1e-4,0.00254
2022-03-12,0.4608,11.70432
2022-03-13,0,0
2022-03-14,0,0
2022-03-15,2e-4,0.00508
2022-03-16,0.1109,2.8168599999999997
2022-03-17,0,0
2022-03-18,0.5301,13.46454
2022-03-19,4e-4,0.01016
2022-03-20,0,0
2022-03-21,0,0
2022-03-22,0.0801,2.03454
2022-03-23,2.87,72.898
2022-03-24,0,0
2022-03-25,1e-4,0.00254
2022-03-26,0,0
2022-03-27,0,0
2022-03-28,0,0
2022-03-29,0,0
2022-03-30,0,0
2022-03-31,1.5708,39.89832
2022-04-01,0.0104,0.26415999999999995
2022-04-02,0,0
2022-04-03,0,0
2022-04-04,0,0
2022-04-05,0.5104,12.964159999999998
2022-04-06,0.7108,18.054319999999997
2022-04-07,2e-4,0.00508
2022-04-08,0.0407,1.03378
2022-04-09,0,0
2022-04-10,0,0
2022-04-11,0.4403,11.18362
2022-04-12,5.8405000000000005,148.3487
2022-04-13,6.000000000000001e-4,0.01524
2022-04-14,2.7103,68.84162
2022-04-15,0,0
2022-04-16,0.9600000000000001,24.384
2022-04-17,1e-4,0.00254
2022-04-18,2.9303,74.42962
2022-04-19,0,0
2022-04-20,0,0
2022-04-21,0.1204,3.0581599999999995
2022-04-22,0,0
2022-04-23,0,0
2022-04-24,0,0
2022-04-25,0.91,23.114
2022-04-26,0.0205,0.5206999999999999
2022-04-27,0,0
2022-04-28,0,0
2022-04-29,0,0
2022-04-30,0,0
2022-05-01,0.4903,12.453619999999999
2022-05-02,0,0
2022-05-03,1e-4,0.00254
2022-05-04,2e-4,0.00508
2022-05-05,0.4,10.16
2022-05-06,0.5109,12.97686
2022-05-07,0.0606,1.53924
2022-05-08,0,0
2022-05-09,0,0
2022-05-10,0,0
2022-05-11,0,0
2022-05-12,0,0
2022-05-13,0,0
2022-05-14,0,0
2022-05-15,0.0201,0.51054
2022-05-16,0,0
2022-05-17,0,0
2022-05-18,0,0
2022-05-19,0,0
2022-05-20,0,0
2022-05-21,0,0
2022-05-22,2.831,71.9074
2022-05-23,0.1307,3.31978
2022-05-24,1.1302,28.70708
2022-05-25,1.3104,33.28416
2022-05-26,0.8708,22.11832
2022-05-27,0,0
2022-05-28,0,0
2022-05-29,0,0
2022-05-30,0,0
2022-05-31,0,0
2022-06-01,0,0
2022-06-02,6.000000000000001e-4,0.01524
2022-06-03,0,0
2022-06-04,0,0
2022-06-05,0,0
2022-06-06,0.040100000000000004,1.01854
2022-06-07,1.0605,26.9367
2022-06-08,0.10010000000000001,2.5425400000000002
2022-06-09,0,0
2022-06-10,0,0
2022-06-11,0,0
2022-06-12,0,0
2022-06-13,0,0
2022-06-14,0,0
2022-06-15,0,0
2022-06-16,0,0
2022-06-17,0.5301,13.46454
2022-06-18,0,0
2022-06-19,0,0
2022-06-20,0,0
2022-06-21,0,0
2022-06-22,0,0
2022-06-23,0,0
2022-06-24,0,0
2022-06-25,0,0
2022-06-26,0,0
2022-06-27,0,0
2022-06-28,0,0
2022-06-29,0,0
2022-06-30,0.6900000000000001,17.526
2022-07-01,0,0
2022-07-02,0,0
2022-07-03,1.6906,42.94124
2022-07-04,0.2901,7.36854
2022-07-05,2e-4,0.00508
2022-07-06,1e-4,0.00254
2022-07-07,2.0402,51.821079999999995
2022-07-08,0.02,0.508
2022-07-09,5.3504,135.90015999999997
2022-07-10,0.8502,21.59508
2022-07-11,0,0
2022-07-12,2e-4,0.00508
2022-07-13,0,0
2022-07-14,0,0
2022-07-15,0,0
2022-07-16,0,0
2022-07-17,0,0
2022-07-18,0.8005,20.3327
2022-07-19,0,0
2022-07-20,0,0
2022-07-21,0.0103,0.26161999999999996
2022-07-22,0,0
2022-07-23,0,0
2022-07-24,0,0
2022-07-25,0,0
2022-07-26,0.5303,13.469619999999999
2022-07-27,0,0
2022-07-28,0.0901,2.28854
2022-07-29,5.4204,137.67816
2022-07-30,0,0
2022-07-31,2e-4,0.00508
2022-08-01,0,0
2022-08-02,0,0
2022-08-03,2e-4,0.00508
2022-08-04,0,0
2022-08-05,0.22999999999999998,5.842
2022-08-06,0.3101,7.876539999999999
2022-08-07,4.3301,109.98454
2022-08-08,0,0
2022-08-09,1.5101,38.356539999999995
2022-08-10,1.0602,26.92908
2022-08-11,1e-4,0.00254
2022-08-12,0,0
2022-08-13,0,0
2022-08-14,0,0
2022-08-15,0,0
2022-08-16,0.0204,0.51816
2022-08-17,0,0
2022-08-18,0,0
2022-08-19,1.08,27.432
2022-08-20,0.16,4.064
2022-08-21,1e-4,0.00254
2022-08-22,4e-4,0.01016
2022-08-23,0,0
2022-08-24,0,0
2022-08-25,0.03,0.7619999999999999
2022-08-26,0,0
2022-08-27,0,0
2022-08-28,0,0
2022-08-29,0.0303,0.76962
2022-08-30,3.0000000000000003e-4,0.00762
2022-08-31,0,0
2022-09-01,0,0
2022-09-02,0,0
2022-09-03,0.6911,17.55394
2022-09-04,0.060000000000000005,1.524
2022-09-05,0.1102,2.79908
2022-09-06,2e-4,0.00508
2022-09-07,0,0
2022-09-08,0,0
2022-09-09,0,0
2022-09-10,0.2306,5.85724
2022-09-11,0.2504,6.36016
2022-09-12,2.1702,55.123079999999995
2022-09-13,0,0
2022-09-14,0,0
2022-09-15,0,0
2022-09-16,0,0
2022-09-17,0,0
2022-09-18,0,0
2022-09-19,0,0
2022-09-20,0,0
2022-09-21,0,0
2022-09-22,1e-4,0.00254
2022-09-23,0,0
2022-09-24,0.0106,0.26924
2022-09-25,1e-4,0.00254
2022-09-26,0,0
2022-09-27,0,0
2022-09-28,0,0
2022-09-29,0,0
2022-09-30,0,0
2022-10-01,0,0
2022-10-02,0,0
2022-10-03,0,0
2022-10-04,0,0
2022-10-05,0,0
2022-10-06,0,0
2022-10-07,0,0
2022-10-08,0,0
2022-10-09,0,0
2022-10-10,0,0
2022-10-11,0,0
2022-10-12,0.38020000000000004,9.65708
2022-10-13,1e-4,0.00254
2022-10-14,0,0
2022-10-15,0.01,0.254
2022-10-16,0.0204,0.51816
2022-10-17,0.2501,6.352539999999999
2022-10-18,0,0
2022-10-19,0,0
2022-10-20,0,0
2022-10-21,0,0
2022-10-22,0,0
2022-10-23,0,0
2022-10-24,0,0
2022-10-25,1e-4,0.00254
2022-10-26,0.0101,0.25654
2022-10-27,0,0
2022-10-28,0,0
2022-10-29,0,0
2022-10-30,0.4003,10.16762
2022-10-31,0.19060000000000002,4.84124
2022-11-01,0.06,1.5239999999999998
2022-11-02,0.0103,0.26161999999999996
2022-11-03,0,0
2022-11-04,0,0
2022-11-05,0.4501,11.43254
2022-11-06,0.1412,3.5864799999999994
2022-11-07,2e-4,0.00508
2022-11-08,0,0
2022-11-09,0,0
2022-11-10,0,0
2022-11-11,3.3503,85.09761999999999
2022-11-12,0.0904,2.2961599999999995
2022-11-13,0,0
2022-11-14,0,0
2022-11-15,0.3405,8.6487
2022-11-16,0,0
2022-11-17,0,0
2022-11-18,0,0
2022-11-19,0,0
2022-11-20,0,0
2022-11-21,0,0
2022-11-22,0,0
2022-11-23,0,0
2022-11-24,2e-4,0.00508
2022-11-25,0.0206,0.5232399999999999
2022-11-26,2e-4,0.00508
2022-11-27,0.6403,16.26362
2022-11-28,0.0711,1.8059399999999999
2022-11-29,0.43,10.921999999999999
2022-11-30,3.3004000000000002,83.83016
2022-12-01,0,0
2022-12-02,6.000000000000001e-4,0.01524
2022-12-03,0.3206,8.143239999999999
2022-12-04,0,0
2022-12-05,0.2003,5.08762
2022-12-06,0.6009,15.262859999999998
2022-12-07,1.2609,32.02686
2022-12-08,1.4803,37.599619999999994
2022-12-09,0,0
2022-12-10,0.0302,0.76708
2022-12-11,0,0
2022-12-12,0,0
2022-12-13,0,0
2022-12-14,1.5808,40.152319999999996
2022-12-15,0.97,24.637999999999998
2022-12-16,0,0
2022-12-17,0,0
2022-12-18,0,0
2022-12-19,0,0
2022-12-20,1e-4,0.00254
2022-12-21,0,0
2022-12-22,0.07020000000000001,1.7830800000000002
2022-12-23,0.052000000000000005,1.3208
2022-12-24,0,0
2022-12-25,0,0
2022-12-26,0.1012,2.57048
2022-12-27,0,0
2022-12-28,0,0
2022-12-29,0.040100000000000004,1.01854
2022-12-30,1e-4,0.00254
2022-12-31,1.35,34.29
2023-01-01,0,0
2023-01-02,1e-4,0.00254
2023-01-03,2.7407,69.61377999999999
2023-01-04,0.14020000000000002,3.5610800000000005
2023-01-05,0,0
2023-01-06,0,0
2023-01-07,0.11030000000000001,2.8016200000000002
2023-01-08,0,0
2023-01-09,0,0
2023-01-10,0,0
2023-01-11,0,0
2023-01-12,0.2903,7.37362
2023-01-13,0.0228,0.57912
2023-01-14,0,0
2023-01-15,0,0
2023-01-16,4e-4,0.01016
2023-01-17,0.6704,17.02816
2023-01-18,0,0
2023-01-19,2.5501,64.77253999999999
2023-01-20,0,0
2023-01-21,0,0
2023-01-22,0.3312,8.412479999999999
2023-01-23,0,0
2023-01-24,0,0
2023-01-25,0.6009,15.262859999999998
2023-01-26,7e-4,0.017779999999999997
2023-01-27,0,0
2023-01-28,0,0
2023-01-29,1.0505,26.682699999999997
2023-01-30,0.0608,1.54432
2023-01-31,0.1708,4.3383199999999995
2023-02-01,0.3503,8.89762
2023-02-02,0.1508,3.8303199999999995
2023-02-03,0,0
2023-02-04,0,0
2023-02-05,0,0
2023-02-06,0,0
2023-02-07,0,0
2023-02-08,4e-4,0.01016
2023-02-09,0.2904,7.37616
2023-02-10,0,0
2023-02-11,0,0
2023-02-12,0.0101,0.25654
2023-02-13,0,0
2023-02-14,0,0
2023-02-15,5e-4,0.0127
2023-02-16,3.1111,79.02194
2023-02-17,0.0706,1.7932399999999997
2023-02-18,0,0
2023-02-19,0,0
2023-02-20,5e-4,0.0127
2023-02-21,0,0
2023-02-22,0,0
2023-02-23,0.0706,1.7932399999999997
2023-02-24,0.0403,1.02362
2023-02-25,0.4402,11.18108
2023-02-26,0.0104,0.26415999999999995
2023-02-27,0.13999999999999999,3.5559999999999996
2023-02-28,0,0
2023-03-01,1e-4,0.00254
2023-03-02,0.7401,18.79854
2023-03-03,1.1107,28.211779999999997
2023-03-04,0,0
2023-03-05,0,0
2023-03-06,0,0
2023-03-07,0,0
2023-03-08,0,0
2023-03-09,3.0000000000000003e-4,0.00762
2023-03-10,9.000000000000001e-4,0.022860000000000002
2023-03-11,0.0101,0.25654
2023-03-12,0.7702,19.56308
2023-03-13,0,0
2023-03-14,0,0
2023-03-15,0,0
2023-03-16,0,0
2023-03-17,0.8108,20.59432
2023-03-18,0,0
2023-03-19,3.0000000000000003e-4,0.00762
2023-03-20,0,0
2023-03-21,0.050100000000000006,1.27254
2023-03-22,0.32130000000000003,8.16102
2023-03-23,0,0
2023-03-24,0.2103,5.34162
2023-03-25,1.1801000000000001,29.97454
2023-03-26,0,0
2023-03-27,0,0
2023-03-28,0,0
2023-03-29,0,0
2023-03-30,0,0
2023-03-31,0.0905,2.2986999999999997
2023-04-01,0.6102,15.499079999999998
2023-04-02,0,0
2023-04-03,6.000000000000001e-4,0.01524
2023-04-04,0,0
2023-04-05,0.6699999999999999,17.017999999999997
2023-04-06,2.8707,72.91578
2023-04-07,0.0204,0.51816
2023-04-08,0.1307,3.31978
2023-04-09,0,0
2023-04-10,0,0
2023-04-11,0,0
2023-04-12,0,0
2023-04-13,1e-4,0.00254
2023-04-14,0.030199999999999998,0.7670799999999999
2023-04-15,0,0
2023-04-16,0.0403,1.02362
2023-04-17,0,0
2023-04-18,0,0
2023-04-19,0,0
2023-04-20,0,0
2023-04-21,0.03,0.7619999999999999
2023-04-22,1.1606,29.47924
2023-04-23,1e-4,0.00254
2023-04-24,0,0
2023-04-25,0,0
2023-04-26,0,0
2023-04-27,0.0805,2.0446999999999997
2023-04-28,0.3105,7.886699999999999
2023-04-29,0,0
2023-04-30,0.030100000000000002,0.76454
2023-05-01,0,0
2023-05-02,0,0
2023-05-03,0,0
2023-05-04,0,0
2023-05-05,2e-4,0.00508
2023-05-06,0,0
2023-05-07,1.9601,49.786539999999995
2023-05-08,2.3803,60.45962
2023-05-09,2e-4,0.00508
2023-05-10,0,0
2023-05-11,0.0205,0.5206999999999999
2023-05-12,1.2304,31.252159999999996
2023-05-13,0.01,0.254
2023-05-14,0.6904,17.53616
2023-05-15,1.3202,33.53308
2023-05-16,0.0101,0.25654
2023-05-17,0.01,0.254
2023-05-18,0,0
2023-05-19,0,0
2023-05-20,1.4908000000000001,37.86632
2023-05-21,0,0
2023-05-22,0,0
2023-05-23,1e-4,0.00254
2023-05-24,1e-4,0.00254
2023-05-25,0,0
2023-05-26,0,0
2023-05-27,0,0
2023-05-28,0,0
2023-05-29,0,0
2023-05-30,0,0
2023-05-31,0.01,0.254
2023-06-01,0,0
2023-06-02,0,0
2023-06-03,0,0
2023-06-04,0.1,2.54
2023-06-05,1e-4,0.00254
2023-06-06,0,0
2023-06-07,2e-4,0.00508
2023-06-08,0,0
2023-06-09,0,0
2023-06-10,0,0
2023-06-11,1.3402,34.04108
2023-06-12,0.0101,0.25654
2023-06-13,0,0
2023-06-14,1e-4,0.00254
2023-06-15,1e-4,0.00254
2023-06-16,0,0
2023-06-17,2e-4,0.00508
2023-06-18,0,0
2023-06-19,1.5005,38.1127
2023-06-20,0.46040000000000003,11.69416
2023-06-21,0.15,3.8099999999999996
2023-06-22,0.0407,1.03378
2023-06-23,0,0
2023-06-24,0,0
2023-06-25,0,0
2023-06-26,0,0
2023-06-27,0,0
2023-06-28,0,0
2023-06-29,2.3504,59.70016
2023-06-30,0,0
2023-07-01,2.8503,72.39761999999999
2023-07-02,0,0
2023-07-03,0.02,0.508
2023-07-04,0.22999999999999998,5.842
2023-07-05,1.3904,35.316160000000004
2023-07-06,0.5401,13.718539999999999
2023-07-07,0,0
2023-07-08,0.19,4.826
2023-07-09,0.37070000000000003,9.41578
2023-07-10,0,0
2023-07-11,0,0
2023-07-12,0,0
2023-07-13,0,0
2023-07-14,2e-4,0.00508
2023-07-15,0.7303,18.549619999999997
2023-07-16,0,0
2023-07-17,0,0
2023-07-18,2.4101,61.216539999999995
2023-07-19,1.2901,32.76854
2023-07-20,0.44,11.176
2023-07-21,0,0
2023-07-22,0,0
2023-07-23,0,0
2023-07-24,0,0
2023-07-25,0.0402,1.02108
2023-07-26,0,0
2023-07-27,0.0201,0.51054
2023-07-28,0,0
2023-07-29,0.43,10.921999999999999
2023-07-30,3.6001,91.44254
2023-07-31,0,0
2023-08-01,0,0
2023-08-02,1e-4,0.00254
2023-08-03,2.6802,68.07708
2023-08-04,0.1301,3.30454
2023-08-05,0.1101,2.79654
2023-08-06,0.1401,3.55854
2023-08-07,0.1104,2.80416
2023-08-08,0,0
2023-08-09,0.2903,7.37362
2023-08-10,0.6304000000000001,16.01216
2023-08-11,0,0
2023-08-12,2.8101,71.37653999999999
2023-08-13,0.3001,7.622539999999999
2023-08-14,0.14020000000000002,3.5610800000000005
2023-08-15,0,0
2023-08-16,0,0
2023-08-17,0,0
2023-08-18,0,0
2023-08-19,0,0
2023-08-20,0,0
2023-08-21,0,0
2023-08-22,0,0
2023-08-23,0,0
2023-08-24,0,0
2023-08-25,0,0
2023-08-26,0,0
2023-08-27,0.0305,0.7746999999999999
2023-08-28,0,0
2023-08-29,3.0000000000000003e-4,0.00762
2023-08-30,0,0
2023-08-31,0,0
2023-09-01,0,0
2023-09-02,0,0
2023-09-03,0,0
2023-09-04,0,0
2023-09-05,0.6503000000000001,16.51762
2023-09-06,1.0005,25.412699999999997
2023-09-07,0.08,2.032
2023-09-08,0,0
2023-09-09,0,0
2023-09-10,0,0
2023-09-11,0,0
2023-09-12,3.0000000000000003e-4,0.00762
2023-09-13,0,0
2023-09-14,0,0
2023-09-15,0,0
2023-09-16,0.2606,6.61924
2023-09-17,0.6202,15.753079999999999
2023-09-18,0,0
2023-09-19,0,0
2023-09-20,0,0
2023-09-21,0,0
2023-09-22,0,0
2023-09-23,0,0
2023-09-24,0,0
2023-09-25,0,0
2023-09-26,0,0
2023-09-27,0.05,1.27
2023-09-28,1.5603,39.63162
2023-09-29,0.16,4.064
2023-09-30,0,0
2023-10-01,0,0
2023-10-02,0,0
2023-10-03,0,0
2023-10-04,0,0
2023-10-05,0.3,7.619999999999999
2023-10-06,0.1504,3.82016
2023-10-07,0,0
2023-10-08,0,0
2023-10-09,0,0
2023-10-10,0,0
2023-10-11,0,0
2023-10-12,0,0
2023-10-13,0,0
2023-10-14,1e-4,0.00254
2023-10-15,5e-4,0.0127
2023-10-16,6.000000000000001e-4,0.01524
2023-10-17,0,0
2023-10-18,0,0
2023-10-19,0,0
2023-10-20,3.0000000000000003e-4,0.00762
2023-10-21,0,0
2023-10-22,0,0
2023-10-23,0,0
2023-10-24,0,0
2023-10-25,0,0
2023-10-26,0,0
2023-10-27,0,0
2023-10-28,0,0
2023-10-29,3.0000000000000003e-4,0.00762
2023-10-30,0.6304,16.012159999999998
2023-10-31,0,0
2023-11-01,0,0
2023-11-02,0,0
2023-11-03,0,0
2023-11-04,0,0
2023-11-05,0,0
2023-11-06,0,0
2023-11-07,0,0
2023-11-08,0,0
2023-11-09,1e-4,0.00254
2023-11-10,0.3903,9.913619999999998
2023-11-11,0,0
2023-11-12,0,0
2023-11-13,0,0
2023-11-14,0,0
2023-11-15,0,0
2023-11-16,0.040100000000000004,1.01854
2023-11-17,2e-4,0.00508
2023-11-18,3.0000000000000003e-4,0.00762
2023-11-19,0,0
2023-11-20,0,0
2023-11-21,2.0009,50.82286
2023-11-22,6.000000000000001e-4,0.01524
2023-11-23,0,0
2023-11-24,0,0
2023-11-25,0,0
2023-11-26,9.000000000000001e-4,0.022860000000000002
2023-11-27,0.0102,0.25908
2023-11-28,0,0
2023-11-29,0,0
2023-11-30,0,0
2023-12-01,1.3105,33.286699999999996
2023-12-02,0.221,5.6133999999999995
2023-12-03,0.0901,2.28854
2023-12-04,0.0101,0.25654
2023-12-05,0,0
2023-12-06,2e-4,0.00508
2023-12-07,0,0
2023-12-08,0,0
2023-12-09,0.16090000000000002,4.08686
2023-12-10,2.6903,68.33362
2023-12-11,0,0
2023-12-12,0,0
2023-12-13,0,0
2023-12-14,0,0
2023-12-15,0,0
2023-12-16,0.0102,0.25908
2023-12-17,0.16090000000000002,4.08686
2023-12-18,0,0
2023-12-19,0,0
2023-12-20,0,0
2023-12-21,0,0
2023-12-22,0,0
2023-12-23,0.4001,10.16254
2023-12-24,0.0106,0.26924
2023-12-25,1.4304000000000001,36.33216
2023-12-26,0,0
2023-12-27,0,0
2023-12-28,2e-4,0.00508
2023-12-29,2e-4,0.00508
2023-12-30,3.0000000000000003e-4,0.00762
2023-12-31,0,0
2024-01-01,0,0
2024-01-02,0,0
2024-01-03,0,0
2024-01-04,0,0
2024-01-05,0,0
2024-01-06,1.0306,26.177239999999998
2024-01-07,0.0104,0.26415999999999995
2024-01-08,0,0
2024-01-09,1.5107,38.371779999999994
2024-01-10,6.000000000000001e-4,0.01524
2024-01-11,0,0
2024-01-12,1.5604,39.63416
2024-01-13,1e-4,0.00254
2024-01-14,3.0000000000000003e-4,0.00762
2024-01-15,0.9016000000000001,22.90064
2024-01-16,2e-4,0.00508
2024-01-17,0,0
2024-01-18,0.15030000000000002,3.8176200000000002
2024-01-19,0.0316,0.80264
2024-01-20,0,0
2024-01-21,0,0
2024-01-22,0,0
2024-01-23,1e-4,0.00254
2024-01-24,1.0604,26.93416
2024-01-25,1.1711,29.745939999999997
2024-01-26,0,0
2024-01-27,0.5302,13.46708
2024-01-28,0.0414,1.0515599999999998
2024-01-29,8e-4,0.02032
2024-01-30,0.0101,0.25654
2024-01-31,0,0
2024-02-01,0,0
2024-02-02,0,0
2024-02-03,0,0
2024-02-04,0,0
2024-02-05,0,0
2024-02-06,0,0
2024-02-07,0,0
2024-02-08,0,0
2024-02-09,1.1905,30.238699999999994
2024-02-10,0.7601,19.30654
2024-02-11,0.5303,13.469619999999999
2024-02-12,1.5110000000000001,38.379400000000004
2024-02-13,0.6602,16.76908
2024-02-14,0,0
2024-02-15,0,0
2024-02-16,0.41000000000000003,10.414
2024-02-17,0.06,1.5239999999999998
2024-02-18,0,0
2024-02-19,0,0
2024-02-20,0,0
2024-02-21,0,0
2024-02-22,0.02,0.508
2024-02-23,0.6203,15.755619999999999
2024-02-24,0,0
2024-02-25,1e-4,0.00254
2024-02-26,0,0
2024-02-27,4e-4,0.01016
2024-02-28,1.0103,25.66162
2024-02-29,0,0
2024-03-01,0.2312,5.8724799999999995
2024-03-02,0.0605,1.5367
2024-03-03,0,0
2024-03-04,0,0
2024-03-05,0.6703,17.02562
2024-03-06,0.9106000000000001,23.12924
2024-03-07,0,0
2024-03-08,0.2204,5.59816
2024-03-09,0.30110000000000003,7.64794
2024-03-10,0,0
2024-03-11,0,0
2024-03-12,0,0
2024-03-13,0,0
2024-03-14,0,0
2024-03-15,2.2602,57.40908
2024-03-16,0,0
2024-03-17,0,0
2024-03-18,0,0
2024-03-19,0,0
2024-03-20,0,0
2024-03-21,0,0
2024-03-22,0.0504,1.28016
2024-03-23,0.1202,3.05308
2024-03-24,0,0
2024-03-25,0,0
2024-03-26,1.3006,33.035239999999995
2024-03-27,0,0
2024-03-28,0,0
2024-03-29,0,0
2024-03-30,0,0
2024-03-31,0,0
2024-04-01,0,0
2024-04-02,1.3805,35.0647
2024-04-03,0.6705,17.0307
2024-04-04,0,0
2024-04-05,0,0
2024-04-06,0,0
2024-04-07,0,0
2024-04-08,0.0502,1.27508
2024-04-09,0.3305,8.3947
2024-04-10,0.2502,6.355079999999999
2024-04-11,0.5209,13.23086
2024-04-12,0.0402,1.02108
2024-04-13,0,0
2024-04-14,0,0
2024-04-15,0,0
2024-04-16,1e-4,0.00254
2024-04-17,0.1202,3.05308
2024-04-18,0,0
2024-04-19,0.0207,0.5257799999999999
2024-04-20,0.36,9.143999999999998
2024-04-21,0,0
2024-04-22,0,0
2024-04-23,0,0
2024-04-24,0.0402,1.02108
2024-04-25,0,0
2024-04-26,0.2504,6.36016
2024-04-27,0,0
2024-04-28,0,0
2024-04-29,1e-4,0.00254
2024-04-30,5.0403,128.02362
2024-05-01,0,0
2024-05-02,0,0
2024-05-03,0.2904,7.37616
2024-05-04,1.2405,31.508699999999997
2024-05-05,0,0
2024-05-06,0.9406000000000001,23.89124
2024-05-07,0.2202,5.59308
2024-05-08,0.6607999999999999,16.784319999999997
2024-05-09,5.3404,135.64615999999998
2024-05-10,0,0
2024-05-11,0,0
2024-05-12,0,0
2024-05-13,0.0202,0.51308
2024-05-14,1.6404,41.66616
2024-05-15,0.0305,0.7746999999999999
2024-05-16,0,0
2024-05-17,0.0806,2.04724
2024-05-18,3.0000000000000003e-4,0.00762
2024-05-19,0,0
2024-05-20,0,0
2024-05-21,1e-4,0.00254
2024-05-22,1.57,39.878
2024-05-23,0.1501,3.8125400000000003
2024-05-24,4e-4,0.01016
2024-05-25,0.5401,13.718539999999999
2024-05-26,1.6902,42.931079999999994
2024-05-27,1.92,48.767999999999994
2024-05-28,0,0
2024-05-29,0,0
2024-05-30,0,0
2024-05-31,0,0
2024-06-01,0.7903,20.07362
2024-06-02,0.0205,0.5206999999999999
2024-06-03,1e-4,0.00254
2024-06-04,0.1303,3.30962
2024-06-05,0.10020000000000001,2.54508
2024-06-06,0.050100000000000006,1.27254
2024-06-07,0,0
2024-06-08,0,0
2024-06-09,0.2706,6.87324
2024-06-10,0,0
2024-06-11,0,0
2024-06-12,0,0
2024-06-13,0,0
2024-06-14,0,0
2024-06-15,0,0
2024-06-16,0.9702999999999999,24.645619999999997
2024-06-17,0.6501,16.512539999999998
2024-06-18,2e-4,0.00508
2024-06-19,0,0
2024-06-20,0,0
2024-06-21,0,0
2024-06-22,0,0
2024-06-23,2e-4,0.00508
2024-06-24,0.04,1.016
2024-06-25,0,0
2024-06-26,1.0301,26.16454
2024-06-27,0.22010000000000002,5.59054
2024-06-28,0,0
2024-06-29,0,0
2024-06-30,0.44,11.176
2024-07-01,0,0
2024-07-02,0,0
2024-07-03,0,0
2024-07-04,0,0
2024-07-05,0.0703,1.78562
2024-07-06,0,0
2024-07-07,0,0
2024-07-08,0,0
2024-07-09,0.5503,13.97762
2024-07-10,0,0
2024-07-11,0,0
2024-07-12,0,0
2024-07-13,0,0
2024-07-14,0,0
2024-07-15,0,0
2024-07-16,0,0
2024-07-17,0,0
2024-07-18,0.1105,2.8066999999999998
2024-07-19,0,0
2024-07-20,7e-4,0.017779999999999997
2024-07-21,0.0301,0.7645399999999999
2024-07-22,3.0000000000000003e-4,0.00762
2024-07-23,0.5405,13.728699999999998
2024-07-24,2e-4,0.00508
2024-07-25,0.0202,0.51308
2024-07-26,0.13040000000000002,3.3121600000000004
2024-07-27,0,0
2024-07-28,0.3401,8.638539999999999
2024-07-29,3.3906,86.12124
2024-07-30,3.0000000000000003e-4,0.00762
2024-07-31,1.7704,44.96816
2024-08-01,0.04,1.016
2024-08-02,0.7402,18.80108
2024-08-03,1e-4,0.00254
2024-08-04,0,0
2024-08-05,0,0
2024-08-06,0,0
2024-08-07,0,0
2024-08-08,0,0
2024-08-09,0,0
2024-08-10,0,0
2024-08-11,0,0
2024-08-12,0,0
2024-08-13,0,0
2024-08-14,0,0
2024-08-15,0,0
2024-08-16,0,0
2024-08-17,2e-4,0.00508
2024-08-18,0.64,16.256
2024-08-19,0,0
2024-08-20,0,0
2024-08-21,0,0
2024-08-22,0,0
2024-08-23,0,0
2024-08-24,0,0
2024-08-25,0,0
2024-08-26,0,0
2024-08-27,0,0
2024-08-28,0,0
2024-08-29,2e-4,0.00508
2024-08-30,0.7201,18.290539999999996
2024-08-31,0,0
2024-09-01,5.08,129.03199999999998
2024-09-02,0,0
2024-09-03,0,0
2024-09-04,0,0
2024-09-05,0,0
2024-09-06,0,0
2024-09-07,0.0403,1.02362
2024-09-08,0,0
2024-09-09,0,0
2024-09-10,0,0
2024-09-11,0,0
2024-09-12,0.2601,6.60654
2024-09-13,0.1301,3.30454
2024-09-14,1.2502,31.755079999999996
2024-09-15,0,0
2024-09-16,0,0
2024-09-17,0,0
2024-09-18,0,0
2024-09-19,0,0
2024-09-20,0,0
2024-09-21,0.9901,25.148539999999997
2024-09-22,1e-4,0.00254
2024-09-23,0.46,11.684
2024-09-24,2.5202999999999998,64.01561999999998
2024-09-25,0.0102,0.25908
2024-09-26,0,0
2024-09-27,8.1301,206.50454
2024-09-28,0.4011,10.18794
2024-09-29,0.3311,8.409939999999999
2024-09-30,0.0803,2.0396199999999998
2024-10-01,0,0
2024-10-02,0,0
2024-10-03,0,0
2024-10-04,0,0
2024-10-05,2e-4,0.00508
2024-10-06,0,0
2024-10-07,3.0000000000000003e-4,0.00762
2024-10-08,1e-4,0.00254
2024-10-09,0,0
2024-10-10,0,0
2024-10-11,0,0
2024-10-12,0,0
2024-10-13,0,0
2024-10-14,0,0
2024-10-15,0,0
2024-10-16,0,0
2024-10-17,0,0
2024-10-18,0,0
2024-10-19,0,0
2024-10-20,0,0
2024-10-21,0,0
2024-10-22,0,0
2024-10-23,0,0
2024-10-24,0,0
2024-10-25,0,0
2024-10-26,0.060200000000000004,1.52908
2024-10-27,0,0
2024-10-28,0,0
2024-10-29,0,0
2024-10-30,0,0
2024-10-31,0.42010000000000003,10.67054
2024-11-01,0.1401,3.55854
2024-11-02,0,0
2024-11-03,0,0
2024-11-04,0,0
2024-11-05,0,0
2024-11-06,0.26,6.604
2024-11-07,0,0
2024-11-08,2e-4,0.00508
2024-11-09,0.0102,0.25908
2024-11-10,1.8303,46.489619999999995
2024-11-11,0.0204,0.51816
2024-11-12,0,0
2024-11-13,0.1302,3.30708
2024-11-14,1.5605,39.6367
2024-11-15,0,0
2024-11-16,0,0
2024-11-17,0,0
2024-11-18,0,0
2024-11-19,0.1306,3.3172399999999995
2024-11-20,4e-4,0.01016
2024-11-21,0,0
2024-11-22,0,0
2024-11-23,0,0
2024-11-24,0,0
2024-11-25,0.08,2.032
2024-11-26,5e-4,0.0127
2024-11-27,2e-4,0.00508
2024-11-28,0.2503,6.35762
2024-11-29,0,0
2024-11-30,0,0
2024-12-01,0,0
2024-12-02,2e-4,0.00508
2024-12-03,0.0107,0.27177999999999997
2024-12-04,0,0
2024-12-05,0,0
2024-12-06,0,0
2024-12-07,0,0
2024-12-08,0.0202,0.51308
2024-12-09,2.21,56.13399999999999
2024-12-10,0.3011,7.647939999999999
2024-12-11,6.000000000000001e-4,0.01524
2024-12-12,0,0
2024-12-13,0,0
2024-12-14,1e-4,0.00254
2024-12-15,0.3603,9.15162
2024-12-16,0.9503,24.13762
2024-12-17,1.11,28.194000000000003
2024-12-18,0.7602,19.309079999999998
2024-12-19,0,0
2024-12-20,0,0
2024-12-21,0,0
2024-12-22,0,0
2024-12-23,1e-4,0.00254
2024-12-24,2e-4,0.00508
2024-12-25,0,0
2024-12-26,0,0
2024-12-27,1.2901,32.76854
2024-12-28,3.0000000000000003e-4,0.00762
2024-12-29,1.3505,34.3027
2024-12-30,0,0
