station,date,rain_in,rain_mm
ASH,2010-09-30,0.1709,4.340859999999999
ASH,2010-10-01,4.2113000000000005,106.96702
ASH,2010-10-02,0.05,1.27
ASH,2010-10-03,0,0
ASH,2010-10-04,0.2605,6.6167
ASH,2010-10-05,5e-4,0.0127
ASH,2010-10-06,1.1707,29.735780000000002
ASH,2010-10-07,0.0808,2.05232
ASH,2010-10-08,0,0
ASH,2010-10-09,1e-4,0.00254
ASH,2010-10-10,0,0
ASH,2010-10-11,0,0
ASH,2010-10-12,0.02,0.508
ASH,2010-10-13,0,0
ASH,2010-10-14,0,0
ASH,2010-10-15,4.8011,121.94793999999999
ASH,2010-10-16,0.030100000000000002,0.76454
ASH,2010-10-17,2e-4,0.00508
ASH,2010-10-18,0,0
ASH,2010-10-19,0,0
ASH,2010-10-20,0,0
ASH,2010-10-21,0.0103,0.26161999999999996
ASH,2010-10-22,0,0
ASH,2010-10-23,0,0
ASH,2010-10-24,9.000000000000001e-4,0.022860000000000002
ASH,2010-10-25,0,0
ASH,2010-10-26,0.0609,1.54686
ASH,2010-10-27,0.2712,6.8884799999999995
ASH,2010-10-28,0.03,0.7619999999999999
ASH,2010-10-29,1e-4,0.00254
ASH,2010-10-30,2e-4,0.00508
ASH,2010-10-31,0,0
ASH,2010-11-01,0,0
ASH,2010-11-02,0,0
ASH,2010-11-03,0,0
ASH,2010-11-04,1.9001000000000001,48.26254
ASH,2010-11-05,0.9524,24.19096
ASH,2010-11-06,0,0
ASH,2010-11-07,0,0
ASH,2010-11-08,0.5212,13.23848
ASH,2010-11-09,0.0519,1.31826
ASH,2010-11-10,0.3519,8.93826
ASH,2010-11-11,0,0
ASH,2010-11-12,0,0
ASH,2010-11-13,0,0
ASH,2010-11-14,0,0
ASH,2010-11-15,0,0
ASH,2010-11-16,0.0207,0.5257799999999999
ASH,2010-11-17,2.3203,58.93562
ASH,2010-11-18,0,0
ASH,2010-11-19,3.0000000000000003e-4,0.00762
ASH,2010-11-20,0,0
ASH,2010-11-21,0,0
ASH,2010-11-22,0,0
ASH,2010-11-23,0.0101,0.25654
ASH,2010-11-24,0,0
ASH,2010-11-25,0,0
ASH,2010-11-26,0.8009000000000001,20.34286
ASH,2010-11-27,1e-4,0.00254
ASH,2010-11-28,0,0
ASH,2010-11-29,0,0
ASH,2010-11-30,0,0
ASH,2010-12-01,0.5812,14.76248
ASH,2010-12-02,0.8504,21.60016
ASH,2010-12-03,0,0
ASH,2010-12-04,2e-4,0.00508
ASH,2010-12-05,0,0
ASH,2010-12-06,5e-4,0.0127
ASH,2010-12-07,3.0000000000000003e-4,0.00762
ASH,2010-12-08,0,0
ASH,2010-12-09,0,0
ASH,2010-12-10,0,0
ASH,2010-12-11,4e-4,0.01016
ASH,2010-12-12,1.6907,42.94378
ASH,2010-12-13,0.5609,14.246859999999998
ASH,2010-12-14,6.000000000000001e-4,0.01524
ASH,2010-12-15,5e-4,0.0127
ASH,2010-12-16,2e-4,0.00508
ASH,2010-12-17,0,0
ASH,2010-12-18,0,0
ASH,2010-12-19,0,0
ASH,2010-12-20,5e-4,0.0127
ASH,2010-12-21,0.0021000000000000003,0.053340000000000005
ASH,2010-12-22,0.0034000000000000002,0.08636
ASH,2010-12-23,0.0017000000000000001,0.04318
ASH,2010-12-24,0,0
ASH,2010-12-25,0,0
ASH,2010-12-26,0.0014,0.035559999999999994
ASH,2010-12-27,0.008,0.2032
ASH,2010-12-28,0,0
ASH,2010-12-29,0.01,0.254
ASH,2010-12-30,0,0
ASH,2010-12-31,0,0
ASH,2011-01-01,0,0
ASH,2011-01-02,0.12090000000000001,3.07086
ASH,2011-01-03,0,0
ASH,2011-01-04,0,0
ASH,2011-01-05,0,0
ASH,2011-01-06,0,0
ASH,2011-01-07,3.0000000000000003e-4,0.00762
ASH,2011-01-08,0.0015,0.0381
ASH,2011-01-09,0,0
ASH,2011-01-10,0,0
ASH,2011-01-11,0,0
ASH,2011-01-12,0.006900000000000001,0.17526
ASH,2011-01-13,4e-4,0.01016
ASH,2011-01-14,1e-4,0.00254
ASH,2011-01-15,4e-4,0.01016
ASH,2011-01-16,3.0000000000000003e-4,0.00762
ASH,2011-01-17,0,0
ASH,2011-01-18,0.0031000000000000003,0.07874
ASH,2011-01-19,0.483,12.268199999999998
ASH,2011-01-20,0.002,0.0508
ASH,2011-01-21,0.0054,0.13716
ASH,2011-01-22,0,0
ASH,2011-01-23,2e-4,0.00508
ASH,2011-01-24,0,0
ASH,2011-01-25,0.0015,0.0381
ASH,2011-01-26,5e-4,0.0127
ASH,2011-01-27,0.0023,0.05841999999999999
ASH,2011-01-28,0.06,1.5239999999999998
ASH,2011-01-29,0.0605,1.5367
ASH,2011-01-30,0.01,0.254
ASH,2011-01-31,0,0
ASH,2011-02-01,0.004200000000000001,0.10668000000000001
ASH,2011-02-02,0.0066,0.16763999999999998
ASH,2011-02-03,0.0024000000000000002,0.06096
ASH,2011-02-04,3.0000000000000003e-4,0.00762
ASH,2011-02-05,0.2412,6.12648
ASH,2011-02-06,0.8401,21.33854
ASH,2011-02-07,1e-4,0.00254
ASH,2011-02-08,0.44430000000000003,11.28522
ASH,2011-02-09,1e-4,0.00254
ASH,2011-02-10,0,0
ASH,2011-02-11,0,0
ASH,2011-02-12,1e-4,0.00254
ASH,2011-02-13,2e-4,0.00508
ASH,2011-02-14,1e-4,0.00254
ASH,2011-02-15,1e-4,0.00254
ASH,2011-02-16,0,0
ASH,2011-02-17,0.02,0.508
ASH,2011-02-18,0,0
ASH,2011-02-19,7e-4,0.017779999999999997
ASH,2011-02-20,5e-4,0.0127
ASH,2011-02-21,0.0016,0.04064
ASH,2011-02-22,0,0
ASH,2011-02-23,0,0
ASH,2011-02-24,2e-4,0.00508
ASH,2011-02-25,0.9928,25.217119999999998
ASH,2011-02-26,0.0606,1.53924
ASH,2011-02-27,0.0049,0.12445999999999999
ASH,2011-02-28,0.17300000000000001,4.3942000000000005
ASH,2011-03-01,0.28,7.112
ASH,2011-03-02,0.27,6.858
ASH,2011-03-03,2e-4,0.00508
ASH,2011-03-04,0,0
ASH,2011-03-05,0.0106,0.26924
ASH,2011-03-06,0.611,15.5194
ASH,2011-03-07,4.7716,121.19864
ASH,2011-03-08,0,0
ASH,2011-03-09,0,0
ASH,2011-03-10,0,0
ASH,2011-03-11,1.9014,48.295559999999995
ASH,2011-03-12,0.03,0.7619999999999999
ASH,2011-03-13,2e-4,0.00508
ASH,2011-03-14,1e-4,0.00254
ASH,2011-03-15,0,0
ASH,2011-03-16,1.0507,26.687779999999997
ASH,2011-03-17,0,0
ASH,2011-03-18,1e-4,0.00254
ASH,2011-03-19,1e-4,0.00254
ASH,2011-03-20,0,0
ASH,2011-03-21,0.2211,5.615939999999999
ASH,2011-03-22,0.1614,4.099559999999999
ASH,2011-03-23,0,0
ASH,2011-03-24,0.0021000000000000003,0.053340000000000005
ASH,2011-03-25,1e-4,0.00254
ASH,2011-03-26,0,0
ASH,2011-03-27,0,0
ASH,2011-03-28,0,0
ASH,2011-03-29,0,0
ASH,2011-03-30,0,0
ASH,2011-03-31,1e-4,0.00254
ASH,2011-04-01,0.6254000000000001,15.88516
ASH,2011-04-02,5e-4,0.0127
ASH,2011-04-03,0,0
ASH,2011-04-04,0.4207,10.68578
ASH,2011-04-05,0.0712,1.8084799999999999
ASH,2011-04-06,0,0
ASH,2011-04-07,0,0
ASH,2011-04-08,0,0
ASH,2011-04-09,0,0
ASH,2011-04-10,1e-4,0.00254
ASH,2011-04-11,0.0202,0.51308
ASH,2011-04-12,0,0
ASH,2011-04-13,1.3608,34.564319999999995
ASH,2011-04-14,3.0000000000000003e-4,0.00762
ASH,2011-04-15,0,0
ASH,2011-04-16,1e-4,0.00254
ASH,2011-04-17,3.2305,82.0547
ASH,2011-04-18,0.0704,1.78816
ASH,2011-04-19,0.061200000000000004,1.55448
ASH,2011-04-20,0.0903,2.29362
ASH,2011-04-21,0,0
ASH,2011-04-22,0,0
ASH,2011-04-23,0.3102,7.879079999999999
ASH,2011-04-24,1e-4,0.00254
ASH,2011-04-25,0.0208,0.5283199999999999
ASH,2011-04-26,0.1406,3.57124
ASH,2011-04-27,0.26,6.604
ASH,2011-04-28,0.3007,7.63778
ASH,2011-04-29,0,0
ASH,2011-04-30,0,0
ASH,2011-05-01,0,0
ASH,2011-05-02,0,0
ASH,2011-05-03,0,0
ASH,2011-05-04,1.2205,31.000699999999995
ASH,2011-05-05,0.0108,0.27432
ASH,2011-05-06,0,0
ASH,2011-05-07,0.621,15.773399999999999
ASH,2011-05-08,2e-4,0.00508
ASH,2011-05-09,1e-4,0.00254
ASH,2011-05-10,3.0000000000000003e-4,0.00762
ASH,2011-05-11,0.011600000000000001,0.29464
ASH,2011-05-12,4e-4,0.01016
ASH,2011-05-13,0,0
ASH,2011-05-14,0,0
ASH,2011-05-15,1.4411,36.60394
ASH,2011-05-16,0.3824,9.71296
ASH,2011-05-17,0.3712,9.428479999999999
ASH,2011-05-18,0.242,6.1468
ASH,2011-05-19,2.0206,51.32324
ASH,2011-05-20,0.0809,2.0548599999999997
ASH,2011-05-21,0,0
ASH,2011-05-22,1e-4,0.00254
ASH,2011-05-23,0.5103000000000001,12.961620000000002
ASH,2011-05-24,0.2301,5.844539999999999
ASH,2011-05-25,0.8103,20.58162
ASH,2011-05-26,3.0000000000000003e-4,0.00762
ASH,2011-05-27,0.0013000000000000002,0.03302
ASH,2011-05-28,0.0012000000000000001,0.03048
ASH,2011-05-29,0.001,0.0254
ASH,2011-05-30,0.0011,0.02794
ASH,2011-05-31,0.0601,1.52654
ASH,2011-06-01,0.0012000000000000001,0.03048
ASH,2011-06-02,0.0104,0.26415999999999995
ASH,2011-06-03,0,0
ASH,2011-06-04,0,0
ASH,2011-06-05,0,0
ASH,2011-06-06,2e-4,0.00508
ASH,2011-06-07,2e-4,0.00508
ASH,2011-06-08,1e-4,0.00254
ASH,2011-06-09,0.5404,13.726159999999998
ASH,2011-06-10,0.0201,0.51054
ASH,2011-06-11,1.4506000000000001,36.845240000000004
ASH,2011-06-12,0.4509,11.45286
ASH,2011-06-13,0,0
ASH,2011-06-14,0.0111,0.28194
ASH,2011-06-15,0,0
ASH,2011-06-16,0,0
ASH,2011-06-17,0.2306,5.85724
ASH,2011-06-18,0.01,0.254
ASH,2011-06-19,0,0
ASH,2011-06-20,0,0
ASH,2011-06-21,0,0
ASH,2011-06-22,2.2803,57.919619999999995
ASH,2011-06-23,2.3615,59.982099999999996
ASH,2011-06-24,0.0311,0.78994
ASH,2011-06-25,1.0409,26.43886
ASH,2011-06-26,0.2203,5.595619999999999
ASH,2011-06-27,0,0
ASH,2011-06-28,0,0
ASH,2011-06-29,1.0003,25.407619999999998
ASH,2011-06-30,0,0
ASH,2011-07-01,0,0
ASH,2011-07-02,0,0
ASH,2011-07-03,4e-4,0.01016
ASH,2011-07-04,1.4300000000000002,36.322
ASH,2011-07-05,0.07,1.778
ASH,2011-07-06,0,0
ASH,2011-07-07,0.4,10.16
ASH,2011-07-08,0.0101,0.25654
ASH,2011-07-09,0.13040000000000002,3.3121600000000004
ASH,2011-07-10,0,0
ASH,2011-07-11,1e-4,0.00254
ASH,2011-07-12,2e-4,0.00508
ASH,2011-07-13,1e-4,0.00254
ASH,2011-07-14,0.0402,1.02108
ASH,2011-07-15,0,0
ASH,2011-07-16,0,0
ASH,2011-07-17,0,0
ASH,2011-07-18,0.1901,4.828539999999999
ASH,2011-07-19,0,0
ASH,2011-07-20,0,0
ASH,2011-07-21,0,0
ASH,2011-07-22,0,0
ASH,2011-07-23,0.2101,5.33654
ASH,2011-07-24,2e-4,0.00508
ASH,2011-07-25,1.9203999999999999,48.77815999999999
ASH,2011-07-26,0.01,0.254
ASH,2011-07-27,0,0
ASH,2011-07-28,3.0000000000000003e-4,0.00762
ASH,2011-07-29,0.040600000000000004,1.0312400000000002
ASH,2011-07-30,0.2802,7.11708
ASH,2011-07-31,0,0
ASH,2011-08-01,4e-4,0.01016
ASH,2011-08-02,0.0102,0.25908
ASH,2011-08-03,0,0
ASH,2011-08-04,1e-4,0.00254
ASH,2011-08-05,3.0000000000000003e-4,0.00762
ASH,2011-08-06,2e-4,0.00508
ASH,2011-08-07,0.9506,24.145239999999998
ASH,2011-08-08,0.4005,10.1727
ASH,2011-08-09,0.0101,0.25654
ASH,2011-08-10,4.5307,115.07978
ASH,2011-08-11,0,0
ASH,2011-08-12,0,0
ASH,2011-08-13,1e-4,0.00254
ASH,2011-08-14,5e-4,0.0127
ASH,2011-08-15,3.141,79.78139999999999
ASH,2011-08-16,2.0604,52.33416
ASH,2011-08-17,0,0
ASH,2011-08-18,0,0
ASH,2011-08-19,2e-4,0.00508
ASH,2011-08-20,0,0
ASH,2011-08-21,0.0101,0.25654
ASH,2011-08-22,0.0903,2.29362
ASH,2011-08-23,0,0
ASH,2011-08-24,0.02,0.508
ASH,2011-08-25,0.8003,20.32762
ASH,2011-08-26,0.8302,21.08708
ASH,2011-08-27,0.4602,11.689079999999999
ASH,2011-08-28,8.5014,215.93555999999998
ASH,2011-08-29,1e-4,0.00254
ASH,2011-08-30,2e-4,0.00508
ASH,2011-08-31,2e-4,0.00508
ASH,2011-09-01,0,0
ASH,2011-09-02,0,0
ASH,2011-09-03,1e-4,0.00254
ASH,2011-09-04,0,0
ASH,2011-09-05,0.0105,0.2667
ASH,2011-09-06,0.791,20.0914
ASH,2011-09-07,7.1422,181.41188
ASH,2011-09-08,2.2606,57.41924
ASH,2011-09-09,0,0
ASH,2011-09-10,3.0000000000000003e-4,0.00762
ASH,2011-09-11,2e-4,0.00508
ASH,2011-09-12,1e-4,0.00254
ASH,2011-09-13,3.0000000000000003e-4,0.00762
ASH,2011-09-14,0,0
ASH,2011-09-15,0.0308,0.78232
ASH,2011-09-16,3.0000000000000003e-4,0.00762
ASH,2011-09-17,0,0
ASH,2011-09-18,1e-4,0.00254
ASH,2011-09-19,2e-4,0.00508
ASH,2011-09-20,0.1201,3.05054
ASH,2011-09-21,2e-4,0.00508
ASH,2011-09-22,0.6113000000000001,15.52702
ASH,2011-09-23,0.9001,22.86254
ASH,2011-09-24,0.6302,16.00708
ASH,2011-09-25,2e-4,0.00508
ASH,2011-09-26,4e-4,0.01016
ASH,2011-09-27,2e-4,0.00508
ASH,2011-09-28,0,0
ASH,2011-09-29,6.2913,159.79901999999998
ASH,2011-09-30,0.01,0.254
ASH,2011-10-01,0.12160000000000001,3.0886400000000003
ASH,2011-10-02,0.0613,1.5570199999999998
ASH,2011-10-03,0.1101,2.79654
ASH,2011-10-04,4.4106,112.02923999999999
ASH,2011-10-05,0.0402,1.02108
ASH,2011-10-06,0.04,1.016
ASH,2011-10-07,1e-4,0.00254
ASH,2011-10-08,0,0
ASH,2011-10-09,0,0
ASH,2011-10-10,0,0
ASH,2011-10-11,2e-4,0.00508
ASH,2011-10-12,3.0000000000000003e-4,0.00762
ASH,2011-10-13,0.8513000000000001,21.62302
ASH,2011-10-14,2.461,62.50939999999999
ASH,2011-10-15,0.0507,1.28778
ASH,2011-10-16,0,0
ASH,2011-10-17,0.020300000000000002,0.5156200000000001
ASH,2011-10-18,0,0
ASH,2011-10-19,1.6503,41.91762
ASH,2011-10-20,0.7313,18.57502
ASH,2011-10-21,0,0
ASH,2011-10-22,2e-4,0.00508
ASH,2011-10-23,0,0
ASH,2011-10-24,0,0
ASH,2011-10-25,0.020300000000000002,0.5156200000000001
ASH,2011-10-26,0.0702,1.7830799999999998
ASH,2011-10-27,1.5207,38.62578
ASH,2011-10-28,0.2902,7.37108
ASH,2011-10-29,0.1009,2.56286
ASH,2011-10-30,0.361,9.1694
ASH,2011-10-31,0,0
ASH,2011-11-01,0,0
ASH,2011-11-02,0,0
ASH,2011-11-03,0,0
ASH,2011-11-04,0,0
ASH,2011-11-05,0,0
ASH,2011-11-06,0,0
ASH,2011-11-07,0,0
ASH,2011-11-08,0,0
ASH,2011-11-09,0,0
ASH,2011-11-10,2.0102,51.05908
ASH,2011-11-11,0.2403,6.10362
ASH,2011-11-13,0,0
ASH,2011-11-14,0,0
ASH,2011-11-15,5e-4,0.0127
ASH,2011-11-16,0.1203,3.05562
ASH,2011-11-17,0.1707,4.33578
ASH,2011-11-18,0,0
ASH,2011-11-19,0,0
ASH,2011-11-20,0,0
ASH,2011-11-21,0,0
ASH,2011-11-22,0,0
ASH,2011-11-23,2.9916,75.98664
ASH,2011-11-24,0.01,0.254
ASH,2011-11-25,0,0
ASH,2011-11-26,0,0
ASH,2011-11-27,0,0
ASH,2011-11-28,0,0
ASH,2011-11-29,2e-4,0.00508
ASH,2011-11-30,3.4208,86.88832
ASH,2011-12-01,3.0000000000000003e-4,0.00762
ASH,2011-12-02,0,0
ASH,2011-12-03,0,0
ASH,2011-12-04,0,0
ASH,2011-12-05,0,0
ASH,2011-12-06,0.0809,2.0548599999999997
ASH,2011-12-07,1.3013000000000001,33.053020000000004
ASH,2011-12-08,2.3002000000000002,58.42508
ASH,2011-12-09,0,0
ASH,2011-12-10,3.0000000000000003e-4,0.00762
ASH,2011-12-11,0,0
ASH,2011-12-12,0,0
ASH,2011-12-13,0,0
ASH,2011-12-14,0,0
ASH,2011-12-15,0.0404,1.02616
ASH,2011-12-16,0.2406,6.11124
ASH,2011-12-17,0,0
ASH,2011-12-18,0,0
ASH,2011-12-19,0,0
ASH,2011-12-20,0,0
ASH,2011-12-21,0.09040000000000001,2.29616
ASH,2011-12-22,0.3902,9.91108
ASH,2011-12-23,2.6209000000000002,66.57086
ASH,2011-12-24,0,0
ASH,2011-12-25,2e-4,0.00508
ASH,2011-12-26,1e-4,0.00254
ASH,2011-12-27,0.060200000000000004,1.52908
ASH,2011-12-28,1.9802,50.297079999999994
ASH,2011-12-29,0,0
ASH,2011-12-30,0,0
ASH,2011-12-31,0.0509,1.29286
ASH,2012-01-01,0,0
ASH,2012-01-02,0.1005,2.5527
ASH,2012-01-03,0,0
ASH,2012-01-04,0,0
ASH,2012-01-05,3.0000000000000003e-4,0.00762
ASH,2012-01-06,2e-4,0.00508
ASH,2012-01-07,0,0
ASH,2012-01-08,0,0
ASH,2012-01-09,0,0
ASH,2012-01-10,0,0
ASH,2012-01-11,0,0
ASH,2012-01-12,0.22240000000000001,5.64896
ASH,2012-01-13,0.3227,8.196579999999999
ASH,2012-01-14,3.0000000000000003e-4,0.00762
ASH,2012-01-15,0,0
ASH,2012-01-16,0,0
ASH,2012-01-17,0.1526,3.87604
ASH,2012-01-18,0.0101,0.25654
ASH,2012-01-19,0,0
ASH,2012-01-20,0.0018000000000000002,0.045720000000000004
ASH,2012-01-21,0.0031000000000000003,0.07874
ASH,2012-01-22,0,0
ASH,2012-01-23,0.0106,0.26924
ASH,2012-01-24,0.4507,11.44778
ASH,2012-01-25,0,0
ASH,2012-01-26,0.0014,0.035559999999999994
ASH,2012-01-27,3.1116,79.03464
ASH,2012-01-28,0,0
ASH,2012-01-29,1e-4,0.00254
ASH,2012-01-30,7e-4,0.017779999999999997
ASH,2012-01-31,4e-4,0.01016
ASH,2012-02-01,0.0101,0.25654
ASH,2012-02-02,0,0
ASH,2012-02-03,0,0
ASH,2012-02-04,0,0
ASH,2012-02-05,0,0
ASH,2012-02-06,0.42,10.668
ASH,2012-02-07,0,0
ASH,2012-02-08,0,0
ASH,2012-02-09,0,0
ASH,2012-02-10,0,0
ASH,2012-02-11,4e-4,0.01016
ASH,2012-02-12,0,0
ASH,2012-02-13,2e-4,0.00508
ASH,2012-02-14,0,0
ASH,2012-02-15,5e-4,0.0127
ASH,2012-02-16,0.0303,0.76962
ASH,2012-02-17,0.08020000000000001,2.03708
ASH,2012-02-18,1e-4,0.00254
ASH,2012-02-19,2e-4,0.00508
ASH,2012-02-20,0,0
ASH,2012-02-21,0,0
ASH,2012-02-22,4e-4,0.01016
ASH,2012-02-23,0.0103,0.26161999999999996
ASH,2012-02-24,0.1308,3.32232
ASH,2012-02-25,1.3502,34.29508
ASH,2012-02-26,0,0
ASH,2012-02-27,0,0
ASH,2012-02-28,0,0
ASH,2012-02-29,0.0023,0.05841999999999999
ASH,2012-03-01,0.007200000000000001,0.18288000000000001
ASH,2012-03-02,6.000000000000001e-4,0.01524
ASH,2012-03-03,0.6534,16.596359999999997
ASH,2012-03-04,0.16,4.064
ASH,2012-03-05,0.0101,0.25654
ASH,2012-03-06,0,0
ASH,2012-03-07,0.03,0.7619999999999999
ASH,2012-03-08,0,0
ASH,2012-03-09,0.0104,0.26415999999999995
ASH,2012-03-10,6.000000000000001e-4,0.01524
ASH,2012-03-11,0,0
ASH,2012-03-12,0,0
ASH,2012-03-13,0.0204,0.51816
ASH,2012-03-14,0.3801,9.654539999999999
ASH,2012-03-15,1e-4,0.00254
ASH,2012-03-16,0.3902,9.91108
ASH,2012-03-17,0,0
ASH,2012-03-18,1e-4,0.00254
ASH,2012-03-19,0,0
ASH,2012-03-20,0,0
ASH,2012-03-21,0,0
ASH,2012-03-22,0,0
ASH,2012-03-23,0,0
ASH,2012-03-24,0,0
ASH,2012-03-25,0.10060000000000001,2.55524
ASH,2012-03-26,2e-4,0.00508
ASH,2012-03-27,0,0
ASH,2012-03-28,0.0109,0.27686
ASH,2012-03-29,4e-4,0.01016
ASH,2012-03-30,0,0
ASH,2012-03-31,1e-4,0.00254
ASH,2012-04-01,0.0201,0.51054
ASH,2012-04-02,0.2604,6.61416
ASH,2012-04-03,0,0
ASH,2012-04-04,1e-4,0.00254
ASH,2012-04-05,0,0
ASH,2012-04-06,0,0
ASH,2012-04-07,0,0
ASH,2012-04-08,0,0
ASH,2012-04-09,0,0
ASH,2012-04-10,0,0
ASH,2012-04-11,1e-4,0.00254
ASH,2012-04-12,0.35100000000000003,8.9154
ASH,2012-04-13,1e-4,0.00254
ASH,2012-04-14,0,0
ASH,2012-04-15,0,0
ASH,2012-04-16,2e-4,0.00508
ASH,2012-04-17,0,0
ASH,2012-04-18,0,0
ASH,2012-04-19,0,0
ASH,2012-04-20,0,0
ASH,2012-04-21,0,0
ASH,2012-04-22,0.7718,19.60372
ASH,2012-04-23,3.3416,84.87664
ASH,2012-04-24,0,0
ASH,2012-04-25,0,0
ASH,2012-04-26,0.0201,0.51054
ASH,2012-04-27,0.2905,7.378699999999999
ASH,2012-04-28,0,0
ASH,2012-04-29,0,0
ASH,2012-04-30,0,0
ASH,2012-05-01,1.2605,32.0167
ASH,2012-05-02,0.01,0.254
ASH,2012-05-03,0.1106,2.80924
ASH,2012-05-04,0.0609,1.54686
ASH,2012-05-05,0.0803,2.0396199999999998
ASH,2012-05-06,5e-4,0.0127
ASH,2012-05-07,1e-4,0.00254
ASH,2012-05-08,0.4804,12.20216
ASH,2012-05-09,0.0118,0.29972
ASH,2012-05-10,0.9907,25.16378
ASH,2012-05-11,1e-4,0.00254
ASH,2012-05-12,2e-4,0.00508
ASH,2012-05-13,6.000000000000001e-4,0.01524
ASH,2012-05-14,0.0512,1.30048
ASH,2012-05-15,0.4809,12.21486
ASH,2012-05-16,0.5217,13.25118
ASH,2012-05-17,0.6805,17.284699999999997
ASH,2012-05-18,1e-4,0.00254
ASH,2012-05-19,8e-4,0.02032
ASH,2012-05-20,0.001,0.0254
ASH,2012-05-21,0.0013000000000000002,0.03302
ASH,2012-05-22,0.9623,24.44242
ASH,2012-05-23,0.0011,0.02794
ASH,2012-05-24,0.0012000000000000001,0.03048
ASH,2012-05-25,0.001,0.0254
ASH,2012-05-26,0.0015,0.0381
ASH,2012-05-27,1e-4,0.00254
ASH,2012-05-28,4e-4,0.01016
ASH,2012-05-29,1e-4,0.00254
ASH,2012-05-30,0.2203,5.595619999999999
ASH,2012-05-31,4e-4,0.01016
ASH,2012-06-01,0,0
ASH,2012-06-02,2.4603,62.49162
ASH,2012-06-03,0.0211,0.53594
ASH,2012-06-04,0.6019,15.28826
ASH,2012-06-05,0.1614,4.099559999999999
ASH,2012-06-06,0.7101,18.03654
ASH,2012-06-07,0.07050000000000001,1.7907000000000002
ASH,2012-06-08,0.0403,1.02362
ASH,2012-06-09,0.0104,0.26415999999999995
ASH,2012-06-10,0,0
ASH,2012-06-11,0,0
ASH,2012-06-12,0,0
ASH,2012-06-13,1.9808000000000001,50.31232
ASH,2012-06-14,0,0
ASH,2012-06-15,0,0
ASH,2012-06-16,0,0
ASH,2012-06-17,0,0
ASH,2012-06-18,0,0
ASH,2012-06-19,0,0
ASH,2012-06-20,0,0
ASH,2012-06-21,0,0
ASH,2012-06-22,0,0
ASH,2012-06-23,8e-4,0.02032
ASH,2012-06-24,0,0
ASH,2012-06-25,0.0018000000000000002,0.045720000000000004
ASH,2012-06-26,1e-4,0.00254
ASH,2012-06-27,9.000000000000001e-4,0.022860000000000002
ASH,2012-06-28,0.03,0.7619999999999999
ASH,2012-06-29,0.4705,11.9507
ASH,2012-06-30,0,0
ASH,2012-07-01,0,0
ASH,2012-07-02,1e-4,0.00254
ASH,2012-07-03,0,0
ASH,2012-07-04,0.5702,14.483080000000001
ASH,2012-07-05,0,0
ASH,2012-07-06,0,0
ASH,2012-07-07,2e-4,0.00508
ASH,2012-07-08,0,0
ASH,2012-07-09,0,0
ASH,2012-07-10,0,0
ASH,2012-07-11,4e-4,0.01016
ASH,2012-07-12,1e-4,0.00254
ASH,2012-07-13,2e-4,0.00508
ASH,2012-07-14,3.0000000000000003e-4,0.00762
ASH,2012-07-15,1e-4,0.00254
ASH,2012-07-16,0.0103,0.26161999999999996
ASH,2012-07-17,0,0
ASH,2012-07-18,0.1301,3.30454
ASH,2012-07-19,0,0
ASH,2012-07-20,0,0
ASH,2012-07-21,3.0000000000000003e-4,0.00762
ASH,2012-07-22,1e-4,0.00254
ASH,2012-07-23,0.0901,2.28854
ASH,2012-07-24,0.020300000000000002,0.5156200000000001
ASH,2012-07-25,0,0
ASH,2012-07-26,2e-4,0.00508
ASH,2012-07-27,0.0711,1.8059399999999999
ASH,2012-07-28,0.050300000000000004,1.27762
ASH,2012-07-29,0.0403,1.02362
ASH,2012-07-30,2e-4,0.00508
ASH,2012-07-31,2e-4,0.00508
ASH,2012-08-01,2e-4,0.00508
ASH,2012-08-02,0.0307,0.77978
ASH,2012-08-03,0,0
ASH,2012-08-04,3.5003,88.90762
ASH,2012-08-05,0.0605,1.5367
ASH,2012-08-06,0.12000000000000001,3.048
ASH,2012-08-07,1e-4,0.00254
ASH,2012-08-08,4e-4,0.01016
ASH,2012-08-09,2.8004,71.13015999999999
ASH,2012-08-10,1.6902000000000001,42.93108
ASH,2012-08-11,0.8705,22.1107
ASH,2012-08-12,2.5507,64.78778
ASH,2012-08-13,1e-4,0.00254
ASH,2012-08-14,2e-4,0.00508
ASH,2012-08-15,0.3402,8.641079999999999
ASH,2012-08-16,1.26,32.004
ASH,2012-08-17,3.0000000000000003e-4,0.00762
ASH,2012-08-18,0.1005,2.5527
ASH,2012-08-19,0,0
ASH,2012-08-20,2e-4,0.00508
ASH,2012-08-21,1e-4,0.00254
ASH,2012-08-22,2e-4,0.00508
ASH,2012-08-23,4e-4,0.01016
ASH,2012-08-24,1e-4,0.00254
ASH,2012-08-25,1e-4,0.00254
ASH,2012-08-26,1e-4,0.00254
ASH,2012-08-27,0,0
ASH,2012-08-28,0.7702,19.56308
ASH,2012-08-29,0,0
ASH,2012-08-30,0,0
ASH,2012-08-31,0,0
ASH,2012-09-01,2e-4,0.00508
ASH,2012-09-02,0,0
ASH,2012-09-03,1e-4,0.00254
ASH,2012-09-04,0.5904,14.99616
ASH,2012-09-05,0.6805,17.284699999999997
ASH,2012-09-06,0,0
ASH,2012-09-07,1e-4,0.00254
ASH,2012-09-08,2e-4,0.00508
ASH,2012-09-09,0.6505,16.522699999999997
ASH,2012-09-10,0,0
ASH,2012-09-11,0,0
ASH,2012-09-12,1e-4,0.00254
ASH,2012-09-13,2e-4,0.00508
ASH,2012-09-14,1e-4,0.00254
ASH,2012-09-15,0.0201,0.51054
ASH,2012-09-16,0,0
ASH,2012-09-17,1e-4,0.00254
ASH,2012-09-18,0.0308,0.78232
ASH,2012-09-19,2.1102,53.599079999999994
ASH,2012-09-20,0,0
ASH,2012-09-21,0,0
ASH,2012-09-22,0,0
ASH,2012-09-23,0.1104,2.80416
ASH,2012-09-24,0,0
ASH,2012-09-25,0,0
ASH,2012-09-26,5e-4,0.0127
ASH,2012-09-27,0.0103,0.26161999999999996
ASH,2012-09-28,1.6605,42.1767
ASH,2012-09-29,0.2706,6.87324
ASH,2012-09-30,0.0509,1.29286
ASH,2012-10-01,0.0101,0.25654
ASH,2012-10-02,0.10010000000000001,2.5425400000000002
ASH,2012-10-03,0.2611,6.631939999999999
ASH,2012-10-04,0.08120000000000001,2.0624800000000003
ASH,2012-10-05,0.0206,0.5232399999999999
ASH,2012-10-06,0.0301,0.7645399999999999
ASH,2012-10-07,0,0
ASH,2012-10-08,0.1403,3.56362
ASH,2012-10-09,2e-4,0.00508
ASH,2012-10-10,0.8906000000000001,22.62124
ASH,2012-10-11,0,0
ASH,2012-10-12,0.0402,1.02108
ASH,2012-10-13,0,0
ASH,2012-10-14,0.5009,12.722859999999999
ASH,2012-10-15,2e-4,0.00508
ASH,2012-10-16,0.6805,17.284699999999997
ASH,2012-10-17,0,0
ASH,2012-10-18,0,0
ASH,2012-10-19,0.7014,17.815559999999998
ASH,2012-10-20,0.3401,8.638539999999999
ASH,2012-10-21,0,0
ASH,2012-10-22,0,0
ASH,2012-10-23,0,0
ASH,2012-10-24,1e-4,0.00254
ASH,2012-10-25,0,0
ASH,2012-10-26,1e-4,0.00254
ASH,2012-10-27,0,0
ASH,2012-10-28,7e-4,0.017779999999999997
ASH,2012-10-29,2.3621,59.997339999999994
ASH,2012-10-30,4.861,123.4694
ASH,2012-10-31,3.5703,90.68562
ASH,2012-11-01,0,0
ASH,2012-11-02,2e-4,0.00508
ASH,2012-11-03,0,0
ASH,2012-11-04,0,0
ASH,2012-11-05,0,0
ASH,2012-11-06,0,0
ASH,2012-11-07,0,0
ASH,2012-11-08,1.4145,35.9283
ASH,2012-11-09,1e-4,0.00254
ASH,2012-11-10,0,0
ASH,2012-11-11,1e-4,0.00254
ASH,2012-11-12,0,0
ASH,2012-11-13,0.4305,10.9347
ASH,2012-11-14,0,0
ASH,2012-11-15,0,0
ASH,2012-11-16,0,0
ASH,2012-11-17,1e-4,0.00254
ASH,2012-11-18,2e-4,0.00508
ASH,2012-11-19,0,0
ASH,2012-11-20,0,0
ASH,2012-11-21,0,0
ASH,2012-11-22,2e-4,0.00508
ASH,2012-11-23,0,0
ASH,2012-11-24,0.001,0.0254
ASH,2012-11-25,0,0
ASH,2012-11-26,0,0
ASH,2012-11-27,0.0307,0.77978
ASH,2012-11-28,0,0
ASH,2012-11-29,0,0
ASH,2012-11-30,0,0
ASH,2012-12-01,0.0019,0.04826
ASH,2012-12-02,0.0407,1.03378
ASH,2012-12-03,0.0302,0.76708
ASH,2012-12-04,3.0000000000000003e-4,0.00762
ASH,2012-12-05,0.030100000000000002,0.76454
ASH,2012-12-06,1e-4,0.00254
ASH,2012-12-07,0.020300000000000002,0.5156200000000001
ASH,2012-12-08,0.6509,16.53286
ASH,2012-12-09,0.03,0.7619999999999999
ASH,2012-12-10,1.3102,33.27908
ASH,2012-12-11,0.0102,0.25908
ASH,2012-12-12,0,0
ASH,2012-12-13,0,0
ASH,2012-12-14,0,0
ASH,2012-12-15,0,0
ASH,2012-12-16,0.0013000000000000002,0.03302
ASH,2012-12-17,0.004,0.1016
ASH,2012-12-18,2.052,52.120799999999996
ASH,2012-12-19,2e-4,0.00508
ASH,2012-12-20,0,0
ASH,2012-12-21,1.6301,41.40454
ASH,2012-12-22,0,0
ASH,2012-12-23,0,0
ASH,2012-12-24,0,0
ASH,2012-12-25,0.0012000000000000001,0.03048
ASH,2012-12-26,0,0
ASH,2012-12-27,0.0071,0.18034
ASH,2012-12-28,0.0038,0.09652
ASH,2012-12-29,0.0015,0.0381
ASH,2012-12-30,0.0061,0.15494
ASH,2012-12-31,0,0
ASH,2013-01-01,0,0
ASH,2013-01-02,3.0000000000000003e-4,0.00762
ASH,2013-01-03,0,0
ASH,2013-01-04,0,0
ASH,2013-01-05,0,0
ASH,2013-01-06,0.0608,1.54432
ASH,2013-01-07,0.01,0.254
ASH,2013-01-08,0.07,1.778
ASH,2013-01-09,0.0201,0.51054
ASH,2013-01-10,0,0
ASH,2013-01-11,0.0102,0.25908
ASH,2013-01-12,0.3507,8.907779999999999
ASH,2013-01-13,0.01,0.254
ASH,2013-01-14,0,0
ASH,2013-01-15,0,0
ASH,2013-01-16,0.0047,0.11938
ASH,2013-01-17,0.27,6.858
ASH,2013-01-18,0,0
ASH,2013-01-19,0.06,1.5239999999999998
ASH,2013-01-20,0,0
ASH,2013-01-21,4e-4,0.01016
ASH,2013-01-22,0.0012000000000000001,0.03048
ASH,2013-01-23,0,0
ASH,2013-01-24,0,0
ASH,2013-01-25,0,0
ASH,2013-01-26,8e-4,0.02032
ASH,2013-01-27,0,0
ASH,2013-01-28,0.0014,0.035559999999999994
ASH,2013-01-29,0.0024000000000000002,0.06096
ASH,2013-01-30,0.3116,7.9146399999999995
ASH,2013-01-31,1.2804,32.52216
ASH,2013-02-01,0,0
ASH,2013-02-02,0,0
ASH,2013-02-03,0.0019,0.04826
ASH,2013-02-04,3.0000000000000003e-4,0.00762
ASH,2013-02-05,0,0
ASH,2013-02-06,0.0015,0.0381
ASH,2013-02-07,0,0
ASH,2013-02-08,0.0025,0.0635
ASH,2013-02-09,0.0035,0.08889999999999999
ASH,2013-02-10,0.04,1.016
ASH,2013-02-11,0.0026000000000000003,0.06604
ASH,2013-02-12,0.23,5.842
ASH,2013-02-13,0,0
ASH,2013-02-14,0,0
ASH,2013-02-15,0,0
ASH,2013-02-16,0.05,1.27
ASH,2013-02-17,0.0028,0.07111999999999999
ASH,2013-02-18,0,0
ASH,2013-02-19,0.01,0.254
ASH,2013-02-20,0.54,13.716
ASH,2013-02-21,0,0
ASH,2013-02-22,0,0
ASH,2013-02-23,0,0
ASH,2013-02-24,0.5518,14.015719999999998
ASH,2013-02-25,0.4234,10.75436
ASH,2013-02-26,0.1,2.54
ASH,2013-02-27,1.4902,37.851079999999996
ASH,2013-02-28,0.24,6.095999999999999
ASH,2013-03-01,0,0
ASH,2013-03-02,0,0
ASH,2013-03-03,6.000000000000001e-4,0.01524
ASH,2013-03-04,0,0
ASH,2013-03-05,0,0
ASH,2013-03-06,0.2306,5.85724
ASH,2013-03-07,0.016,0.4064
ASH,2013-03-08,0.1522,3.8658799999999998
ASH,2013-03-09,0,0
ASH,2013-03-10,0,0
ASH,2013-03-11,0,0
ASH,2013-03-12,0.68,17.272000000000002
ASH,2013-03-13,0.26,6.604
ASH,2013-03-14,0,0
ASH,2013-03-15,0,0
ASH,2013-03-16,0,0
ASH,2013-03-17,0,0
ASH,2013-03-18,0,0
ASH,2013-03-19,0.0309,0.78486
ASH,2013-03-20,0.08020000000000001,2.03708
ASH,2013-03-21,0.19,4.826
ASH,2013-03-22,0.05,1.27
ASH,2013-03-23,0.03,0.7619999999999999
ASH,2013-03-24,0,0
ASH,2013-03-25,0,0
ASH,2013-03-26,0,0
ASH,2013-03-27,0,0
ASH,2013-03-28,0.01,0.254
ASH,2013-03-29,0,0
ASH,2013-03-30,0,0
ASH,2013-03-31,0,0
ASH,2013-04-01,0.89,22.605999999999998
ASH,2013-04-02,0,0
ASH,2013-04-03,0,0
ASH,2013-04-04,0,0
ASH,2013-04-05,0,0
ASH,2013-04-06,0,0
ASH,2013-04-07,0,0
ASH,2013-04-08,0,0
ASH,2013-04-09,0.06,1.5239999999999998
ASH,2013-04-10,0.81,20.574
ASH,2013-04-11,1.12,28.448
ASH,2013-04-12,0.8207,20.845779999999998
ASH,2013-04-13,0.14,3.556
ASH,2013-04-14,0,0
ASH,2013-04-15,0,0
ASH,2013-04-16,0.01,0.254
ASH,2013-04-17,1e-4,0.00254
ASH,2013-04-18,0,0
ASH,2013-04-19,1e-4,0.00254
ASH,2013-04-20,0.9206,23.383239999999997
ASH,2013-04-21,0,0
ASH,2013-04-22,0,0
ASH,2013-04-23,9.000000000000001e-4,0.022860000000000002
ASH,2013-04-24,2e-4,0.00508
ASH,2013-04-25,0.0702,1.7830799999999998
ASH,2013-04-26,0,0
ASH,2013-04-27,0,0
ASH,2013-04-28,0,0
ASH,2013-04-29,0,0
ASH,2013-04-30,0,0
ASH,2013-05-01,0,0
ASH,2013-05-02,0,0
ASH,2013-05-03,1e-4,0.00254
ASH,2013-05-04,0,0
ASH,2013-05-05,0,0
ASH,2013-05-06,0,0
ASH,2013-05-07,0,0
ASH,2013-05-08,0.0206,0.5232399999999999
ASH,2013-05-09,0.4606,11.69924
ASH,2013-05-10,0.032,0.8128
ASH,2013-05-11,0.1611,4.091939999999999
ASH,2013-05-12,0.0108,0.27432
ASH,2013-05-13,0,0
ASH,2013-05-14,0,0
ASH,2013-05-15,4e-4,0.01016
ASH,2013-05-16,0,0
ASH,2013-05-17,0,0
ASH,2013-05-18,0,0
ASH,2013-05-19,0.0102,0.25908
ASH,2013-05-20,0.2803,7.119619999999999
ASH,2013-05-21,0.0106,0.26924
ASH,2013-05-22,4.1107000000000005,104.41178000000001
ASH,2013-05-23,1.1408,28.976319999999998
ASH,2013-05-24,2.8612,72.67448
ASH,2013-05-25,1.7229,43.76166
ASH,2013-05-26,0.07100000000000001,1.8034000000000001
ASH,2013-05-27,0,0
ASH,2013-05-28,0,0
ASH,2013-05-29,0.5407,13.733779999999998
ASH,2013-05-30,0.26030000000000003,6.61162
ASH,2013-05-31,3.0000000000000003e-4,0.00762
ASH,2013-06-01,2e-4,0.00508
ASH,2013-06-02,0.0501,1.27254
ASH,2013-06-03,0.4204,10.67816
ASH,2013-06-04,0,0
ASH,2013-06-05,0,0
ASH,2013-06-06,0,0
ASH,2013-06-07,1.1004,27.95016
ASH,2013-06-08,3.5316,89.70264
ASH,2013-06-09,0,0
ASH,2013-06-10,0.0305,0.7746999999999999
ASH,2013-06-11,1.8209,46.250859999999996
ASH,2013-06-12,0.1508,3.8303199999999995
ASH,2013-06-13,0.2503,6.35762
ASH,2013-06-14,0.8703000000000001,22.105620000000002
ASH,2013-06-15,0,0
ASH,2013-06-16,1e-4,0.00254
ASH,2013-06-17,0.1203,3.05562
ASH,2013-06-18,0.8204,20.83816
ASH,2013-06-19,0,0
ASH,2013-06-20,0,0
ASH,2013-06-21,0,0
ASH,2013-06-22,0,0
ASH,2013-06-23,3.0000000000000003e-4,0.00762
ASH,2013-06-24,0.29000000000000004,7.3660000000000005
ASH,2013-06-25,0.2802,7.11708
ASH,2013-06-26,0.7006,17.79524
ASH,2013-06-27,0.0606,1.53924
ASH,2013-06-28,1.5417,39.15918
ASH,2013-06-29,3.0000000000000003e-4,0.00762
ASH,2013-06-30,2e-4,0.00508
ASH,2013-07-01,3.3703,85.60561999999999
ASH,2013-07-02,0.5807,14.74978
ASH,2013-07-03,0,0
ASH,2013-07-04,0,0
ASH,2013-07-05,0,0
ASH,2013-07-06,0,0
ASH,2013-07-07,1e-4,0.00254
ASH,2013-07-08,1.5702,39.88308
ASH,2013-07-09,0,0
ASH,2013-07-10,1.4207,36.08578
ASH,2013-07-11,0.0204,0.51816
ASH,2013-07-12,0,0
ASH,2013-07-13,4e-4,0.01016
ASH,2013-07-14,0,0
ASH,2013-07-15,0,0
ASH,2013-07-16,0,0
ASH,2013-07-17,1e-4,0.00254
ASH,2013-07-18,4e-4,0.01016
ASH,2013-07-19,0,0
ASH,2013-07-20,0,0
ASH,2013-07-21,2e-4,0.00508
ASH,2013-07-22,1e-4,0.00254
ASH,2013-07-23,0.9709,24.66086
ASH,2013-07-24,0,0
ASH,2013-07-25,2e-4,0.00508
ASH,2013-07-26,0.4208,10.68832
ASH,2013-07-27,1e-4,0.00254
ASH,2013-07-28,2e-4,0.00508
ASH,2013-07-29,0.060300000000000006,1.53162
ASH,2013-07-30,0,0
ASH,2013-07-31,6.000000000000001e-4,0.01524
ASH,2013-08-01,5e-4,0.0127
ASH,2013-08-02,1.6703000000000001,42.42562
ASH,2013-08-03,1e-4,0.00254
ASH,2013-08-04,2e-4,0.00508
ASH,2013-08-05,0,0
ASH,2013-08-06,3.0000000000000003e-4,0.00762
ASH,2013-08-07,5e-4,0.0127
ASH,2013-08-08,0.2001,5.08254
ASH,2013-08-09,2.9604,75.19416
ASH,2013-08-10,0,0
ASH,2013-08-11,3.0000000000000003e-4,0.00762
ASH,2013-08-12,2e-4,0.00508
ASH,2013-08-13,0.0502,1.27508
ASH,2013-08-14,0,0
ASH,2013-08-15,0,0
ASH,2013-08-16,1e-4,0.00254
ASH,2013-08-17,2e-4,0.00508
ASH,2013-08-18,3.0000000000000003e-4,0.00762
ASH,2013-08-19,0,0
ASH,2013-08-20,2e-4,0.00508
ASH,2013-08-21,0,0
ASH,2013-08-22,1e-4,0.00254
ASH,2013-08-23,0,0
ASH,2013-08-24,1e-4,0.00254
ASH,2013-08-25,1e-4,0.00254
ASH,2013-08-26,0.0702,1.7830799999999998
ASH,2013-08-27,3.0000000000000003e-4,0.00762
ASH,2013-08-28,1e-4,0.00254
ASH,2013-08-29,0.04,1.016
ASH,2013-08-30,3.0000000000000003e-4,0.00762
ASH,2013-08-31,0.4809,12.21486
ASH,2013-09-01,0.0105,0.2667
ASH,2013-09-02,1.0108,25.674319999999998
ASH,2013-09-03,7e-4,0.017779999999999997
ASH,2013-09-04,0,0
ASH,2013-09-05,3.0000000000000003e-4,0.00762
ASH,2013-09-06,0,0
ASH,2013-09-07,2e-4,0.00508
ASH,2013-09-08,0.0102,0.25908
ASH,2013-09-09,0,0
ASH,2013-09-10,0.24029999999999999,6.103619999999999
ASH,2013-09-11,3.0000000000000003e-4,0.00762
ASH,2013-09-12,0.2206,5.6032399999999996
ASH,2013-09-13,3.0613,77.75702
ASH,2013-09-14,0,0
ASH,2013-09-15,0,0
ASH,2013-09-16,0.0102,0.25908
ASH,2013-09-17,0,0
ASH,2013-09-18,5e-4,0.0127
ASH,2013-09-19,0,0
ASH,2013-09-20,2e-4,0.00508
ASH,2013-09-21,0,0
ASH,2013-09-22,1.1300999999999999,28.704539999999994
ASH,2013-09-23,0,0
ASH,2013-09-24,0,0
ASH,2013-09-25,1e-4,0.00254
ASH,2013-09-26,1e-4,0.00254
ASH,2013-09-27,0,0
ASH,2013-09-28,2e-4,0.00508
ASH,2013-09-29,2e-4,0.00508
ASH,2013-09-30,2e-4,0.00508
ASH,2013-10-01,1e-4,0.00254
ASH,2013-10-02,0,0
ASH,2013-10-03,0,0
ASH,2013-10-04,0.11030000000000001,2.8016200000000002
ASH,2013-10-05,1e-4,0.00254
ASH,2013-10-06,0.5009,12.722859999999999
ASH,2013-10-07,0.8804000000000001,22.36216
ASH,2013-10-08,0.4602,11.689079999999999
ASH,2013-10-09,0,0
ASH,2013-10-10,0,0
ASH,2013-10-11,2e-4,0.00508
ASH,2013-10-12,3.0000000000000003e-4,0.00762
ASH,2013-10-13,0.0101,0.25654
ASH,2013-10-14,0,0
ASH,2013-10-15,0,0
ASH,2013-10-16,0,0
ASH,2013-10-17,0,0
ASH,2013-10-18,0.0307,0.77978
ASH,2013-10-19,0,0
ASH,2013-10-20,2e-4,0.00508
ASH,2013-10-21,0,0
ASH,2013-10-22,0,0
ASH,2013-10-23,0,0
ASH,2013-10-24,0,0
ASH,2013-10-25,0,0
ASH,2013-10-26,0,0
ASH,2013-10-27,0,0
ASH,2013-10-28,0,0
ASH,2013-10-29,0,0
ASH,2013-10-30,4e-4,0.01016
ASH,2013-10-31,0.36,9.143999999999998
ASH,2013-11-01,0.0808,2.05232
ASH,2013-11-02,0.01,0.254
ASH,2013-11-03,0.0305,0.7746999999999999
ASH,2013-11-04,0,0
ASH,2013-11-05,0,0
ASH,2013-11-06,0.04,1.016
ASH,2013-11-07,0.0205,0.5206999999999999
ASH,2013-11-08,4e-4,0.01016
ASH,2013-11-09,0,0
ASH,2013-11-10,0.020300000000000002,0.5156200000000001
ASH,2013-11-11,0,0
ASH,2013-11-12,0.0608,1.54432
ASH,2013-11-13,0,0
ASH,2013-11-14,0,0
ASH,2013-11-15,0,0
ASH,2013-11-16,0,0
ASH,2013-11-17,5e-4,0.0127
ASH,2013-11-18,0.4308,10.94232
ASH,2013-11-19,3.0000000000000003e-4,0.00762
ASH,2013-11-20,0,0
ASH,2013-11-21,4e-4,0.01016
ASH,2013-11-22,0.3307,8.39978
ASH,2013-11-23,0,0
ASH,2013-11-24,0.0011,0.02794
ASH,2013-11-25,0,0
ASH,2013-11-26,6.000000000000001e-4,0.01524
ASH,2013-11-27,4.4306,112.53724
ASH,2013-11-28,0.13040000000000002,3.3121600000000004
ASH,2013-11-29,0,0
ASH,2013-11-30,0.25,6.35
ASH,2013-12-01,0.0221,0.5613400000000001
ASH,2013-12-02,6.000000000000001e-4,0.01524
ASH,2013-12-03,0,0
ASH,2013-12-04,0,0
ASH,2013-12-05,0.0106,0.26924
ASH,2013-12-06,0.0512,1.30048
ASH,2013-12-07,0.4217,10.71118
ASH,2013-12-08,0,0
ASH,2013-12-09,0.024300000000000002,0.61722
ASH,2013-12-10,0.051500000000000004,1.3081
ASH,2013-12-11,0.01,0.254
ASH,2013-12-12,4e-4,0.01016
ASH,2013-12-13,8e-4,0.02032
ASH,2013-12-14,7e-4,0.017779999999999997
ASH,2013-12-15,0.0056,0.14223999999999998
ASH,2013-12-16,1e-4,0.00254
ASH,2013-12-17,0.0017000000000000001,0.04318
ASH,2013-12-18,0.0021000000000000003,0.053340000000000005
ASH,2013-12-19,0,0
ASH,2013-12-20,0.25,6.35
ASH,2013-12-21,0.20020000000000002,5.0850800000000005
ASH,2013-12-22,0.0516,1.31064
ASH,2013-12-23,0.5421,13.76934
ASH,2013-12-24,0.05,1.27
ASH,2013-12-25,0,0
ASH,2013-12-26,0.0023,0.05841999999999999
ASH,2013-12-27,0,0
ASH,2013-12-28,0.02,0.508
ASH,2013-12-29,1.37,34.798
ASH,2013-12-30,1.0703,27.18562
ASH,2013-12-31,0,0
ASH,2014-01-01,1e-4,0.00254
ASH,2014-01-02,0.0059,0.14986
ASH,2014-01-03,0.0051,0.12954
ASH,2014-01-04,0,0
ASH,2014-01-05,0.02,0.508
ASH,2014-01-06,1.443,36.6522
ASH,2014-01-07,1e-4,0.00254
ASH,2014-01-08,0,0
ASH,2014-01-09,0,0
ASH,2014-01-10,0.0015,0.0381
ASH,2014-01-11,0.5915,15.0241
ASH,2014-01-12,0.2906,7.38124
ASH,2014-01-13,0,0
ASH,2014-01-14,0.8102,20.57908
ASH,2014-01-15,0.5508,13.990319999999999
ASH,2014-01-16,0,0
ASH,2014-01-17,0,0
ASH,2014-01-18,0.0023,0.05841999999999999
ASH,2014-01-19,0.0025,0.0635
ASH,2014-01-20,0.2101,5.33654
ASH,2014-01-21,5e-4,0.0127
ASH,2014-01-22,0.0012000000000000001,0.03048
ASH,2014-01-23,0,0
ASH,2014-01-24,0,0
ASH,2014-01-25,4e-4,0.01016
ASH,2014-01-26,6.000000000000001e-4,0.01524
ASH,2014-01-27,0.0801,2.03454
ASH,2014-01-28,0,0
ASH,2014-01-29,0,0
ASH,2014-01-30,0,0
ASH,2014-01-31,0,0
ASH,2014-02-01,0,0
ASH,2014-02-02,0.030100000000000002,0.76454
ASH,2014-02-03,0.0018000000000000002,0.045720000000000004
ASH,2014-02-04,0.05,1.27
ASH,2014-02-05,0.0045000000000000005,0.11430000000000001
ASH,2014-02-06,0.0014,0.035559999999999994
ASH,2014-02-07,0,0
ASH,2014-02-08,0,0
ASH,2014-02-09,5e-4,0.0127
ASH,2014-02-10,0.0033,0.08381999999999999
ASH,2014-02-11,0,0
ASH,2014-02-12,0,0
ASH,2014-02-13,0.0043,0.10922
ASH,2014-02-14,0.1922,4.88188
ASH,2014-02-15,0.0013000000000000002,0.03302
ASH,2014-02-16,0.0023,0.05841999999999999
ASH,2014-02-17,0.01,0.254
ASH,2014-02-18,0.0028,0.07111999999999999
ASH,2014-02-19,0.002,0.0508
ASH,2014-02-20,0.5606,14.239239999999999
ASH,2014-02-21,2.4111,61.24193999999999
ASH,2014-02-22,0.0101,0.25654
ASH,2014-02-23,0,0
ASH,2014-02-24,9.000000000000001e-4,0.022860000000000002
ASH,2014-02-25,0,0
ASH,2014-02-26,0,0
ASH,2014-02-27,3.0000000000000003e-4,0.00762
ASH,2014-02-28,6.000000000000001e-4,0.01524
ASH,2014-03-01,0,0
ASH,2014-03-02,2e-4,0.00508
ASH,2014-03-03,0,0
ASH,2014-03-04,0,0
ASH,2014-03-05,0.0026000000000000003,0.06604
ASH,2014-03-06,3.0000000000000003e-4,0.00762
ASH,2014-03-07,0,0
ASH,2014-03-08,0,0
ASH,2014-03-09,0,0
ASH,2014-03-10,7e-4,0.017779999999999997
ASH,2014-03-11,6.000000000000001e-4,0.01524
ASH,2014-03-12,0.7109,18.056859999999997
ASH,2014-03-13,0.6148,15.61592
ASH,2014-03-14,0,0
ASH,2014-03-15,3.0000000000000003e-4,0.00762
ASH,2014-03-16,0,0
ASH,2014-03-17,0,0
ASH,2014-03-18,0,0
ASH,2014-03-19,2e-4,0.00508
ASH,2014-03-20,1.0923,27.744419999999998
ASH,2014-03-21,0,0
ASH,2014-03-22,4e-4,0.01016
ASH,2014-03-23,0,0
ASH,2014-03-24,0,0
ASH,2014-03-25,0,0
ASH,2014-03-26,0,0
ASH,2014-03-27,0,0
ASH,2014-03-28,0.0405,1.0287
ASH,2014-03-29,0.2402,6.10108
ASH,2014-03-30,3.671,93.2434
ASH,2014-03-31,2.9104,73.92416
ASH,2014-04-01,0,0
ASH,2014-04-02,0,0
ASH,2014-04-03,0,0
ASH,2014-04-04,1e-4,0.00254
ASH,2014-04-05,0.7306,18.55724
ASH,2014-04-06,0,0
ASH,2014-04-07,0,0
ASH,2014-04-08,0.8406,21.35124
ASH,2014-04-09,0,0
ASH,2014-04-10,0,0
ASH,2014-04-11,0.0204,0.51816
ASH,2014-04-12,0.3404,8.646159999999998
ASH,2014-04-13,0.0502,1.27508
ASH,2014-04-14,0,0
ASH,2014-04-15,0.4311,10.94994
ASH,2014-04-16,0.5406,13.731239999999998
ASH,2014-04-17,0,0
ASH,2014-04-18,0,0
ASH,2014-04-19,0,0
ASH,2014-04-20,0,0
ASH,2014-04-21,0,0
ASH,2014-04-22,0,0
ASH,2014-04-23,0.1104,2.80416
ASH,2014-04-24,1e-4,0.00254
ASH,2014-04-25,0,0
ASH,2014-04-26,0.3402,8.641079999999999
ASH,2014-04-27,0.0709,1.8008600000000001
ASH,2014-04-28,1e-4,0.00254
ASH,2014-04-29,4e-4,0.01016
ASH,2014-04-30,0.2215,5.6261
ASH,2014-05-01,1.6708,42.43832
ASH,2014-05-02,0.13090000000000002,3.32486
ASH,2014-05-03,1e-4,0.00254
ASH,2014-05-04,0.0303,0.76962
ASH,2014-05-05,0,0
ASH,2014-05-06,3.0000000000000003e-4,0.00762
ASH,2014-05-07,0,0
ASH,2014-05-08,0,0
ASH,2014-05-09,0.0105,0.2667
ASH,2014-05-10,0.0801,2.03454
ASH,2014-05-11,0,0
ASH,2014-05-12,0,0
ASH,2014-05-13,5e-4,0.0127
ASH,2014-05-14,1e-4,0.00254
ASH,2014-05-15,0,0
ASH,2014-05-16,0.0906,2.30124
ASH,2014-05-17,3.4201,86.87054
ASH,2014-05-18,0,0
ASH,2014-05-19,2e-4,0.00508
ASH,2014-05-20,4e-4,0.01016
ASH,2014-05-21,1e-4,0.00254
ASH,2014-05-22,0.5316,13.502639999999998
ASH,2014-05-23,0.10400000000000001,2.6416
ASH,2014-05-24,0.43069999999999997,10.939779999999999
ASH,2014-05-25,0.0504,1.28016
ASH,2014-05-26,0.0104,0.26415999999999995
ASH,2014-05-27,0.0303,0.76962
ASH,2014-05-28,1.3614,34.579559999999994
ASH,2014-05-29,0.01,0.254
ASH,2014-05-30,4e-4,0.01016
ASH,2014-05-31,0.0208,0.5283199999999999
ASH,2014-06-01,3.0000000000000003e-4,0.00762
ASH,2014-06-02,0,0
ASH,2014-06-03,0,0
ASH,2014-06-04,3.0000000000000003e-4,0.00762
ASH,2014-06-05,0.4006,10.17524
ASH,2014-06-06,2e-4,0.00508
ASH,2014-06-07,0,0
ASH,2014-06-08,0,0
ASH,2014-06-09,5e-4,0.0127
ASH,2014-06-10,4e-4,0.01016
ASH,2014-06-11,2e-4,0.00508
ASH,2014-06-12,3.0000000000000003e-4,0.00762
ASH,2014-06-13,4.7811,121.43994000000001
ASH,2014-06-14,0.0208,0.5283199999999999
ASH,2014-06-15,0,0
ASH,2014-06-16,0,0
ASH,2014-06-17,1e-4,0.00254
ASH,2014-06-18,0.1301,3.30454
ASH,2014-06-19,0,0
ASH,2014-06-20,0,0
ASH,2014-06-21,0,0
ASH,2014-06-22,0,0
ASH,2014-06-23,1e-4,0.00254
ASH,2014-06-24,0.06,1.5239999999999998
ASH,2014-06-25,0,0
ASH,2014-06-26,0.7007,17.79778
ASH,2014-06-27,3.0000000000000003e-4,0.00762
ASH,2014-06-28,2e-4,0.00508
ASH,2014-06-29,2e-4,0.00508
ASH,2014-06-30,0,0
ASH,2014-07-01,0,0
ASH,2014-07-02,0.88,22.352
ASH,2014-07-03,0.5205,13.220699999999999
ASH,2014-07-04,0.8004,20.33016
ASH,2014-07-05,0.4706,11.95324
ASH,2014-07-06,0,0
ASH,2014-07-07,0.1302,3.30708
ASH,2014-07-08,0.7403,18.80362
ASH,2014-07-09,0,0
ASH,2014-07-10,0.5802,14.73708
ASH,2014-07-11,4e-4,0.01016
ASH,2014-07-12,3.0000000000000003e-4,0.00762
ASH,2014-07-13,0,0
ASH,2014-07-14,7e-4,0.017779999999999997
ASH,2014-07-15,0.6507000000000001,16.52778
ASH,2014-07-16,1.8215000000000001,46.2661
ASH,2014-07-17,1e-4,0.00254
ASH,2014-07-18,1e-4,0.00254
ASH,2014-07-19,2e-4,0.00508
ASH,2014-07-20,1e-4,0.00254
ASH,2014-07-21,2e-4,0.00508
ASH,2014-07-22,0,0
ASH,2014-07-23,0,0
ASH,2014-07-24,0.37,9.398
ASH,2014-07-25,0,0
ASH,2014-07-26,0,0
ASH,2014-07-27,0.1702,4.323079999999999
ASH,2014-07-28,1.1101,28.196540000000002
ASH,2014-07-29,0,0
ASH,2014-07-30,2e-4,0.00508
ASH,2014-07-31,0,0
ASH,2014-08-01,0.0208,0.5283199999999999
ASH,2014-08-02,0,0
ASH,2014-08-03,0,0
ASH,2014-08-04,3.0000000000000003e-4,0.00762
ASH,2014-08-05,2e-4,0.00508
ASH,2014-08-06,1.7103,43.44161999999999
ASH,2014-08-07,0.0601,1.52654
ASH,2014-08-08,0,0
ASH,2014-08-09,3.0000000000000003e-4,0.00762
ASH,2014-08-10,1e-4,0.00254
ASH,2014-08-11,1e-4,0.00254
ASH,2014-08-12,0,0
ASH,2014-08-13,6.7807,172.22978
ASH,2014-08-14,0.0014,0.035559999999999994
ASH,2014-08-15,0.0101,0.25654
ASH,2014-08-16,0,0
ASH,2014-08-17,4e-4,0.01016
ASH,2014-08-18,0,0
ASH,2014-08-19,1e-4,0.00254
ASH,2014-08-20,1e-4,0.00254
ASH,2014-08-21,1e-4,0.00254
ASH,2014-08-22,1.1405,28.968700000000002
ASH,2014-08-23,0,0
ASH,2014-08-24,6.000000000000001e-4,0.01524
ASH,2014-08-25,1e-4,0.00254
ASH,2014-08-26,2e-4,0.00508
ASH,2014-08-27,0,0
ASH,2014-08-28,0,0
ASH,2014-08-29,2e-4,0.00508
ASH,2014-08-30,2e-4,0.00508
ASH,2014-08-31,2e-4,0.00508
ASH,2014-09-01,0.0302,0.76708
ASH,2014-09-02,0.9201,23.37054
ASH,2014-09-03,0.61,15.493999999999998
ASH,2014-09-04,1e-4,0.00254
ASH,2014-09-05,2e-4,0.00508
ASH,2014-09-06,0.74,18.796
ASH,2014-09-07,0.11040000000000001,2.80416
ASH,2014-09-08,0,0
ASH,2014-09-09,0,0
ASH,2014-09-10,0.05,1.27
ASH,2014-09-11,2e-4,0.00508
ASH,2014-09-12,0,0
ASH,2014-09-13,0.1701,4.320539999999999
ASH,2014-09-14,0.0105,0.2667
ASH,2014-09-15,0,0
ASH,2014-09-16,0.1001,2.54254
ASH,2014-09-17,2e-4,0.00508
ASH,2014-09-18,1e-4,0.00254
ASH,2014-09-19,0,0
ASH,2014-09-20,0,0
ASH,2014-09-21,1.691,42.9514
ASH,2014-09-22,1e-4,0.00254
ASH,2014-09-23,1e-4,0.00254
ASH,2014-09-24,2e-4,0.00508
ASH,2014-09-25,0,0
ASH,2014-09-26,2e-4,0.00508
ASH,2014-09-27,2e-4,0.00508
ASH,2014-09-28,1e-4,0.00254
ASH,2014-09-29,0,0
ASH,2014-09-30,0,0
ASH,2014-10-01,0.3632,9.22528
ASH,2014-10-02,0.4805,12.204699999999999
ASH,2014-10-03,0,0
ASH,2014-10-04,0.31020000000000003,7.87908
ASH,2014-10-05,0.0101,0.25654
ASH,2014-10-06,0,0
ASH,2014-10-07,1e-4,0.00254
ASH,2014-10-08,0.0508,1.29032
ASH,2014-10-09,0,0
ASH,2014-10-10,0,0
ASH,2014-10-11,0.2801,7.11454
ASH,2014-10-12,0,0
ASH,2014-10-13,1e-4,0.00254
ASH,2014-10-14,0,0
ASH,2014-10-15,1e-4,0.00254
ASH,2014-10-16,0.0047,0.11938
ASH,2014-10-17,1e-4,0.00254
ASH,2014-10-18,2e-4,0.00508
ASH,2014-10-19,0,0
ASH,2014-10-20,0,0
ASH,2014-10-21,2e-4,0.00508
ASH,2014-10-22,0.0047,0.11938
ASH,2014-10-23,0.0082,0.20828
ASH,2014-10-24,0.0023,0.05841999999999999
ASH,2014-10-25,0,0
ASH,2014-10-26,4e-4,0.01016
ASH,2014-10-27,0,0
ASH,2014-10-28,0,0
ASH,2014-10-29,3.0000000000000003e-4,0.00762
ASH,2014-10-30,2e-4,0.00508
ASH,2014-10-31,0,0
ASH,2014-11-01,0.0021000000000000003,0.053340000000000005
ASH,2014-11-02,8e-4,0.02032
ASH,2014-11-03,0,0
ASH,2014-11-04,0,0
ASH,2014-11-05,0,0
ASH,2014-11-06,0.0016,0.04064
ASH,2014-11-07,0.0017000000000000001,0.04318
ASH,2014-11-08,0,0
ASH,2014-11-09,0,0
ASH,2014-11-10,0,0
ASH,2014-11-11,0,0
ASH,2014-11-12,2e-4,0.00508
ASH,2014-11-13,0,0
ASH,2014-11-14,0.0014,0.035559999999999994
ASH,2014-11-15,0,0
ASH,2014-11-16,0,0
ASH,2014-11-17,0.0051,0.12954
ASH,2014-11-18,5e-4,0.0127
ASH,2014-11-19,0,0
ASH,2014-11-20,0,0
ASH,2014-11-21,0,0
ASH,2014-11-22,0,0
ASH,2014-11-23,0,0
ASH,2014-11-24,0.0027,0.06858
ASH,2014-11-25,0,0
ASH,2014-11-26,0.0041,0.10414
ASH,2014-11-27,0.0043,0.10922
ASH,2014-11-28,0.0031000000000000003,0.07874
ASH,2014-11-29,0,0
ASH,2014-11-30,0,0
ASH,2014-12-01,0,0
ASH,2014-12-02,1e-4,0.00254
ASH,2014-12-03,0.0045000000000000005,0.11430000000000001
ASH,2014-12-04,0,0
ASH,2014-12-05,0,0
ASH,2014-12-06,0.0049,0.12445999999999999
ASH,2014-12-07,8e-4,0.02032
ASH,2014-12-08,1e-4,0.00254
ASH,2014-12-09,0.0033,0.08381999999999999
ASH,2014-12-10,0.0039000000000000003,0.09906
ASH,2014-12-11,0.0055000000000000005,0.13970000000000002
ASH,2014-12-12,0.0014,0.035559999999999994
ASH,2014-12-13,3.0000000000000003e-4,0.00762
ASH,2014-12-14,0,0
ASH,2014-12-15,0,0
ASH,2014-12-16,3.0000000000000003e-4,0.00762
ASH,2014-12-17,0.0028,0.07111999999999999
ASH,2014-12-18,2e-4,0.00508
ASH,2014-12-19,0,0
ASH,2014-12-20,0,0
ASH,2014-12-21,7e-4,0.017779999999999997
ASH,2014-12-22,7e-4,0.017779999999999997
ASH,2014-12-23,0.0049,0.12445999999999999
ASH,2014-12-24,0.0048000000000000004,0.12192
ASH,2014-12-25,0.0026000000000000003,0.06604
ASH,2014-12-26,0,0
ASH,2014-12-27,0,0
ASH,2014-12-28,6.000000000000001e-4,0.01524
ASH,2014-12-29,0,0
ASH,2014-12-30,0,0
ASH,2014-12-31,0,0
ASH,2015-01-01,0,0
ASH,2015-01-02,2e-4,0.00508
ASH,2015-01-03,5e-4,0.0127
ASH,2015-01-04,0.0048000000000000004,0.12192
ASH,2015-01-05,3.0000000000000003e-4,0.00762
ASH,2015-01-06,0.001,0.0254
ASH,2015-01-07,0.001,0.0254
ASH,2015-01-08,2e-4,0.00508
ASH,2015-01-09,0.0029000000000000002,0.07366
ASH,2015-01-10,0,0
ASH,2015-01-11,0,0
ASH,2015-01-12,0,0
ASH,2015-01-13,0,0
ASH,2015-01-14,4e-4,0.01016
ASH,2015-01-15,0.0013000000000000002,0.03302
ASH,2015-01-16,5e-4,0.0127
ASH,2015-01-17,0,0
ASH,2015-01-18,0.0011,0.02794
ASH,2015-01-19,0.0022,0.05588
ASH,2015-01-20,0,0
ASH,2015-01-21,0,0
ASH,2015-01-22,0,0
ASH,2015-01-23,0,0
ASH,2015-01-24,0.0031000000000000003,0.07874
ASH,2015-01-25,4e-4,0.01016
ASH,2015-01-26,3.0000000000000003e-4,0.00762
ASH,2015-01-27,0.0061,0.15494
ASH,2015-01-28,9.000000000000001e-4,0.022860000000000002
ASH,2015-01-29,0,0
ASH,2015-01-30,0.0045000000000000005,0.11430000000000001
ASH,2015-01-31,0.003,0.0762
ASH,2015-02-01,0,0
ASH,2015-02-02,0.005,0.127
ASH,2015-02-03,8e-4,0.02032
ASH,2015-02-04,0,0
ASH,2015-02-05,0.0041,0.10414
ASH,2015-02-06,1e-4,0.00254
ASH,2015-02-07,3.0000000000000003e-4,0.00762
ASH,2015-02-08,0.0059,0.14986
ASH,2015-02-09,0.0076,0.19304
ASH,2015-02-10,0.0023,0.05841999999999999
ASH,2015-02-11,0,0
ASH,2015-02-12,0.0031000000000000003,0.07874
ASH,2015-02-13,0.0014,0.035559999999999994
ASH,2015-02-14,0.0011,0.02794
ASH,2015-02-15,0.0079,0.20066
ASH,2015-02-16,0.002,0.0508
ASH,2015-02-17,0,0
ASH,2015-02-18,6.000000000000001e-4,0.01524
ASH,2015-02-19,0.0038,0.09652
ASH,2015-02-20,0,0
ASH,2015-02-21,9.000000000000001e-4,0.022860000000000002
ASH,2015-02-22,0.0021000000000000003,0.053340000000000005
ASH,2015-02-23,0,0
ASH,2015-02-24,0,0
ASH,2015-02-25,6.000000000000001e-4,0.01524
ASH,2015-02-26,0,0
ASH,2015-02-27,0,0
ASH,2015-02-28,0,0
ASH,2015-03-01,7e-4,0.017779999999999997
ASH,2015-03-02,0.0017000000000000001,0.04318
ASH,2015-03-03,3.0000000000000003e-4,0.00762
ASH,2015-03-04,0.0021000000000000003,0.053340000000000005
ASH,2015-03-05,0,0
ASH,2015-03-06,0,0
ASH,2015-03-07,0,0
ASH,2015-03-08,9.000000000000001e-4,0.022860000000000002
ASH,2015-03-09,0,0
ASH,2015-03-10,0,0
ASH,2015-03-11,0.0019,0.04826
ASH,2015-03-12,3.0000000000000003e-4,0.00762
ASH,2015-03-13,0,0
ASH,2015-03-14,0.0022,0.05588
ASH,2015-03-15,0.0021000000000000003,0.053340000000000005
ASH,2015-03-16,0,0
ASH,2015-03-17,0.0012000000000000001,0.03048
ASH,2015-03-18,3.0000000000000003e-4,0.00762
ASH,2015-03-19,0,0
ASH,2015-03-20,3.0000000000000003e-4,0.00762
ASH,2015-03-21,0.0035,0.08889999999999999
ASH,2015-03-22,0,0
ASH,2015-03-23,0,0
ASH,2015-03-24,0,0
ASH,2015-03-25,1e-4,0.00254
ASH,2015-03-26,0.0038,0.09652
ASH,2015-03-27,0.0025,0.0635
ASH,2015-03-28,0.0028,0.07111999999999999
ASH,2015-03-29,0,0
ASH,2015-03-30,7e-4,0.017779999999999997
ASH,2015-03-31,0,0
ASH,2015-04-01,0,0
ASH,2015-04-02,0,0
ASH,2015-04-03,3.0000000000000003e-4,0.00762
ASH,2015-04-04,0.0017000000000000001,0.04318
ASH,2015-04-05,0,0
ASH,2015-04-06,0,0
ASH,2015-04-07,7e-4,0.017779999999999997
ASH,2015-04-08,9.000000000000001e-4,0.022860000000000002
ASH,2015-04-09,0.0041,0.10414
ASH,2015-04-10,0.0026000000000000003,0.06604
ASH,2015-04-11,0,0
ASH,2015-04-12,0,0
ASH,2015-04-13,0,0
ASH,2015-04-14,3.0000000000000003e-4,0.00762
ASH,2015-04-15,0,0
ASH,2015-04-16,0,0
ASH,2015-04-17,0.001,0.0254
ASH,2015-04-18,2e-4,0.00508
ASH,2015-04-19,0,0
ASH,2015-04-20,0.002,0.0508
ASH,2015-04-21,0.0031000000000000003,0.07874
ASH,2015-04-22,2e-4,0.00508
ASH,2015-04-23,9.000000000000001e-4,0.022860000000000002
ASH,2015-04-24,0,0
ASH,2015-04-25,0,0
ASH,2015-04-26,0,0
ASH,2015-04-27,2e-4,0.00508
ASH,2015-04-28,0.001,0.0254
ASH,2015-04-29,0.0101,0.25654
ASH,2015-04-30,4e-4,0.01016
ASH,2015-05-01,1e-4,0.00254
ASH,2015-05-02,0,0
ASH,2015-05-03,0,0
ASH,2015-05-04,0,0
ASH,2015-05-05,0,0
ASH,2015-05-06,0,0
ASH,2015-05-07,0,0
ASH,2015-05-08,0,0
ASH,2015-05-09,0,0
ASH,2015-05-10,0,0
ASH,2015-05-11,0,0
ASH,2015-05-12,6.000000000000001e-4,0.01524
ASH,2015-05-13,2e-4,0.00508
ASH,2015-05-14,0,0
ASH,2015-05-15,0,0
ASH,2015-05-16,2e-4,0.00508
ASH,2015-05-17,0,0
ASH,2015-05-18,0,0
ASH,2015-05-19,0.002,0.0508
ASH,2015-05-20,0,0
ASH,2015-05-21,0.01,0.254
ASH,2015-05-22,0,0
ASH,2015-05-23,0,0
ASH,2015-05-24,0,0
ASH,2015-05-25,3.0000000000000003e-4,0.00762
ASH,2015-05-26,5e-4,0.0127
ASH,2015-05-27,0,0
ASH,2015-05-28,9.000000000000001e-4,0.022860000000000002
ASH,2015-05-29,1e-4,0.00254
ASH,2015-05-30,0.0101,0.25654
ASH,2015-05-31,0.0025,0.0635
ASH,2015-06-01,0.0068000000000000005,0.17272
ASH,2015-06-02,0.0063,0.16002
ASH,2015-06-03,0,0
ASH,2015-06-04,0.01,0.254
ASH,2015-06-05,0,0
ASH,2015-06-06,4e-4,0.01016
ASH,2015-06-07,0,0
ASH,2015-06-08,0.01,0.254
ASH,2015-06-09,0.0208,0.5283199999999999
ASH,2015-06-10,0,0
ASH,2015-06-11,0,0
ASH,2015-06-12,0,0
ASH,2015-06-13,0.020300000000000002,0.5156200000000001
ASH,2015-06-14,0,0
ASH,2015-06-15,0.521,13.2334
ASH,2015-06-16,0.0204,0.51816
ASH,2015-06-17,4e-4,0.01016
ASH,2015-06-18,0,0
ASH,2015-06-19,1e-4,0.00254
ASH,2015-06-20,0,0
ASH,2015-06-21,3.7206,94.50323999999999
ASH,2015-06-22,3.0000000000000003e-4,0.00762
ASH,2015-06-23,0.6403,16.26362
ASH,2015-06-24,0,0
ASH,2015-06-25,0,0
ASH,2015-06-26,0.0403,1.02362
ASH,2015-06-27,1e-4,0.00254
ASH,2015-06-28,2.5914,65.82156
ASH,2015-06-29,0.0703,1.78562
ASH,2015-06-30,0.0202,0.51308
ASH,2015-07-01,3.2604,82.81416
ASH,2015-07-02,1e-4,0.00254
ASH,2015-07-03,0,0
ASH,2015-07-04,0.0602,1.5290799999999998
ASH,2015-07-05,3.0000000000000003e-4,0.00762
ASH,2015-07-06,2e-4,0.00508
ASH,2015-07-07,0.11,2.794
ASH,2015-07-08,3.0000000000000003e-4,0.00762
ASH,2015-07-09,2e-4,0.00508
ASH,2015-07-10,1.681,42.6974
ASH,2015-07-11,2e-4,0.00508
ASH,2015-07-12,1e-4,0.00254
ASH,2015-07-13,0,0
ASH,2015-07-14,0.37,9.398
ASH,2015-07-15,0,0
ASH,2015-07-16,0,0
ASH,2015-07-17,1e-4,0.00254
ASH,2015-07-18,0.1805,4.5847
ASH,2015-07-19,3.0000000000000003e-4,0.00762
ASH,2015-07-20,1e-4,0.00254
ASH,2015-07-21,3.0000000000000003e-4,0.00762
ASH,2015-07-22,4e-4,0.01016
ASH,2015-07-23,0,0
ASH,2015-07-24,0.0707,1.79578
ASH,2015-07-25,0,0
ASH,2015-07-27,0,0
ASH,2015-07-28,0,0
ASH,2015-07-29,0,0
ASH,2015-07-30,0,0
ASH,2015-07-31,0,0
ASH,2015-08-01,0.0204,0.51816
ASH,2015-08-02,0,0
ASH,2015-08-03,0,0
ASH,2015-08-04,0.4206,10.68324
ASH,2015-08-05,0,0
ASH,2015-08-06,0,0
ASH,2015-08-07,0,0
ASH,2015-08-08,0,0
ASH,2015-08-09,0,0
ASH,2015-08-10,0,0
ASH,2015-08-11,0.5604,14.23416
ASH,2015-08-12,4e-4,0.01016
ASH,2015-08-13,0,0
ASH,2015-08-14,0,0
ASH,2015-08-15,0.02,0.508
ASH,2015-08-16,0,0
ASH,2015-08-17,0,0
ASH,2015-08-18,0,0
ASH,2015-08-19,0,0
ASH,2015-08-20,3.0000000000000003e-4,0.00762
ASH,2015-08-21,0.2009,5.10286
ASH,2015-08-22,2e-4,0.00508
ASH,2015-08-23,0.0104,0.26415999999999995
ASH,2015-08-24,0.0206,0.5232399999999999
ASH,2015-08-25,0,0
ASH,2015-08-26,0.0301,0.7645399999999999
ASH,2015-08-27,0,0
ASH,2015-08-28,0,0
ASH,2015-08-29,0,0
ASH,2015-08-30,0,0
ASH,2015-08-31,0,0
ASH,2015-09-01,0,0
ASH,2015-09-02,0,0
ASH,2015-09-03,0,0
ASH,2015-09-04,0,0
ASH,2015-09-05,0,0
ASH,2015-09-06,0,0
ASH,2015-09-07,0,0
ASH,2015-09-08,0,0
ASH,2015-09-09,0,0
ASH,2015-09-10,0.6502,16.515079999999998
ASH,2015-09-11,1.2102,30.739079999999998
ASH,2015-09-12,0,0
ASH,2015-09-13,0.0616,1.56464
ASH,2015-09-14,0.6501,16.512539999999998
ASH,2015-09-15,0,0
ASH,2015-09-16,0,0
ASH,2015-09-17,0,0
ASH,2015-09-18,0,0
ASH,2015-09-19,0,0
ASH,2015-09-20,1e-4,0.00254
ASH,2015-09-21,0,0
ASH,2015-09-22,0,0
ASH,2015-09-23,0,0
ASH,2015-09-24,0,0
ASH,2015-09-25,0,0
ASH,2015-09-26,0,0
ASH,2015-09-27,0,0
ASH,2015-09-28,0,0
ASH,2015-09-29,3.0000000000000003e-4,0.00762
ASH,2015-09-30,5.6614,143.79956
ASH,2015-10-01,0,0
ASH,2015-10-02,0.0305,0.7746999999999999
ASH,2015-10-03,5e-4,0.0127
ASH,2015-10-04,0,0
ASH,2015-10-05,0,0
ASH,2015-10-06,0,0
ASH,2015-10-07,0,0
ASH,2015-10-08,0,0
ASH,2015-10-09,0.6104,15.50416
ASH,2015-10-10,0.0014,0.035559999999999994
ASH,2015-10-11,0,0
ASH,2015-10-12,0,0
ASH,2015-10-13,0.0102,0.25908
ASH,2015-10-14,0,0
ASH,2015-10-15,0,0
ASH,2015-10-16,0.0103,0.26161999999999996
ASH,2015-10-17,2e-4,0.00508
ASH,2015-10-18,1e-4,0.00254
ASH,2015-10-19,0,0
ASH,2015-10-20,0.0704,1.78816
ASH,2015-10-21,3.0000000000000003e-4,0.00762
ASH,2015-10-22,3.0000000000000003e-4,0.00762
ASH,2015-10-23,0,0
ASH,2015-10-24,0,0
ASH,2015-10-25,0.0807,2.0497799999999997
ASH,2015-10-26,0,0
ASH,2015-10-27,0,0
ASH,2015-10-28,0.52,13.208
ASH,2015-10-29,1.0006,25.415239999999997
ASH,2015-10-30,0,0
ASH,2015-10-31,0,0
ASH,2015-11-01,0.0202,0.51308
ASH,2015-11-02,0,0
ASH,2015-11-03,0,0
ASH,2015-11-04,0,0
ASH,2015-11-05,0,0
ASH,2015-11-06,0,0
ASH,2015-11-07,0,0
ASH,2015-11-08,0,0
ASH,2015-11-09,0,0
ASH,2015-11-10,1e-4,0.00254
ASH,2015-11-11,0.7305,18.5547
ASH,2015-11-12,0.1316,3.34264
ASH,2015-11-13,0.0706,1.7932399999999997
ASH,2015-11-14,0,0
ASH,2015-11-15,0,0
ASH,2015-11-16,0,0
ASH,2015-11-17,0,0
ASH,2015-11-18,0,0
ASH,2015-11-19,0,0
ASH,2015-11-20,1.7902,45.47108
ASH,2015-11-21,0,0
ASH,2015-11-22,0.011300000000000001,0.28702
ASH,2015-11-23,4e-4,0.01016
ASH,2015-11-24,0,0
ASH,2015-11-25,0,0
ASH,2015-11-26,0,0
ASH,2015-11-27,0,0
ASH,2015-11-28,0.4106,10.42924
ASH,2015-11-29,0,0
ASH,2015-11-30,0,0
ASH,2015-12-01,0.0311,0.78994
ASH,2015-12-02,0.7521,19.10334
ASH,2015-12-03,0.2909,7.388859999999999
ASH,2015-12-04,0,0
ASH,2015-12-05,0,0
ASH,2015-12-06,0,0
ASH,2015-12-07,0,0
ASH,2015-12-08,3.0000000000000003e-4,0.00762
ASH,2015-12-09,0,0
ASH,2015-12-10,0.0204,0.51816
ASH,2015-12-11,0,0
ASH,2015-12-12,0,0
ASH,2015-12-13,2e-4,0.00508
ASH,2015-12-14,0.051000000000000004,1.2954
ASH,2015-12-15,0.511,12.9794
ASH,2015-12-16,0,0
ASH,2015-12-17,0.5707,14.495779999999998
ASH,2015-12-18,0.3206,8.143239999999999
ASH,2015-12-19,0,0
ASH,2015-12-20,0,0
ASH,2015-12-21,0,0
ASH,2015-12-22,0.7509,19.07286
ASH,2015-12-23,0.1101,2.79654
ASH,2015-12-24,1.2509000000000001,31.77286
ASH,2015-12-25,0,0
ASH,2015-12-26,0,0
ASH,2015-12-27,1.1111,28.221939999999996
ASH,2015-12-28,0,0
ASH,2015-12-29,0.006500000000000001,0.1651
ASH,2015-12-30,0.0334,0.8483599999999999
ASH,2015-12-31,0.901,22.8854
ASH,2016-01-01,0.24,6.095999999999999
ASH,2016-01-02,0,0
ASH,2016-01-03,0,0
ASH,2016-01-04,4e-4,0.01016
ASH,2016-01-05,0,0
ASH,2016-01-06,0,0
ASH,2016-01-07,0,0
ASH,2016-01-08,0,0
ASH,2016-01-09,0,0
ASH,2016-01-12,9.000000000000001e-4,0.022860000000000002
ASH,2016-01-13,0.0714,1.81356
ASH,2016-01-14,2e-4,0.00508
ASH,2016-01-15,0,0
ASH,2016-01-16,0.7211,18.315939999999998
ASH,2016-01-17,0,0
ASH,2016-01-18,0.0055000000000000005,0.13970000000000002
ASH,2016-01-19,1e-4,0.00254
ASH,2016-01-20,0,0
ASH,2016-01-21,0,0
ASH,2016-01-22,0,0
ASH,2016-01-23,0,0
ASH,2016-01-24,0,0
ASH,2016-01-25,0,0
ASH,2016-01-26,0,0
ASH,2016-01-27,0,0
ASH,2016-01-28,0,0
ASH,2016-01-29,3.0000000000000003e-4,0.00762
ASH,2016-01-30,0,0
ASH,2016-01-31,0,0
ASH,2016-02-01,0,0
ASH,2016-02-02,0,0
ASH,2016-02-03,0.9004,22.87016
ASH,2016-02-04,3.0000000000000003e-4,0.00762
ASH,2016-02-05,1.5409,39.138859999999994
ASH,2016-02-06,3.0000000000000003e-4,0.00762
ASH,2016-02-07,0,0
ASH,2016-02-08,0.0517,1.31318
ASH,2016-02-09,0.18180000000000002,4.61772
ASH,2016-02-10,0.0019,0.04826
ASH,2016-02-11,0.0016,0.04064
ASH,2016-02-12,1e-4,0.00254
ASH,2016-02-13,0,0
ASH,2016-02-14,0,0
ASH,2016-02-15,6.000000000000001e-4,0.01524
ASH,2016-02-16,1.7516,44.49064
ASH,2016-02-17,4e-4,0.01016
ASH,2016-02-18,0,0
ASH,2016-02-19,0,0
ASH,2016-02-20,0.0311,0.78994
ASH,2016-02-21,0,0
ASH,2016-02-22,0,0
ASH,2016-02-23,0,0
ASH,2016-02-24,0,0
ASH,2016-02-25,0,0
ASH,2016-02-26,0,0
ASH,2016-02-27,0,0
ASH,2016-02-28,0,0
ASH,2016-02-29,2e-4,0.00508
ASH,2016-03-01,0,0
ASH,2016-03-02,1.1806,29.98724
ASH,2016-03-03,0,0
ASH,2016-03-04,0.0015,0.0381
ASH,2016-03-05,6.000000000000001e-4,0.01524
ASH,2016-03-06,0,0
ASH,2016-03-07,1e-4,0.00254
ASH,2016-03-08,0,0
ASH,2016-03-09,0.29,7.365999999999999
ASH,2016-03-10,0.2001,5.08254
ASH,2016-03-11,0.3013,7.65302
ASH,2016-03-12,0,0
ASH,2016-03-13,0,0
ASH,2016-03-14,0.1104,2.80416
ASH,2016-03-15,0.7512,19.080479999999998
ASH,2016-03-16,0.0304,0.77216
ASH,2016-03-17,0.3508,8.910319999999999
ASH,2016-03-18,1e-4,0.00254
ASH,2016-03-19,0,0
ASH,2016-03-20,0,0
ASH,2016-03-21,0.6321,16.055339999999998
ASH,2016-03-22,0,0
ASH,2016-03-23,2e-4,0.00508
ASH,2016-03-24,3.0000000000000003e-4,0.00762
ASH,2016-03-25,0.2719,6.906259999999999
ASH,2016-03-26,0,0
ASH,2016-03-27,0,0
ASH,2016-03-28,0.82,20.827999999999996
ASH,2016-03-29,0,0
ASH,2016-03-30,0,0
ASH,2016-03-31,0,0
ASH,2016-04-01,0.0303,0.76962
ASH,2016-04-02,0.16040000000000001,4.07416
ASH,2016-04-03,0.1714,4.35356
ASH,2016-04-04,0.2625,6.6674999999999995
ASH,2016-04-05,5e-4,0.0127
ASH,2016-04-06,0,0
ASH,2016-04-07,1.2103,30.741619999999998
ASH,2016-04-08,5e-4,0.0127
ASH,2016-04-09,0,0
ASH,2016-04-10,0,0
ASH,2016-04-11,0.030600000000000002,0.77724
ASH,2016-04-12,0.1911,4.85394
ASH,2016-04-13,0,0
ASH,2016-04-14,0,0
ASH,2016-04-15,0,0
ASH,2016-04-16,0,0
ASH,2016-04-17,0,0
ASH,2016-04-18,0,0
ASH,2016-04-19,0.0202,0.51308
ASH,2016-04-20,0,0
ASH,2016-04-21,0,0
ASH,2016-04-22,0.060700000000000004,1.54178
ASH,2016-04-23,0.030100000000000002,0.76454
ASH,2016-04-24,0,0
ASH,2016-04-25,0,0
ASH,2016-04-26,0.5003,12.707619999999999
ASH,2016-04-27,0,0
ASH,2016-04-28,0,0
ASH,2016-04-29,0,0
ASH,2016-04-30,0,0
ASH,2016-05-01,0.0405,1.0287
ASH,2016-05-02,0.4911,12.473939999999999
ASH,2016-05-03,0.0609,1.54686
ASH,2016-05-04,0.0106,0.26924
ASH,2016-05-05,0.1419,3.6042599999999996
ASH,2016-05-06,0.040100000000000004,1.01854
ASH,2016-05-07,0.1022,2.5958799999999997
ASH,2016-05-08,0.020300000000000002,0.5156200000000001
ASH,2016-05-09,2e-4,0.00508
ASH,2016-05-10,0,0
ASH,2016-05-11,0,0
ASH,2016-05-12,0,0
ASH,2016-05-13,0.19,4.826
ASH,2016-05-14,0.0403,1.02362
ASH,2016-05-15,0.0201,0.51054
ASH,2016-05-16,0,0
ASH,2016-05-17,0,0
ASH,2016-05-18,0,0
ASH,2016-05-19,1e-4,0.00254
ASH,2016-05-20,0.0801,2.03454
ASH,2016-05-21,0,0
ASH,2016-05-22,0,0
ASH,2016-05-23,0,0
ASH,2016-05-24,0.8005,20.3327
ASH,2016-05-25,0,0
ASH,2016-05-26,0,0
ASH,2016-05-27,0,0
ASH,2016-05-28,0,0
ASH,2016-05-29,0,0
ASH,2016-05-30,0.3803,9.65962
ASH,2016-05-31,0,0
ASH,2016-06-01,0,0
ASH,2016-06-02,0,0
ASH,2016-06-03,0,0
ASH,2016-06-04,0,0
ASH,2016-06-05,0.7208,18.30832
ASH,2016-06-06,0.79,20.066
ASH,2016-06-07,0,0
ASH,2016-06-08,0.0302,0.76708
ASH,2016-06-09,0,0
ASH,2016-06-10,3.0000000000000003e-4,0.00762
ASH,2016-06-11,0.0104,0.26415999999999995
ASH,2016-06-12,2e-4,0.00508
ASH,2016-06-13,0,0
ASH,2016-06-14,0,0
ASH,2016-06-15,0,0
ASH,2016-06-16,0,0
ASH,2016-06-17,0,0
ASH,2016-06-18,0,0
ASH,2016-06-19,0,0
ASH,2016-06-20,0,0
ASH,2016-06-21,1.1003,27.94762
ASH,2016-06-22,0.0502,1.27508
ASH,2016-06-23,0,0
ASH,2016-06-24,0,0
ASH,2016-06-25,0,0
ASH,2016-06-26,0,0
ASH,2016-06-27,0,0
ASH,2016-06-28,0.0706,1.7932399999999997
ASH,2016-06-29,0,0
ASH,2016-06-30,0,0
ASH,2016-07-01,0.0602,1.5290799999999998
ASH,2016-07-02,6.000000000000001e-4,0.01524
ASH,2016-07-03,0,0
ASH,2016-07-04,0,0
ASH,2016-07-05,0.040100000000000004,1.01854
ASH,2016-07-06,0,0
ASH,2016-07-07,0,0
ASH,2016-07-08,6.000000000000001e-4,0.01524
ASH,2016-07-09,0.2908,7.3863199999999996
ASH,2016-07-10,0.0913,2.31902
ASH,2016-07-11,0,0
ASH,2016-07-12,0,0
ASH,2016-07-13,0,0
ASH,2016-07-14,2e-4,0.00508
ASH,2016-07-15,0.0201,0.51054
ASH,2016-07-16,3.0000000000000003e-4,0.00762
ASH,2016-07-17,2e-4,0.00508
ASH,2016-07-18,0.13,3.302
ASH,2016-07-19,0,0
ASH,2016-07-20,0,0
ASH,2016-07-21,0,0
ASH,2016-07-22,0,0
ASH,2016-07-23,0.2,5.08
ASH,2016-07-24,1e-4,0.00254
ASH,2016-07-25,0,0
ASH,2016-07-26,1e-4,0.00254
ASH,2016-07-27,0,0
ASH,2016-07-28,0,0
ASH,2016-07-29,0.1102,2.79908
ASH,2016-07-30,0,0
ASH,2016-07-31,0.1305,3.3146999999999998
ASH,2016-08-01,0.16090000000000002,4.08686
ASH,2016-08-02,0.0604,1.53416
ASH,2016-08-03,0,0
ASH,2016-08-04,0,0
ASH,2016-08-05,0,0
ASH,2016-08-06,0.0501,1.27254
ASH,2016-08-07,1e-4,0.00254
ASH,2016-08-08,0,0
ASH,2016-08-09,0,0
ASH,2016-08-10,3.29,83.566
ASH,2016-08-11,0,0
ASH,2016-08-12,1e-4,0.00254
ASH,2016-08-13,0,0
ASH,2016-08-14,0.8106,20.58924
ASH,2016-08-15,0,0
ASH,2016-08-16,0.040100000000000004,1.01854
ASH,2016-08-17,0,0
ASH,2016-08-18,0,0
ASH,2016-08-19,0,0
ASH,2016-08-20,0,0
ASH,2016-08-21,0,0
ASH,2016-08-22,2.1002,53.345079999999996
ASH,2016-08-23,0,0
ASH,2016-08-24,0,0
ASH,2016-08-25,0,0
ASH,2016-08-26,0,0
ASH,2016-08-27,0,0
ASH,2016-08-28,0,0
ASH,2016-08-29,0,0
ASH,2016-08-30,0,0
ASH,2016-08-31,0,0
ASH,2016-09-01,1e-4,0.00254
ASH,2016-09-02,0,0
ASH,2016-09-03,0,0
ASH,2016-09-04,0,0
ASH,2016-09-05,0,0
ASH,2016-09-06,0.0206,0.5232399999999999
ASH,2016-09-07,0.0212,0.53848
ASH,2016-09-08,0,0
ASH,2016-09-09,0.1401,3.55854
ASH,2016-09-10,3.0000000000000003e-4,0.00762
ASH,2016-09-11,0.0703,1.78562
ASH,2016-09-12,0,0
ASH,2016-09-13,0,0
ASH,2016-09-14,0,0
ASH,2016-09-15,0,0
ASH,2016-09-16,0,0
ASH,2016-09-17,0,0
ASH,2016-09-18,0.030100000000000002,0.76454
ASH,2016-09-19,3.6612,92.99448
ASH,2016-09-20,0,0
ASH,2016-09-21,0,0
ASH,2016-09-22,0,0
ASH,2016-09-23,3.0000000000000003e-4,0.00762
ASH,2016-09-24,0.5201,13.21054
ASH,2016-09-25,0,0
ASH,2016-09-26,0,0
ASH,2016-09-27,0.30010000000000003,7.622540000000001
ASH,2016-09-28,0,0
ASH,2016-09-29,0,0
ASH,2016-09-30,1e-4,0.00254
ASH,2016-10-01,0.3812,9.682479999999998
ASH,2016-10-02,0.0305,0.7746999999999999
ASH,2016-10-03,0,0
ASH,2016-10-04,0,0
ASH,2016-10-05,0,0
ASH,2016-10-06,0,0
ASH,2016-10-07,0,0
ASH,2016-10-08,1e-4,0.00254
ASH,2016-10-09,0.8313,21.11502
ASH,2016-10-10,0,0
ASH,2016-10-11,0,0
ASH,2016-10-12,0,0
ASH,2016-10-13,2e-4,0.00508
ASH,2016-10-14,0,0
ASH,2016-10-15,0,0
ASH,2016-10-16,0,0
ASH,2016-10-17,1e-4,0.00254
ASH,2016-10-18,0.1701,4.320539999999999
ASH,2016-10-19,0,0
ASH,2016-10-20,0,0
ASH,2016-10-21,1.2812000000000001,32.54248
ASH,2016-10-22,3.2806,83.32724
ASH,2016-10-23,4e-4,0.01016
ASH,2016-10-24,0,0
ASH,2016-10-25,0,0
ASH,2016-10-26,0,0
ASH,2016-10-27,0.3703,9.40562
ASH,2016-10-28,1.4807000000000001,37.60978
ASH,2016-10-29,0.0106,0.26924
ASH,2016-10-30,0.0402,1.02108
ASH,2016-10-31,1e-4,0.00254
ASH,2016-11-01,0,0
ASH,2016-11-02,0,0
ASH,2016-11-03,0.1308,3.32232
ASH,2016-11-04,0,0
ASH,2016-11-05,0,0
ASH,2016-11-06,0.1101,2.79654
ASH,2016-11-07,0,0
ASH,2016-11-08,0,0
ASH,2016-11-09,4e-4,0.01016
ASH,2016-11-10,0,0
ASH,2016-11-11,0,0
ASH,2016-11-12,0,0
ASH,2016-11-13,0,0
ASH,2016-11-14,0,0
ASH,2016-11-15,0.7204,18.29816
ASH,2016-11-16,0.1609,4.08686
ASH,2016-11-17,0,0
ASH,2016-11-18,0,0
ASH,2016-11-19,0,0
ASH,2016-11-20,0.5226,13.274039999999998
ASH,2016-11-21,0.0112,0.28447999999999996
ASH,2016-11-22,0,0
ASH,2016-11-23,0,0
ASH,2016-11-24,4e-4,0.01016
ASH,2016-11-25,0.2716,6.898639999999999
ASH,2016-11-26,4e-4,0.01016
ASH,2016-11-27,0,0
ASH,2016-11-28,0,0
ASH,2016-11-29,0.5706,14.493239999999998
ASH,2016-11-30,0.56,14.224
ASH,2016-12-01,1.4301,36.32454
ASH,2016-12-02,0,0
ASH,2016-12-03,1e-4,0.00254
ASH,2016-12-04,0,0
ASH,2016-12-05,0.0424,1.07696
ASH,2016-12-06,0.12,3.0479999999999996
ASH,2016-12-07,0.1514,3.84556
ASH,2016-12-08,0,0
ASH,2016-12-09,0,0
ASH,2016-12-10,0,0
ASH,2016-12-11,0,0
ASH,2016-12-12,0.1933,4.90982
ASH,2016-12-13,0.11,2.794
ASH,2016-12-14,0.0201,0.51054
ASH,2016-12-15,2e-4,0.00508
ASH,2016-12-16,5e-4,0.0127
ASH,2016-12-17,0.21180000000000002,5.37972
ASH,2016-12-18,0.9015,22.8981
ASH,2016-12-19,0,0
ASH,2016-12-20,0,0
ASH,2016-12-21,0,0
ASH,2016-12-22,0.07239999999999999,1.8389599999999997
ASH,2016-12-23,1e-4,0.00254
ASH,2016-12-24,0.3001,7.622539999999999
ASH,2016-12-25,0,0
ASH,2016-12-26,2e-4,0.00508
ASH,2016-12-27,0.0309,0.78486
ASH,2016-12-28,2e-4,0.00508
ASH,2016-12-29,0.932,23.6728
ASH,2016-12-30,0.0925,2.3495
ASH,2016-12-31,2e-4,0.00508
ASH,2017-01-01,0.3406,8.65124
ASH,2017-01-02,0,0
ASH,2017-01-03,0.4517,11.47318
ASH,2017-01-04,0.47040000000000004,11.94816
ASH,2017-01-05,0,0
ASH,2017-01-06,0.0114,0.28956
ASH,2017-01-07,0.0015,0.0381
ASH,2017-01-08,0.0517,1.31318
ASH,2017-01-09,1e-4,0.00254
ASH,2017-01-10,1e-4,0.00254
ASH,2017-01-11,0.3205,8.140699999999999
ASH,2017-01-12,0.1114,2.82956
ASH,2017-01-13,0,0
ASH,2017-01-14,0,0
ASH,2017-01-15,0,0
ASH,2017-01-16,0,0
ASH,2017-01-17,2e-4,0.00508
ASH,2017-01-18,0.4719,11.98626
ASH,2017-01-19,0.1408,3.57632
ASH,2017-01-20,0,0
ASH,2017-01-21,0,0
ASH,2017-01-22,0.0405,1.0287
ASH,2017-01-23,0.0521,1.32334
ASH,2017-01-24,0.4329,10.995659999999999
ASH,2017-01-25,0.53,13.462
ASH,2017-01-26,4e-4,0.01016
ASH,2017-01-27,1e-4,0.00254
ASH,2017-01-28,0,0
ASH,2017-01-29,0,0
ASH,2017-01-30,1e-4,0.00254
ASH,2017-01-31,5e-4,0.0127
ASH,2017-02-01,0.0936,2.37744
ASH,2017-02-02,2e-4,0.00508
ASH,2017-02-03,0,0
ASH,2017-02-04,0,0
ASH,2017-02-05,0,0
ASH,2017-02-06,0,0
ASH,2017-02-07,0.0019,0.04826
ASH,2017-02-08,0.3423,8.69442
ASH,2017-02-09,0.0047,0.11938
ASH,2017-02-10,0.0022,0.05588
ASH,2017-02-11,0.0036000000000000003,0.09144000000000001
ASH,2017-02-12,0.0118,0.29972
ASH,2017-02-13,0.065,1.651
ASH,2017-02-14,0.08030000000000001,2.03962
ASH,2017-02-15,0,0
ASH,2017-02-16,0.0444,1.12776
ASH,2017-02-17,1e-4,0.00254
ASH,2017-02-18,0,0
ASH,2017-02-19,0,0
ASH,2017-02-20,0,0
ASH,2017-02-21,0,0
ASH,2017-02-22,0,0
ASH,2017-02-23,0.02,0.508
ASH,2017-02-24,0.1807,4.589779999999999
ASH,2017-02-25,2e-4,0.00508
ASH,2017-02-26,0.6504,16.520159999999997
ASH,2017-02-27,0,0
ASH,2017-02-28,0,0
ASH,2017-03-01,0.020300000000000002,0.5156200000000001
ASH,2017-03-02,0.0103,0.26161999999999996
ASH,2017-03-03,1e-4,0.00254
ASH,2017-03-04,0.0012000000000000001,0.03048
ASH,2017-03-05,0,0
ASH,2017-03-06,0,0
ASH,2017-03-07,0.0011,0.02794
ASH,2017-03-08,0.0519,1.31826
ASH,2017-03-09,2e-4,0.00508
ASH,2017-03-10,0.032,0.8128
ASH,2017-03-11,0.002,0.0508
ASH,2017-03-12,0,0
ASH,2017-03-13,0,0
ASH,2017-03-14,0.0838,2.12852
ASH,2017-03-15,0.0616,1.56464
ASH,2017-03-16,1e-4,0.00254
ASH,2017-03-17,0.0101,0.25654
ASH,2017-03-18,0,0
ASH,2017-03-19,0,0
ASH,2017-03-20,0,0
ASH,2017-03-21,0,0
ASH,2017-03-22,3.0000000000000003e-4,0.00762
ASH,2017-03-23,0,0
ASH,2017-03-24,0.0805,2.0446999999999997
ASH,2017-03-25,0.5312,13.492479999999999
ASH,2017-03-26,0.0101,0.25654
ASH,2017-03-27,1.0202,25.913079999999997
ASH,2017-03-28,0.5303,13.469619999999999
ASH,2017-03-29,0.5405,13.728699999999998
ASH,2017-03-30,0,0
ASH,2017-03-31,0.18130000000000002,4.605020000000001
ASH,2017-04-01,0.8635,21.9329
ASH,2017-04-02,0.7201,18.290539999999996
ASH,2017-04-03,0,0
ASH,2017-04-04,0.6501,16.512539999999998
ASH,2017-04-05,0.2203,5.595619999999999
ASH,2017-04-06,1.1403,28.963620000000002
ASH,2017-04-07,0.1503,3.8176199999999993
ASH,2017-04-08,0,0
ASH,2017-04-09,0,0
ASH,2017-04-10,0,0
ASH,2017-04-11,0,0
ASH,2017-04-12,0.18000000000000002,4.572
ASH,2017-04-13,0,0
ASH,2017-04-14,0,0
ASH,2017-04-15,0,0
ASH,2017-04-16,3.0000000000000003e-4,0.00762
ASH,2017-04-17,1e-4,0.00254
ASH,2017-04-18,0,0
ASH,2017-04-19,4e-4,0.01016
ASH,2017-04-20,0.0807,2.0497799999999997
ASH,2017-04-21,0.5808,14.75232
ASH,2017-04-22,0.0815,2.0701
ASH,2017-04-23,0,0
ASH,2017-04-24,0,0
ASH,2017-04-25,0.4208,10.68832
ASH,2017-04-26,0.7108,18.054319999999997
ASH,2017-04-27,0.0405,1.0287
ASH,2017-04-28,2e-4,0.00508
ASH,2017-04-29,0,0
ASH,2017-04-30,4e-4,0.01016
ASH,2017-05-01,0.0103,0.26161999999999996
ASH,2017-05-02,2.6913,68.35902
ASH,2017-05-03,2e-4,0.00508
ASH,2017-05-04,0,0
ASH,2017-05-05,0.6907,17.543779999999998
ASH,2017-05-06,0.431,10.9474
ASH,2017-05-07,0.0103,0.26161999999999996
ASH,2017-05-08,0.0103,0.26161999999999996
ASH,2017-05-09,0,0
ASH,2017-05-10,0,0
ASH,2017-05-11,0,0
ASH,2017-05-12,0.001,0.0254
ASH,2017-05-13,1e-4,0.00254
ASH,2017-05-14,1.3115,33.3121
ASH,2017-05-15,0.1707,4.33578
ASH,2017-05-16,0,0
ASH,2017-05-17,3.0000000000000003e-4,0.00762
ASH,2017-05-18,0,0
ASH,2017-05-19,0.30010000000000003,7.622540000000001
ASH,2017-05-20,0,0
ASH,2017-05-21,0,0
ASH,2017-05-22,0.1512,3.84048
ASH,2017-05-23,0.2405,6.1087
ASH,2017-05-24,0,0
ASH,2017-05-25,0.3507,8.907779999999999
ASH,2017-05-26,1.9612,49.814479999999996
ASH,2017-05-27,7e-4,0.017779999999999997
ASH,2017-05-28,0,0
ASH,2017-05-29,0.0106,0.26924
ASH,2017-05-30,0,0
ASH,2017-05-31,0.0103,0.26161999999999996
ASH,2017-06-01,0.16010000000000002,4.066540000000001
ASH,2017-06-02,0,0
ASH,2017-06-03,3.0000000000000003e-4,0.00762
ASH,2017-06-04,4e-4,0.01016
ASH,2017-06-05,1.0013,25.43302
ASH,2017-06-06,1.461,37.1094
ASH,2017-06-07,0.68,17.272000000000002
ASH,2017-06-08,0,0
ASH,2017-06-09,0,0
ASH,2017-06-10,0,0
ASH,2017-06-11,0,0
ASH,2017-06-12,0,0
ASH,2017-06-13,1e-4,0.00254
ASH,2017-06-14,1e-4,0.00254
ASH,2017-06-15,0.02,0.508
ASH,2017-06-16,0.1305,3.3146999999999998
ASH,2017-06-17,0.15,3.8099999999999996
ASH,2017-06-18,0,0
ASH,2017-06-19,1e-4,0.00254
ASH,2017-06-20,0.2605,6.6167
ASH,2017-06-21,0,0
ASH,2017-06-22,0,0
ASH,2017-06-23,1e-4,0.00254
ASH,2017-06-24,4e-4,0.01016
ASH,2017-06-25,0,0
ASH,2017-06-26,0.0505,1.2827
ASH,2017-06-27,0.1305,3.3146999999999998
ASH,2017-06-28,0,0
ASH,2017-06-29,1e-4,0.00254
ASH,2017-06-30,1.2001,30.482539999999997
ASH,2017-07-01,0.0701,1.7805399999999998
ASH,2017-07-02,0.03,0.7619999999999999
ASH,2017-07-03,1e-4,0.00254
ASH,2017-07-04,0,0
ASH,2017-07-05,0,0
ASH,2017-07-06,0,0
ASH,2017-07-07,0.3603,9.15162
ASH,2017-07-08,0.060700000000000004,1.54178
ASH,2017-07-09,1e-4,0.00254
ASH,2017-07-10,0,0
ASH,2017-07-11,0.1805,4.5847
ASH,2017-07-12,2e-4,0.00508
ASH,2017-07-13,0.0709,1.8008600000000001
ASH,2017-07-14,0,0
ASH,2017-07-15,0.0204,0.51816
ASH,2017-07-16,0,0
ASH,2017-07-17,0,0
ASH,2017-07-18,0.2301,5.844539999999999
ASH,2017-07-19,0,0
ASH,2017-07-20,0,0
ASH,2017-07-21,0,0
ASH,2017-07-22,0,0
ASH,2017-07-23,0,0
ASH,2017-07-24,0.9106,23.12924
ASH,2017-07-25,0.0107,0.27177999999999997
ASH,2017-07-26,0,0
ASH,2017-07-27,0.0109,0.27686
ASH,2017-07-28,0,0
ASH,2017-07-29,0,0
ASH,2017-07-30,0,0
ASH,2017-07-31,0,0
ASH,2017-08-01,0,0
ASH,2017-08-02,0.1005,2.5527
ASH,2017-08-03,0,0
ASH,2017-08-04,1.74,44.196
ASH,2017-08-05,4.0608,103.14432000000001
ASH,2017-08-06,0.03,0.7619999999999999
ASH,2017-08-07,1e-4,0.00254
ASH,2017-08-08,0.1908,4.8463199999999995
ASH,2017-08-09,0,0
ASH,2017-08-10,0,0
ASH,2017-08-11,0,0
ASH,2017-08-12,0.1405,3.5687
ASH,2017-08-13,0.020300000000000002,0.5156200000000001
ASH,2017-08-14,0,0
ASH,2017-08-15,0.0701,1.7805399999999998
ASH,2017-08-16,0,0
ASH,2017-08-17,0,0
ASH,2017-08-18,1.9407,49.29378
ASH,2017-08-19,0.0607,1.54178
ASH,2017-08-20,0,0
ASH,2017-08-21,0,0
ASH,2017-08-22,0,0
ASH,2017-08-23,0.9601999999999999,24.389079999999996
ASH,2017-08-24,0,0
ASH,2017-08-25,1e-4,0.00254
ASH,2017-08-26,0,0
ASH,2017-08-27,0,0
ASH,2017-08-28,0,0
ASH,2017-08-29,0,0
ASH,2017-08-30,4e-4,0.01016
ASH,2017-08-31,0,0
ASH,2017-09-01,0,0
ASH,2017-09-02,0,0
ASH,2017-09-03,1.8603,47.251619999999996
ASH,2017-09-04,0.0102,0.25908
ASH,2017-09-05,0,0
ASH,2017-09-06,0.9705,24.6507
ASH,2017-09-07,2.3001,58.42254
ASH,2017-09-08,0.0502,1.27508
ASH,2017-09-09,0,0
ASH,2017-09-10,0,0
ASH,2017-09-11,0,0
ASH,2017-09-12,0,0
ASH,2017-09-13,0,0
ASH,2017-09-14,0,0
ASH,2017-09-15,0.0803,2.0396199999999998
ASH,2017-09-16,0,0
ASH,2017-09-17,0,0
ASH,2017-09-18,6.000000000000001e-4,0.01524
ASH,2017-09-19,3.0000000000000003e-4,0.00762
ASH,2017-09-20,0.0213,0.54102
ASH,2017-09-21,0,0
ASH,2017-09-22,0,0
ASH,2017-09-23,0,0
ASH,2017-09-24,0,0
ASH,2017-09-25,0,0
ASH,2017-09-26,0,0
ASH,2017-09-27,0,0
ASH,2017-09-28,0,0
ASH,2017-09-29,0,0
ASH,2017-09-30,0.131,3.3274
ASH,2017-10-01,0,0
ASH,2017-10-02,0,0
ASH,2017-10-03,0,0
ASH,2017-10-04,0,0
ASH,2017-10-05,0,0
ASH,2017-10-06,0.0304,0.77216
ASH,2017-10-07,3.0000000000000003e-4,0.00762
ASH,2017-10-08,0.20020000000000002,5.0850800000000005
ASH,2017-10-09,0.9608,24.40432
ASH,2017-10-10,0.0104,0.26415999999999995
ASH,2017-10-11,0,0
ASH,2017-10-12,1e-4,0.00254
ASH,2017-10-13,0,0
ASH,2017-10-14,0,0
ASH,2017-10-15,0,0
ASH,2017-10-16,0.0304,0.77216
ASH,2017-10-17,0,0
ASH,2017-10-18,0,0
ASH,2017-10-19,0,0
ASH,2017-10-20,0,0
ASH,2017-10-21,0,0
ASH,2017-10-22,0,0
ASH,2017-10-23,0,0
ASH,2017-10-24,0.5603,14.23162
ASH,2017-10-25,3.351,85.1154
ASH,2017-10-26,1.7105,43.44669999999999
ASH,2017-10-27,1e-4,0.00254
ASH,2017-10-28,0,0
ASH,2017-10-29,0.32030000000000003,8.13562
ASH,2017-10-30,3.9004,99.07015999999999
ASH,2017-10-31,0,0
ASH,2017-11-01,4e-4,0.01016
ASH,2017-11-02,4e-4,0.01016
ASH,2017-11-03,1e-4,0.00254
ASH,2017-11-04,0,0
ASH,2017-11-05,0,0
ASH,2017-11-06,0.0808,2.05232
ASH,2017-11-07,0,0
ASH,2017-11-08,0.0112,0.28447999999999996
ASH,2017-11-09,0,0
ASH,2017-11-10,0.0303,0.76962
ASH,2017-11-11,0,0
ASH,2017-11-12,0,0
ASH,2017-11-13,0.10049999999999999,2.5526999999999997
ASH,2017-11-14,0.0604,1.53416
ASH,2017-11-15,0,0
ASH,2017-11-16,0.4608,11.70432
ASH,2017-11-17,0.0701,1.7805399999999998
ASH,2017-11-18,2e-4,0.00508
ASH,2017-11-19,0.4915,12.4841
ASH,2017-11-20,1e-4,0.00254
ASH,2017-11-21,0,0
ASH,2017-11-22,0.49,12.446
ASH,2017-11-23,0,0
ASH,2017-11-24,0,0
ASH,2017-11-25,0,0
ASH,2017-11-26,1e-4,0.00254
ASH,2017-11-27,0,0
ASH,2017-11-28,0,0
ASH,2017-11-29,0,0
ASH,2017-11-30,0,0
ASH,2017-12-01,0.0106,0.26924
ASH,2017-12-02,0,0
ASH,2017-12-03,0,0
ASH,2017-12-04,0,0
ASH,2017-12-05,0.1205,3.0606999999999998
ASH,2017-12-06,0.3708,9.41832
ASH,2017-12-07,0,0
ASH,2017-12-08,0,0
ASH,2017-12-09,0.0016,0.04064
ASH,2017-12-10,0.011600000000000001,0.29464
ASH,2017-12-11,0.030100000000000002,0.76454
ASH,2017-12-12,0.1418,3.6017200000000003
ASH,2017-12-13,0.0701,1.7805399999999998
ASH,2017-12-14,1e-4,0.00254
ASH,2017-12-15,0,0
ASH,2017-12-16,3.0000000000000003e-4,0.00762
ASH,2017-12-17,0,0
ASH,2017-12-18,0.0013000000000000002,0.03302
ASH,2017-12-19,0.030699999999999998,0.7797799999999999
ASH,2017-12-20,2e-4,0.00508
ASH,2017-12-21,0,0
ASH,2017-12-22,0.0034000000000000002,0.08636
ASH,2017-12-23,0.2341,5.94614
ASH,2017-12-24,0.3202,8.13308
ASH,2017-12-25,0.0127,0.32258
ASH,2017-12-26,3.0000000000000003e-4,0.00762
ASH,2017-12-27,0,0
ASH,2017-12-28,2e-4,0.00508
ASH,2017-12-29,2e-4,0.00508
ASH,2017-12-30,9.000000000000001e-4,0.022860000000000002
ASH,2017-12-31,1e-4,0.00254
ASH,2018-01-01,0,0
ASH,2018-01-02,0,0
ASH,2018-01-03,1e-4,0.00254
ASH,2018-01-04,0.022600000000000002,0.57404
ASH,2018-01-05,0.021,0.5334
ASH,2018-01-06,2e-4,0.00508
ASH,2018-01-07,3.0000000000000003e-4,0.00762
ASH,2018-01-08,7e-4,0.017779999999999997
ASH,2018-01-09,1e-4,0.00254
ASH,2018-01-10,0,0
ASH,2018-01-11,0,0
ASH,2018-01-12,0.4623,11.74242
ASH,2018-01-13,1.0913,27.719019999999997
ASH,2018-01-14,0,0
ASH,2018-01-15,0,0
ASH,2018-01-16,4e-4,0.01016
ASH,2018-01-17,0.0937,2.37998
ASH,2018-01-18,0.0107,0.27177999999999997
ASH,2018-01-19,0,0
ASH,2018-01-20,0.13999999999999999,3.5559999999999996
ASH,2018-01-21,0,0
ASH,2018-01-22,0.0417,1.05918
ASH,2018-01-23,0.8138,20.67052
ASH,2018-01-24,0.0701,1.7805399999999998
ASH,2018-01-25,0,0
ASH,2018-01-26,0,0
ASH,2018-01-27,0,0
ASH,2018-01-28,4e-4,0.01016
ASH,2018-01-29,0,0
ASH,2018-01-30,0,0
ASH,2018-01-31,0,0
ASH,2018-02-01,0.0011,0.02794
ASH,2018-02-02,0.36060000000000003,9.15924
ASH,2018-02-03,0,0
ASH,2018-02-04,0.0103,0.26161999999999996
ASH,2018-02-05,1.0507,26.687779999999997
ASH,2018-02-06,4e-4,0.01016
ASH,2018-02-07,0.0026000000000000003,0.06604
ASH,2018-02-08,0.06,1.5239999999999998
ASH,2018-02-09,0.0303,0.76962
ASH,2018-02-10,0.5109,12.97686
ASH,2018-02-11,1.8228,46.299119999999995
ASH,2018-02-12,0.0106,0.26924
ASH,2018-02-13,0,0
ASH,2018-02-14,0,0
ASH,2018-02-15,0,0
ASH,2018-02-16,0.061,1.5493999999999999
ASH,2018-02-17,0,0
ASH,2018-02-18,0.3526,8.95604
ASH,2018-02-19,2e-4,0.00508
ASH,2018-02-20,0.0606,1.53924
ASH,2018-02-21,0,0
ASH,2018-02-22,0.0409,1.03886
ASH,2018-02-23,0.1603,4.071619999999999
ASH,2018-02-24,0.0401,1.0185399999999998
ASH,2018-02-25,0.5607,14.241779999999999
ASH,2018-02-26,0.0104,0.26415999999999995
ASH,2018-02-27,0,0
ASH,2018-02-28,0,0
ASH,2018-03-01,0,0
ASH,2018-03-02,1.1304,28.71216
ASH,2018-03-03,0.001,0.0254
ASH,2018-03-04,1e-4,0.00254
ASH,2018-03-05,0.0029000000000000002,0.07366
ASH,2018-03-06,0,0
ASH,2018-03-07,0.0025,0.0635
ASH,2018-03-08,0.3255,8.2677
ASH,2018-03-09,0.0204,0.51816
ASH,2018-03-10,0.001,0.0254
ASH,2018-03-11,0,0
ASH,2018-03-12,2e-4,0.00508
ASH,2018-03-13,0.0439,1.11506
ASH,2018-03-14,0.15200000000000002,3.8608000000000002
ASH,2018-03-15,9.000000000000001e-4,0.022860000000000002
ASH,2018-03-16,0,0
ASH,2018-03-17,2e-4,0.00508
ASH,2018-03-18,0,0
ASH,2018-03-19,0,0
ASH,2018-03-20,0,0
ASH,2018-03-21,0,0
ASH,2018-03-22,0.041800000000000004,1.06172
ASH,2018-03-23,0,0
ASH,2018-03-24,0,0
ASH,2018-03-25,0.0613,1.5570199999999998
ASH,2018-03-26,0,0
ASH,2018-03-27,0,0
ASH,2018-03-28,5e-4,0.0127
ASH,2018-03-29,4e-4,0.01016
ASH,2018-03-30,0.0723,1.83642
ASH,2018-03-31,0,0
ASH,2018-04-01,0,0
ASH,2018-04-02,0.0606,1.53924
ASH,2018-04-03,0.20070000000000002,5.09778
ASH,2018-04-04,0.4913,12.47902
ASH,2018-04-05,0,0
ASH,2018-04-06,0.0608,1.54432
ASH,2018-04-07,0.3403,8.643619999999999
ASH,2018-04-08,0,0
ASH,2018-04-09,5e-4,0.0127
ASH,2018-04-10,0.001,0.0254
ASH,2018-04-11,0.0103,0.26161999999999996
ASH,2018-04-12,0.0104,0.26415999999999995
ASH,2018-04-13,0.0901,2.28854
ASH,2018-04-14,0,0
ASH,2018-04-15,0.0018000000000000002,0.045720000000000004
ASH,2018-04-16,1.8732,47.57928
ASH,2018-04-17,2e-4,0.00508
ASH,2018-04-18,0,0
ASH,2018-04-19,0.1703,4.32562
ASH,2018-04-20,0,0
ASH,2018-04-21,0,0
ASH,2018-04-22,0,0
ASH,2018-04-23,0,0
ASH,2018-04-24,0,0
ASH,2018-04-25,0.5005000000000001,12.7127
ASH,2018-04-26,0.3312,8.412479999999999
ASH,2018-04-27,0.1703,4.32562
ASH,2018-04-28,0.0307,0.77978
ASH,2018-04-29,0.2702,6.863079999999999
ASH,2018-04-30,0.0807,2.0497799999999997
ASH,2018-05-01,0.0502,1.27508
ASH,2018-05-02,0,0
ASH,2018-05-03,4e-4,0.01016
ASH,2018-05-04,4e-4,0.01016
ASH,2018-05-05,3.0000000000000003e-4,0.00762
ASH,2018-05-06,0.1502,3.8150799999999996
ASH,2018-05-07,0.09,2.2859999999999996
ASH,2018-05-08,0,0
ASH,2018-05-09,0,0
ASH,2018-05-10,0,0
ASH,2018-05-11,0,0
ASH,2018-05-12,0.0107,0.27177999999999997
ASH,2018-05-13,0,0
ASH,2018-05-14,0,0
ASH,2018-05-15,0.9903000000000001,25.15362
ASH,2018-05-16,0,0
ASH,2018-05-17,0,0
ASH,2018-05-18,0,0
ASH,2018-05-19,0.3703,9.40562
ASH,2018-05-20,0.0409,1.03886
ASH,2018-05-21,0,0
ASH,2018-05-22,0.0108,0.27432
ASH,2018-05-23,0,0
ASH,2018-05-24,0,0
ASH,2018-05-25,0,0
ASH,2018-05-26,0.04,1.016
ASH,2018-05-27,0.0508,1.29032
ASH,2018-05-28,0.0308,0.78232
ASH,2018-05-29,0,0
ASH,2018-05-30,0,0
ASH,2018-05-31,0,0
ASH,2018-06-01,4e-4,0.01016
ASH,2018-06-02,0,0
ASH,2018-06-03,0,0
ASH,2018-06-04,0.3408,8.65632
ASH,2018-06-05,0.0408,1.03632
ASH,2018-06-06,0.0303,0.76962
ASH,2018-06-07,0,0
ASH,2018-06-08,0,0
ASH,2018-06-09,1e-4,0.00254
ASH,2018-06-10,0,0
ASH,2018-06-11,0,0
ASH,2018-06-12,0,0
ASH,2018-06-13,3.0000000000000003e-4,0.00762
ASH,2018-06-14,0.0403,1.02362
ASH,2018-06-15,0.0206,0.5232399999999999
ASH,2018-06-16,0,0
ASH,2018-06-17,0,0
ASH,2018-06-18,0.24000000000000002,6.096
ASH,2018-06-19,0.01,0.254
ASH,2018-06-20,0,0
ASH,2018-06-21,0,0
ASH,2018-06-22,0,0
ASH,2018-06-23,8e-4,0.02032
ASH,2018-06-24,0.0704,1.78816
ASH,2018-06-25,1.6403,41.66362
ASH,2018-06-26,0,0
ASH,2018-06-27,0,0
ASH,2018-06-28,2.3109,58.69686
ASH,2018-06-29,0.03,0.7619999999999999
ASH,2018-06-30,0,0
ASH,2018-07-01,0,0
ASH,2018-07-02,0,0
ASH,2018-07-03,0,0
ASH,2018-07-04,0,0
ASH,2018-07-05,0,0
ASH,2018-07-06,0.21000000000000002,5.3340000000000005
ASH,2018-07-07,0,0
ASH,2018-07-08,0,0
ASH,2018-07-09,0,0
ASH,2018-07-10,0,0
ASH,2018-07-11,2e-4,0.00508
ASH,2018-07-12,0,0
ASH,2018-07-13,0,0
ASH,2018-07-14,0,0
ASH,2018-07-15,0.2202,5.59308
ASH,2018-07-16,0.1002,2.54508
ASH,2018-07-17,1.4501,36.832539999999995
ASH,2018-07-18,0.33,8.382
ASH,2018-07-19,0.01,0.254
ASH,2018-07-20,0,0
ASH,2018-07-21,0,0
ASH,2018-07-22,0.0906,2.30124
ASH,2018-07-23,0.0214,0.5435599999999999
ASH,2018-07-24,3.0000000000000003e-4,0.00762
ASH,2018-07-25,5e-4,0.0127
ASH,2018-07-26,8e-4,0.02032
ASH,2018-07-27,0,0
ASH,2018-07-28,2e-4,0.00508
ASH,2018-07-29,0,0
ASH,2018-07-30,0,0
ASH,2018-07-31,0,0
ASH,2018-08-01,0,0
ASH,2018-08-02,0,0
ASH,2018-08-03,0,0
ASH,2018-08-04,0,0
ASH,2018-08-05,0,0
ASH,2018-08-06,0,0
ASH,2018-08-07,0,0
ASH,2018-08-08,0,0
ASH,2018-08-09,0,0
ASH,2018-08-10,0,0
ASH,2018-08-11,0,0
ASH,2018-08-12,0,0
ASH,2018-08-13,0.001,0.0254
ASH,2018-08-14,4e-4,0.01016
ASH,2018-08-15,0,0
ASH,2018-08-16,0,0
ASH,2018-08-17,0,0
ASH,2018-08-18,0,0
ASH,2018-08-19,0,0
ASH,2018-08-20,0,0
ASH,2018-08-21,0,0
ASH,2018-08-22,0,0
ASH,2018-08-23,0,0
ASH,2018-08-24,0,0
ASH,2018-08-25,0,0
ASH,2018-08-26,0,0
ASH,2018-08-27,0,0
ASH,2018-08-28,0,0
ASH,2018-08-29,0,0
ASH,2018-08-30,0,0
ASH,2018-08-31,0,0
ASH,2018-09-01,0,0
ASH,2018-09-02,0,0
ASH,2018-09-03,0,0
ASH,2018-09-04,0,0
ASH,2018-09-05,0,0
ASH,2018-09-06,0.0305,0.7746999999999999
ASH,2018-09-07,0,0
ASH,2018-09-08,0,0
ASH,2018-09-09,0,0
ASH,2018-09-10,0.0105,0.2667
ASH,2018-09-11,0.2502,6.355079999999999
ASH,2018-09-12,0.4505,11.4427
ASH,2018-09-13,0.0102,0.25908
ASH,2018-09-14,0,0
ASH,2018-09-15,0,0
ASH,2018-09-16,0,0
ASH,2018-09-17,0,0
ASH,2018-09-18,0.1805,4.5847
ASH,2018-09-19,0,0
ASH,2018-09-20,0,0
ASH,2018-09-21,0,0
ASH,2018-09-22,0,0
ASH,2018-09-23,0,0
ASH,2018-09-24,0,0
ASH,2018-09-25,0,0
ASH,2018-09-26,0,0
ASH,2018-09-27,0,0
ASH,2018-09-28,0,0
ASH,2018-09-29,0,0
ASH,2018-09-30,0,0
ASH,2018-10-01,1e-4,0.00254
ASH,2018-10-02,6.000000000000001e-4,0.01524
ASH,2018-10-03,0,0
ASH,2018-10-04,0,0
ASH,2018-10-05,0,0
ASH,2018-10-06,0,0
ASH,2018-10-07,3.0000000000000003e-4,0.00762
ASH,2018-10-08,0,0
ASH,2018-10-09,0,0
ASH,2018-10-10,0,0
ASH,2018-10-11,2.5307,64.27977999999999
ASH,2018-10-12,0.01,0.254
ASH,2018-10-13,0.1101,2.79654
ASH,2018-10-14,1e-4,0.00254
ASH,2018-10-15,0.0106,0.26924
ASH,2018-10-16,0.0703,1.78562
ASH,2018-10-17,0.01,0.254
ASH,2018-10-18,0.0302,0.76708
ASH,2018-10-19,0,0
ASH,2018-10-20,0,0
ASH,2018-10-21,2e-4,0.00508
ASH,2018-10-22,0,0
ASH,2018-10-23,0.4601,11.686539999999999
ASH,2018-10-24,0.131,3.3274
ASH,2018-10-25,0,0
ASH,2018-10-26,0,0
ASH,2018-10-27,0.9502,24.13508
ASH,2018-10-28,0.2307,5.85978
ASH,2018-10-29,0.4405,11.188699999999999
ASH,2018-10-30,0,0
ASH,2018-10-31,0,0
ASH,2018-11-01,0.4803,12.19962
ASH,2018-11-02,0.7009,17.80286
ASH,2018-11-03,4.3807,111.26978
ASH,2018-11-04,0,0
ASH,2018-11-05,0.0405,1.0287
ASH,2018-11-06,1.0306,26.177239999999998
ASH,2018-11-07,0.0701,1.7805399999999998
ASH,2018-11-08,0,0
ASH,2018-11-09,1e-4,0.00254
ASH,2018-11-10,0.9008,22.88032
ASH,2018-11-11,0,0
ASH,2018-11-12,0,0
ASH,2018-11-13,1.7301,43.944539999999996
ASH,2018-11-14,2e-4,0.00508
ASH,2018-11-15,0,0
ASH,2018-11-16,0.6134000000000001,15.58036
ASH,2018-11-17,0.12,3.0479999999999996
ASH,2018-11-18,0,0
ASH,2018-11-19,0.22210000000000002,5.6413400000000005
ASH,2018-11-20,0.4018,10.20572
ASH,2018-11-21,0.10049999999999999,2.5526999999999997
ASH,2018-11-22,1e-4,0.00254
ASH,2018-11-23,0,0
ASH,2018-11-24,0.05,1.27
ASH,2018-11-25,0.0704,1.78816
ASH,2018-11-26,0.3713,9.43102
ASH,2018-11-27,1.5003,38.10762
ASH,2018-11-28,5e-4,0.0127
ASH,2018-11-29,1e-4,0.00254
ASH,2018-11-30,0,0
ASH,2018-12-01,0,0
ASH,2018-12-02,1.6005,40.652699999999996
ASH,2018-12-03,0.01,0.254
ASH,2018-12-04,5e-4,0.0127
ASH,2018-12-05,0,0
ASH,2018-12-06,2e-4,0.00508
ASH,2018-12-07,0,0
ASH,2018-12-08,0,0
ASH,2018-12-09,0,0
ASH,2018-12-10,0,0
ASH,2018-12-11,0,0
ASH,2018-12-12,0,0
ASH,2018-12-13,0,0
ASH,2018-12-14,0,0
ASH,2018-12-15,0,0
ASH,2018-12-16,4e-4,0.01016
ASH,2018-12-17,0.5202,13.21308
ASH,2018-12-18,5e-4,0.0127
ASH,2018-12-19,0,0
ASH,2018-12-20,1e-4,0.00254
ASH,2018-12-21,1.0212,25.938480000000002
ASH,2018-12-22,0.13040000000000002,3.3121600000000004
ASH,2018-12-23,0,0
ASH,2018-12-24,0,0
ASH,2018-12-25,0,0
ASH,2018-12-26,0,0
ASH,2018-12-27,6.000000000000001e-4,0.01524
ASH,2018-12-28,0.5212,13.23848
ASH,2018-12-29,0.03,0.7619999999999999
ASH,2018-12-30,0,0
ASH,2018-12-31,1e-4,0.00254
ASH,2019-01-01,1.0705,27.1907
ASH,2019-01-02,0,0
ASH,2019-01-03,8e-4,0.02032
ASH,2019-01-04,0,0
ASH,2019-01-05,0.0708,1.79832
ASH,2019-01-06,0,0
ASH,2019-01-07,1e-4,0.00254
ASH,2019-01-08,0.0321,0.8153399999999998
ASH,2019-01-09,1.0606,26.939239999999998
ASH,2019-01-10,8e-4,0.02032
ASH,2019-01-11,0,0
ASH,2019-01-12,0,0
ASH,2019-01-13,0,0
ASH,2019-01-14,0,0
ASH,2019-01-15,0,0
ASH,2019-01-16,0,0
ASH,2019-01-17,0,0
ASH,2019-01-18,3.0000000000000003e-4,0.00762
ASH,2019-01-19,2e-4,0.00508
ASH,2019-01-20,0.0061,0.15494
ASH,2019-01-21,0.0016,0.04064
ASH,2019-01-22,6.000000000000001e-4,0.01524
ASH,2019-01-23,0.3301,8.38454
ASH,2019-01-24,2.8204000000000002,71.63816
ASH,2019-01-25,2e-4,0.00508
ASH,2019-01-26,0,0
ASH,2019-01-27,0,0
ASH,2019-01-28,0,0
ASH,2019-01-29,7e-4,0.017779999999999997
ASH,2019-01-30,0.1936,4.917439999999999
ASH,2019-01-31,9.000000000000001e-4,0.022860000000000002
ASH,2019-02-01,0,0
ASH,2019-02-02,0,0
ASH,2019-02-03,0,0
ASH,2019-02-04,0,0
ASH,2019-02-05,2e-4,0.00508
ASH,2019-02-06,0,0
ASH,2019-02-07,0.8914,22.64156
ASH,2019-02-08,0.3612,9.17448
ASH,2019-02-09,0,0
ASH,2019-02-10,0,0
ASH,2019-02-11,0,0
ASH,2019-02-12,0.0013000000000000002,0.03302
ASH,2019-02-13,1.043,26.492199999999997
ASH,2019-02-14,6.000000000000001e-4,0.01524
ASH,2019-02-15,0.0204,0.51816
ASH,2019-02-16,1e-4,0.00254
ASH,2019-02-17,0,0
ASH,2019-02-18,0.053200000000000004,1.35128
ASH,2019-02-19,1e-4,0.00254
ASH,2019-02-20,1e-4,0.00254
ASH,2019-02-21,0.40340000000000004,10.246360000000001
ASH,2019-02-22,0,0
ASH,2019-02-23,0,0
ASH,2019-02-24,0.7906,20.081239999999998
ASH,2019-02-25,0.0011,0.02794
ASH,2019-02-26,0,0
ASH,2019-02-27,1e-4,0.00254
ASH,2019-02-28,0.0834,2.11836
ASH,2019-03-01,0,0
ASH,2019-03-02,0.0509,1.29286
ASH,2019-03-03,0,0
ASH,2019-03-04,0.6712,17.048479999999998
ASH,2019-03-05,2e-4,0.00508
ASH,2019-03-06,0,0
ASH,2019-03-07,0,0
ASH,2019-03-08,2e-4,0.00508
ASH,2019-03-09,0,0
ASH,2019-03-10,0.8107,20.59178
ASH,2019-03-11,0,0
ASH,2019-03-12,0,0
ASH,2019-03-13,0,0
ASH,2019-03-14,5e-4,0.0127
ASH,2019-03-15,0.0102,0.25908
ASH,2019-03-16,0.9600000000000001,24.384
ASH,2019-03-17,0,0
ASH,2019-03-18,0,0
ASH,2019-03-19,0,0
ASH,2019-03-20,0,0
ASH,2019-03-21,0,0
ASH,2019-03-22,0.2105,5.346699999999999
ASH,2019-03-23,0.0414,1.0515599999999998
ASH,2019-03-24,0,0
ASH,2019-03-25,0,0
ASH,2019-03-26,0,0
ASH,2019-03-27,0,0
ASH,2019-03-28,0,0
ASH,2019-03-29,0.0607,1.54178
ASH,2019-03-30,0,0
ASH,2019-03-31,0.4003,10.16762
ASH,2019-04-01,1e-4,0.00254
ASH,2019-04-02,0,0
ASH,2019-04-03,0.0605,1.5367
ASH,2019-04-04,0,0
ASH,2019-04-05,0,0
ASH,2019-04-06,0.2305,5.8547
ASH,2019-04-07,0,0
ASH,2019-04-08,0.4005,10.1727
ASH,2019-04-09,0.2204,5.59816
ASH,2019-04-10,0.0206,0.5232399999999999
ASH,2019-04-11,0,0
ASH,2019-04-12,0,0
ASH,2019-04-13,0.371,9.4233999999999991
ASH,2019-04-14,1e-4,0.00254
ASH,2019-04-15,2.4906,63.26124
ASH,2019-04-16,0,0
ASH,2019-04-17,0,0
ASH,2019-04-18,0.0011,0.02794
ASH,2019-04-19,0.051000000000000004,1.2954
ASH,2019-04-20,0.32130000000000003,8.16102
ASH,2019-04-21,0.2309,5.864859999999999
ASH,2019-04-22,0.42,10.668
ASH,2019-04-23,1.3704,34.80816
ASH,2019-04-24,0.0703,1.78562
ASH,2019-04-25,0,0
ASH,2019-04-26,1.2103,30.741619999999998
ASH,2019-04-27,2.0903,53.09362
ASH,2019-04-28,0.020300000000000002,0.5156200000000001
ASH,2019-04-29,0,0
ASH,2019-04-30,0.13090000000000002,3.32486
ASH,2019-05-01,0.0102,0.25908
ASH,2019-05-02,0.8506,21.60524
ASH,2019-05-03,0.15030000000000002,3.8176200000000002
ASH,2019-05-04,0.1516,3.8506400000000003
ASH,2019-05-05,0.1505,3.8226999999999998
ASH,2019-05-06,0,0
ASH,2019-05-07,0.0701,1.7805399999999998
ASH,2019-05-08,0.0502,1.27508
ASH,2019-05-09,0,0
ASH,2019-05-10,0.0707,1.79578
ASH,2019-05-11,0,0
ASH,2019-05-12,0.0103,0.26161999999999996
ASH,2019-05-13,0.1802,4.57708
ASH,2019-05-14,0.5418000000000001,13.76172
ASH,2019-05-15,0.0712,1.8084799999999999
ASH,2019-05-16,4e-4,0.01016
ASH,2019-05-17,0.2003,5.08762
ASH,2019-05-18,1e-4,0.00254
ASH,2019-05-19,0.3102,7.879079999999999
ASH,2019-05-20,0.0105,0.2667
ASH,2019-05-21,0,0
ASH,2019-05-22,0,0
ASH,2019-05-23,1e-4,0.00254
ASH,2019-05-24,0.12000000000000001,3.048
ASH,2019-05-25,0,0
ASH,2019-05-26,0.0205,0.5206999999999999
ASH,2019-05-27,0,0
ASH,2019-05-28,0.6302,16.00708
ASH,2019-05-29,0.0704,1.78816
ASH,2019-05-30,0,0
ASH,2019-05-31,0.0404,1.02616
ASH,2019-06-01,0,0
ASH,2019-06-02,1.7202,43.693079999999995
ASH,2019-06-03,1.6202,41.15308
ASH,2019-06-04,0,0
ASH,2019-06-05,4e-4,0.01016
ASH,2019-06-06,3.5804,90.94216
ASH,2019-06-07,0,0
ASH,2019-06-08,0,0
ASH,2019-06-09,0,0
ASH,2019-06-10,0,0
ASH,2019-06-11,0.42050000000000004,10.6807
ASH,2019-06-12,0,0
ASH,2019-06-13,0.4509,11.45286
ASH,2019-06-14,0,0
ASH,2019-06-15,0,0
ASH,2019-06-16,0.6004,15.250160000000001
ASH,2019-06-17,0.0404,1.02616
ASH,2019-06-18,0.0104,0.26415999999999995
ASH,2019-06-19,0,0
ASH,2019-06-20,1.0806,27.447239999999997
ASH,2019-06-21,0.0815,2.0701
ASH,2019-06-22,0,0
ASH,2019-06-23,0,0
ASH,2019-06-24,0,0
ASH,2019-06-25,0.5702,14.483080000000001
ASH,2019-06-26,0,0
ASH,2019-06-27,0,0
ASH,2019-06-28,0,0
ASH,2019-06-29,0.9304,23.63216
ASH,2019-06-30,0.1206,3.06324
ASH,2019-07-01,0,0
ASH,2019-07-02,0,0
ASH,2019-07-03,0,0
ASH,2019-07-04,0,0
ASH,2019-07-05,0,0
ASH,2019-07-06,0.53,13.462
ASH,2019-07-07,0.0201,0.51054
ASH,2019-07-08,0,0
ASH,2019-07-09,0,0
ASH,2019-07-10,0.26,6.604
ASH,2019-07-11,7.5503,191.77761999999998
ASH,2019-07-12,0.9109,23.13686
ASH,2019-07-13,0,0
ASH,2019-07-14,0,0
ASH,2019-07-15,0,0
ASH,2019-07-16,0,0
ASH,2019-07-17,0.27999999999999997,7.111999999999999
ASH,2019-07-18,0.0104,0.26415999999999995
ASH,2019-07-19,0,0
ASH,2019-07-20,0,0
ASH,2019-07-21,0,0
ASH,2019-07-22,0.7703,19.56562
ASH,2019-07-23,3.49,88.646
ASH,2019-07-24,0,0
ASH,2019-07-25,0,0
ASH,2019-07-26,0,0
ASH,2019-07-27,0,0
ASH,2019-07-28,0,0
ASH,2019-07-29,1e-4,0.00254
ASH,2019-07-30,0,0
ASH,2019-07-31,0.3301,8.38454
ASH,2019-08-01,2e-4,0.00508
ASH,2019-08-02,0,0
ASH,2019-08-03,0.0102,0.25908
ASH,2019-08-04,0,0
ASH,2019-08-05,0,0
ASH,2019-08-06,0,0
ASH,2019-08-07,0.07050000000000001,1.7907000000000002
ASH,2019-08-08,1.2303,31.249619999999997
ASH,2019-08-09,4e-4,0.01016
ASH,2019-08-10,0.0202,0.51308
ASH,2019-08-11,0,0
ASH,2019-08-12,0,0
ASH,2019-08-13,0.0101,0.25654
ASH,2019-08-14,0,0
ASH,2019-08-15,0,0
ASH,2019-08-16,0,0
ASH,2019-08-17,0,0
ASH,2019-08-18,0.62,15.748
ASH,2019-08-19,0.0205,0.5206999999999999
ASH,2019-08-20,0,0
ASH,2019-08-21,0.38029999999999997,9.659619999999999
ASH,2019-08-22,0,0
ASH,2019-08-23,2e-4,0.00508
ASH,2019-08-24,0,0
ASH,2019-08-25,0,0
ASH,2019-08-26,0,0
ASH,2019-08-27,0,0
ASH,2019-08-28,0.42010000000000003,10.67054
ASH,2019-08-29,0.2905,7.378699999999999
ASH,2019-08-30,0,0
ASH,2019-08-31,0,0
ASH,2019-09-01,0,0
ASH,2019-09-02,3.0000000000000003e-4,0.00762
ASH,2019-09-03,0,0
ASH,2019-09-04,1e-4,0.00254
ASH,2019-09-05,0,0
ASH,2019-09-06,0,0
ASH,2019-09-07,2e-4,0.00508
ASH,2019-09-08,0,0
ASH,2019-09-09,0,0
ASH,2019-09-10,0,0
ASH,2019-09-11,2e-4,0.00508
ASH,2019-09-12,7e-4,0.017779999999999997
ASH,2019-09-13,0,0
ASH,2019-09-14,0.1502,3.8150799999999996
ASH,2019-09-15,0.07,1.778
ASH,2019-09-16,0,0
ASH,2019-09-17,0,0
ASH,2019-09-18,0,0
ASH,2019-09-19,0,0
ASH,2019-09-20,0,0
ASH,2019-09-21,0,0
ASH,2019-09-22,0,0
ASH,2019-09-23,0,0
ASH,2019-09-24,1e-4,0.00254
ASH,2019-09-25,0,0
ASH,2019-09-26,0.0101,0.25654
ASH,2019-09-27,0.02,0.508
ASH,2019-09-28,0,0
ASH,2019-09-29,0,0
ASH,2019-09-30,0,0
ASH,2019-10-01,0.0309,0.78486
ASH,2019-10-02,0.0207,0.5257799999999999
ASH,2019-10-03,0.1207,3.0657799999999997
ASH,2019-10-04,0.2804,7.122159999999999
ASH,2019-10-05,0,0
ASH,2019-10-06,0,0
ASH,2019-10-07,0.14040000000000002,3.5661600000000004
ASH,2019-10-08,1.0501,26.672539999999998
ASH,2019-10-09,0,0
ASH,2019-10-10,0,0
ASH,2019-10-11,0,0
ASH,2019-10-12,2e-4,0.00508
ASH,2019-10-13,0,0
ASH,2019-10-14,0,0
ASH,2019-10-15,0,0
ASH,2019-10-16,0,0
ASH,2019-10-17,0.1301,3.30454
ASH,2019-10-18,0,0
ASH,2019-10-19,0,0
ASH,2019-10-20,0,0
ASH,2019-10-21,0,0
ASH,2019-10-22,0,0
ASH,2019-10-23,0,0
ASH,2019-10-24,0,0
ASH,2019-10-25,0,0
ASH,2019-10-26,0.0303,0.76962
ASH,2019-10-27,1.1908,30.24632
ASH,2019-10-28,0.0602,1.5290799999999998
ASH,2019-10-29,0.0415,1.0541
ASH,2019-10-30,0.1414,3.59156
ASH,2019-10-31,0.8622,21.89988
ASH,2019-11-01,0.12090000000000001,3.07086
ASH,2019-11-02,0,0
ASH,2019-11-03,0,0
ASH,2019-11-04,0,0
ASH,2019-11-05,0.0408,1.03632
ASH,2019-11-06,0,0
ASH,2019-11-07,0.0204,0.51816
ASH,2019-11-08,0.031,0.7874
ASH,2019-11-09,0,0
ASH,2019-11-10,0,0
ASH,2019-11-11,0,0
ASH,2019-11-12,0.0022,0.05588
ASH,2019-11-13,2e-4,0.00508
ASH,2019-11-14,0,0
ASH,2019-11-15,0,0
ASH,2019-11-16,0,0
ASH,2019-11-17,0,0
ASH,2019-11-18,0.0015,0.0381
ASH,2019-11-19,0.1416,3.59664
ASH,2019-11-20,0.0818,2.07772
ASH,2019-11-21,2e-4,0.00508
ASH,2019-11-22,0.0105,0.2667
ASH,2019-11-23,0,0
ASH,2019-11-24,0.061,1.5493999999999999
ASH,2019-11-25,0.0303,0.76962
ASH,2019-11-26,0,0
ASH,2019-11-27,0.0102,0.25908
ASH,2019-11-28,0.0416,1.0566399999999998
ASH,2019-11-29,0,0
ASH,2019-11-30,0,0
ASH,2019-12-01,0.0011,0.02794
ASH,2019-12-02,0.0048000000000000004,0.12192
ASH,2019-12-03,0.0061,0.15494
ASH,2019-12-04,0.02,0.508
ASH,2019-12-05,0.0601,1.52654
ASH,2019-12-06,0.0011,0.02794
ASH,2019-12-07,8e-4,0.02032
ASH,2019-12-08,0,0
ASH,2019-12-09,4e-4,0.01016
ASH,2019-12-10,0.022600000000000002,0.57404
ASH,2019-12-11,0.0131,0.33274
ASH,2019-12-12,0,0
ASH,2019-12-13,6.000000000000001e-4,0.01524
ASH,2019-12-14,0.0117,0.29718
ASH,2019-12-15,0.0202,0.51308
ASH,2019-12-16,0,0
ASH,2019-12-17,0,0
ASH,2019-12-18,5e-4,0.0127
ASH,2019-12-19,8e-4,0.02032
ASH,2019-12-20,0,0
ASH,2019-12-21,0,0
ASH,2019-12-22,0,0
ASH,2019-12-23,0,0
ASH,2019-12-24,0,0
ASH,2019-12-25,0,0
ASH,2019-12-26,0,0
ASH,2019-12-27,8e-4,0.02032
ASH,2019-12-28,0,0
ASH,2019-12-29,0,0
ASH,2019-12-30,0.042300000000000004,1.0744200000000002
ASH,2019-12-31,0.0942,2.39268
ASH,2020-01-01,0.04,1.016
ASH,2020-01-02,0.02,0.508
ASH,2020-01-03,0.03,0.7619999999999999
ASH,2020-01-04,0.042300000000000004,1.0744200000000002
ASH,2020-01-05,0.0216,0.54864
ASH,2020-01-06,0.0011,0.02794
ASH,2020-01-07,0,0
ASH,2020-01-08,6.000000000000001e-4,0.01524
ASH,2020-01-09,0,0
ASH,2020-01-10,1e-4,0.00254
ASH,2020-01-11,1e-4,0.00254
ASH,2020-01-12,0.001,0.0254
ASH,2020-01-13,5e-4,0.0127
ASH,2020-01-14,1e-4,0.00254
ASH,2020-01-15,5e-4,0.0127
ASH,2020-01-16,0.0216,0.54864
ASH,2020-01-17,0,0
ASH,2020-01-18,9.000000000000001e-4,0.022860000000000002
ASH,2020-01-19,0.0228,0.57912
ASH,2020-01-20,0,0
ASH,2020-01-21,3.0000000000000003e-4,0.00762
ASH,2020-01-22,0,0
ASH,2020-01-23,0,0
ASH,2020-01-24,0,0
ASH,2020-01-25,2e-4,0.00508
ASH,2020-01-26,0,0
ASH,2020-01-27,0,0
ASH,2020-01-28,0,0
ASH,2020-01-29,0,0
ASH,2020-01-30,0,0
ASH,2020-01-31,0,0
ASH,2020-02-01,0.001,0.0254
ASH,2020-02-02,0,0
ASH,2020-02-03,0,0
ASH,2020-02-04,0,0
ASH,2020-02-05,4e-4,0.01016
ASH,2020-02-06,0.034300000000000004,0.8712200000000001
ASH,2020-02-07,0.1836,4.6634400000000005
ASH,2020-02-08,0.0102,0.25908
ASH,2020-02-09,7e-4,0.017779999999999997
ASH,2020-02-10,0.032100000000000004,0.8153400000000001
ASH,2020-02-11,0.0217,0.55118
ASH,2020-02-12,1e-4,0.00254
ASH,2020-02-13,0.052700000000000004,1.33858
ASH,2020-02-14,0.01,0.254
ASH,2020-02-15,0,0
ASH,2020-02-16,0,0
ASH,2020-02-17,0,0
ASH,2020-02-18,0.0019,0.04826
ASH,2020-02-19,0.0402,1.02108
ASH,2020-02-20,0,0
ASH,2020-02-21,0.01,0.254
ASH,2020-02-22,0,0
ASH,2020-02-23,0,0
ASH,2020-02-24,0,0
ASH,2020-02-25,0,0
ASH,2020-02-26,9.000000000000001e-4,0.022860000000000002
ASH,2020-02-27,0.031,0.7874
ASH,2020-02-28,4e-4,0.01016
ASH,2020-02-29,1e-4,0.00254
ASH,2020-03-01,0,0
ASH,2020-03-02,3.0000000000000003e-4,0.00762
ASH,2020-03-03,2e-4,0.00508
ASH,2020-03-04,0.0208,0.5283199999999999
ASH,2020-03-05,0,0
ASH,2020-03-06,4e-4,0.01016
ASH,2020-03-07,0,0
ASH,2020-03-08,0,0
ASH,2020-03-09,0,0
ASH,2020-03-10,0,0
ASH,2020-03-11,2e-4,0.00508
ASH,2020-03-12,0,0
ASH,2020-03-13,0.0212,0.53848
ASH,2020-03-14,0,0
ASH,2020-03-15,0,0
ASH,2020-03-16,0,0
ASH,2020-03-17,0.0016,0.04064
ASH,2020-03-18,0,0
ASH,2020-03-19,0.0222,0.56388
ASH,2020-03-20,0.0105,0.2667
ASH,2020-03-21,0,0
ASH,2020-03-22,0,0
ASH,2020-03-23,9.000000000000001e-4,0.022860000000000002
ASH,2020-03-24,0.0216,0.54864
ASH,2020-03-25,0,0
ASH,2020-03-26,0,0
ASH,2020-03-27,2e-4,0.00508
ASH,2020-03-28,0,0
ASH,2020-03-29,0.0825,2.0955
ASH,2020-03-30,0.0318,0.80772
ASH,2020-03-31,0.0407,1.03378
ASH,2020-04-01,0,0
ASH,2020-04-02,0.0013000000000000002,0.03302
ASH,2020-04-03,0.0322,0.8178799999999999
ASH,2020-04-04,0.031200000000000002,0.79248
ASH,2020-04-05,0,0
ASH,2020-04-06,0,0
ASH,2020-04-07,0,0
ASH,2020-04-08,5e-4,0.0127
ASH,2020-04-09,5e-4,0.0127
ASH,2020-04-10,0,0
ASH,2020-04-11,0,0
ASH,2020-04-12,0,0
ASH,2020-04-13,0.0208,0.5283199999999999
ASH,2020-04-14,0,0
ASH,2020-04-15,0,0
ASH,2020-04-16,9.000000000000001e-4,0.022860000000000002
ASH,2020-04-17,0,0
ASH,2020-04-18,0.002,0.0508
ASH,2020-04-19,0,0
ASH,2020-04-20,0,0
ASH,2020-04-21,4e-4,0.01016
ASH,2020-04-22,1e-4,0.00254
ASH,2020-04-23,0,0
ASH,2020-04-24,0.011300000000000001,0.28702
ASH,2020-04-25,0,0
ASH,2020-04-26,5e-4,0.0127
ASH,2020-04-27,0.0317,0.8051799999999999
ASH,2020-04-28,2e-4,0.00508
ASH,2020-04-29,0,0
ASH,2020-04-30,1e-4,0.00254
ASH,2020-05-01,7e-4,0.017779999999999997
ASH,2020-05-02,0.020300000000000002,0.5156200000000001
ASH,2020-05-03,1e-4,0.00254
ASH,2020-05-04,1e-4,0.00254
ASH,2020-05-05,0,0
ASH,2020-05-06,0,0
ASH,2020-05-07,5e-4,0.0127
ASH,2020-05-08,2e-4,0.00508
ASH,2020-05-09,0.032600000000000004,0.8280400000000001
ASH,2020-05-10,0,0
ASH,2020-05-11,0.0307,0.77978
ASH,2020-05-12,0.0103,0.26161999999999996
ASH,2020-05-13,0,0
ASH,2020-05-14,0,0
ASH,2020-05-15,4e-4,0.01016
ASH,2020-05-16,0.0705,1.7906999999999997
ASH,2020-05-17,0,0
ASH,2020-05-18,5e-4,0.0127
ASH,2020-05-19,0,0
ASH,2020-05-20,0,0
ASH,2020-05-21,0,0
ASH,2020-05-22,0,0
ASH,2020-05-23,0,0
ASH,2020-05-24,0,0
ASH,2020-05-25,2e-4,0.00508
ASH,2020-05-26,0,0
ASH,2020-05-27,0,0
ASH,2020-05-28,0,0
ASH,2020-05-29,0,0
ASH,2020-05-30,1e-4,0.00254
ASH,2020-05-31,0,0
ASH,2020-06-01,0,0
ASH,2020-06-02,0,0
ASH,2020-06-03,0,0
ASH,2020-06-04,0,0
ASH,2020-06-05,0,0
ASH,2020-06-06,4e-4,0.01016
ASH,2020-06-07,5e-4,0.0127
ASH,2020-06-08,0,0
ASH,2020-06-09,1e-4,0.00254
ASH,2020-06-10,0,0
ASH,2020-06-11,0.0703,1.78562
ASH,2020-06-12,0,0
ASH,2020-06-13,0,0
ASH,2020-06-14,0,0
ASH,2020-06-15,0,0
ASH,2020-06-16,0,0
ASH,2020-06-17,0,0
ASH,2020-06-18,0,0
ASH,2020-06-19,0,0
ASH,2020-06-20,0,0
ASH,2020-06-21,0,0
ASH,2020-06-22,0,0
ASH,2020-06-23,0,0
ASH,2020-06-24,0.040100000000000004,1.01854
ASH,2020-06-25,0,0
ASH,2020-06-26,0,0
ASH,2020-06-27,0,0
ASH,2020-06-28,3.0000000000000003e-4,0.00762
ASH,2020-06-29,0.2403,6.10362
ASH,2020-06-30,0.07100000000000001,1.8034000000000001
ASH,2020-07-01,0.5007,12.71778
ASH,2020-07-02,1e-4,0.00254
ASH,2020-07-03,2e-4,0.00508
ASH,2020-07-04,0,0
ASH,2020-07-05,0,0
ASH,2020-07-06,5e-4,0.0127
ASH,2020-07-07,0,0
ASH,2020-07-08,0,0
ASH,2020-07-09,0,0
ASH,2020-07-10,0,0
ASH,2020-07-11,5e-4,0.0127
ASH,2020-07-12,1e-4,0.00254
ASH,2020-07-13,1.8002,45.72508
ASH,2020-07-14,1.6402,41.66108
ASH,2020-07-15,0.021,0.5334
ASH,2020-07-16,0,0
ASH,2020-07-17,0.0103,0.26161999999999996
ASH,2020-07-18,0,0
ASH,2020-07-19,0,0
ASH,2020-07-20,0,0
ASH,2020-07-21,0,0
ASH,2020-07-22,0,0
ASH,2020-07-23,1.6208,41.16832
ASH,2020-07-24,3.0000000000000003e-4,0.00762
ASH,2020-07-25,0,0
ASH,2020-07-26,0,0
ASH,2020-07-27,0,0
ASH,2020-07-28,1e-4,0.00254
ASH,2020-07-29,0,0
ASH,2020-07-30,4e-4,0.01016
ASH,2020-07-31,0,0
ASH,2020-08-01,0,0
ASH,2020-08-02,3.0000000000000003e-4,0.00762
ASH,2020-08-03,1e-4,0.00254
ASH,2020-08-04,5e-4,0.0127
ASH,2020-08-05,0,0
ASH,2020-08-06,0,0
ASH,2020-08-07,0,0
ASH,2020-08-08,0,0
ASH,2020-08-09,0,0
ASH,2020-08-10,0,0
ASH,2020-08-11,0,0
ASH,2020-08-12,0,0
ASH,2020-08-13,0,0
ASH,2020-08-14,0,0
ASH,2020-08-15,1e-4,0.00254
ASH,2020-08-16,0,0
ASH,2020-08-17,0.001,0.0254
ASH,2020-08-18,0.6601,16.76654
ASH,2020-08-19,0,0
ASH,2020-08-20,0,0
ASH,2020-08-21,0,0
ASH,2020-08-22,3.0000000000000003e-4,0.00762
ASH,2020-08-23,5e-4,0.0127
ASH,2020-08-24,0,0
ASH,2020-08-25,1e-4,0.00254
ASH,2020-08-26,0,0
ASH,2020-08-27,3.0000000000000003e-4,0.00762
ASH,2020-08-28,0,0
ASH,2020-08-29,3.0000000000000003e-4,0.00762
ASH,2020-08-30,3.0000000000000003e-4,0.00762
ASH,2020-08-31,0,0
ASH,2020-09-01,0,0
ASH,2020-09-02,0.1215,3.0860999999999996
ASH,2020-09-03,0.041,1.0413999999999999
ASH,2020-09-04,0,0
ASH,2020-09-05,0,0
ASH,2020-09-06,0,0
ASH,2020-09-07,0,0
ASH,2020-09-08,0,0
ASH,2020-09-09,0,0
ASH,2020-09-10,0.7006,17.79524
ASH,2020-09-11,0.01,0.254
ASH,2020-09-12,0,0
ASH,2020-09-13,0,0
ASH,2020-09-14,2e-4,0.00508
ASH,2020-09-15,0,0
ASH,2020-09-16,0,0
ASH,2020-09-17,0,0
ASH,2020-09-18,0,0
ASH,2020-09-19,0,0
ASH,2020-09-20,0,0
ASH,2020-09-21,0,0
ASH,2020-09-22,0,0
ASH,2020-09-23,0,0
ASH,2020-09-24,0,0
ASH,2020-09-25,0,0
ASH,2020-09-26,0,0
ASH,2020-09-27,1e-4,0.00254
ASH,2020-09-28,0.0401,1.0185399999999998
ASH,2020-09-29,2e-4,0.00508
ASH,2020-09-30,0.39030000000000004,9.91362
ASH,2020-10-01,0,0
ASH,2020-10-02,7e-4,0.017779999999999997
ASH,2020-10-03,0,0
ASH,2020-10-04,0,0
ASH,2020-10-05,0,0
ASH,2020-10-06,0,0
ASH,2020-10-07,0.01,0.254
ASH,2020-10-08,0,0
ASH,2020-10-09,0,0
ASH,2020-10-10,0,0
ASH,2020-10-11,0,0
ASH,2020-10-12,0,0
ASH,2020-10-13,3.0000000000000003e-4,0.00762
ASH,2020-10-14,0,0
ASH,2020-10-15,0,0
ASH,2020-10-16,0,0
ASH,2020-10-17,0.26030000000000003,6.61162
ASH,2020-10-18,0,0
ASH,2020-10-19,0,0
ASH,2020-10-20,1e-4,0.00254
ASH,2020-10-21,5e-4,0.0127
ASH,2020-10-22,0,0
ASH,2020-10-23,7e-4,0.017779999999999997
ASH,2020-10-24,0,0
ASH,2020-10-25,0,0
ASH,2020-10-26,0.0219,0.55626
ASH,2020-10-27,1e-4,0.00254
ASH,2020-10-28,0.5411,13.74394
ASH,2020-10-29,0.0105,0.2667
ASH,2020-10-30,0,0
ASH,2020-10-31,0.16,4.064
ASH,2020-11-01,0.0106,0.26924
ASH,2020-11-02,0.1304,3.3121599999999995
ASH,2020-11-03,6.000000000000001e-4,0.01524
ASH,2020-11-04,0,0
ASH,2020-11-05,0,0
ASH,2020-11-06,0,0
ASH,2020-11-07,0,0
ASH,2020-11-08,0,0
ASH,2020-11-09,0,0
ASH,2020-11-10,0,0
ASH,2020-11-11,1e-4,0.00254
ASH,2020-11-12,5e-4,0.0127
ASH,2020-11-13,0.0303,0.76962
ASH,2020-11-14,1e-4,0.00254
ASH,2020-11-15,0,0
ASH,2020-11-16,0.2303,5.84962
ASH,2020-11-17,0,0
ASH,2020-11-18,1e-4,0.00254
ASH,2020-11-19,0,0
ASH,2020-11-20,2e-4,0.00508
ASH,2020-11-21,0,0
ASH,2020-11-22,3.0000000000000003e-4,0.00762
ASH,2020-11-23,2.0209,51.33086
ASH,2020-11-24,0,0
ASH,2020-11-25,0,0
ASH,2020-11-26,1.5012,38.13048
ASH,2020-11-27,0.01,0.254
ASH,2020-11-28,0,0
ASH,2020-11-29,0,0
ASH,2020-11-30,1.5901,40.38854
ASH,2020-12-01,0.7804,19.82216
ASH,2020-12-02,1e-4,0.00254
ASH,2020-12-03,0,0
ASH,2020-12-04,0,0
ASH,2020-12-05,1.601,40.6654
ASH,2020-12-06,0.8607,21.86178
ASH,2020-12-07,0,0
ASH,2020-12-08,1e-4,0.00254
ASH,2020-12-09,5e-4,0.0127
ASH,2020-12-10,0,0
ASH,2020-12-11,0,0
ASH,2020-12-12,0.6504,16.520159999999997
ASH,2020-12-13,0.5307000000000001,13.479780000000002
ASH,2020-12-14,0.0112,0.28447999999999996
ASH,2020-12-15,1e-4,0.00254
ASH,2020-12-16,0,0
ASH,2020-12-17,0.0045000000000000005,0.11430000000000001
ASH,2020-12-18,0.01,0.254
ASH,2020-12-19,0.01,0.254
ASH,2020-12-20,0.0017000000000000001,0.04318
ASH,2020-12-21,0.13,3.302
ASH,2020-12-22,0,0
ASH,2020-12-23,0,0
ASH,2020-12-24,0,0
ASH,2020-12-25,0.8310000000000001,21.107400000000002
ASH,2020-12-26,0,0
ASH,2020-12-27,0,0
ASH,2020-12-28,0,0
ASH,2020-12-29,0,0
ASH,2020-12-30,0,0
ASH,2020-12-31,0.0102,0.25908
ASH,2021-01-01,0,0
ASH,2021-01-02,1.8719000000000001,47.546260000000004
ASH,2021-01-03,2e-4,0.00508
ASH,2021-01-04,6.000000000000001e-4,0.01524
ASH,2021-01-05,9.000000000000001e-4,0.022860000000000002
ASH,2021-01-06,0.001,0.0254
ASH,2021-01-07,0,0
ASH,2021-01-08,0,0
ASH,2021-01-09,0,0
ASH,2021-01-10,0,0
ASH,2021-01-11,0,0
ASH,2021-01-12,0,0
ASH,2021-01-13,0,0
ASH,2021-01-14,0.0313,0.79502
ASH,2021-01-15,0.01,0.254
ASH,2021-01-16,0.8412000000000001,21.36648
ASH,2021-01-17,0,0
ASH,2021-01-18,0,0
ASH,2021-01-19,0,0
ASH,2021-01-20,0,0
ASH,2021-01-21,0.0011,0.02794
ASH,2021-01-22,2e-4,0.00508
ASH,2021-01-23,6.000000000000001e-4,0.01524
ASH,2021-01-24,0,0
ASH,2021-01-25,0,0
ASH,2021-01-26,7e-4,0.017779999999999997
ASH,2021-01-27,0.1133,2.87782
ASH,2021-01-28,0.0111,0.28194
ASH,2021-01-29,2e-4,0.00508
ASH,2021-01-30,0,0
ASH,2021-01-31,0,0
ASH,2021-02-01,0.0014,0.035559999999999994
ASH,2021-02-02,0.013900000000000001,0.35306
ASH,2021-02-03,0.0102,0.25908
ASH,2021-02-04,9.000000000000001e-4,0.022860000000000002
ASH,2021-02-05,0.0115,0.29209999999999997
ASH,2021-02-06,0,0
ASH,2021-02-07,0.002,0.0508
ASH,2021-02-08,7e-4,0.017779999999999997
ASH,2021-02-09,0.0043,0.10922
ASH,2021-02-10,7e-4,0.017779999999999997
ASH,2021-02-11,1e-4,0.00254
ASH,2021-02-12,0,0
ASH,2021-02-13,0,0
ASH,2021-02-14,0,0
ASH,2021-02-15,0.0015,0.0381
ASH,2021-02-16,0.5731,14.556740000000001
ASH,2021-02-17,5e-4,0.0127
ASH,2021-02-18,4e-4,0.01016
ASH,2021-02-19,0.0437,1.10998
ASH,2021-02-20,0.0022,0.05588
ASH,2021-02-21,2e-4,0.00508
ASH,2021-02-22,0.0709,1.8008600000000001
ASH,2021-02-23,0.0819,2.08026
ASH,2021-02-24,0,0
ASH,2021-02-25,2e-4,0.00508
ASH,2021-02-26,0,0
ASH,2021-02-27,0.212,5.384799999999999
ASH,2021-02-28,0,0
ASH,2021-03-01,0.2214,5.62356
ASH,2021-03-02,0.001,0.0254
ASH,2021-03-03,0,0
ASH,2021-03-04,0,0
ASH,2021-03-05,0,0
ASH,2021-03-06,0,0
ASH,2021-03-07,0,0
ASH,2021-03-08,0,0
ASH,2021-03-09,1e-4,0.00254
ASH,2021-03-10,0,0
ASH,2021-03-11,0,0
ASH,2021-03-12,0,0
ASH,2021-03-13,1e-4,0.00254
ASH,2021-03-14,5e-4,0.0127
ASH,2021-03-15,2e-4,0.00508
ASH,2021-03-16,0,0
ASH,2021-03-17,0,0
ASH,2021-03-18,0.2005,5.0927
ASH,2021-03-19,0.07050000000000001,1.7907000000000002
ASH,2021-03-20,0,0
ASH,2021-03-21,0,0
ASH,2021-03-22,0,0
ASH,2021-03-23,0,0
ASH,2021-03-24,0,0
ASH,2021-03-25,0.0707,1.79578
ASH,2021-03-26,0.030600000000000002,0.77724
ASH,2021-03-27,0,0
ASH,2021-03-28,0.3103,7.88162
ASH,2021-03-29,0.0803,2.0396199999999998
ASH,2021-03-30,0,0
ASH,2021-03-31,3.0000000000000003e-4,0.00762
ASH,2021-04-01,0.1423,3.61442
ASH,2021-04-02,0,0
ASH,2021-04-03,0,0
ASH,2021-04-04,0,0
ASH,2021-04-05,0,0
ASH,2021-04-06,0,0
ASH,2021-04-07,0,0
ASH,2021-04-08,0,0
ASH,2021-04-09,0,0
ASH,2021-04-10,0,0
ASH,2021-04-11,0,0
ASH,2021-04-12,4e-4,0.01016
ASH,2021-04-13,0,0
ASH,2021-04-14,0,0
ASH,2021-04-15,0.0107,0.27177999999999997
ASH,2021-04-16,1.1612,29.49448
ASH,2021-04-17,0.0323,0.82042
ASH,2021-04-18,1e-4,0.00254
ASH,2021-04-19,2e-4,0.00508
ASH,2021-04-20,1e-4,0.00254
ASH,2021-04-21,0.4703,11.94562
ASH,2021-04-22,1e-4,0.00254
ASH,2021-04-23,0,0
ASH,2021-04-24,0,0
ASH,2021-04-25,0.07050000000000001,1.7907000000000002
ASH,2021-04-26,0,0
ASH,2021-04-27,0,0
ASH,2021-04-28,0.2506,6.365239999999999
ASH,2021-04-29,1.4001000000000001,35.56254
ASH,2021-04-30,1.2007,30.497780000000002
ASH,2021-05-01,5e-4,0.0127
ASH,2021-05-02,4e-4,0.01016
ASH,2021-05-03,0,0
ASH,2021-05-04,0.3106,7.889239999999999
ASH,2021-05-05,2.9804,75.70215999999999
ASH,2021-05-06,0.041,1.0413999999999999
ASH,2021-05-07,0,0
ASH,2021-05-08,0,0
ASH,2021-05-09,0,0
ASH,2021-05-10,0.3202,8.13308
ASH,2021-05-11,0,0
ASH,2021-05-12,3.0000000000000003e-4,0.00762
ASH,2021-05-13,0,0
ASH,2021-05-14,1e-4,0.00254
ASH,2021-05-15,0,0
ASH,2021-05-16,0,0
ASH,2021-05-17,0,0
ASH,2021-05-18,1e-4,0.00254
ASH,2021-05-19,0,0
ASH,2021-05-20,0,0
ASH,2021-05-21,3.0000000000000003e-4,0.00762
ASH,2021-05-22,0,0
ASH,2021-05-23,1e-4,0.00254
ASH,2021-05-24,0,0
ASH,2021-05-25,0,0
ASH,2021-05-26,2e-4,0.00508
ASH,2021-05-27,0,0
ASH,2021-05-28,0,0
ASH,2021-05-29,0.132,3.3528
ASH,2021-05-30,0.1605,4.0767
ASH,2021-05-31,0.1809,4.59486
ASH,2021-06-01,0,0
ASH,2021-06-02,0,0
ASH,2021-06-03,1e-4,0.00254
ASH,2021-06-04,4e-4,0.01016
ASH,2021-06-05,3.0000000000000003e-4,0.00762
ASH,2021-06-06,0,0
ASH,2021-06-07,0,0
ASH,2021-06-08,0,0
ASH,2021-06-09,0,0
ASH,2021-06-10,0,0
ASH,2021-06-11,0,0
ASH,2021-06-12,2e-4,0.00508
ASH,2021-06-13,0,0
ASH,2021-06-14,0,0
ASH,2021-06-15,0,0
ASH,2021-06-16,0,0
ASH,2021-06-17,0,0
ASH,2021-06-18,0,0
ASH,2021-06-19,0,0
ASH,2021-06-20,0,0
ASH,2021-06-21,0,0
ASH,2021-06-22,0,0
ASH,2021-06-23,0,0
ASH,2021-06-24,0,0
ASH,2021-06-25,0,0
ASH,2021-06-26,0,0
ASH,2021-06-27,0,0
ASH,2021-06-28,0,0
ASH,2021-06-29,0,0
ASH,2021-06-30,0,0
ASH,2021-07-01,0,0
ASH,2021-07-02,0,0
ASH,2021-07-03,0,0
ASH,2021-07-04,0,0
ASH,2021-07-05,0,0
ASH,2021-07-06,0,0
ASH,2021-07-07,0,0
ASH,2021-07-08,0.0901,2.28854
ASH,2021-07-09,2.9006,73.67523999999999
ASH,2021-07-10,0.1804,4.58216
ASH,2021-07-11,3.0000000000000003e-4,0.00762
ASH,2021-07-12,1.5906,40.40124
ASH,2021-07-13,0.3509,8.912859999999998
ASH,2021-07-14,0.0103,0.26161999999999996
ASH,2021-07-15,1e-4,0.00254
ASH,2021-07-16,0,0
ASH,2021-07-17,0.0805,2.0446999999999997
ASH,2021-07-18,3.6711,93.24593999999999
ASH,2021-07-19,0.1721,4.37134
ASH,2021-07-20,0,0
ASH,2021-07-21,0.13,3.302
ASH,2021-07-22,0,0
ASH,2021-07-23,2.0101,51.05654
ASH,2021-07-24,0,0
ASH,2021-07-25,0.2101,5.33654
ASH,2021-07-26,0,0
ASH,2021-07-27,0.7000000000000001,17.78
ASH,2021-07-28,0.5803,14.73962
ASH,2021-07-29,0.28,7.112
ASH,2021-07-30,7.9403,201.68362
ASH,2021-07-31,0,0
ASH,2021-08-01,0,0
ASH,2021-08-02,0.020300000000000002,0.5156200000000001
ASH,2021-08-03,0,0
ASH,2021-08-04,0,0
ASH,2021-08-05,0.28150000000000003,7.1501
ASH,2021-08-06,0,0
ASH,2021-08-07,0,0
ASH,2021-08-08,0,0
ASH,2021-08-09,0,0
ASH,2021-08-10,2.1002,53.345079999999996
ASH,2021-08-11,0,0
ASH,2021-08-12,0,0
ASH,2021-08-13,0,0
ASH,2021-08-14,0,0
ASH,2021-08-15,0,0
ASH,2021-08-16,0,0
ASH,2021-08-17,0,0
ASH,2021-08-18,4e-4,0.01016
ASH,2021-08-19,1.9611,49.81194
ASH,2021-08-20,0.5506,13.98524
ASH,2021-08-21,0,0
ASH,2021-08-22,0.4207,10.68578
ASH,2021-08-23,2.9307,74.43978
ASH,2021-08-24,0.1807,4.589779999999999
ASH,2021-08-25,0,0
ASH,2021-08-26,0,0
ASH,2021-08-27,0,0
ASH,2021-08-28,1e-4,0.00254
ASH,2021-08-29,4e-4,0.01016
ASH,2021-08-30,1e-4,0.00254
ASH,2021-08-31,0,0
ASH,2021-09-01,0.1607,4.08178
ASH,2021-09-02,4.9801,126.49454
ASH,2021-09-03,0,0
ASH,2021-09-04,0,0
ASH,2021-09-05,4e-4,0.01016
ASH,2021-09-06,5e-4,0.0127
ASH,2021-09-07,0,0
ASH,2021-09-08,0,0
ASH,2021-09-09,2.5411,64.54394
ASH,2021-09-10,0.7901,20.06854
ASH,2021-09-11,0,0
ASH,2021-09-12,0,0
ASH,2021-09-13,1.8302,46.48708
ASH,2021-09-14,0,0
ASH,2021-09-15,0.0101,0.25654
ASH,2021-09-16,0.1602,4.06908
ASH,2021-09-17,0,0
ASH,2021-09-18,0,0
ASH,2021-09-19,0.09029999999999999,2.2936199999999998
ASH,2021-09-20,0,0
ASH,2021-09-21,0,0
ASH,2021-09-22,0.1704,4.32816
ASH,2021-09-23,0.0204,0.51816
ASH,2021-09-24,1.7022,43.235879999999995
ASH,2021-09-25,0,0
ASH,2021-09-26,2e-4,0.00508
ASH,2021-09-27,0.0102,0.25908
ASH,2021-09-28,0.5401,13.718539999999999
ASH,2021-09-29,0,0
ASH,2021-09-30,1e-4,0.00254
ASH,2021-10-01,0,0
ASH,2021-10-02,0,0
ASH,2021-10-03,0.0204,0.51816
ASH,2021-10-04,1.4108,35.83432
ASH,2021-10-05,0.9002,22.86508
ASH,2021-10-06,0,0
ASH,2021-10-07,0,0
ASH,2021-10-08,0,0
ASH,2021-10-09,0,0
ASH,2021-10-10,0,0
ASH,2021-10-11,2e-4,0.00508
ASH,2021-10-12,0,0
ASH,2021-10-13,0,0
ASH,2021-10-14,0,0
ASH,2021-10-15,0,0
ASH,2021-10-16,3.0000000000000003e-4,0.00762
ASH,2021-10-17,1.12,28.448
ASH,2021-10-18,0,0
ASH,2021-10-19,0,0
ASH,2021-10-20,0,0
ASH,2021-10-21,2e-4,0.00508
ASH,2021-10-22,0,0
ASH,2021-10-23,0,0
ASH,2021-10-24,0,0
ASH,2021-10-25,0.6511,16.53794
ASH,2021-10-26,1.0713,27.211019999999998
ASH,2021-10-27,0.3614,9.179559999999999
ASH,2021-10-28,0.0403,1.02362
ASH,2021-10-29,0,0
ASH,2021-10-30,1.4005,35.5727
ASH,2021-10-31,2.1906,55.641239999999996
ASH,2021-11-01,0,0
ASH,2021-11-02,1e-4,0.00254
ASH,2021-11-03,6.000000000000001e-4,0.01524
ASH,2021-11-04,0,0
ASH,2021-11-05,0,0
ASH,2021-11-06,0,0
ASH,2021-11-07,0,0
ASH,2021-11-08,0,0
ASH,2021-11-09,0,0
ASH,2021-11-10,3.0000000000000003e-4,0.00762
ASH,2021-11-11,0,0
ASH,2021-11-12,3.4906,88.66123999999999
ASH,2021-11-13,0.79,20.066
ASH,2021-11-14,2e-4,0.00508
ASH,2021-11-15,0.1104,2.80416
ASH,2021-11-16,0,0
ASH,2021-11-17,0,0
ASH,2021-11-18,0,0
ASH,2021-11-19,0.2604,6.61416
ASH,2021-11-20,0,0
ASH,2021-11-21,0,0
ASH,2021-11-22,0.21030000000000001,5.34162
ASH,2021-11-23,0,0
ASH,2021-11-24,0,0
ASH,2021-11-25,0,0
ASH,2021-11-26,0.17120000000000002,4.34848
ASH,2021-11-27,0.2505,6.362699999999999
ASH,2021-11-28,0,0
ASH,2021-11-29,1e-4,0.00254
ASH,2021-11-30,0,0
ASH,2021-12-01,0,0
ASH,2021-12-02,0.1106,2.80924
ASH,2021-12-03,0.060200000000000004,1.52908
ASH,2021-12-04,0,0
ASH,2021-12-05,0,0
ASH,2021-12-06,0.1411,3.5839399999999997
ASH,2021-12-07,0.1802,4.57708
ASH,2021-12-08,3.0000000000000003e-4,0.00762
ASH,2021-12-09,0.0112,0.28447999999999996
ASH,2021-12-10,1e-4,0.00254
ASH,2021-12-11,2.6403,67.06361999999999
ASH,2021-12-12,0.8102,20.57908
ASH,2021-12-13,0,0
ASH,2021-12-14,0,0
ASH,2021-12-15,2e-4,0.00508
ASH,2021-12-16,0.1609,4.08686
ASH,2021-12-17,0,0
ASH,2021-12-18,0.2008,5.10032
ASH,2021-12-19,0.7512,19.080479999999998
ASH,2021-12-20,0,0
ASH,2021-12-21,0,0
ASH,2021-12-22,0.9411,23.90394
ASH,2021-12-23,0,0
ASH,2021-12-24,3.0000000000000003e-4,0.00762
ASH,2021-12-25,0.7209,18.310859999999998
ASH,2021-12-26,0.6404000000000001,16.266160000000003
ASH,2021-12-27,0,0
ASH,2021-12-28,0.1111,2.82194
ASH,2021-12-29,0,0
ASH,2021-12-30,0.040600000000000004,1.0312400000000002
ASH,2021-12-31,0.0509,1.29286
ASH,2022-01-01,0.3106,7.889239999999999
ASH,2022-01-02,0.2822,7.167879999999999
ASH,2022-01-03,0,0
ASH,2022-01-04,0,0
ASH,2022-01-05,0.5414,13.75156
ASH,2022-01-06,0,0
ASH,2022-01-07,0.0244,0.61976
ASH,2022-01-08,0.0506,1.28524
ASH,2022-01-09,0.1002,2.54508
ASH,2022-01-10,1e-4,0.00254
ASH,2022-01-11,0.0016,0.04064
ASH,2022-01-12,0,0
ASH,2022-01-13,0,0
ASH,2022-01-14,0,0
ASH,2022-01-15,0,0
ASH,2022-01-16,0,0
ASH,2022-01-17,1.8116,46.01464
ASH,2022-01-18,3.0000000000000003e-4,0.00762
ASH,2022-01-19,0,0
ASH,2022-01-20,0.030600000000000002,0.77724
ASH,2022-01-21,0,0
ASH,2022-01-22,0,0
ASH,2022-01-23,0,0
ASH,2022-01-24,1e-4,0.00254
ASH,2022-01-25,0.0313,0.79502
ASH,2022-01-26,0,0
ASH,2022-01-27,0,0
ASH,2022-01-28,0,0
ASH,2022-01-29,0.0049,0.12445999999999999
ASH,2022-01-30,0.0011,0.02794
ASH,2022-01-31,0,0
ASH,2022-02-01,0,0
ASH,2022-02-02,0,0
ASH,2022-02-03,0.5708,14.498319999999998
ASH,2022-02-04,2.8828,73.22312
ASH,2022-02-05,0.0021000000000000003,0.053340000000000005
ASH,2022-02-06,0.15,3.8099999999999996
ASH,2022-02-07,0.7005,17.7927
ASH,2022-02-08,0.8906000000000001,22.62124
ASH,2022-02-09,0,0
ASH,2022-02-10,1e-4,0.00254
ASH,2022-02-11,1e-4,0.00254
ASH,2022-02-12,0,0
ASH,2022-02-13,0.0016,0.04064
ASH,2022-02-14,0.0025,0.0635
ASH,2022-02-15,0,0
ASH,2022-02-16,0,0
ASH,2022-02-17,0,0
ASH,2022-02-18,0.8405,21.3487
ASH,2022-02-19,0.001,0.0254
ASH,2022-02-20,0,0
ASH,2022-02-21,0,0
ASH,2022-02-22,0.2904,7.37616
ASH,2022-02-23,0.4802,12.19708
ASH,2022-02-24,0,0
ASH,2022-02-25,0.0058000000000000005,0.14732
ASH,2022-02-26,0.3308,8.40232
ASH,2022-02-27,0,0
ASH,2022-02-28,0.001,0.0254
ASH,2022-03-01,2e-4,0.00508
ASH,2022-03-02,0.1509,3.83286
ASH,2022-03-03,0.0011,0.02794
ASH,2022-03-04,0,0
ASH,2022-03-05,0,0
ASH,2022-03-06,0.0106,0.26924
ASH,2022-03-07,0.1105,2.8066999999999998
ASH,2022-03-08,0.5305,13.474699999999999
ASH,2022-03-09,0.171,4.3434
ASH,2022-03-10,0.1805,4.5847
ASH,2022-03-11,0,0
ASH,2022-03-12,0.612,15.544799999999999
ASH,2022-03-13,4e-4,0.01016
ASH,2022-03-14,0,0
ASH,2022-03-15,0,0
ASH,2022-03-16,0.0106,0.26924
ASH,2022-03-17,0.0105,0.2667
ASH,2022-03-18,0.0202,0.51308
ASH,2022-03-19,0.4613,11.71702
ASH,2022-03-20,0.25060000000000004,6.365240000000001
ASH,2022-03-21,0,0
ASH,2022-03-22,0,0
ASH,2022-03-23,0,0
ASH,2022-03-24,0.6919000000000001,17.574260000000002
ASH,2022-03-25,0.6806,17.287239999999997
ASH,2022-03-26,3.0000000000000003e-4,0.00762
ASH,2022-03-27,0,0
ASH,2022-03-28,0.0011,0.02794
ASH,2022-03-29,3.0000000000000003e-4,0.00762
ASH,2022-03-30,0,0
ASH,2022-03-31,6.000000000000001e-4,0.01524
ASH,2022-04-01,1.2913000000000001,32.79902
ASH,2022-04-02,0,0
ASH,2022-04-03,1e-4,0.00254
ASH,2022-04-04,0.1007,2.5577799999999997
ASH,2022-04-05,0,0
ASH,2022-04-06,9.000000000000001e-4,0.022860000000000002
ASH,2022-04-07,0.0102,0.25908
ASH,2022-04-08,1.7013,43.21302
ASH,2022-04-09,0.5304,13.472159999999999
ASH,2022-04-10,0.030100000000000002,0.76454
ASH,2022-04-11,0,0
ASH,2022-04-12,0.0608,1.54432
ASH,2022-04-13,0,0
ASH,2022-04-14,0.1301,3.30454
ASH,2022-04-15,0.0505,1.2827
ASH,2022-04-16,0.1306,3.3172399999999995
ASH,2022-04-17,0.4103,10.421619999999999
ASH,2022-04-18,0,0
ASH,2022-04-19,1.7601,44.70654
ASH,2022-04-20,0,0
ASH,2022-04-21,3.0000000000000003e-4,0.00762
ASH,2022-04-22,0,0
ASH,2022-04-23,0,0
ASH,2022-04-24,2e-4,0.00508
ASH,2022-04-25,0,0
ASH,2022-04-26,0.3403,8.643619999999999
ASH,2022-04-27,0.2707,6.87578
ASH,2022-04-28,4e-4,0.01016
ASH,2022-04-29,0,0
ASH,2022-04-30,0,0
ASH,2022-05-01,0,0
ASH,2022-05-02,0.0204,0.51816
ASH,2022-05-03,0.8504,21.60016
ASH,2022-05-04,0.3408,8.65632
ASH,2022-05-05,0,0
ASH,2022-05-06,0,0
ASH,2022-05-07,0,0
ASH,2022-05-08,0,0
ASH,2022-05-09,0,0
ASH,2022-05-10,0,0
ASH,2022-05-11,0,0
ASH,2022-05-12,6.000000000000001e-4,0.01524
ASH,2022-05-13,0,0
ASH,2022-05-14,0,0
ASH,2022-05-15,0.0106,0.26924
ASH,2022-05-16,1.3703,34.80562
ASH,2022-05-17,0.7104,18.04416
ASH,2022-05-18,0,0
ASH,2022-05-19,0.6411,16.283939999999998
ASH,2022-05-20,0,0
ASH,2022-05-21,0.0104,0.26415999999999995
ASH,2022-05-22,0,0
ASH,2022-05-23,0.23,5.842
ASH,2022-05-24,0,0
ASH,2022-05-25,0,0
ASH,2022-05-26,0,0
ASH,2022-05-27,0,0
ASH,2022-05-28,1.0004,25.410159999999998
ASH,2022-05-29,0,0
ASH,2022-05-30,0,0
ASH,2022-05-31,0,0
ASH,2022-06-01,0.1105,2.8066999999999998
ASH,2022-06-02,0.0405,1.0287
ASH,2022-06-03,0.1304,3.3121599999999995
ASH,2022-06-04,5e-4,0.0127
ASH,2022-06-05,0,0
ASH,2022-06-06,0,0
ASH,2022-06-07,0,0
ASH,2022-06-08,0.1607,4.08178
ASH,2022-06-09,3.09,78.48599999999999
ASH,2022-06-10,0,0
ASH,2022-06-11,0,0
ASH,2022-06-12,0,0
ASH,2022-06-13,0.0202,0.51308
ASH,2022-06-14,0,0
ASH,2022-06-15,0,0
ASH,2022-06-16,0,0
ASH,2022-06-17,0.02,0.508
ASH,2022-06-18,0,0
ASH,2022-06-19,0.1704,4.32816
ASH,2022-06-20,0,0
ASH,2022-06-21,0,0
ASH,2022-06-22,0.0102,0.25908
ASH,2022-06-23,1e-4,0.00254
ASH,2022-06-24,0.1404,3.5661599999999996
ASH,2022-06-25,0,0
ASH,2022-06-26,0,0
ASH,2022-06-27,0.0804,2.04216
ASH,2022-06-28,0,0
ASH,2022-06-29,0,0
ASH,2022-06-30,0.1503,3.8176199999999993
ASH,2022-07-01,0,0
ASH,2022-07-02,0.0404,1.02616
ASH,2022-07-03,0,0
ASH,2022-07-04,0,0
ASH,2022-07-05,0.0403,1.02362
ASH,2022-07-06,0.6304,16.012159999999998
ASH,2022-07-07,0,0
ASH,2022-07-08,0,0
ASH,2022-07-09,0,0
ASH,2022-07-10,0,0
ASH,2022-07-11,0,0
ASH,2022-07-12,0,0
ASH,2022-07-13,2e-4,0.00508
ASH,2022-07-14,0.2102,5.33908
ASH,2022-07-15,0,0
ASH,2022-07-16,0,0
ASH,2022-07-17,0.18009999999999998,4.574539999999999
ASH,2022-07-18,0.3408,8.65632
ASH,2022-07-19,0.37020000000000003,9.403080000000001
ASH,2022-07-20,0,0
ASH,2022-07-21,0.6003000000000001,15.247620000000001
ASH,2022-07-22,0,0
ASH,2022-07-23,0,0
ASH,2022-07-24,0,0
ASH,2022-07-25,0.1805,4.5847
ASH,2022-07-26,0,0
ASH,2022-07-27,0,0
ASH,2022-07-28,0.050300000000000004,1.27762
ASH,2022-07-29,0.0901,2.28854
ASH,2022-07-30,2e-4,0.00508
ASH,2022-07-31,0,0
ASH,2022-08-01,3.0000000000000003e-4,0.00762
ASH,2022-08-02,0,0
ASH,2022-08-03,0,0
ASH,2022-08-04,0,0
ASH,2022-08-05,0.37,9.398
ASH,2022-08-06,0,0
ASH,2022-08-07,0.3302,8.38708
ASH,2022-08-08,0,0
ASH,2022-08-09,0.08020000000000001,2.03708
ASH,2022-08-10,0,0
ASH,2022-08-11,0,0
ASH,2022-08-12,0,0
ASH,2022-08-13,0,0
ASH,2022-08-14,0,0
ASH,2022-08-15,0,0
ASH,2022-08-16,0,0
ASH,2022-08-17,2e-4,0.00508
ASH,2022-08-18,0.0907,2.30378
ASH,2022-08-19,0,0
ASH,2022-08-20,0,0
ASH,2022-08-21,0,0
ASH,2022-08-22,2.16,54.864
ASH,2022-08-23,0.2505,6.362699999999999
ASH,2022-08-24,0.030199999999999998,0.7670799999999999
ASH,2022-08-25,0,0
ASH,2022-08-26,0,0
ASH,2022-08-27,3.0000000000000003e-4,0.00762
ASH,2022-08-28,0,0
ASH,2022-08-29,0,0
ASH,2022-08-30,0,0
ASH,2022-08-31,1.1701,29.720539999999996
ASH,2022-09-01,0,0
ASH,2022-09-02,0,0
ASH,2022-09-03,0,0
ASH,2022-09-04,0,0
ASH,2022-09-05,1.1500000000000001,29.21
ASH,2022-09-06,1.4505000000000001,36.8427
ASH,2022-09-07,0.0018000000000000002,0.045720000000000004
ASH,2022-09-08,0,0
ASH,2022-09-09,0,0
ASH,2022-09-10,0,0
ASH,2022-09-11,3.0000000000000003e-4,0.00762
ASH,2022-09-12,5e-4,0.0127
ASH,2022-09-13,8e-4,0.02032
ASH,2022-09-14,0.0901,2.28854
ASH,2022-09-15,1e-4,0.00254
ASH,2022-09-16,0,0
ASH,2022-09-17,0,0
ASH,2022-09-18,0,0
ASH,2022-09-19,0.8104,20.58416
ASH,2022-09-20,0.4204,10.67816
ASH,2022-09-21,0.0601,1.52654
ASH,2022-09-22,2.2205,56.40069999999999
ASH,2022-09-23,0,0
ASH,2022-09-24,0,0
ASH,2022-09-25,4e-4,0.01016
ASH,2022-09-26,0.16999999999999998,4.318
ASH,2022-09-27,0,0
ASH,2022-09-28,0,0
ASH,2022-09-29,0,0
ASH,2022-09-30,0,0
ASH,2022-10-01,2e-4,0.00508
ASH,2022-10-02,0,0
ASH,2022-10-03,0,0
ASH,2022-10-04,0.0303,0.76962
ASH,2022-10-05,0.0618,1.56972
ASH,2022-10-06,0.49000000000000005,12.446
ASH,2022-10-07,0,0
ASH,2022-10-08,0,0
ASH,2022-10-09,0,0
ASH,2022-10-10,3.0000000000000003e-4,0.00762
ASH,2022-10-11,0,0
ASH,2022-10-12,0,0
ASH,2022-10-13,0.9107,23.13178
ASH,2022-10-14,1.2606,32.019239999999996
ASH,2022-10-15,0,0
ASH,2022-10-16,0,0
ASH,2022-10-17,0.1105,2.8066999999999998
ASH,2022-10-18,0.701,17.8054
ASH,2022-10-19,0,0
ASH,2022-10-20,0,0
ASH,2022-10-21,0,0
ASH,2022-10-22,0,0
ASH,2022-10-23,0.0401,1.0185399999999998
ASH,2022-10-24,0.2513,6.38302
ASH,2022-10-25,0.0605,1.5367
ASH,2022-10-26,0.5516,14.010639999999999
ASH,2022-10-27,0.02,0.508
ASH,2022-10-28,0,0
ASH,2022-10-29,0,0
ASH,2022-10-30,0,0
ASH,2022-10-31,0,0
ASH,2022-11-01,0.1204,3.0581599999999995
ASH,2022-11-02,0,0
ASH,2022-11-03,0.01,0.254
ASH,2022-11-04,0,0
ASH,2022-11-05,0,0
ASH,2022-11-06,0,0
ASH,2022-11-07,0.2301,5.844539999999999
ASH,2022-11-08,0,0
ASH,2022-11-09,0,0
ASH,2022-11-10,0,0
ASH,2022-11-11,0.0601,1.52654
ASH,2022-11-12,2.1507,54.62778
ASH,2022-11-13,0.231,5.8674
ASH,2022-11-14,0,0
ASH,2022-11-15,0,0
ASH,2022-11-16,1.1009,27.96286
ASH,2022-11-17,2e-4,0.00508
ASH,2022-11-18,0,0
ASH,2022-11-19,0,0
ASH,2022-11-20,2e-4,0.00508
ASH,2022-11-21,3.0000000000000003e-4,0.00762
ASH,2022-11-22,0,0
ASH,2022-11-23,0,0
ASH,2022-11-24,0,0
ASH,2022-11-25,6.000000000000001e-4,0.01524
ASH,2022-11-26,0,0
ASH,2022-11-27,0.4802,12.19708
ASH,2022-11-28,0.6608,16.78432
ASH,2022-11-29,0,0
ASH,2022-11-30,0.5103,12.961619999999998
ASH,2022-12-01,0.8101,20.57654
ASH,2022-12-02,0,0
ASH,2022-12-03,0.2406,6.11124
ASH,2022-12-04,1e-4,0.00254
ASH,2022-12-05,0,0
ASH,2022-12-06,0.0303,0.76962
ASH,2022-12-07,1.0606,26.939239999999998
ASH,2022-12-08,0.04,1.016
ASH,2022-12-09,0,0
ASH,2022-12-10,0,0
ASH,2022-12-11,0.0012000000000000001,0.03048
ASH,2022-12-12,0.0725,1.8414999999999997
ASH,2022-12-13,0,0
ASH,2022-12-14,3.0000000000000003e-4,0.00762
ASH,2022-12-15,6.000000000000001e-4,0.01524
ASH,2022-12-16,1.6809,42.69486
ASH,2022-12-17,0.2901,7.36854
ASH,2022-12-18,0,0
ASH,2022-12-19,2e-4,0.00508
ASH,2022-12-20,0,0
ASH,2022-12-21,0,0
ASH,2022-12-22,2e-4,0.00508
ASH,2022-12-23,3.8407,97.55377999999999
ASH,2022-12-24,0.0108,0.27432
ASH,2022-12-25,0,0
ASH,2022-12-26,0,0
ASH,2022-12-27,0,0
ASH,2022-12-28,0,0
ASH,2022-12-29,0,0
ASH,2022-12-30,0,0
ASH,2022-12-31,0.0502,1.27508
ASH,2023-01-01,0.3013,7.65302
ASH,2023-01-02,0,0
ASH,2023-01-03,0.3904,9.91616
ASH,2023-01-04,0.1212,3.07848
ASH,2023-01-05,0.5405,13.728699999999998
ASH,2023-01-06,0.28099999999999997,7.137399999999999
ASH,2023-01-07,0,0
ASH,2023-01-08,0,0
ASH,2023-01-09,0,0
ASH,2023-01-10,0,0
ASH,2023-01-11,0,0
ASH,2023-01-12,0.2716,6.898639999999999
ASH,2023-01-13,1.4313,36.355019999999996
ASH,2023-01-14,0.0114,0.28956
ASH,2023-01-15,0,0
ASH,2023-01-16,0.1741,4.42214
ASH,2023-01-17,0.09999999999999999,2.5399999999999996
ASH,2023-01-18,0.0104,0.26415999999999995
ASH,2023-01-19,0.07,1.778
ASH,2023-01-20,1.601,40.6654
ASH,2023-01-21,0.0318,0.80772
ASH,2023-01-22,4e-4,0.01016
ASH,2023-01-23,1.3207,33.54578
ASH,2023-01-24,0.0106,0.26924
ASH,2023-01-25,0.0314,0.7975599999999999
ASH,2023-01-26,2.2204,56.39816
ASH,2023-01-27,0,0
ASH,2023-01-28,0,0
ASH,2023-01-29,0,0
ASH,2023-01-30,0,0
ASH,2023-01-31,0.0211,0.53594
ASH,2023-02-01,0,0
ASH,2023-02-02,0,0
ASH,2023-02-03,3.0000000000000003e-4,0.00762
ASH,2023-02-04,0,0
ASH,2023-02-05,0,0
ASH,2023-02-06,0,0
ASH,2023-02-07,0,0
ASH,2023-02-08,0.050300000000000004,1.27762
ASH,2023-02-09,0.020300000000000002,0.5156200000000001
ASH,2023-02-10,0.0201,0.51054
ASH,2023-02-11,1e-4,0.00254
ASH,2023-02-12,0,0
ASH,2023-02-13,0,0
ASH,2023-02-14,0,0
ASH,2023-02-15,0.14,3.556
ASH,2023-02-16,1e-4,0.00254
ASH,2023-02-17,0.0411,1.0439399999999999
ASH,2023-02-18,0,0
ASH,2023-02-19,0,0
ASH,2023-02-20,0,0
ASH,2023-02-21,0.3415,8.674100000000001
ASH,2023-02-22,0.0503,1.2776199999999998
ASH,2023-02-23,0.147,3.7337999999999996
ASH,2023-02-24,0.1117,2.8371799999999996
ASH,2023-02-25,8e-4,0.02032
ASH,2023-02-26,0.1724,4.378959999999999
ASH,2023-02-27,0.1508,3.8303199999999995
ASH,2023-02-28,0.2928,7.437119999999999
ASH,2023-03-01,0.0609,1.54686
ASH,2023-03-02,0.9909,25.16886
ASH,2023-03-03,4e-4,0.01016
ASH,2023-03-04,1.5118,38.39972
ASH,2023-03-05,3.0000000000000003e-4,0.00762
ASH,2023-03-06,0,0
ASH,2023-03-07,4e-4,0.01016
ASH,2023-03-08,6.000000000000001e-4,0.01524
ASH,2023-03-09,0,0
ASH,2023-03-10,0,0
ASH,2023-03-11,7e-4,0.017779999999999997
ASH,2023-03-12,0,0
ASH,2023-03-13,0.1706,4.33324
ASH,2023-03-14,2.7301,69.34454
ASH,2023-03-15,1e-4,0.00254
ASH,2023-03-16,0,0
ASH,2023-03-17,0,0
ASH,2023-03-18,0,0
ASH,2023-03-19,0,0
ASH,2023-03-20,0,0
ASH,2023-03-21,0,0
ASH,2023-03-22,0,0
ASH,2023-03-23,7e-4,0.017779999999999997
ASH,2023-03-24,2e-4,0.00508
ASH,2023-03-25,0.0804,2.04216
ASH,2023-03-26,0.2009,5.10286
ASH,2023-03-27,0,0
ASH,2023-03-28,0.2518,6.39572
ASH,2023-03-29,0,0
ASH,2023-03-30,0,0
ASH,2023-03-31,0.0902,2.29108
ASH,2023-04-01,1.3311,33.80994
ASH,2023-04-02,0.36029999999999995,9.151619999999998
ASH,2023-04-03,0,0
ASH,2023-04-04,0.0503,1.2776199999999998
ASH,2023-04-05,2e-4,0.00508
ASH,2023-04-06,0.0311,0.78994
ASH,2023-04-07,0.0302,0.76708
ASH,2023-04-08,0,0
ASH,2023-04-09,0,0
ASH,2023-04-10,0,0
ASH,2023-04-11,0,0
ASH,2023-04-12,0,0
ASH,2023-04-13,0,0
ASH,2023-04-14,0,0
ASH,2023-04-15,0,0
ASH,2023-04-16,0.0807,2.0497799999999997
ASH,2023-04-17,0.1518,3.8557199999999994
ASH,2023-04-18,0.011000000000000001,0.27940000000000004
ASH,2023-04-19,0,0
ASH,2023-04-20,0,0
ASH,2023-04-21,1e-4,0.00254
ASH,2023-04-22,0,0
ASH,2023-04-23,3.3204,84.33815999999999
ASH,2023-04-24,0.0806,2.04724
ASH,2023-04-25,4e-4,0.01016
ASH,2023-04-26,2e-4,0.00508
ASH,2023-04-27,0.0204,0.51816
ASH,2023-04-28,0,0
ASH,2023-04-29,6.000000000000001e-4,0.01524
ASH,2023-04-30,1.0110000000000001,25.6794
ASH,2023-05-01,0.9606,24.39924
ASH,2023-05-02,1.5601,39.62654
ASH,2023-05-03,6.000000000000001e-4,0.01524
ASH,2023-05-04,0.0211,0.53594
ASH,2023-05-05,0.0311,0.78994
ASH,2023-05-06,0,0
ASH,2023-05-07,0,0
ASH,2023-05-08,3.0000000000000003e-4,0.00762
ASH,2023-05-09,0,0
ASH,2023-05-10,0,0
ASH,2023-05-11,1e-4,0.00254
ASH,2023-05-12,2e-4,0.00508
ASH,2023-05-13,1e-4,0.00254
ASH,2023-05-14,0,0
ASH,2023-05-15,0,0
ASH,2023-05-16,0,0
ASH,2023-05-17,0,0
ASH,2023-05-18,0,0
ASH,2023-05-19,0,0
ASH,2023-05-20,2.1204,53.85816
ASH,2023-05-21,2.04,51.815999999999995
ASH,2023-05-22,0,0
ASH,2023-05-23,0,0
ASH,2023-05-24,0.66,16.764
ASH,2023-05-25,2e-4,0.00508
ASH,2023-05-26,0,0
ASH,2023-05-27,0,0
ASH,2023-05-28,0,0
ASH,2023-05-29,0,0
ASH,2023-05-30,0,0
ASH,2023-05-31,0,0
ASH,2023-06-01,0,0
ASH,2023-06-02,1.38,35.05199999999999
ASH,2023-06-03,0.10200000000000001,2.5908
ASH,2023-06-04,0.0313,0.79502
ASH,2023-06-05,0.1814,4.60756
ASH,2023-06-06,0,0
ASH,2023-06-07,0,0
ASH,2023-06-08,0.1608,4.08432
ASH,2023-06-09,0.0605,1.5367
ASH,2023-06-10,0.6709,17.040860000000002
ASH,2023-06-11,0,0
ASH,2023-06-12,0,0
ASH,2023-06-13,0.2205,5.6007
ASH,2023-06-14,0.4503,11.437619999999999
ASH,2023-06-15,0.0702,1.7830799999999998
ASH,2023-06-16,0,0
ASH,2023-06-17,1.8306,46.49724
ASH,2023-06-18,0.1403,3.56362
ASH,2023-06-19,0,0
ASH,2023-06-20,0.0402,1.02108
ASH,2023-06-21,0,0
ASH,2023-06-22,0,0
ASH,2023-06-23,1e-4,0.00254
ASH,2023-06-24,1.6212,41.17848
ASH,2023-06-25,0,0
ASH,2023-06-26,1.4003,35.56762
ASH,2023-06-27,2.4307,61.739779999999996
ASH,2023-06-28,0.9600000000000001,24.384
ASH,2023-06-29,0,0
ASH,2023-06-30,0,0
ASH,2023-07-01,0,0
ASH,2023-07-02,2.7604,70.11416
ASH,2023-07-03,1.6708,42.43832
ASH,2023-07-04,0.9004,22.87016
ASH,2023-07-05,0.020300000000000002,0.5156200000000001
ASH,2023-07-06,0,0
ASH,2023-07-07,2e-4,0.00508
ASH,2023-07-08,0,0
ASH,2023-07-09,0,0
ASH,2023-07-10,0.5316,13.502639999999998
ASH,2023-07-11,0.0101,0.25654
ASH,2023-07-12,0.12,3.0479999999999996
ASH,2023-07-13,1e-4,0.00254
ASH,2023-07-14,0.8408,21.35632
ASH,2023-07-15,0.21030000000000001,5.34162
ASH,2023-07-16,8.8706,225.31323999999998
ASH,2023-07-17,0.0304,0.77216
ASH,2023-07-18,2.1101,53.59654
ASH,2023-07-19,0,0
ASH,2023-07-20,0,0
ASH,2023-07-21,1.2703,32.26562
ASH,2023-07-22,0.05,1.27
ASH,2023-07-23,0,0
ASH,2023-07-24,0.25,6.35
ASH,2023-07-25,1e-4,0.00254
ASH,2023-07-26,2e-4,0.00508
ASH,2023-07-27,0.0204,0.51816
ASH,2023-07-28,0,0
ASH,2023-07-29,1.4302,36.327079999999995
ASH,2023-07-30,0.0106,0.26924
ASH,2023-07-31,1e-4,0.00254
ASH,2023-08-01,0.02,0.508
ASH,2023-08-02,0,0
ASH,2023-08-03,0,0
ASH,2023-08-04,3.0000000000000003e-4,0.00762
ASH,2023-08-05,0,0
ASH,2023-08-06,0,0
ASH,2023-08-07,0.021,0.5334
ASH,2023-08-08,2.891,73.4314
ASH,2023-08-09,2e-4,0.00508
ASH,2023-08-10,0.1001,2.54254
ASH,2023-08-11,0.5004,12.710159999999998
ASH,2023-08-12,0,0
ASH,2023-08-13,0.0501,1.27254
ASH,2023-08-14,1e-4,0.00254
ASH,2023-08-15,1.1509,29.23286
ASH,2023-08-16,2e-4,0.00508
ASH,2023-08-17,0,0
ASH,2023-08-18,0.5803,14.73962
ASH,2023-08-19,1e-4,0.00254
ASH,2023-08-20,0,0
ASH,2023-08-21,0,0
ASH,2023-08-22,0,0
ASH,2023-08-23,0,0
ASH,2023-08-24,0,0
ASH,2023-08-25,1.061,26.949399999999997
ASH,2023-08-26,3.0000000000000003e-4,0.00762
ASH,2023-08-27,1e-4,0.00254
ASH,2023-08-28,0.01,0.254
ASH,2023-08-29,2e-4,0.00508
ASH,2023-08-30,0.5616,14.264639999999998
ASH,2023-08-31,0,0
ASH,2023-09-01,0,0
ASH,2023-09-02,0,0
ASH,2023-09-03,0.0102,0.25908
ASH,2023-09-04,0,0
ASH,2023-09-05,0,0
ASH,2023-09-06,0,0
ASH,2023-09-07,0,0
ASH,2023-09-08,0.8001,20.32254
ASH,2023-09-09,0.2602,6.60908
ASH,2023-09-10,0.2411,6.12394
ASH,2023-09-11,5.1116,129.83464
ASH,2023-09-12,0.9107000000000001,23.13178
ASH,2023-09-13,0.0105,0.2667
ASH,2023-09-14,0,0
ASH,2023-09-15,0.01,0.254
ASH,2023-09-16,5e-4,0.0127
ASH,2023-09-17,0,0
ASH,2023-09-18,8e-4,0.02032
ASH,2023-09-19,2e-4,0.00508
ASH,2023-09-20,0,0
ASH,2023-09-21,0,0
ASH,2023-09-22,0,0
ASH,2023-09-23,0,0
ASH,2023-09-24,9.000000000000001e-4,0.022860000000000002
ASH,2023-09-25,0.0111,0.28194
ASH,2023-09-26,0,0
ASH,2023-09-27,0,0
ASH,2023-09-28,0,0
ASH,2023-09-29,0.0106,0.26924
ASH,2023-09-30,7e-4,0.017779999999999997
ASH,2023-10-01,0.01,0.254
ASH,2023-10-02,0,0
ASH,2023-10-03,0.12,3.0479999999999996
ASH,2023-10-04,0,0
ASH,2023-10-05,0,0
ASH,2023-10-06,0.0204,0.51816
ASH,2023-10-07,0.5906,15.00124
ASH,2023-10-08,0.5102,12.959079999999998
ASH,2023-10-09,0,0
ASH,2023-10-10,2e-4,0.00508
ASH,2023-10-11,0,0
ASH,2023-10-12,0,0
ASH,2023-10-13,0,0
ASH,2023-10-14,0,0
ASH,2023-10-15,0,0
ASH,2023-10-16,0.0309,0.78486
ASH,2023-10-17,0,0
ASH,2023-10-18,0.0101,0.25654
ASH,2023-10-19,0,0
ASH,2023-10-20,1e-4,0.00254
ASH,2023-10-21,2.0513,52.103019999999994
ASH,2023-10-22,0.0502,1.27508
ASH,2023-10-23,2e-4,0.00508
ASH,2023-10-24,0,0
ASH,2023-10-25,0,0
ASH,2023-10-26,2e-4,0.00508
ASH,2023-10-27,0,0
ASH,2023-10-28,0,0
ASH,2023-10-29,0.1907,4.84378
ASH,2023-10-30,1.1908,30.24632
ASH,2023-10-31,0.02,0.508
ASH,2023-11-01,0,0
ASH,2023-11-02,0,0
ASH,2023-11-03,0,0
ASH,2023-11-04,2e-4,0.00508
ASH,2023-11-05,1e-4,0.00254
ASH,2023-11-06,0,0
ASH,2023-11-07,0.0303,0.76962
ASH,2023-11-08,0,0
ASH,2023-11-09,0.2414,6.1315599999999995
ASH,2023-11-10,0,0
ASH,2023-11-11,0,0
ASH,2023-11-12,0,0
ASH,2023-11-13,0,0
ASH,2023-11-14,2e-4,0.00508
ASH,2023-11-15,0,0
ASH,2023-11-16,0.05,1.27
ASH,2023-11-17,0,0
ASH,2023-11-18,0.41040000000000004,10.42416
ASH,2023-11-19,0,0
ASH,2023-11-20,1e-4,0.00254
ASH,2023-11-21,0,0
ASH,2023-11-22,3.0907,78.50377999999999
ASH,2023-11-23,0,0
ASH,2023-11-24,0,0
ASH,2023-11-25,0,0
ASH,2023-11-26,0,0
ASH,2023-11-27,0.6301,16.00454
ASH,2023-11-28,0,0
ASH,2023-11-29,0,0
ASH,2023-11-30,0,0
ASH,2023-12-01,0.030100000000000002,0.76454
ASH,2023-12-02,0.0607,1.54178
ASH,2023-12-03,0.6502,16.515079999999998
ASH,2023-12-04,0.3403,8.643619999999999
ASH,2023-12-05,0.001,0.0254
ASH,2023-12-06,0.041,1.0413999999999999
ASH,2023-12-07,0,0
ASH,2023-12-08,0,0
ASH,2023-12-09,0,0
ASH,2023-12-10,0.6503,16.517619999999997
ASH,2023-12-11,2.4307,61.739779999999996
ASH,2023-12-12,0,0
ASH,2023-12-13,1e-4,0.00254
ASH,2023-12-14,6.000000000000001e-4,0.01524
ASH,2023-12-15,0,0
ASH,2023-12-16,0,0
ASH,2023-12-17,0.0801,2.03454
ASH,2023-12-18,4.6905,119.1387
ASH,2023-12-19,0,0
ASH,2023-12-20,0,0
ASH,2023-12-21,0,0
ASH,2023-12-22,0,0
ASH,2023-12-23,0,0
ASH,2023-12-24,0.0108,0.27432
ASH,2023-12-25,0.1213,3.08102
ASH,2023-12-26,0,0
ASH,2023-12-27,0.0408,1.03632
ASH,2023-12-28,0.761,19.3294
ASH,2023-12-29,0.0813,2.0650199999999996
ASH,2023-12-30,0.0709,1.8008600000000001
ASH,2023-12-31,0,0
ASH,2024-01-01,0,0
ASH,2024-01-02,0,0
ASH,2024-01-03,0,0
ASH,2024-01-04,1e-4,0.00254
ASH,2024-01-05,0,0
ASH,2024-01-06,3.0000000000000003e-4,0.00762
ASH,2024-01-07,0.0467,1.1861799999999998
ASH,2024-01-08,0.3007,7.63778
ASH,2024-01-09,8e-4,0.02032
ASH,2024-01-10,2.6303,66.80962
ASH,2024-01-11,0,0
ASH,2024-01-12,0,0
ASH,2024-01-13,2.2106,56.14923999999999
ASH,2024-01-14,0.0206,0.5232399999999999
ASH,2024-01-15,0,0
ASH,2024-01-16,0.006500000000000001,0.1651
ASH,2024-01-17,0.0204,0.51816
ASH,2024-01-18,0.09,2.2859999999999996
ASH,2024-01-19,0.03,0.7619999999999999
ASH,2024-01-20,5e-4,0.0127
ASH,2024-01-21,3.0000000000000003e-4,0.00762
ASH,2024-01-22,0,0
ASH,2024-01-23,0,0
ASH,2024-01-24,0.4328,10.99312
ASH,2024-01-25,0.8304,21.09216
ASH,2024-01-26,1.5916000000000001,40.42664
ASH,2024-01-27,0.051500000000000004,1.3081
ASH,2024-01-28,0.4702,11.94308
ASH,2024-01-29,1.3114,33.30956
ASH,2024-01-30,0.0016,0.04064
ASH,2024-01-31,2e-4,0.00508
ASH,2024-02-01,0,0
ASH,2024-02-02,0,0
ASH,2024-02-03,1e-4,0.00254
ASH,2024-02-04,0,0
ASH,2024-02-05,0,0
ASH,2024-02-06,0,0
ASH,2024-02-07,0,0
ASH,2024-02-08,0,0
ASH,2024-02-09,0,0
ASH,2024-02-10,1e-4,0.00254
ASH,2024-02-11,0.0201,0.51054
ASH,2024-02-12,0,0
ASH,2024-02-13,0.031,0.7874
ASH,2024-02-14,3.0000000000000003e-4,0.00762
ASH,2024-02-15,0,0
ASH,2024-02-16,0.0621,1.57734
ASH,2024-02-17,9.000000000000001e-4,0.022860000000000002
ASH,2024-02-18,0,0
ASH,2024-02-19,0,0
ASH,2024-02-20,0,0
ASH,2024-02-21,0,0
ASH,2024-02-22,0,0
ASH,2024-02-23,0.3312,8.412479999999999
ASH,2024-02-24,0,0
ASH,2024-02-25,0,0
ASH,2024-02-26,0,0
ASH,2024-02-27,0,0
ASH,2024-02-28,0.3405,8.6487
ASH,2024-02-29,0.0904,2.2961599999999995
ASH,2024-03-01,0,0
ASH,2024-03-02,0.1802,4.57708
ASH,2024-03-03,0.9802000000000001,24.89708
ASH,2024-03-04,0,0
ASH,2024-03-05,0.3021,7.673339999999999
ASH,2024-03-06,0.4105,10.426699999999999
ASH,2024-03-07,2.1712000000000002,55.148480000000006
ASH,2024-03-08,0,0
ASH,2024-03-09,1e-4,0.00254
ASH,2024-03-10,1.6007,40.657779999999995
ASH,2024-03-11,7e-4,0.017779999999999997
ASH,2024-03-12,0,0
ASH,2024-03-13,0,0
ASH,2024-03-14,0,0
ASH,2024-03-15,0.2015,5.1181
ASH,2024-03-16,0,0
ASH,2024-03-17,0.051,1.2953999999999999
ASH,2024-03-18,0,0
ASH,2024-03-19,0,0
ASH,2024-03-20,0,0
ASH,2024-03-21,8e-4,0.02032
ASH,2024-03-22,0,0
ASH,2024-03-23,2.6426,67.12204
ASH,2024-03-24,0.44,11.176
ASH,2024-03-25,0,0
ASH,2024-03-26,3.0000000000000003e-4,0.00762
ASH,2024-03-27,0.0915,2.3240999999999996
ASH,2024-03-28,2.411,61.239399999999996
ASH,2024-03-29,0.6003000000000001,15.247620000000001
ASH,2024-03-30,0,0
ASH,2024-03-31,0,0
ASH,2024-04-01,0,0
ASH,2024-04-02,1e-4,0.00254
ASH,2024-04-03,0.3607,9.16178
ASH,2024-04-04,2.7706,70.37324
ASH,2024-04-05,0.1511,3.83794
ASH,2024-04-06,0.0311,0.78994
ASH,2024-04-07,0.020300000000000002,0.5156200000000001
ASH,2024-04-08,0,0
ASH,2024-04-09,0,0
ASH,2024-04-10,0.0102,0.25908
ASH,2024-04-11,0.2309,5.864859999999999
ASH,2024-04-12,1.5309000000000001,38.88486
ASH,2024-04-13,0.01,0.254
ASH,2024-04-14,0.0303,0.76962
ASH,2024-04-15,0.060300000000000006,1.53162
ASH,2024-04-16,0,0
ASH,2024-04-17,0,0
ASH,2024-04-18,0.1807,4.589779999999999
ASH,2024-04-19,0.0102,0.25908
ASH,2024-04-20,0.25,6.35
ASH,2024-04-21,1e-4,0.00254
ASH,2024-04-22,0,0
ASH,2024-04-23,0,0
ASH,2024-04-24,0.0306,0.7772399999999999
ASH,2024-04-25,0,0
ASH,2024-04-26,0,0
ASH,2024-04-27,0,0
ASH,2024-04-28,0.3402,8.641079999999999
ASH,2024-04-29,0,0
ASH,2024-04-30,0.1205,3.0606999999999998
ASH,2024-05-01,0.3503,8.89762
ASH,2024-05-02,0.1002,2.54508
ASH,2024-05-03,0,0
ASH,2024-05-04,0,0
ASH,2024-05-05,0.32030000000000003,8.13562
ASH,2024-05-06,0.2,5.08
ASH,2024-05-07,0,0
ASH,2024-05-08,0.7403,18.80362
ASH,2024-05-09,0.0704,1.78816
ASH,2024-05-10,0,0
ASH,2024-05-11,0,0
ASH,2024-05-12,2e-4,0.00508
ASH,2024-05-13,0,0
ASH,2024-05-14,1e-4,0.00254
ASH,2024-05-15,0.0303,0.76962
ASH,2024-05-16,0.001,0.0254
ASH,2024-05-17,0,0
ASH,2024-05-18,5e-4,0.0127
ASH,2024-05-19,0,0
ASH,2024-05-20,0,0
ASH,2024-05-21,0,0
ASH,2024-05-22,0,0
ASH,2024-05-23,0,0
ASH,2024-05-24,0,0
ASH,2024-05-25,0,0
ASH,2024-05-26,0.05,1.27
ASH,2024-05-27,0.0814,2.06756
ASH,2024-05-28,0.6403,16.26362
ASH,2024-05-29,0,0
ASH,2024-05-30,1e-4,0.00254
ASH,2024-05-31,0,0
ASH,2024-06-01,0,0
ASH,2024-06-02,0,0
ASH,2024-06-03,0,0
ASH,2024-06-04,0,0
ASH,2024-06-05,2e-4,0.00508
ASH,2024-06-06,3.0000000000000003e-4,0.00762
ASH,2024-06-07,0,0
ASH,2024-06-08,0,0
ASH,2024-06-09,0.0405,1.0287
ASH,2024-06-10,0,0
ASH,2024-06-11,0,0
ASH,2024-06-12,0,0
ASH,2024-06-13,0,0
ASH,2024-06-14,5e-4,0.0127
ASH,2024-06-15,3.0000000000000003e-4,0.00762
ASH,2024-06-16,0,0
ASH,2024-06-17,0,0
ASH,2024-06-18,0,0
ASH,2024-06-19,1e-4,0.00254
ASH,2024-06-20,1e-4,0.00254
ASH,2024-06-21,2e-4,0.00508
ASH,2024-06-22,4e-4,0.01016
ASH,2024-06-23,0,0
ASH,2024-06-24,0,0
ASH,2024-06-25,2e-4,0.00508
ASH,2024-06-26,0,0
ASH,2024-06-27,0.0704,1.78816
ASH,2024-06-28,0,0
ASH,2024-06-29,5e-4,0.0127
ASH,2024-06-30,6.000000000000001e-4,0.01524
ASH,2024-07-01,0,0
ASH,2024-07-02,0,0
ASH,2024-07-03,0,0
ASH,2024-07-04,1e-4,0.00254
ASH,2024-07-05,6.000000000000001e-4,0.01524
ASH,2024-07-06,3.0000000000000003e-4,0.00762
ASH,2024-07-07,2e-4,0.00508
ASH,2024-07-08,0,0
ASH,2024-07-09,0,0
ASH,2024-07-10,0,0
ASH,2024-07-11,0,0
ASH,2024-07-12,0,0
ASH,2024-07-13,0,0
ASH,2024-07-14,0.09999999999999999,2.5399999999999996
ASH,2024-07-15,0,0
ASH,2024-07-16,1e-4,0.00254
ASH,2024-07-17,3.62,91.948
ASH,2024-07-18,0.0204,0.51816
ASH,2024-07-19,0,0
ASH,2024-07-20,0,0
ASH,2024-07-21,0,0
ASH,2024-07-22,0,0
ASH,2024-07-23,7e-4,0.017779999999999997
ASH,2024-07-24,0.09,2.2859999999999996
ASH,2024-07-25,2e-4,0.00508
ASH,2024-07-26,0,0
ASH,2024-07-27,0,0
ASH,2024-07-28,0,0
ASH,2024-07-29,2.6005000000000003,66.0527
ASH,2024-07-30,0,0
ASH,2024-07-31,0.8302,21.08708
ASH,2024-08-01,0.0201,0.51054
ASH,2024-08-02,1e-4,0.00254
ASH,2024-08-03,0.1902,4.83108
ASH,2024-08-04,2.3905,60.71869999999999
ASH,2024-08-05,0.0102,0.25908
ASH,2024-08-06,0.6810999999999999,17.299939999999996
ASH,2024-08-07,2.7902,70.87107999999999
ASH,2024-08-08,0.2101,5.33654
ASH,2024-08-09,0.7511,19.077939999999998
ASH,2024-08-10,0.4702,11.94308
ASH,2024-08-11,0,0
ASH,2024-08-12,0.0104,0.26415999999999995
ASH,2024-08-13,0,0
ASH,2024-08-14,0,0
ASH,2024-08-15,1.46,37.083999999999996
ASH,2024-08-16,0,0
ASH,2024-08-17,0,0
ASH,2024-08-18,0.5407,13.733779999999998
ASH,2024-08-19,0.0303,0.76962
ASH,2024-08-20,0.18009999999999998,4.574539999999999
ASH,2024-08-21,3.0000000000000003e-4,0.00762
ASH,2024-08-22,0,0
ASH,2024-08-23,0,0
ASH,2024-08-24,0,0
ASH,2024-08-25,2e-4,0.00508
ASH,2024-08-26,0.0202,0.51308
ASH,2024-08-27,1e-4,0.00254
ASH,2024-08-28,0,0
ASH,2024-08-29,0,0
ASH,2024-08-30,0,0
ASH,2024-08-31,0,0
ASH,2024-09-01,0.0101,0.25654
ASH,2024-09-02,0,0
ASH,2024-09-03,0,0
ASH,2024-09-04,0,0
ASH,2024-09-05,0,0
ASH,2024-09-06,0,0
ASH,2024-09-07,3.0000000000000003e-4,0.00762
ASH,2024-09-08,0.0701,1.7805399999999998
ASH,2024-09-09,0,0
ASH,2024-09-10,0,0
ASH,2024-09-11,0.07,1.778
ASH,2024-09-12,0,0
ASH,2024-09-13,0,0
ASH,2024-09-14,0,0
ASH,2024-09-15,0,0
ASH,2024-09-16,0,0
ASH,2024-09-17,0,0
ASH,2024-09-18,0,0
ASH,2024-09-19,0,0
ASH,2024-09-20,0.1215,3.0860999999999996
ASH,2024-09-21,0.7807,19.829779999999996
ASH,2024-09-22,0.0202,0.51308
ASH,2024-09-23,0,0
ASH,2024-09-24,0,0
ASH,2024-09-25,3.0000000000000003e-4,0.00762
ASH,2024-09-26,0.542,13.7668
ASH,2024-09-27,0.3007,7.63778
ASH,2024-09-28,0,0
ASH,2024-09-29,0,0
ASH,2024-09-30,0,0
ASH,2024-10-01,4e-4,0.01016
ASH,2024-10-02,0,0
ASH,2024-10-03,0,0
ASH,2024-10-04,9.000000000000001e-4,0.022860000000000002
ASH,2024-10-05,6.000000000000001e-4,0.01524
ASH,2024-10-06,0,0
ASH,2024-10-07,0.1407,3.5737799999999997
ASH,2024-10-08,0,0
ASH,2024-10-09,1e-4,0.00254
ASH,2024-10-10,0.0101,0.25654
ASH,2024-10-11,0,0
ASH,2024-10-12,0,0
ASH,2024-10-13,0.2404,6.10616
ASH,2024-10-14,0.842,21.386799999999997
ASH,2024-10-15,0,0
ASH,2024-10-16,0,0
ASH,2024-10-17,0,0
ASH,2024-10-18,0,0
ASH,2024-10-19,0,0
ASH,2024-10-20,0,0
ASH,2024-10-21,0,0
ASH,2024-10-22,0,0
ASH,2024-10-23,0.001,0.0254
ASH,2024-10-24,1e-4,0.00254
ASH,2024-10-25,0,0
ASH,2024-10-26,0,0
ASH,2024-10-27,0,0
ASH,2024-10-28,1e-4,0.00254
ASH,2024-10-29,0,0
ASH,2024-10-30,0.47050000000000003,11.9507
ASH,2024-10-31,0.0111,0.28194
ASH,2024-11-01,0,0
ASH,2024-11-02,0,0
ASH,2024-11-03,0,0
ASH,2024-11-04,0,0
ASH,2024-11-05,1e-4,0.00254
ASH,2024-11-06,0,0
ASH,2024-11-07,0,0
ASH,2024-11-08,0,0
ASH,2024-11-09,0.0103,0.26161999999999996
ASH,2024-11-10,1e-4,0.00254
ASH,2024-11-11,0.0907,2.30378
ASH,2024-11-12,0,0
ASH,2024-11-13,0,0
ASH,2024-11-14,0,0
ASH,2024-11-15,0,0
ASH,2024-11-16,0,0
ASH,2024-11-17,0,0
ASH,2024-11-18,2e-4,0.00508
ASH,2024-11-19,0,0
ASH,2024-11-20,0,0
ASH,2024-11-21,0.7912,20.09648
ASH,2024-11-22,0.9302,23.62708
ASH,2024-11-23,0.9903000000000001,25.15362
ASH,2024-11-24,0,0
ASH,2024-11-25,0,0
ASH,2024-11-26,0.4503,11.437619999999999
ASH,2024-11-27,0,0
ASH,2024-11-28,0.8404,21.34616
ASH,2024-11-29,4e-4,0.01016
ASH,2024-11-30,3.0000000000000003e-4,0.00762
ASH,2024-12-01,0,0
ASH,2024-12-02,0,0
ASH,2024-12-03,0,0
ASH,2024-12-04,0,0
ASH,2024-12-05,0.3819,9.70026
ASH,2024-12-06,0,0
ASH,2024-12-07,0,0
ASH,2024-12-08,0.0122,0.30988
ASH,2024-12-09,0.0502,1.27508
ASH,2024-12-10,0,0
ASH,2024-12-11,0,0
ASH,2024-12-12,0.07,1.778
ASH,2024-12-13,0,0
ASH,2024-12-14,0,0
ASH,2024-12-15,0,0
ASH,2024-12-16,0,0
ASH,2024-12-17,0,0
ASH,2024-12-18,0,0
ASH,2024-12-19,0,0
ASH,2024-12-20,0.0012000000000000001,0.03048
ASH,2024-12-21,0.0011,0.02794
ASH,2024-12-22,0,0
ASH,2024-12-23,0,0
ASH,2024-12-24,0.030799999999999998,0.7823199999999999
ASH,2024-12-25,0,0
ASH,2024-12-26,0,0
ASH,2024-12-27,0,0
ASH,2024-12-28,1e-4,0.00254
ASH,2024-12-29,0.0421,1.06934
ASH,2024-12-30,0.8217,20.87118
BNA,2010-09-30,0,0
BNA,2010-10-01,0,0
BNA,2010-10-02,0,0
BNA,2010-10-03,0,0
BNA,2010-10-04,0,0
BNA,2010-10-05,0,0
BNA,2010-10-06,0,0
BNA,2010-10-07,0,0
BNA,2010-10-08,0,0
BNA,2010-10-09,0,0
BNA,2010-10-10,0,0
BNA,2010-10-11,0,0
BNA,2010-10-12,0.41000000000000003,10.414
BNA,2010-10-13,0.0603,1.53162
BNA,2010-10-14,0.03,0.7619999999999999
BNA,2010-10-15,0,0
BNA,2010-10-16,0,0
BNA,2010-10-17,0,0
BNA,2010-10-18,0,0
BNA,2010-10-19,1e-4,0.00254
BNA,2010-10-20,0.0501,1.27254
BNA,2010-10-21,0,0
BNA,2010-10-22,0,0
BNA,2010-10-23,0,0
BNA,2010-10-24,0,0
BNA,2010-10-25,2.7501,69.85254
BNA,2010-10-26,1.3701,34.80054
BNA,2010-10-27,1e-4,0.00254
BNA,2010-10-28,0,0
BNA,2010-10-29,0,0
BNA,2010-10-30,0,0
BNA,2010-10-31,0,0
BNA,2010-11-01,0,0
BNA,2010-11-02,0,0
BNA,2010-11-03,0.15030000000000002,3.8176200000000002
BNA,2010-11-04,0.1202,3.05308
BNA,2010-11-05,1e-4,0.00254
BNA,2010-11-06,0.01,0.254
BNA,2010-11-07,0,0
BNA,2010-11-08,0,0
BNA,2010-11-09,0,0
BNA,2010-11-10,0,0
BNA,2010-11-11,0,0
BNA,2010-11-12,0,0
BNA,2010-11-13,1e-4,0.00254
BNA,2010-11-14,0.2906,7.38124
BNA,2010-11-15,0,0
BNA,2010-11-16,2.2103,56.14162
BNA,2010-11-17,0.02,0.508
BNA,2010-11-18,0,0
BNA,2010-11-19,0,0
BNA,2010-11-20,0,0
BNA,2010-11-21,0,0
BNA,2010-11-22,0,0
BNA,2010-11-23,4.4503,113.03762
BNA,2010-11-24,0.0601,1.52654
BNA,2010-11-25,0.1001,2.54254
BNA,2010-11-26,0.6606,16.779239999999998
BNA,2010-11-27,0,0
BNA,2010-11-28,0,0
BNA,2010-11-29,0.5301,13.46454
BNA,2010-11-30,3.9503,100.33761999999999
BNA,2010-12-01,0,0
BNA,2010-12-02,0,0
BNA,2010-12-03,0,0
BNA,2010-12-04,2e-4,0.00508
BNA,2010-12-05,0.0017000000000000001,0.04318
BNA,2010-12-06,0.0012000000000000001,0.03048
BNA,2010-12-07,2e-4,0.00508
BNA,2010-12-08,0,0
BNA,2010-12-09,0,0
BNA,2010-12-10,0,0
BNA,2010-12-11,0.4501,11.43254
BNA,2010-12-12,0.9725,24.7015
BNA,2010-12-13,0.0125,0.3175
BNA,2010-12-14,0,0
BNA,2010-12-15,3.0000000000000003e-4,0.00762
BNA,2010-12-16,0.4404,11.18616
BNA,2010-12-17,0,0
BNA,2010-12-18,0,0
BNA,2010-12-19,0,0
BNA,2010-12-20,0,0
BNA,2010-12-21,2e-4,0.00508
BNA,2010-12-22,0.0906,2.30124
BNA,2010-12-23,0,0
BNA,2010-12-24,2e-4,0.00508
BNA,2010-12-25,0.3026,7.686039999999999
BNA,2010-12-26,0.0032,0.08128
BNA,2010-12-27,3.0000000000000003e-4,0.00762
BNA,2010-12-28,0,0
BNA,2010-12-29,0.0303,0.76962
BNA,2010-12-30,0.09,2.2859999999999996
BNA,2010-12-31,0,0
BNA,2011-01-01,1.1708,29.73832
BNA,2011-01-02,0,0
BNA,2011-01-03,0,0
BNA,2011-01-04,0,0
BNA,2011-01-05,0.0903,2.29362
BNA,2011-01-06,0.0202,0.51308
BNA,2011-01-07,4e-4,0.01016
BNA,2011-01-08,0.032100000000000004,0.8153400000000001
BNA,2011-01-09,0,0
BNA,2011-01-10,0.5125000000000001,13.017500000000002
BNA,2011-01-11,0.0026000000000000003,0.06604
BNA,2011-01-12,0.0025,0.0635
BNA,2011-01-13,0.0013000000000000002,0.03302
BNA,2011-01-14,0,0
BNA,2011-01-15,0,0
BNA,2011-01-16,0,0
BNA,2011-01-17,5e-4,0.0127
BNA,2011-01-18,0.4507,11.44778
BNA,2011-01-19,0.0212,0.53848
BNA,2011-01-20,0.0804,2.04216
BNA,2011-01-21,0.0105,0.2667
BNA,2011-01-22,0,0
BNA,2011-01-23,0,0
BNA,2011-01-24,3.0000000000000003e-4,0.00762
BNA,2011-01-25,0.4407,11.193779999999999
BNA,2011-01-26,0.6006,15.25524
BNA,2011-01-27,0,0
BNA,2011-01-28,0,0
BNA,2011-01-29,0,0
BNA,2011-01-30,0,0
BNA,2011-01-31,0.060500000000000005,1.5367
BNA,2011-02-01,1.1202,28.45308
BNA,2011-02-02,0.0206,0.5232399999999999
BNA,2011-02-03,0,0
BNA,2011-02-04,1e-4,0.00254
BNA,2011-02-05,0.0913,2.31902
BNA,2011-02-06,0,0
BNA,2011-02-07,0.6507000000000001,16.52778
BNA,2011-02-08,4e-4,0.01016
BNA,2011-02-09,0.1903,4.83362
BNA,2011-02-10,0.0506,1.28524
BNA,2011-02-11,0,0
BNA,2011-02-12,0,0
BNA,2011-02-13,0,0
BNA,2011-02-14,0,0
BNA,2011-02-15,0,0
BNA,2011-02-16,0,0
BNA,2011-02-17,0,0
BNA,2011-02-18,0.0503,1.2776199999999998
BNA,2011-02-19,0.0302,0.76708
BNA,2011-02-20,2e-4,0.00508
BNA,2011-02-21,1e-4,0.00254
BNA,2011-02-22,0.38,9.652
BNA,2011-02-23,0,0
BNA,2011-02-24,2.4706,62.75324
BNA,2011-02-25,1.7606000000000002,44.71924
BNA,2011-02-26,0,0
BNA,2011-02-27,0.0402,1.02108
BNA,2011-02-28,5.1408000000000005,130.57632
BNA,2011-03-01,0,0
BNA,2011-03-02,0,0
BNA,2011-03-03,0,0
BNA,2011-03-04,0,0
BNA,2011-03-05,2.5408,64.53631999999999
BNA,2011-03-06,0.3602,9.14908
BNA,2011-03-07,0,0
BNA,2011-03-08,0.07,1.778
BNA,2011-03-09,1.4206,36.08324
BNA,2011-03-10,0.0314,0.7975599999999999
BNA,2011-03-11,0.0201,0.51054
BNA,2011-03-12,0,0
BNA,2011-03-13,0.0403,1.02362
BNA,2011-03-14,0.5409,13.73886
BNA,2011-03-15,4e-4,0.01016
BNA,2011-03-16,0,0
BNA,2011-03-17,0,0
BNA,2011-03-18,0,0
BNA,2011-03-19,0,0
BNA,2011-03-20,0,0
BNA,2011-03-21,0,0
BNA,2011-03-22,0,0
BNA,2011-03-23,0.0402,1.02108
BNA,2011-03-24,0.01,0.254
BNA,2011-03-25,0.10020000000000001,2.54508
BNA,2011-03-26,0.5402,13.721079999999999
BNA,2011-03-27,0.01,0.254
BNA,2011-03-28,0.2204,5.59816
BNA,2011-03-29,0.0101,0.25654
BNA,2011-03-30,3.5609,90.44686
BNA,2011-03-31,5e-4,0.0127
BNA,2011-04-01,0,0
BNA,2011-04-02,0,0
BNA,2011-04-03,0,0
BNA,2011-04-04,2.3409,59.458859999999994
BNA,2011-04-05,0.6902,17.53108
BNA,2011-04-06,0,0
BNA,2011-04-07,0,0
BNA,2011-04-08,0,0
BNA,2011-04-09,0,0
BNA,2011-04-10,0,0
BNA,2011-04-11,1.2201,30.990539999999996
BNA,2011-04-12,0.2507,6.367779999999999
BNA,2011-04-13,0,0
BNA,2011-04-14,0,0
BNA,2011-04-15,1.5602,39.62908
BNA,2011-04-16,1.9008,48.280319999999996
BNA,2011-04-17,0,0
BNA,2011-04-18,0,0
BNA,2011-04-19,0,0
BNA,2011-04-20,0.8513000000000001,21.62302
BNA,2011-04-21,0.12010000000000001,3.0505400000000003
BNA,2011-04-22,3.0000000000000003e-4,0.00762
BNA,2011-04-23,0,0
BNA,2011-04-24,0.2403,6.10362
BNA,2011-04-25,0.0101,0.25654
BNA,2011-04-26,1.2101,30.736539999999998
BNA,2011-04-27,3.3103000000000002,84.08162
BNA,2011-04-28,1e-4,0.00254
BNA,2011-04-29,1e-4,0.00254
BNA,2011-04-30,0,0
BNA,2011-05-01,1.2702,32.263079999999995
BNA,2011-05-02,0.2203,5.595619999999999
BNA,2011-05-03,3.681,93.4974
BNA,2011-05-04,0,0
BNA,2011-05-05,0,0
BNA,2011-05-06,2e-4,0.00508
BNA,2011-05-07,3.0000000000000003e-4,0.00762
BNA,2011-05-08,0,0
BNA,2011-05-09,0,0
BNA,2011-05-10,0,0
BNA,2011-05-11,0,0
BNA,2011-05-12,0.0601,1.52654
BNA,2011-05-13,0.08030000000000001,2.03962
BNA,2011-05-14,0.3405,8.6487
BNA,2011-05-15,3.0000000000000003e-4,0.00762
BNA,2011-05-16,0.0609,1.54686
BNA,2011-05-17,0,0
BNA,2011-05-18,0,0
BNA,2011-05-19,2e-4,0.00508
BNA,2011-05-20,0,0
BNA,2011-05-21,0.17,4.3180000000000005
BNA,2011-05-22,0,0
BNA,2011-05-23,0.7307,18.55978
BNA,2011-05-24,0.5804,14.74216
BNA,2011-05-25,0,0
BNA,2011-05-26,1.3805,35.0647
BNA,2011-05-27,1e-4,0.00254
BNA,2011-05-28,0,0
BNA,2011-05-29,0,0
BNA,2011-05-30,0,0
BNA,2011-05-31,0,0
BNA,2011-06-01,0,0
BNA,2011-06-02,0,0
BNA,2011-06-03,0,0
BNA,2011-06-04,0,0
BNA,2011-06-05,0.03,0.7619999999999999
BNA,2011-06-06,0,0
BNA,2011-06-07,0,0
BNA,2011-06-08,0,0
BNA,2011-06-09,0,0
BNA,2011-06-10,0,0
BNA,2011-06-11,0,0
BNA,2011-06-12,0,0
BNA,2011-06-13,0,0
BNA,2011-06-14,0.0404,1.02616
BNA,2011-06-15,5.4701,138.94054
BNA,2011-06-16,0,0
BNA,2011-06-17,0.0306,0.7772399999999999
BNA,2011-06-18,0.1205,3.0606999999999998
BNA,2011-06-19,2.33,59.181999999999995
BNA,2011-06-20,0,0
BNA,2011-06-21,0.0305,0.7746999999999999
BNA,2011-06-22,0.1102,2.79908
BNA,2011-06-23,0,0
BNA,2011-06-24,0,0
BNA,2011-06-25,0.2003,5.08762
BNA,2011-06-26,1.0407,26.43378
BNA,2011-06-27,0,0
BNA,2011-06-28,5.37,136.398
BNA,2011-06-29,0,0
BNA,2011-06-30,0,0
BNA,2011-07-01,0,0
BNA,2011-07-02,0,0
BNA,2011-07-03,0,0
BNA,2011-07-04,0,0
BNA,2011-07-05,0,0
BNA,2011-07-06,2.0401,51.81853999999999
BNA,2011-07-07,2.8400000000000003,72.13600000000001
BNA,2011-07-08,0.1506,3.82524
BNA,2011-07-09,0,0
BNA,2011-07-10,0,0
BNA,2011-07-11,0,0
BNA,2011-07-12,1e-4,0.00254
BNA,2011-07-13,0,0
BNA,2011-07-14,1e-4,0.00254
BNA,2011-07-15,0,0
BNA,2011-07-16,0,0
BNA,2011-07-17,0,0
BNA,2011-07-18,1.04,26.416
BNA,2011-07-19,0.0102,0.25908
BNA,2011-07-20,0,0
BNA,2011-07-21,0,0
BNA,2011-07-22,0,0
BNA,2011-07-23,0,0
BNA,2011-07-24,0,0
BNA,2011-07-25,0,0
BNA,2011-07-26,0,0
BNA,2011-07-27,0,0
BNA,2011-07-28,0,0
BNA,2011-07-29,0,0
BNA,2011-07-30,1.6901,42.92854
BNA,2011-07-31,1e-4,0.00254
BNA,2011-08-01,0,0
BNA,2011-08-02,0,0
BNA,2011-08-03,0,0
BNA,2011-08-04,0,0
BNA,2011-08-05,1.0903,27.69362
BNA,2011-08-06,0.2809,7.134859999999999
BNA,2011-08-07,0.050300000000000004,1.27762
BNA,2011-08-08,1e-4,0.00254
BNA,2011-08-09,3.0000000000000003e-4,0.00762
BNA,2011-08-10,0,0
BNA,2011-08-11,0,0
BNA,2011-08-12,0,0
BNA,2011-08-13,0.0101,0.25654
BNA,2011-08-14,0,0
BNA,2011-08-15,0,0
BNA,2011-08-16,0,0
BNA,2011-08-17,0,0
BNA,2011-08-18,0,0
BNA,2011-08-19,0,0
BNA,2011-08-20,0,0
BNA,2011-08-21,2.7401,69.59854
BNA,2011-08-22,0,0
BNA,2011-08-23,0,0
BNA,2011-08-24,0,0
BNA,2011-08-25,0,0
BNA,2011-08-26,0,0
BNA,2011-08-27,0,0
BNA,2011-08-28,0,0
BNA,2011-08-29,0,0
BNA,2011-08-30,0,0
BNA,2011-08-31,0,0
BNA,2011-09-01,0,0
BNA,2011-09-02,0,0
BNA,2011-09-03,0,0
BNA,2011-09-04,0.5004,12.710159999999998
BNA,2011-09-05,2.5905,65.7987
BNA,2011-09-06,3.1601,80.26653999999999
BNA,2011-09-07,4e-4,0.01016
BNA,2011-09-08,0,0
BNA,2011-09-09,0,0
BNA,2011-09-10,0,0
BNA,2011-09-11,0.2,5.08
BNA,2011-09-12,0,0
BNA,2011-09-13,0,0
BNA,2011-09-14,0,0
BNA,2011-09-15,0.4303,10.92962
BNA,2011-09-16,0,0
BNA,2011-09-17,0,0
BNA,2011-09-18,2e-4,0.00508
BNA,2011-09-19,0.1804,4.58216
BNA,2011-09-20,0.31,7.874
BNA,2011-09-21,0.2004,5.09016
BNA,2011-09-22,0,0
BNA,2011-09-23,0.9601000000000001,24.38654
BNA,2011-09-24,0.01,0.254
BNA,2011-09-25,1e-4,0.00254
BNA,2011-09-26,0.4506,11.44524
BNA,2011-09-27,0,0
BNA,2011-09-28,0,0
BNA,2011-09-29,0.05,1.27
BNA,2011-09-30,0,0
BNA,2011-10-01,0,0
BNA,2011-10-02,0,0
BNA,2011-10-03,0,0
BNA,2011-10-04,0,0
BNA,2011-10-05,0,0
BNA,2011-10-06,0,0
BNA,2011-10-07,0,0
BNA,2011-10-08,0,0
BNA,2011-10-09,0,0
BNA,2011-10-10,0,0
BNA,2011-10-11,0,0
BNA,2011-10-12,0,0
BNA,2011-10-13,0.42050000000000004,10.6807
BNA,2011-10-14,0,0
BNA,2011-10-15,0,0
BNA,2011-10-16,0,0
BNA,2011-10-17,0,0
BNA,2011-10-18,0.050100000000000006,1.27254
BNA,2011-10-19,0.1207,3.0657799999999997
BNA,2011-10-20,0.12090000000000001,3.07086
BNA,2011-10-21,0,0
BNA,2011-10-22,0,0
BNA,2011-10-23,0,0
BNA,2011-10-24,0,0
BNA,2011-10-25,0,0
BNA,2011-10-26,0,0
BNA,2011-10-27,0.15080000000000002,3.8303200000000004
BNA,2011-10-28,0.7103,18.04162
BNA,2011-10-29,0,0
BNA,2011-10-30,0,0
BNA,2011-10-31,0,0
BNA,2011-11-01,0,0
BNA,2011-11-02,0,0
BNA,2011-11-03,0.8003,20.32762
BNA,2011-11-04,0.0102,0.25908
BNA,2011-11-05,0,0
BNA,2011-11-06,0,0
BNA,2011-11-07,0,0
BNA,2011-11-08,0.19,4.826
BNA,2011-11-09,0.0505,1.2827
BNA,2011-11-10,0,0
BNA,2011-11-11,0,0
BNA,2011-11-12,0,0
BNA,2011-11-13,0,0
BNA,2011-11-14,0,0
BNA,2011-11-15,1.8302,46.48708
BNA,2011-11-16,1.6907,42.94378
BNA,2011-11-17,0,0
BNA,2011-11-18,0,0
BNA,2011-11-19,0,0
BNA,2011-11-20,1.6801,42.67453999999999
BNA,2011-11-21,1.2905,32.7787
BNA,2011-11-22,0.1106,2.80924
BNA,2011-11-23,0.0903,2.29362
BNA,2011-11-24,0,0
BNA,2011-11-25,0,0
BNA,2011-11-26,0,0
BNA,2011-11-27,1.8506,47.00524
BNA,2011-11-28,1.8807,47.76978
BNA,2011-11-29,0.0637,1.61798
BNA,2011-11-30,0.0208,0.5283199999999999
BNA,2011-12-01,0,0
BNA,2011-12-02,0,0
BNA,2011-12-03,0,0
BNA,2011-12-04,0,0
BNA,2011-12-05,2.1107,53.611779999999996
BNA,2011-12-06,0.7614,19.33956
BNA,2011-12-07,0.1714,4.35356
BNA,2011-12-08,0,0
BNA,2011-12-09,0,0
BNA,2011-12-10,0,0
BNA,2011-12-11,0,0
BNA,2011-12-12,0,0
BNA,2011-12-13,6.000000000000001e-4,0.01524
BNA,2011-12-14,0,0
BNA,2011-12-15,0.1202,3.05308
BNA,2011-12-16,0.5603,14.23162
BNA,2011-12-17,0,0
BNA,2011-12-18,0,0
BNA,2011-12-19,0,0
BNA,2011-12-20,0.27030000000000004,6.865620000000001
BNA,2011-12-21,0.23020000000000002,5.84708
BNA,2011-12-22,0.6601,16.76654
BNA,2011-12-23,0.0202,0.51308
BNA,2011-12-24,0,0
BNA,2011-12-25,0,0
BNA,2011-12-26,0,0
BNA,2011-12-27,1.521,38.633399999999995
BNA,2011-12-28,0.12,3.0479999999999996
BNA,2011-12-29,0,0
BNA,2011-12-30,0,0
BNA,2011-12-31,0,0
BNA,2012-01-01,0,0
BNA,2012-01-02,0,0
BNA,2012-01-03,1e-4,0.00254
BNA,2012-01-04,0,0
BNA,2012-01-05,0,0
BNA,2012-01-06,0,0
BNA,2012-01-07,0.020300000000000002,0.5156200000000001
BNA,2012-01-08,0,0
BNA,2012-01-09,0.4001,10.16254
BNA,2012-01-10,0.0102,0.25908
BNA,2012-01-11,3.9406000000000003,100.09124
BNA,2012-01-12,0.0419,1.06426
BNA,2012-01-13,0.0016,0.04064
BNA,2012-01-14,0,0
BNA,2012-01-15,0,0
BNA,2012-01-16,0.0205,0.5206999999999999
BNA,2012-01-17,1.6806999999999999,42.68977999999999
BNA,2012-01-18,0,0
BNA,2012-01-19,0,0
BNA,2012-01-20,0,0
BNA,2012-01-21,0.9907,25.16378
BNA,2012-01-22,0.08,2.032
BNA,2012-01-23,2.3802,60.45707999999999
BNA,2012-01-24,0,0
BNA,2012-01-25,0.07020000000000001,1.7830800000000002
BNA,2012-01-26,0.3905,9.9187
BNA,2012-01-27,0.6407,16.27378
BNA,2012-01-28,0,0
BNA,2012-01-29,0,0
BNA,2012-01-30,0,0
BNA,2012-01-31,0,0
BNA,2012-02-01,0.7605,19.316699999999997
BNA,2012-02-02,0.38,9.652
BNA,2012-02-03,0,0
BNA,2012-02-04,0.5905,14.9987
BNA,2012-02-05,3.0000000000000003e-4,0.00762
BNA,2012-02-06,0,0
BNA,2012-02-07,0,0
BNA,2012-02-08,0.0106,0.26924
BNA,2012-02-09,0,0
BNA,2012-02-10,0.0407,1.03378
BNA,2012-02-11,0.0316,0.80264
BNA,2012-02-12,0,0
BNA,2012-02-13,0,0
BNA,2012-02-14,0.1814,4.60756
BNA,2012-02-15,3.0000000000000003e-4,0.00762
BNA,2012-02-16,0.5603,14.23162
BNA,2012-02-17,0,0
BNA,2012-02-18,0,0
BNA,2012-02-19,0.9804,24.90216
BNA,2012-02-20,0,0
BNA,2012-02-21,0.01,0.254
BNA,2012-02-22,0.4102,10.41908
BNA,2012-02-23,0,0
BNA,2012-02-24,0,0
BNA,2012-02-25,0,0
BNA,2012-02-26,0,0
BNA,2012-02-27,0,0
BNA,2012-02-28,0,0
BNA,2012-02-29,0.8903,22.613619999999997
BNA,2012-03-01,0.0101,0.25654
BNA,2012-03-02,0.2603,6.611619999999999
BNA,2012-03-03,0,0
BNA,2012-03-04,0,0
BNA,2012-03-05,3.0000000000000003e-4,0.00762
BNA,2012-03-06,0,0
BNA,2012-03-07,0,0
BNA,2012-03-08,2.1601,54.86653999999999
BNA,2012-03-09,0.3001,7.622539999999999
BNA,2012-03-10,0,0
BNA,2012-03-11,0,0
BNA,2012-03-12,0.020900000000000002,0.53086
BNA,2012-03-13,0,0
BNA,2012-03-14,0,0
BNA,2012-03-15,1.1104,28.204159999999998
BNA,2012-03-16,0.3803,9.65962
BNA,2012-03-17,0.1002,2.54508
BNA,2012-03-18,3.0000000000000003e-4,0.00762
BNA,2012-03-19,0,0
BNA,2012-03-20,0,0
BNA,2012-03-21,0,0
BNA,2012-03-22,0.4104,10.424159999999999
BNA,2012-03-23,0.0402,1.02108
BNA,2012-03-24,0.5702,14.483080000000001
BNA,2012-03-25,0,0
BNA,2012-03-26,0,0
BNA,2012-03-27,0,0
BNA,2012-03-28,0,0
BNA,2012-03-29,0,0
BNA,2012-03-30,0,0
BNA,2012-03-31,0,0
BNA,2012-04-01,0,0
BNA,2012-04-02,0,0
BNA,2012-04-03,0,0
BNA,2012-04-04,0.0201,0.51054
BNA,2012-04-05,1.7102,43.43908
BNA,2012-04-06,0.23,5.842
BNA,2012-04-07,0,0
BNA,2012-04-08,0,0
BNA,2012-04-09,0,0
BNA,2012-04-10,0,0
BNA,2012-04-11,0,0
BNA,2012-04-12,0,0
BNA,2012-04-13,0,0
BNA,2012-04-14,0,0
BNA,2012-04-15,0,0
BNA,2012-04-16,0.2303,5.84962
BNA,2012-04-17,0.1804,4.58216
BNA,2012-04-18,0.0102,0.25908
BNA,2012-04-19,0,0
BNA,2012-04-20,0,0
BNA,2012-04-21,1.1503,29.21762
BNA,2012-04-22,0.01,0.254
BNA,2012-04-23,0,0
BNA,2012-04-24,0,0
BNA,2012-04-25,4e-4,0.01016
BNA,2012-04-26,0,0
BNA,2012-04-27,1.0601,26.92654
BNA,2012-04-28,1e-4,0.00254
BNA,2012-04-29,0,0
BNA,2012-04-30,0,0
BNA,2012-05-01,0,0
BNA,2012-05-02,0,0
BNA,2012-05-03,2e-4,0.00508
BNA,2012-05-04,0,0
BNA,2012-05-05,0.4201,10.670539999999999
BNA,2012-05-06,0.15009999999999998,3.8125399999999994
BNA,2012-05-07,1e-4,0.00254
BNA,2012-05-08,0,0
BNA,2012-05-09,2e-4,0.00508
BNA,2012-05-10,0,0
BNA,2012-05-11,0,0
BNA,2012-05-12,0.0903,2.29362
BNA,2012-05-13,4.1808,106.19231999999998
BNA,2012-05-14,0.5402,13.721079999999999
BNA,2012-05-15,0,0
BNA,2012-05-16,0,0
BNA,2012-05-17,0.01,0.254
BNA,2012-05-18,0,0
BNA,2012-05-19,0,0
BNA,2012-05-20,0.18,4.571999999999999
BNA,2012-05-21,1e-4,0.00254
BNA,2012-05-22,0,0
BNA,2012-05-23,0,0
BNA,2012-05-24,0,0
BNA,2012-05-25,0,0
BNA,2012-05-26,0,0
BNA,2012-05-27,0,0
BNA,2012-05-28,1e-4,0.00254
BNA,2012-05-29,2.94,74.67599999999999
BNA,2012-05-30,0.01,0.254
BNA,2012-05-31,0,0
BNA,2012-06-01,0.9407,23.89378
BNA,2012-06-02,0,0
BNA,2012-06-03,0,0
BNA,2012-06-04,0.0502,1.27508
BNA,2012-06-05,0.0103,0.26161999999999996
BNA,2012-06-06,0,0
BNA,2012-06-07,0,0
BNA,2012-06-08,0,0
BNA,2012-06-09,0,0
BNA,2012-06-10,0.0803,2.0396199999999998
BNA,2012-06-11,0.1005,2.5527
BNA,2012-06-12,0.03,0.7619999999999999
BNA,2012-06-13,0,0
BNA,2012-06-14,0,0
BNA,2012-06-15,1e-4,0.00254
BNA,2012-06-16,0.0207,0.5257799999999999
BNA,2012-06-17,0,0
BNA,2012-06-18,0,0
BNA,2012-06-19,0,0
BNA,2012-06-20,0,0
BNA,2012-06-21,0,0
BNA,2012-06-22,0,0
BNA,2012-06-23,0,0
BNA,2012-06-24,0,0
BNA,2012-06-25,0,0
BNA,2012-06-26,0,0
BNA,2012-06-27,0,0
BNA,2012-06-28,0,0
BNA,2012-06-29,0,0
BNA,2012-06-30,0,0
BNA,2012-07-01,0,0
BNA,2012-07-02,2e-4,0.00508
BNA,2012-07-03,0,0
BNA,2012-07-04,0.03,0.7619999999999999
BNA,2012-07-05,0,0
BNA,2012-07-06,0,0
BNA,2012-07-07,0,0
BNA,2012-07-08,0.7803,19.81962
BNA,2012-07-09,2.7004,68.59016
BNA,2012-07-10,3.1003,78.74762
BNA,2012-07-11,2e-4,0.00508
BNA,2012-07-12,1.8202,46.23308
BNA,2012-07-13,1.0508,26.690319999999996
BNA,2012-07-14,3.8307,97.29978
BNA,2012-07-15,0.0204,0.51816
BNA,2012-07-16,0,0
BNA,2012-07-17,0,0
BNA,2012-07-18,0.61,15.493999999999998
BNA,2012-07-19,0,0
BNA,2012-07-20,7.0901,180.08853999999997
BNA,2012-07-21,0.0103,0.26161999999999996
BNA,2012-07-22,0,0
BNA,2012-07-23,0,0
BNA,2012-07-24,0,0
BNA,2012-07-25,0,0
BNA,2012-07-26,0,0
BNA,2012-07-27,2e-4,0.00508
BNA,2012-07-28,0,0
BNA,2012-07-29,1e-4,0.00254
BNA,2012-07-30,0,0
BNA,2012-07-31,2e-4,0.00508
BNA,2012-08-01,3.8201,97.03054
BNA,2012-08-02,0,0
BNA,2012-08-03,0.02,0.508
BNA,2012-08-04,0.2502,6.355079999999999
BNA,2012-08-05,0.45999999999999996,11.684
BNA,2012-08-06,0.08,2.032
BNA,2012-08-07,0,0
BNA,2012-08-08,0,0
BNA,2012-08-09,0.7301,18.544539999999998
BNA,2012-08-10,0.0201,0.51054
BNA,2012-08-11,0,0
BNA,2012-08-12,0,0
BNA,2012-08-13,0.93,23.622
BNA,2012-08-14,0,0
BNA,2012-08-15,0,0
BNA,2012-08-16,0,0
BNA,2012-08-17,1.8203,46.23562
BNA,2012-08-18,0,0
BNA,2012-08-19,0,0
BNA,2012-08-20,0,0
BNA,2012-08-21,0,0
BNA,2012-08-22,0,0
BNA,2012-08-23,0,0
BNA,2012-08-24,0,0
BNA,2012-08-25,0.11030000000000001,2.8016200000000002
BNA,2012-08-26,0,0
BNA,2012-08-27,0,0
BNA,2012-08-28,0,0
BNA,2012-08-29,0,0
BNA,2012-08-30,0.08,2.032
BNA,2012-08-31,0.0401,1.0185399999999998
BNA,2012-09-01,2e-4,0.00508
BNA,2012-09-02,1.9405000000000001,49.2887
BNA,2012-09-03,0.0906,2.30124
BNA,2012-09-04,0.3904,9.91616
BNA,2012-09-05,0.4801,12.19454
BNA,2012-09-06,0.45,11.43
BNA,2012-09-07,0,0
BNA,2012-09-08,3.4506,87.64524
BNA,2012-09-09,0,0
BNA,2012-09-10,0,0
BNA,2012-09-11,0,0
BNA,2012-09-12,0,0
BNA,2012-09-13,0,0
BNA,2012-09-14,0,0
BNA,2012-09-15,0,0
BNA,2012-09-16,1e-4,0.00254
BNA,2012-09-17,3.3001,83.82253999999999
BNA,2012-09-18,0.38079999999999997,9.67232
BNA,2012-09-19,0,0
BNA,2012-09-20,0,0
BNA,2012-09-21,0,0
BNA,2012-09-22,0,0
BNA,2012-09-23,0,0
BNA,2012-09-24,0,0
BNA,2012-09-25,0,0
BNA,2012-09-26,0,0
BNA,2012-09-27,0,0
BNA,2012-09-28,2e-4,0.00508
BNA,2012-09-29,0,0
BNA,2012-09-30,0,0
BNA,2012-10-01,2.7707,70.37578
BNA,2012-10-02,5e-4,0.0127
BNA,2012-10-03,0,0
BNA,2012-10-04,0,0
BNA,2012-10-05,0,0
BNA,2012-10-06,1.3902999999999999,35.31361999999999
BNA,2012-10-07,0.0207,0.5257799999999999
BNA,2012-10-08,0.0402,1.02108
BNA,2012-10-09,0,0
BNA,2012-10-10,0,0
BNA,2012-10-11,0,0
BNA,2012-10-12,3.2903000000000002,83.57362
BNA,2012-10-13,0,0
BNA,2012-10-14,1e-4,0.00254
BNA,2012-10-15,0,0
BNA,2012-10-16,0,0
BNA,2012-10-17,0,0
BNA,2012-10-18,1.0202,25.913079999999997
BNA,2012-10-19,0,0
BNA,2012-10-20,0,0
BNA,2012-10-21,0,0
BNA,2012-10-22,0,0
BNA,2012-10-23,0,0
BNA,2012-10-24,0,0
BNA,2012-10-25,0,0
BNA,2012-10-26,4e-4,0.01016
BNA,2012-10-27,0.0904,2.2961599999999995
BNA,2012-10-28,0,0
BNA,2012-10-29,0,0
BNA,2012-10-30,0,0
BNA,2012-10-31,0,0
BNA,2012-11-01,0,0
BNA,2012-11-02,0,0
BNA,2012-11-03,0.21020000000000003,5.33908
BNA,2012-11-04,0.02,0.508
BNA,2012-11-05,0,0
BNA,2012-11-06,0.0404,1.02616
BNA,2012-11-07,0.1901,4.828539999999999
BNA,2012-11-08,0,0
BNA,2012-11-09,0,0
BNA,2012-11-10,0,0
BNA,2012-11-11,0,0
BNA,2012-11-12,1.1001,27.94254
BNA,2012-11-13,0,0
BNA,2012-11-14,0,0
BNA,2012-11-15,0,0
BNA,2012-11-16,0,0
BNA,2012-11-17,0,0
BNA,2012-11-18,0,0
BNA,2012-11-19,0,0
BNA,2012-11-20,2e-4,0.00508
BNA,2012-11-21,0,0
BNA,2012-11-22,0,0
BNA,2012-11-23,0.15009999999999998,3.8125399999999994
BNA,2012-11-24,0,0
BNA,2012-11-25,0,0
BNA,2012-11-26,0.0201,0.51054
BNA,2012-11-27,0.3504,8.90016
BNA,2012-11-28,0,0
BNA,2012-11-29,0,0
BNA,2012-11-30,0,0
BNA,2012-12-01,0,0
BNA,2012-12-02,0,0
BNA,2012-12-03,0,0
BNA,2012-12-04,0.45030000000000003,11.43762
BNA,2012-12-05,0.0505,1.2827
BNA,2012-12-06,0,0
BNA,2012-12-07,0.0101,0.25654
BNA,2012-12-08,0.3302,8.38708
BNA,2012-12-09,0.461,11.7094
BNA,2012-12-10,1.3004,33.030159999999995
BNA,2012-12-11,0,0
BNA,2012-12-12,0,0
BNA,2012-12-13,0,0
BNA,2012-12-14,0,0
BNA,2012-12-15,0.020300000000000002,0.5156200000000001
BNA,2012-12-16,0,0
BNA,2012-12-17,0.4907,12.46378
BNA,2012-12-18,0,0
BNA,2012-12-19,0,0
BNA,2012-12-20,0.7303000000000001,18.54962
BNA,2012-12-21,3.0000000000000003e-4,0.00762
BNA,2012-12-22,0,0
BNA,2012-12-23,0.16040000000000001,4.07416
BNA,2012-12-24,0.24029999999999999,6.103619999999999
BNA,2012-12-25,1e-4,0.00254
BNA,2012-12-26,2.0809,52.85486
BNA,2012-12-27,2e-4,0.00508
BNA,2012-12-28,0.1405,3.5687
BNA,2012-12-29,0.8021,20.37334
BNA,2012-12-30,7e-4,0.017779999999999997
BNA,2012-12-31,2e-4,0.00508
BNA,2013-01-01,0.7416,18.83664
BNA,2013-01-02,0,0
BNA,2013-01-03,0,0
BNA,2013-01-04,0,0
BNA,2013-01-05,1e-4,0.00254
BNA,2013-01-06,0,0
BNA,2013-01-07,0,0
BNA,2013-01-08,0,0
BNA,2013-01-09,0.9704,24.64816
BNA,2013-01-10,1.3102,33.27908
BNA,2013-01-11,0.0906,2.30124
BNA,2013-01-12,2.4502,62.23508
BNA,2013-01-13,4.1203,104.65562
BNA,2013-01-14,0.15030000000000002,3.8176200000000002
BNA,2013-01-15,0.3408,8.65632
BNA,2013-01-16,0.6206,15.76324
BNA,2013-01-17,0.0105,0.2667
BNA,2013-01-18,0,0
BNA,2013-01-19,0,0
BNA,2013-01-20,0,0
BNA,2013-01-21,0,0
BNA,2013-01-22,0,0
BNA,2013-01-23,0,0
BNA,2013-01-24,0,0
BNA,2013-01-25,1.1703000000000001,29.725620000000003
BNA,2013-01-26,0,0
BNA,2013-01-27,0,0
BNA,2013-01-28,3.0000000000000003e-4,0.00762
BNA,2013-01-29,0,0
BNA,2013-01-30,2.1502,54.61507999999999
BNA,2013-01-31,1e-4,0.00254
BNA,2013-02-01,0.2601,6.60654
BNA,2013-02-02,0.1409,3.5788599999999997
BNA,2013-02-03,0.040100000000000004,1.01854
BNA,2013-02-04,0,0
BNA,2013-02-05,1e-4,0.00254
BNA,2013-02-06,0,0
BNA,2013-02-07,0,0
BNA,2013-02-08,0.2203,5.595619999999999
BNA,2013-02-09,0,0
BNA,2013-02-10,1.8202,46.23308
BNA,2013-02-11,0,0
BNA,2013-02-12,0,0
BNA,2013-02-13,0.4209,10.690859999999999
BNA,2013-02-14,0,0
BNA,2013-02-15,2e-4,0.00508
BNA,2013-02-16,0,0
BNA,2013-02-17,0,0
BNA,2013-02-18,0,0
BNA,2013-02-19,0.4309,10.94486
BNA,2013-02-20,0,0
BNA,2013-02-21,0.18,4.571999999999999
BNA,2013-02-22,0.9504,24.140159999999998
BNA,2013-02-23,0,0
BNA,2013-02-24,0,0
BNA,2013-02-25,0,0
BNA,2013-02-26,0.1907,4.84378
BNA,2013-02-27,0.0206,0.5232399999999999
BNA,2013-02-28,0.0204,0.51816
BNA,2013-03-01,0.0218,0.55372
BNA,2013-03-02,0.1442,3.6626799999999995
BNA,2013-03-03,7e-4,0.017779999999999997
BNA,2013-03-04,0,0
BNA,2013-03-05,2.2905,58.1787
BNA,2013-03-06,0.0014,0.035559999999999994
BNA,2013-03-07,0,0
BNA,2013-03-08,0,0
BNA,2013-03-09,0,0
BNA,2013-03-10,0,0
BNA,2013-03-11,1.0407,26.43378
BNA,2013-03-12,0,0
BNA,2013-03-13,0,0
BNA,2013-03-14,0.01,0.254
BNA,2013-03-15,0.03,0.7619999999999999
BNA,2013-03-16,0,0
BNA,2013-03-17,1e-4,0.00254
BNA,2013-03-18,4.990200000000001,126.75108000000002
BNA,2013-03-19,0,0
BNA,2013-03-20,1e-4,0.00254
BNA,2013-03-21,0,0
BNA,2013-03-22,0,0
BNA,2013-03-23,0.0102,0.25908
BNA,2013-03-24,0.901,22.8854
BNA,2013-03-25,0.0012000000000000001,0.03048
BNA,2013-03-26,0.0225,0.5714999999999999
BNA,2013-03-27,0,0
BNA,2013-03-28,0,0
BNA,2013-03-29,0.3907,9.923779999999999
BNA,2013-03-30,0.3204,8.13816
BNA,2013-03-31,0.4403,11.18362
BNA,2013-04-01,0,0
BNA,2013-04-02,2e-4,0.00508
BNA,2013-04-03,0,0
BNA,2013-04-04,0.1012,2.57048
BNA,2013-04-05,0.03,0.7619999999999999
BNA,2013-04-06,0,0
BNA,2013-04-07,0,0
BNA,2013-04-08,0,0
BNA,2013-04-09,0,0
BNA,2013-04-10,0,0
BNA,2013-04-11,3.84,97.53599999999999
BNA,2013-04-12,0.2203,5.595619999999999
BNA,2013-04-13,0,0
BNA,2013-04-14,2e-4,0.00508
BNA,2013-04-15,0,0
BNA,2013-04-16,0.01,0.254
BNA,2013-04-17,0,0
BNA,2013-04-18,0,0
BNA,2013-04-19,4.0101,101.85654000000001
BNA,2013-04-20,0,0
BNA,2013-04-21,0,0
BNA,2013-04-22,0,0
BNA,2013-04-23,0,0
BNA,2013-04-24,1.9503,49.53762
BNA,2013-04-25,0,0
BNA,2013-04-26,2e-4,0.00508
BNA,2013-04-27,3.4402,87.38108
BNA,2013-04-28,2.8005,71.1327
BNA,2013-04-29,0,0
BNA,2013-04-30,0,0
BNA,2013-05-01,0,0
BNA,2013-05-02,0,0
BNA,2013-05-03,0,0
BNA,2013-05-04,1.7103,43.44161999999999
BNA,2013-05-05,0.3201,8.13054
BNA,2013-05-06,0.131,3.3274
BNA,2013-05-07,0.07,1.778
BNA,2013-05-08,0.09,2.2859999999999996
BNA,2013-05-09,0.0201,0.51054
BNA,2013-05-10,0.47050000000000003,11.9507
BNA,2013-05-11,0.0202,0.51308
BNA,2013-05-12,0,0
BNA,2013-05-13,0,0
BNA,2013-05-14,0,0
BNA,2013-05-15,0,0
BNA,2013-05-16,0,0
BNA,2013-05-17,0.8407,21.35378
BNA,2013-05-18,0.0201,0.51054
BNA,2013-05-19,0.0303,0.76962
BNA,2013-05-20,0,0
BNA,2013-05-21,0.2701,6.860539999999999
BNA,2013-05-22,0.1303,3.30962
BNA,2013-05-23,0.01,0.254
BNA,2013-05-24,0,0
BNA,2013-05-25,0,0
BNA,2013-05-26,0,0
BNA,2013-05-27,0,0
BNA,2013-05-28,0,0
BNA,2013-05-29,0,0
BNA,2013-05-30,1e-4,0.00254
BNA,2013-05-31,0.0102,0.25908
BNA,2013-06-01,1.05,26.669999999999998
BNA,2013-06-02,0.0103,0.26161999999999996
BNA,2013-06-03,1e-4,0.00254
BNA,2013-06-04,0,0
BNA,2013-06-05,0.1001,2.54254
BNA,2013-06-06,0.89,22.605999999999998
BNA,2013-06-07,0.8,20.32
BNA,2013-06-08,0,0
BNA,2013-06-09,0.9807,24.909779999999998
BNA,2013-06-10,1.8606,47.25924
BNA,2013-06-11,0,0
BNA,2013-06-12,0,0
BNA,2013-06-13,1e-4,0.00254
BNA,2013-06-14,0,0
BNA,2013-06-15,0,0
BNA,2013-06-16,0,0
BNA,2013-06-17,0.03,0.7619999999999999
BNA,2013-06-18,1.731,43.9674
BNA,2013-06-19,0,0
BNA,2013-06-20,1.76,44.704
BNA,2013-06-21,0,0
BNA,2013-06-22,0,0
BNA,2013-06-23,0.12,3.0479999999999996
BNA,2013-06-24,2e-4,0.00508
BNA,2013-06-25,0,0
BNA,2013-06-26,0,0
BNA,2013-06-27,3.0000000000000003e-4,0.00762
BNA,2013-06-28,0.0101,0.25654
BNA,2013-06-29,0,0
BNA,2013-06-30,1e-4,0.00254
BNA,2013-07-01,0,0
BNA,2013-07-02,0,0
BNA,2013-07-03,0,0
BNA,2013-07-04,2.1703,55.12562
BNA,2013-07-05,1.5714000000000001,39.913560000000004
BNA,2013-07-06,1.6102,40.89908
BNA,2013-07-07,0.01,0.254
BNA,2013-07-08,1e-4,0.00254
BNA,2013-07-09,0,0
BNA,2013-07-10,0.5301,13.46454
BNA,2013-07-11,1.1606,29.47924
BNA,2013-07-12,0,0
BNA,2013-07-13,0,0
BNA,2013-07-14,0.04,1.016
BNA,2013-07-15,0,0
BNA,2013-07-16,0,0
BNA,2013-07-17,1e-4,0.00254
BNA,2013-07-18,1.0904,27.69616
BNA,2013-07-19,0,0
BNA,2013-07-20,0,0
BNA,2013-07-21,0.3202,8.13308
BNA,2013-07-22,0.6602,16.76908
BNA,2013-07-23,0,0
BNA,2013-07-24,0,0
BNA,2013-07-25,0,0
BNA,2013-07-26,0,0
BNA,2013-07-27,0.0204,0.51816
BNA,2013-07-28,0.0601,1.52654
BNA,2013-07-29,0,0
BNA,2013-07-30,0.1001,2.54254
BNA,2013-07-31,0.5006,12.71524
BNA,2013-08-01,1e-4,0.00254
BNA,2013-08-02,0,0
BNA,2013-08-03,0.0802,2.0370799999999996
BNA,2013-08-04,0,0
BNA,2013-08-05,1e-4,0.00254
BNA,2013-08-06,0.050300000000000004,1.27762
BNA,2013-08-07,1.2705,32.2707
BNA,2013-08-08,0.6605,16.776699999999998
BNA,2013-08-09,0.3301,8.38454
BNA,2013-08-10,0,0
BNA,2013-08-11,0.05,1.27
BNA,2013-08-12,2e-4,0.00508
BNA,2013-08-13,0.0302,0.76708
BNA,2013-08-14,0,0
BNA,2013-08-15,0,0
BNA,2013-08-16,0,0
BNA,2013-08-17,0.1303,3.30962
BNA,2013-08-18,0.0103,0.26161999999999996
BNA,2013-08-19,0,0
BNA,2013-08-20,0.4601,11.686539999999999
BNA,2013-08-21,0.1003,2.5476199999999998
BNA,2013-08-22,0,0
BNA,2013-08-23,0.62,15.748
BNA,2013-08-24,0,0
BNA,2013-08-25,0,0
BNA,2013-08-26,0,0
BNA,2013-08-27,0,0
BNA,2013-08-28,0,0
BNA,2013-08-29,0,0
BNA,2013-08-30,0,0
BNA,2013-08-31,0.050100000000000006,1.27254
BNA,2013-09-01,0.7702,19.56308
BNA,2013-09-02,0.2601,6.60654
BNA,2013-09-03,0,0
BNA,2013-09-04,0,0
BNA,2013-09-05,0,0
BNA,2013-09-06,0,0
BNA,2013-09-07,0,0
BNA,2013-09-08,0,0
BNA,2013-09-09,1e-4,0.00254
BNA,2013-09-10,2.7802000000000002,70.61708
BNA,2013-09-11,0.08020000000000001,2.03708
BNA,2013-09-12,0.3204,8.13816
BNA,2013-09-13,2e-4,0.00508
BNA,2013-09-14,0,0
BNA,2013-09-15,0,0
BNA,2013-09-16,0,0
BNA,2013-09-17,0,0
BNA,2013-09-18,0,0
BNA,2013-09-19,0,0
BNA,2013-09-20,1e-4,0.00254
BNA,2013-09-21,3.3205,84.3407
BNA,2013-09-22,0,0
BNA,2013-09-23,0,0
BNA,2013-09-24,0,0
BNA,2013-09-25,0.9804,24.90216
BNA,2013-09-26,0,0
BNA,2013-09-27,0,0
BNA,2013-09-28,0,0
BNA,2013-09-29,0.02,0.508
BNA,2013-09-30,0,0
BNA,2013-10-01,0,0
BNA,2013-10-02,0.1302,3.30708
BNA,2013-10-03,0.06999999999999999,1.7779999999999998
BNA,2013-10-04,0.01,0.254
BNA,2013-10-05,0,0
BNA,2013-10-06,2.4407,61.99378
BNA,2013-10-07,0,0
BNA,2013-10-08,0,0
BNA,2013-10-09,0,0
BNA,2013-10-10,0,0
BNA,2013-10-11,0,0
BNA,2013-10-12,0,0
BNA,2013-10-13,0,0
BNA,2013-10-14,0,0
BNA,2013-10-15,0,0
BNA,2013-10-16,0.541,13.7414
BNA,2013-10-17,0.1008,2.56032
BNA,2013-10-18,0,0
BNA,2013-10-19,3.0000000000000003e-4,0.00762
BNA,2013-10-20,0,0
BNA,2013-10-21,0,0
BNA,2013-10-22,0.2002,5.08508
BNA,2013-10-23,0.01,0.254
BNA,2013-10-24,0,0
BNA,2013-10-25,0,0
BNA,2013-10-26,0,0
BNA,2013-10-27,0,0
BNA,2013-10-28,0.0106,0.26924
BNA,2013-10-29,0,0
BNA,2013-10-30,0,0
BNA,2013-10-31,0.2803,7.119619999999999
BNA,2013-11-01,1.41,35.81399999999999
BNA,2013-11-02,2e-4,0.00508
BNA,2013-11-03,0,0
BNA,2013-11-04,0,0
BNA,2013-11-05,0,0
BNA,2013-11-06,0.0403,1.02362
BNA,2013-11-07,0.541,13.7414
BNA,2013-11-08,0,0
BNA,2013-11-09,0,0
BNA,2013-11-10,0,0
BNA,2013-11-11,0,0
BNA,2013-11-12,0.0408,1.03632
BNA,2013-11-13,0,0
BNA,2013-11-14,0,0
BNA,2013-11-15,0.1502,3.8150799999999996
BNA,2013-11-16,6.000000000000001e-4,0.01524
BNA,2013-11-17,0.6702,17.02308
BNA,2013-11-18,2.0801000000000003,52.834540000000004
BNA,2013-11-19,0,0
BNA,2013-11-20,0,0
BNA,2013-11-21,0,0
BNA,2013-11-22,0.4408,11.19632
BNA,2013-11-23,0,0
BNA,2013-11-24,0,0
BNA,2013-11-25,0.18,4.571999999999999
BNA,2013-11-26,0.7709,19.58086
BNA,2013-11-27,3.0000000000000003e-4,0.00762
BNA,2013-11-28,0,0
BNA,2013-11-29,0,0
BNA,2013-11-30,0,0
BNA,2013-12-01,0,0
BNA,2013-12-02,0,0
BNA,2013-12-03,4e-4,0.01016
BNA,2013-12-04,0,0
BNA,2013-12-05,3.9005,99.0727
BNA,2013-12-06,3.4401,87.37854
BNA,2013-12-07,4e-4,0.01016
BNA,2013-12-08,1.0907,27.70378
BNA,2013-12-09,0.0803,2.0396199999999998
BNA,2013-12-10,0.1705,4.3307
BNA,2013-12-11,0,0
BNA,2013-12-12,0,0
BNA,2013-12-13,0,0
BNA,2013-12-14,0.6706,17.03324
BNA,2013-12-15,0,0
BNA,2013-12-16,0,0
BNA,2013-12-17,0,0
BNA,2013-12-18,0,0
BNA,2013-12-19,0,0
BNA,2013-12-20,0.0404,1.02616
BNA,2013-12-21,0.12040000000000001,3.05816
BNA,2013-12-22,1.8603,47.251619999999996
BNA,2013-12-23,4e-4,0.01016
BNA,2013-12-24,2e-4,0.00508
BNA,2013-12-25,0,0
BNA,2013-12-26,0,0
BNA,2013-12-27,0,0
BNA,2013-12-28,0.040100000000000004,1.01854
BNA,2013-12-29,1.3403,34.04362
BNA,2013-12-30,0,0
BNA,2013-12-31,2e-4,0.00508
BNA,2014-01-01,0,0
BNA,2014-01-02,0.401,10.1854
BNA,2014-01-03,0.001,0.0254
BNA,2014-01-04,0,0
BNA,2014-01-05,0.37,9.398
BNA,2014-01-06,0.4913,12.47902
BNA,2014-01-07,0,0
BNA,2014-01-08,0,0
BNA,2014-01-09,0.1703,4.32562
BNA,2014-01-10,3.0000000000000003e-4,0.00762
BNA,2014-01-11,1.8701,47.50054
BNA,2014-01-12,0,0
BNA,2014-01-13,0.6304000000000001,16.01216
BNA,2014-01-14,0.6802,17.277079999999998
BNA,2014-01-15,5e-4,0.0127
BNA,2014-01-16,1e-4,0.00254
BNA,2014-01-17,0.0405,1.0287
BNA,2014-01-18,0,0
BNA,2014-01-19,0,0
BNA,2014-01-20,0,0
BNA,2014-01-21,0.0013000000000000002,0.03302
BNA,2014-01-22,1e-4,0.00254
BNA,2014-01-23,2e-4,0.00508
BNA,2014-01-24,0,0
BNA,2014-01-25,0.0101,0.25654
BNA,2014-01-26,0,0
BNA,2014-01-27,0,0
BNA,2014-01-28,0,0
BNA,2014-01-29,0,0
BNA,2014-01-30,0,0
BNA,2014-01-31,0,0
BNA,2014-02-01,0,0
BNA,2014-02-02,0.6604,16.77416
BNA,2014-02-03,1.3504,34.30016
BNA,2014-02-04,1.1602,29.469079999999995
BNA,2014-02-05,2.1502,54.61507999999999
BNA,2014-02-06,0.0014,0.035559999999999994
BNA,2014-02-07,2e-4,0.00508
BNA,2014-02-08,0.0011,0.02794
BNA,2014-02-09,0.0101,0.25654
BNA,2014-02-10,0,0
BNA,2014-02-11,0,0
BNA,2014-02-12,0.0305,0.7746999999999999
BNA,2014-02-13,0,0
BNA,2014-02-14,0.36010000000000003,9.14654
BNA,2014-02-15,0.09040000000000001,2.29616
BNA,2014-02-16,1e-4,0.00254
BNA,2014-02-17,0.16,4.064
BNA,2014-02-18,0,0
BNA,2014-02-19,2e-4,0.00508
BNA,2014-02-20,0,0
BNA,2014-02-21,1.6203,41.15562
BNA,2014-02-22,0,0
BNA,2014-02-23,0,0
BNA,2014-02-24,2e-4,0.00508
BNA,2014-02-25,0,0
BNA,2014-02-26,0,0
BNA,2014-02-27,0,0
BNA,2014-02-28,0,0
BNA,2014-03-01,4e-4,0.01016
BNA,2014-03-02,0.6611,16.79194
BNA,2014-03-03,3.5716,90.71864
BNA,2014-03-04,0,0
BNA,2014-03-05,0,0
BNA,2014-03-06,0,0
BNA,2014-03-07,0,0
BNA,2014-03-08,0,0
BNA,2014-03-09,0,0
BNA,2014-03-10,0,0
BNA,2014-03-11,0,0
BNA,2014-03-12,0.0805,2.0446999999999997
BNA,2014-03-13,1e-4,0.00254
BNA,2014-03-14,2e-4,0.00508
BNA,2014-03-15,0,0
BNA,2014-03-16,0.8607,21.86178
BNA,2014-03-17,0.0706,1.7932399999999997
BNA,2014-03-18,0,0
BNA,2014-03-19,0,0
BNA,2014-03-20,0,0
BNA,2014-03-21,0,0
BNA,2014-03-22,0,0
BNA,2014-03-23,0.1802,4.57708
BNA,2014-03-24,0,0
BNA,2014-03-25,0.0216,0.54864
BNA,2014-03-26,0,0
BNA,2014-03-27,4e-4,0.01016
BNA,2014-03-28,0.8707,22.11578
BNA,2014-03-29,0.68,17.272000000000002
BNA,2014-03-30,0,0
BNA,2014-03-31,0,0
BNA,2014-04-01,1e-4,0.00254
BNA,2014-04-02,0,0
BNA,2014-04-03,1.0603,26.93162
BNA,2014-04-04,1.7902,45.47108
BNA,2014-04-05,0,0
BNA,2014-04-06,0,0
BNA,2014-04-07,0.7503,19.057619999999996
BNA,2014-04-08,0.0108,0.27432
BNA,2014-04-09,0.04,1.016
BNA,2014-04-10,0,0
BNA,2014-04-11,0,0
BNA,2014-04-12,0.6702,17.02308
BNA,2014-04-13,0,0
BNA,2014-04-14,0.3004,7.630159999999999
BNA,2014-04-15,0.8011,20.34794
BNA,2014-04-16,0,0
BNA,2014-04-17,0,0
BNA,2014-04-18,0,0
BNA,2014-04-19,0,0
BNA,2014-04-20,0,0
BNA,2014-04-21,0,0
BNA,2014-04-22,0.0204,0.51816
BNA,2014-04-23,0,0
BNA,2014-04-24,0,0
BNA,2014-04-25,0.8608,21.86432
BNA,2014-04-26,0,0
BNA,2014-04-27,0.04,1.016
BNA,2014-04-28,6.0306,153.17723999999998
BNA,2014-04-29,2.6702,67.82307999999999
BNA,2014-04-30,0.39,9.906
BNA,2014-05-01,0,0
BNA,2014-05-02,0,0
BNA,2014-05-03,0,0
BNA,2014-05-04,0,0
BNA,2014-05-05,0,0
BNA,2014-05-06,0,0
BNA,2014-05-07,0,0
BNA,2014-05-08,0,0
BNA,2014-05-09,0.0703,1.78562
BNA,2014-05-10,0.05,1.27
BNA,2014-05-11,0,0
BNA,2014-05-12,0,0
BNA,2014-05-13,0,0
BNA,2014-05-14,2.681,68.0974
BNA,2014-05-15,0.40049999999999997,10.172699999999999
BNA,2014-05-16,0.1504,3.82016
BNA,2014-05-17,0,0
BNA,2014-05-18,0,0
BNA,2014-05-19,0,0
BNA,2014-05-20,0,0
BNA,2014-05-21,0,0
BNA,2014-05-22,0,0
BNA,2014-05-23,0,0
BNA,2014-05-24,0,0
BNA,2014-05-25,0.23,5.842
BNA,2014-05-26,0.2802,7.11708
BNA,2014-05-27,0,0
BNA,2014-05-28,0.3201,8.13054
BNA,2014-05-29,1e-4,0.00254
BNA,2014-05-30,0,0
BNA,2014-05-31,5e-4,0.0127
BNA,2014-06-01,2e-4,0.00508
BNA,2014-06-02,0,0
BNA,2014-06-03,2e-4,0.00508
BNA,2014-06-04,0,0
BNA,2014-06-05,0.9006,22.875239999999998
BNA,2014-06-06,0,0
BNA,2014-06-07,3.0102,76.45908
BNA,2014-06-08,1.6603,42.17162
BNA,2014-06-09,0.32,8.128
BNA,2014-06-10,1.4809,37.61486
BNA,2014-06-11,0.0704,1.78816
BNA,2014-06-12,0,0
BNA,2014-06-13,0.5603,14.23162
BNA,2014-06-14,0,0
BNA,2014-06-15,0,0
BNA,2014-06-16,0,0
BNA,2014-06-17,0,0
BNA,2014-06-18,0,0
BNA,2014-06-19,0,0
BNA,2014-06-20,0.5203,13.21562
BNA,2014-06-21,2e-4,0.00508
BNA,2014-06-22,0,0
BNA,2014-06-23,2e-4,0.00508
BNA,2014-06-24,0.040100000000000004,1.01854
BNA,2014-06-25,0.040100000000000004,1.01854
BNA,2014-06-26,0,0
BNA,2014-06-27,0.9902000000000001,25.15108
BNA,2014-06-28,0.7902,20.07108
BNA,2014-06-29,0.1403,3.56362
BNA,2014-06-30,0.02,0.508
BNA,2014-07-01,0,0
BNA,2014-07-02,0.4302,10.92708
BNA,2014-07-03,0,0
BNA,2014-07-04,0,0
BNA,2014-07-05,0,0
BNA,2014-07-06,0,0
BNA,2014-07-07,0,0
BNA,2014-07-08,0.0101,0.25654
BNA,2014-07-09,0.050100000000000006,1.27254
BNA,2014-07-10,0,0
BNA,2014-07-11,0,0
BNA,2014-07-12,0,0
BNA,2014-07-13,0,0
BNA,2014-07-14,0.060000000000000005,1.524
BNA,2014-07-15,0.34,8.636000000000001
BNA,2014-07-16,0,0
BNA,2014-07-17,0,0
BNA,2014-07-18,0.1108,2.81432
BNA,2014-07-19,2.0803,52.83961999999999
BNA,2014-07-20,0,0
BNA,2014-07-21,0,0
BNA,2014-07-22,0,0
BNA,2014-07-23,0.0801,2.03454
BNA,2014-07-24,0,0
BNA,2014-07-25,0,0
BNA,2014-07-26,0,0
BNA,2014-07-27,0,0
BNA,2014-07-28,1.0401,26.41854
BNA,2014-07-29,0,0
BNA,2014-07-30,0,0
BNA,2014-07-31,0,0
BNA,2014-08-01,0,0
BNA,2014-08-02,0,0
BNA,2014-08-03,0,0
BNA,2014-08-04,0,0
BNA,2014-08-05,0,0
BNA,2014-08-06,0,0
BNA,2014-08-07,1e-4,0.00254
BNA,2014-08-08,1.1704999999999999,29.730699999999995
BNA,2014-08-09,1.96,49.784
BNA,2014-08-10,1.16,29.463999999999995
BNA,2014-08-11,0.0604,1.53416
BNA,2014-08-12,0.01,0.254
BNA,2014-08-13,0,0
BNA,2014-08-14,0,0
BNA,2014-08-15,0,0
BNA,2014-08-16,2e-4,0.00508
BNA,2014-08-17,1.8001,45.722539999999995
BNA,2014-08-18,0.3902,9.91108
BNA,2014-08-19,0.040100000000000004,1.01854
BNA,2014-08-20,1.3504,34.30016
BNA,2014-08-21,0.0103,0.26161999999999996
BNA,2014-08-22,0,0
BNA,2014-08-23,5e-4,0.0127
BNA,2014-08-24,0.0704,1.78816
BNA,2014-08-25,0,0
BNA,2014-08-26,0.0101,0.25654
BNA,2014-08-27,0,0
BNA,2014-08-28,0,0
BNA,2014-08-29,0,0
BNA,2014-08-30,1.8307,46.499779999999994
BNA,2014-08-31,1.3504,34.30016
BNA,2014-09-01,0,0
BNA,2014-09-02,0.1302,3.30708
BNA,2014-09-03,0.1004,2.55016
BNA,2014-09-04,0,0
BNA,2014-09-05,0,0
BNA,2014-09-06,1e-4,0.00254
BNA,2014-09-07,1e-4,0.00254
BNA,2014-09-08,0,0
BNA,2014-09-09,0,0
BNA,2014-09-10,0,0
BNA,2014-09-11,0.0305,0.7746999999999999
BNA,2014-09-12,0,0
BNA,2014-09-13,0,0
BNA,2014-09-14,0,0
BNA,2014-09-15,2e-4,0.00508
BNA,2014-09-16,3.0000000000000003e-4,0.00762
BNA,2014-09-17,0,0
BNA,2014-09-18,0,0
BNA,2014-09-19,0,0
BNA,2014-09-20,0,0
BNA,2014-09-21,0,0
BNA,2014-09-22,0,0
BNA,2014-09-23,0,0
BNA,2014-09-24,0,0
BNA,2014-09-25,0,0
BNA,2014-09-26,0,0
BNA,2014-09-27,0,0
BNA,2014-09-28,0,0
BNA,2014-09-29,0,0
BNA,2014-09-30,0,0
BNA,2014-10-01,0,0
BNA,2014-10-02,0,0
BNA,2014-10-03,0.6403,16.26362
BNA,2014-10-04,3.0000000000000003e-4,0.00762
BNA,2014-10-05,0,0
BNA,2014-10-06,0.2501,6.352539999999999
BNA,2014-10-07,1.2203000000000002,30.995620000000002
BNA,2014-10-08,1.8401,46.73854
BNA,2014-10-09,2e-4,0.00508
BNA,2014-10-10,4.3809000000000005,111.27486
BNA,2014-10-11,1.6201999999999999,41.153079999999996
BNA,2014-10-12,0.0501,1.27254
BNA,2014-10-13,1.5203,38.61562
BNA,2014-10-14,2.4308,61.74232
BNA,2014-10-15,0.1911,4.85394
BNA,2014-10-16,0.050300000000000004,1.27762
BNA,2014-10-17,0,0
BNA,2014-10-18,0,0
BNA,2014-10-19,0,0
BNA,2014-10-20,0,0
BNA,2014-10-21,0,0
BNA,2014-10-22,0,0
BNA,2014-10-23,0,0
BNA,2014-10-24,0,0
BNA,2014-10-25,0,0
BNA,2014-10-26,0,0
BNA,2014-10-27,0,0
BNA,2014-10-28,2e-4,0.00508
BNA,2014-10-29,0.8401,21.33854
BNA,2014-10-30,0,0
BNA,2014-10-31,0.0305,0.7746999999999999
BNA,2014-11-01,0,0
BNA,2014-11-02,0,0
BNA,2014-11-03,0,0
BNA,2014-11-04,0,0
BNA,2014-11-05,1.7001,43.182539999999996
BNA,2014-11-06,0.13,3.302
BNA,2014-11-07,0,0
BNA,2014-11-08,0,0
BNA,2014-11-09,0,0
BNA,2014-11-10,0,0
BNA,2014-11-11,0.0403,1.02362
BNA,2014-11-12,0.0502,1.27508
BNA,2014-11-13,4e-4,0.01016
BNA,2014-11-14,0,0
BNA,2014-11-15,0,0
BNA,2014-11-16,1.5201,38.61054
BNA,2014-11-17,0.9008,22.88032
BNA,2014-11-18,6.000000000000001e-4,0.01524
BNA,2014-11-19,0,0
BNA,2014-11-20,0,0
BNA,2014-11-21,0,0
BNA,2014-11-22,0,0
BNA,2014-11-23,0.9305,23.6347
BNA,2014-11-24,0.1504,3.82016
BNA,2014-11-25,0,0
BNA,2014-11-26,0.01,0.254
BNA,2014-11-27,0.0803,2.0396199999999998
BNA,2014-11-28,0,0
BNA,2014-11-29,0,0
BNA,2014-11-30,0,0
BNA,2014-12-01,0.2803,7.119619999999999
BNA,2014-12-02,0.19030000000000002,4.833620000000001
BNA,2014-12-03,0,0
BNA,2014-12-04,0.1505,3.8226999999999998
BNA,2014-12-05,0.1604,4.074159999999999
BNA,2014-12-06,1.191,30.2514
BNA,2014-12-07,0,0
BNA,2014-12-08,0,0
BNA,2014-12-09,0,0
BNA,2014-12-10,0,0
BNA,2014-12-11,0,0
BNA,2014-12-12,0,0
BNA,2014-12-13,0,0
BNA,2014-12-14,0,0
BNA,2014-12-15,0.0404,1.02616
BNA,2014-12-16,2e-4,0.00508
BNA,2014-12-17,0.03,0.7619999999999999
BNA,2014-12-18,0.1401,3.55854
BNA,2014-12-19,0,0
BNA,2014-12-20,1e-4,0.00254
BNA,2014-12-21,0,0
BNA,2014-12-22,4e-4,0.01016
BNA,2014-12-23,0.7902,20.07108
BNA,2014-12-24,0.5307000000000001,13.479780000000002
BNA,2014-12-25,5e-4,0.0127
BNA,2014-12-26,0,0
BNA,2014-12-27,0.6005,15.2527
BNA,2014-12-28,0.5105999999999999,12.969239999999997
BNA,2014-12-29,0.0502,1.27508
BNA,2014-12-30,0,0
BNA,2014-12-31,0,0
BNA,2015-01-01,0,0
BNA,2015-01-02,0.0012000000000000001,0.03048
BNA,2015-01-03,0.4803,12.19962
BNA,2015-01-04,0.4204,10.67816
BNA,2015-01-05,0,0
BNA,2015-01-06,0,0
BNA,2015-01-07,0.0012000000000000001,0.03048
BNA,2015-01-08,0,0
BNA,2015-01-09,0,0
BNA,2015-01-10,0,0
BNA,2015-01-11,0.0108,0.27432
BNA,2015-01-12,1.7509000000000001,44.47286
BNA,2015-01-13,1e-4,0.00254
BNA,2015-01-14,4e-4,0.01016
BNA,2015-01-15,0,0
BNA,2015-01-16,0,0
BNA,2015-01-17,0,0
BNA,2015-01-18,1e-4,0.00254
BNA,2015-01-19,0,0
BNA,2015-01-20,0,0
BNA,2015-01-21,0,0
BNA,2015-01-22,0,0
BNA,2015-01-23,0.5700000000000001,14.478000000000002
BNA,2015-01-24,0.181,4.5973999999999995
BNA,2015-01-25,0.0302,0.76708
BNA,2015-01-26,0.0604,1.53416
BNA,2015-01-27,3.0000000000000003e-4,0.00762
BNA,2015-01-28,0,0
BNA,2015-01-29,3.0000000000000003e-4,0.00762
BNA,2015-01-30,0,0
BNA,2015-01-31,0,0
BNA,2015-02-01,0.8903,22.613619999999997
BNA,2015-02-02,0.1414,3.59156
BNA,2015-02-03,0,0
BNA,2015-02-04,0,0
BNA,2015-02-05,0,0
BNA,2015-02-06,0,0
BNA,2015-02-07,0,0
BNA,2015-02-08,0,0
BNA,2015-02-09,0,0
BNA,2015-02-10,3.0000000000000003e-4,0.00762
BNA,2015-02-11,0,0
BNA,2015-02-12,6.000000000000001e-4,0.01524
BNA,2015-02-13,0,0
BNA,2015-02-14,0,0
BNA,2015-02-15,0,0
BNA,2015-02-16,2.3405,59.448699999999995
BNA,2015-02-17,0.0012000000000000001,0.03048
BNA,2015-02-18,0.011300000000000001,0.28702
BNA,2015-02-19,0,0
BNA,2015-02-20,0.1005,2.5527
BNA,2015-02-21,4.1805,106.1847
BNA,2015-02-22,0.14,3.556
BNA,2015-02-23,0,0
BNA,2015-02-24,0,0
BNA,2015-02-25,0,0
BNA,2015-02-26,0.0614,1.55956
BNA,2015-02-27,0,0
BNA,2015-02-28,0,0
BNA,2015-03-01,0.3002,7.6250800000000005
BNA,2015-03-02,0.14100000000000001,3.5814000000000004
BNA,2015-03-03,0.03,0.7619999999999999
BNA,2015-03-04,2.7203,69.09562
BNA,2015-03-05,0.6518,16.55572
BNA,2015-03-06,0,0
BNA,2015-03-07,0,0
BNA,2015-03-08,0,0
BNA,2015-03-09,5e-4,0.0127
BNA,2015-03-10,0.8106,20.58924
BNA,2015-03-11,0.3007,7.63778
BNA,2015-03-12,2e-4,0.00508
BNA,2015-03-13,0.6606000000000001,16.77924
BNA,2015-03-14,0.5305,13.474699999999999
BNA,2015-03-15,3.0000000000000003e-4,0.00762
BNA,2015-03-16,0,0
BNA,2015-03-17,0,0
BNA,2015-03-18,0,0
BNA,2015-03-19,0.0805,2.0446999999999997
BNA,2015-03-20,0.0504,1.28016
BNA,2015-03-21,0,0
BNA,2015-03-22,0,0
BNA,2015-03-23,0,0
BNA,2015-03-24,0,0
BNA,2015-03-25,0,0
BNA,2015-03-26,0.24029999999999999,6.103619999999999
BNA,2015-03-27,0.0407,1.03378
BNA,2015-03-28,0,0
BNA,2015-03-29,0,0
BNA,2015-03-30,0.0303,0.76962
BNA,2015-03-31,0,0
BNA,2015-04-01,0,0
BNA,2015-04-02,6.000000000000001e-4,0.01524
BNA,2015-04-03,1.6503,41.91762
BNA,2015-04-04,1e-4,0.00254
BNA,2015-04-05,0,0
BNA,2015-04-06,0.8502000000000001,21.59508
BNA,2015-04-07,0.0601,1.52654
BNA,2015-04-08,0,0
BNA,2015-04-09,0,0
BNA,2015-04-10,1.9607,49.80178
BNA,2015-04-11,0,0
BNA,2015-04-12,0,0
BNA,2015-04-13,0.3601,9.146539999999998
BNA,2015-04-14,1.9304999999999999,49.034699999999994
BNA,2015-04-15,0.1312,3.33248
BNA,2015-04-16,3.0007,76.21778
BNA,2015-04-17,0,0
BNA,2015-04-18,0.79,20.066
BNA,2015-04-19,1.8307,46.499779999999994
BNA,2015-04-20,0.7703,19.56562
BNA,2015-04-21,0,0
BNA,2015-04-22,4e-4,0.01016
BNA,2015-04-23,0,0
BNA,2015-04-24,1e-4,0.00254
BNA,2015-04-25,0.0905,2.2986999999999997
BNA,2015-04-26,0.1003,2.5476199999999998
BNA,2015-04-27,0,0
BNA,2015-04-28,0,0
BNA,2015-04-29,0,0
BNA,2015-04-30,1e-4,0.00254
BNA,2015-05-01,0,0
BNA,2015-05-02,0,0
BNA,2015-05-03,0,0
BNA,2015-05-04,0,0
BNA,2015-05-05,0,0
BNA,2015-05-06,0,0
BNA,2015-05-07,0,0
BNA,2015-05-08,0,0
BNA,2015-05-09,0,0
BNA,2015-05-10,2e-4,0.00508
BNA,2015-05-11,0,0
BNA,2015-05-12,0,0
BNA,2015-05-13,0,0
BNA,2015-05-14,0,0
BNA,2015-05-15,0.63,16.002
BNA,2015-05-16,0.1004,2.55016
BNA,2015-05-17,1.0002,25.405079999999998
BNA,2015-05-18,5e-4,0.0127
BNA,2015-05-19,0,0
BNA,2015-05-20,3.0000000000000003e-4,0.00762
BNA,2015-05-21,1.3609,34.56686
BNA,2015-05-22,0,0
BNA,2015-05-23,0,0
BNA,2015-05-24,0,0
BNA,2015-05-25,0.9802000000000001,24.89708
BNA,2015-05-26,1.3206,33.54324
BNA,2015-05-27,0.1904,4.8361600000000005
BNA,2015-05-28,0.0204,0.51816
BNA,2015-05-29,0.0602,1.5290799999999998
BNA,2015-05-30,0.9005,22.8727
BNA,2015-05-31,0.3202,8.13308
BNA,2015-06-01,2.4009,60.982859999999995
BNA,2015-06-02,0.0104,0.26415999999999995
BNA,2015-06-03,0,0
BNA,2015-06-04,0,0
BNA,2015-06-05,0,0
BNA,2015-06-06,0,0
BNA,2015-06-07,0,0
BNA,2015-06-08,2.5102,63.759080000000004
BNA,2015-06-09,0,0
BNA,2015-06-10,0,0
BNA,2015-06-11,0,0
BNA,2015-06-12,0.0302,0.76708
BNA,2015-06-13,0,0
BNA,2015-06-14,0,0
BNA,2015-06-15,0,0
BNA,2015-06-16,0,0
BNA,2015-06-17,0,0
BNA,2015-06-18,0.0301,0.7645399999999999
BNA,2015-06-19,1.0002,25.405079999999998
BNA,2015-06-20,0.3304,8.39216
BNA,2015-06-21,0,0
BNA,2015-06-22,0,0
BNA,2015-06-23,0,0
BNA,2015-06-24,0.2202,5.59308
BNA,2015-06-25,0,0
BNA,2015-06-26,0,0
BNA,2015-06-27,0.3004,7.630159999999999
BNA,2015-06-28,0,0
BNA,2015-06-29,0.02,0.508
BNA,2015-06-30,0.8200000000000001,20.828
BNA,2015-07-01,0.5103,12.961619999999998
BNA,2015-07-02,2.3204000000000002,58.93816
BNA,2015-07-03,0.66,16.764
BNA,2015-07-04,0.8902,22.611079999999998
BNA,2015-07-05,0.8807,22.36978
BNA,2015-07-06,0,0
BNA,2015-07-07,0.4601,11.686539999999999
BNA,2015-07-08,1.1207,28.46578
BNA,2015-07-09,0,0
BNA,2015-07-10,0,0
BNA,2015-07-11,0.1403,3.56362
BNA,2015-07-12,0.0201,0.51054
BNA,2015-07-13,0,0
BNA,2015-07-14,2e-4,0.00508
BNA,2015-07-15,0.0701,1.7805399999999998
BNA,2015-07-16,0,0
BNA,2015-07-17,0,0
BNA,2015-07-18,0,0
BNA,2015-07-19,0,0
BNA,2015-07-20,0,0
BNA,2015-07-21,0,0
BNA,2015-07-22,0.6201,15.750539999999999
BNA,2015-07-23,0.5103,12.961619999999998
BNA,2015-07-24,0,0
BNA,2015-07-25,0,0
BNA,2015-07-26,0,0
BNA,2015-07-27,0,0
BNA,2015-07-28,3.0702000000000003,77.98308
BNA,2015-07-29,0.030100000000000002,0.76454
BNA,2015-07-30,0,0
BNA,2015-07-31,0,0
BNA,2015-08-01,0,0
BNA,2015-08-02,0,0
BNA,2015-08-03,0.98,24.892
BNA,2015-08-04,0,0
BNA,2015-08-05,0.07010000000000001,1.7805400000000002
BNA,2015-08-06,1.7702,44.96308
BNA,2015-08-07,0,0
BNA,2015-08-08,0,0
BNA,2015-08-09,0,0
BNA,2015-08-10,1e-4,0.00254
BNA,2015-08-11,0,0
BNA,2015-08-12,0,0
BNA,2015-08-13,0,0
BNA,2015-08-14,0.2801,7.11454
BNA,2015-08-15,1e-4,0.00254
BNA,2015-08-16,0.7304,18.55216
BNA,2015-08-17,0.5205,13.220699999999999
BNA,2015-08-18,0,0
BNA,2015-08-19,1.2103,30.741619999999998
BNA,2015-08-20,0.1603,4.071619999999999
BNA,2015-08-21,0,0
BNA,2015-08-22,0,0
BNA,2015-08-23,0.0204,0.51816
BNA,2015-08-24,0,0
BNA,2015-08-25,0,0
BNA,2015-08-26,0,0
BNA,2015-08-27,0,0
BNA,2015-08-28,0,0
BNA,2015-08-29,0.10010000000000001,2.5425400000000002
BNA,2015-08-30,0,0
BNA,2015-08-31,0,0
BNA,2015-09-01,0,0
BNA,2015-09-02,0,0
BNA,2015-09-03,0,0
BNA,2015-09-04,0,0
BNA,2015-09-05,2e-4,0.00508
BNA,2015-09-06,0,0
BNA,2015-09-07,0,0
BNA,2015-09-08,0,0
BNA,2015-09-09,0.2801,7.11454
BNA,2015-09-10,0.4309,10.94486
BNA,2015-09-11,1.87,47.498
BNA,2015-09-12,0,0
BNA,2015-09-13,0,0
BNA,2015-09-14,0,0
BNA,2015-09-15,0,0
BNA,2015-09-16,0,0
BNA,2015-09-17,0,0
BNA,2015-09-18,0,0
BNA,2015-09-19,0,0
BNA,2015-09-20,0,0
BNA,2015-09-21,0,0
BNA,2015-09-22,0,0
BNA,2015-09-23,0,0
BNA,2015-09-24,0,0
BNA,2015-09-25,0.1603,4.071619999999999
BNA,2015-09-26,0.6502,16.515079999999998
BNA,2015-09-27,0.4602,11.689079999999999
BNA,2015-09-28,2e-4,0.00508
BNA,2015-09-29,0.2804,7.122159999999999
BNA,2015-09-30,0.030600000000000002,0.77724
BNA,2015-10-01,0.0411,1.0439399999999999
BNA,2015-10-02,0.7109,18.056859999999997
BNA,2015-10-03,0.0404,1.02616
BNA,2015-10-04,0.0403,1.02362
BNA,2015-10-05,0,0
BNA,2015-10-06,0,0
BNA,2015-10-07,0,0
BNA,2015-10-08,0,0
BNA,2015-10-09,0.7201000000000001,18.29054
BNA,2015-10-10,0.2107,5.35178
BNA,2015-10-11,0,0
BNA,2015-10-12,0,0
BNA,2015-10-13,0.3702,9.40308
BNA,2015-10-14,0,0
BNA,2015-10-15,0,0
BNA,2015-10-16,1e-4,0.00254
BNA,2015-10-17,0,0
BNA,2015-10-18,0,0
BNA,2015-10-19,0,0
BNA,2015-10-20,0,0
BNA,2015-10-21,0,0
BNA,2015-10-22,0,0
BNA,2015-10-23,0,0
BNA,2015-10-24,0.0307,0.77978
BNA,2015-10-25,0.0803,2.0396199999999998
BNA,2015-10-26,0.6005,15.2527
BNA,2015-10-27,2.5903,65.79362
BNA,2015-10-28,0.5508,13.990319999999999
BNA,2015-10-29,1e-4,0.00254
BNA,2015-10-30,0,0
BNA,2015-10-31,0.1303,3.30962
BNA,2015-11-01,0.0103,0.26161999999999996
BNA,2015-11-02,0.0413,1.04902
BNA,2015-11-03,0,0
BNA,2015-11-04,0,0
BNA,2015-11-05,0,0
BNA,2015-11-06,0.4807,12.20978
BNA,2015-11-07,0,0
BNA,2015-11-08,0,0
BNA,2015-11-09,0.1813,4.60502
BNA,2015-11-10,0.0014,0.035559999999999994
BNA,2015-11-11,0,0
BNA,2015-11-12,0.1302,3.30708
BNA,2015-11-13,0,0
BNA,2015-11-14,0,0
BNA,2015-11-15,0,0
BNA,2015-11-16,0.020300000000000002,0.5156200000000001
BNA,2015-11-17,0,0
BNA,2015-11-18,2.3902,60.71108
BNA,2015-11-19,0,0
BNA,2015-11-20,0,0
BNA,2015-11-21,0.0205,0.5206999999999999
BNA,2015-11-22,1e-4,0.00254
BNA,2015-11-23,0,0
BNA,2015-11-24,0,0
BNA,2015-11-25,0,0
BNA,2015-11-26,0,0
BNA,2015-11-27,0,0
BNA,2015-11-28,0.2004,5.09016
BNA,2015-11-29,2.3809,60.47486
BNA,2015-11-30,1.6606,42.17924
BNA,2015-12-01,1.7904,45.47616
BNA,2015-12-02,0,0
BNA,2015-12-03,0,0
BNA,2015-12-04,0,0
BNA,2015-12-05,0,0
BNA,2015-12-06,0,0
BNA,2015-12-07,0,0
BNA,2015-12-08,0,0
BNA,2015-12-09,0,0
BNA,2015-12-10,0,0
BNA,2015-12-11,0,0
BNA,2015-12-12,0,0
BNA,2015-12-13,0,0
BNA,2015-12-14,0.8502000000000001,21.59508
BNA,2015-12-15,0,0
BNA,2015-12-16,1e-4,0.00254
BNA,2015-12-17,0.0404,1.02616
BNA,2015-12-18,0,0
BNA,2015-12-19,0,0
BNA,2015-12-20,0,0
BNA,2015-12-21,0.1905,4.8387
BNA,2015-12-22,1.9402,49.281079999999996
BNA,2015-12-23,5e-4,0.0127
BNA,2015-12-24,0.0702,1.7830799999999998
BNA,2015-12-25,2.3607,59.96178
BNA,2015-12-26,1.6005,40.652699999999996
BNA,2015-12-27,0,0
BNA,2015-12-28,1.7702000000000002,44.963080000000005
BNA,2015-12-29,0,0
BNA,2015-12-30,0,0
BNA,2015-12-31,0,0
BNA,2016-01-01,0,0
BNA,2016-01-02,0,0
BNA,2016-01-03,0,0
BNA,2016-01-04,0,0
BNA,2016-01-05,0,0
BNA,2016-01-06,0,0
BNA,2016-01-07,0,0
BNA,2016-01-08,0.0302,0.76708
BNA,2016-01-09,1e-4,0.00254
BNA,2016-01-10,0.36110000000000003,9.171940000000001
BNA,2016-01-11,0,0
BNA,2016-01-12,0,0
BNA,2016-01-13,0,0
BNA,2016-01-14,0,0
BNA,2016-01-15,0.4801,12.19454
BNA,2016-01-16,2e-4,0.00508
BNA,2016-01-17,0,0
BNA,2016-01-18,0,0
BNA,2016-01-19,0,0
BNA,2016-01-20,0.4003,10.16762
BNA,2016-01-21,0,0
BNA,2016-01-22,1.7208,43.70832
BNA,2016-01-23,0.001,0.0254
BNA,2016-01-24,0,0
BNA,2016-01-25,0,0
BNA,2016-01-26,0.1105,2.8066999999999998
BNA,2016-01-27,0,0
BNA,2016-01-28,0,0
BNA,2016-01-29,0,0
BNA,2016-01-30,0,0
BNA,2016-01-31,0,0
BNA,2016-02-01,0.2807,7.129779999999999
BNA,2016-02-02,0.1302,3.30708
BNA,2016-02-03,1.4,35.559999999999995
BNA,2016-02-04,0,0
BNA,2016-02-05,0,0
BNA,2016-02-06,0,0
BNA,2016-02-07,0,0
BNA,2016-02-08,0.0012000000000000001,0.03048
BNA,2016-02-09,0.1634,4.150359999999999
BNA,2016-02-10,0.0318,0.80772
BNA,2016-02-11,0.0603,1.53162
BNA,2016-02-12,4e-4,0.01016
BNA,2016-02-13,0,0
BNA,2016-02-14,0.0208,0.5283199999999999
BNA,2016-02-15,1.5204,38.618159999999996
BNA,2016-02-16,1.2104,30.744159999999997
BNA,2016-02-17,0,0
BNA,2016-02-18,0,0
BNA,2016-02-19,0,0
BNA,2016-02-20,0,0
BNA,2016-02-21,0.0206,0.5232399999999999
BNA,2016-02-22,0,0
BNA,2016-02-23,0.1405,3.5687
BNA,2016-02-24,1.7309,43.96486
BNA,2016-02-25,0.0912,2.31648
BNA,2016-02-26,8e-4,0.02032
BNA,2016-02-27,0,0
BNA,2016-02-28,0,0
BNA,2016-02-29,1e-4,0.00254
BNA,2016-03-01,1.6704,42.42816
BNA,2016-03-02,0,0
BNA,2016-03-03,0.4602,11.689079999999999
BNA,2016-03-04,3.0000000000000003e-4,0.00762
BNA,2016-03-05,1e-4,0.00254
BNA,2016-03-06,0,0
BNA,2016-03-07,0,0
BNA,2016-03-08,0,0
BNA,2016-03-09,0,0
BNA,2016-03-10,1.7504,44.460159999999995
BNA,2016-03-11,0.2906,7.38124
BNA,2016-03-12,0.06,1.5239999999999998
BNA,2016-03-13,1.6504,41.92016
BNA,2016-03-14,3.0000000000000003e-4,0.00762
BNA,2016-03-15,0,0
BNA,2016-03-16,1e-4,0.00254
BNA,2016-03-17,0,0
BNA,2016-03-18,0,0
BNA,2016-03-19,3.0000000000000003e-4,0.00762
BNA,2016-03-20,0.0102,0.25908
BNA,2016-03-21,0,0
BNA,2016-03-22,0,0
BNA,2016-03-23,0,0
BNA,2016-03-24,2.5004,63.51015999999999
BNA,2016-03-25,0,0
BNA,2016-03-26,0,0
BNA,2016-03-27,0.050300000000000004,1.27762
BNA,2016-03-28,0.23049999999999998,5.854699999999999
BNA,2016-03-29,0,0
BNA,2016-03-30,0,0
BNA,2016-03-31,1.1005,27.9527
BNA,2016-04-01,0.12,3.0479999999999996
BNA,2016-04-02,0,0
BNA,2016-04-03,0,0
BNA,2016-04-04,0,0
BNA,2016-04-05,0,0
BNA,2016-04-06,0.31020000000000003,7.87908
BNA,2016-04-07,4e-4,0.01016
BNA,2016-04-08,0.0405,1.0287
BNA,2016-04-09,0,0
BNA,2016-04-10,0.0403,1.02362
BNA,2016-04-11,7e-4,0.017779999999999997
BNA,2016-04-12,0.0201,0.51054
BNA,2016-04-13,0,0
BNA,2016-04-14,0.0101,0.25654
BNA,2016-04-15,2e-4,0.00508
BNA,2016-04-16,0,0
BNA,2016-04-17,0,0
BNA,2016-04-18,0,0
BNA,2016-04-19,0,0
BNA,2016-04-20,0,0
BNA,2016-04-21,0.6201,15.750539999999999
BNA,2016-04-22,0,0
BNA,2016-04-23,0,0
BNA,2016-04-24,0,0
BNA,2016-04-25,0,0
BNA,2016-04-26,0,0
BNA,2016-04-27,0.4301,10.924539999999999
BNA,2016-04-28,1e-4,0.00254
BNA,2016-04-29,1e-4,0.00254
BNA,2016-04-30,0.17049999999999998,4.330699999999999
BNA,2016-05-01,6.000000000000001e-4,0.01524
BNA,2016-05-02,0.7405,18.8087
BNA,2016-05-03,4e-4,0.01016
BNA,2016-05-04,0.07010000000000001,1.7805400000000002
BNA,2016-05-05,0,0
BNA,2016-05-06,0,0
BNA,2016-05-07,0,0
BNA,2016-05-08,0,0
BNA,2016-05-09,0,0
BNA,2016-05-10,0.0803,2.0396199999999998
BNA,2016-05-11,0.03,0.7619999999999999
BNA,2016-05-12,0.1202,3.05308
BNA,2016-05-13,0,0
BNA,2016-05-14,3.0000000000000003e-4,0.00762
BNA,2016-05-15,0,0
BNA,2016-05-16,0,0
BNA,2016-05-17,0.1707,4.33578
BNA,2016-05-18,0,0
BNA,2016-05-19,0,0
BNA,2016-05-20,3.8602,98.04907999999999
BNA,2016-05-21,0,0
BNA,2016-05-22,0,0
BNA,2016-05-23,0,0
BNA,2016-05-24,0,0
BNA,2016-05-25,2e-4,0.00508
BNA,2016-05-26,0.6901999999999999,17.531079999999996
BNA,2016-05-27,2e-4,0.00508
BNA,2016-05-28,0,0
BNA,2016-05-29,0,0
BNA,2016-05-30,0,0
BNA,2016-05-31,0,0
BNA,2016-06-01,0.08,2.032
BNA,2016-06-02,0.2601,6.60654
BNA,2016-06-03,0.01,0.254
BNA,2016-06-04,1.3106,33.28924
BNA,2016-06-05,0.16040000000000001,4.07416
BNA,2016-06-06,0,0
BNA,2016-06-07,0,0
BNA,2016-06-08,0,0
BNA,2016-06-09,0,0
BNA,2016-06-10,0,0
BNA,2016-06-11,0,0
BNA,2016-06-12,0,0
BNA,2016-06-13,0.0803,2.0396199999999998
BNA,2016-06-14,0.16999999999999998,4.318
BNA,2016-06-15,0.5404,13.726159999999998
BNA,2016-06-16,0,0
BNA,2016-06-17,0,0
BNA,2016-06-18,1e-4,0.00254
BNA,2016-06-19,0,0
BNA,2016-06-20,0,0
BNA,2016-06-21,0,0
BNA,2016-06-22,0,0
BNA,2016-06-23,0,0
BNA,2016-06-24,2.6201,66.55054
BNA,2016-06-25,0,0
BNA,2016-06-26,0,0
BNA,2016-06-27,0.0808,2.05232
BNA,2016-06-28,1.03,26.162
BNA,2016-06-29,0,0
BNA,2016-06-30,0,0
BNA,2016-07-01,0.0103,0.26161999999999996
BNA,2016-07-02,0,0
BNA,2016-07-03,0,0
BNA,2016-07-04,0.9801,24.89454
BNA,2016-07-05,3.2003999999999997,81.29015999999999
BNA,2016-07-06,2.1803,55.379619999999996
BNA,2016-07-07,3.9506,100.34524
BNA,2016-07-08,0,0
BNA,2016-07-09,0.24000000000000002,6.096
BNA,2016-07-10,0,0
BNA,2016-07-11,0.07,1.778
BNA,2016-07-12,0,0
BNA,2016-07-13,0,0
BNA,2016-07-14,0.25,6.35
BNA,2016-07-15,0,0
BNA,2016-07-16,3.0000000000000003e-4,0.00762
BNA,2016-07-17,0,0
BNA,2016-07-18,0,0
BNA,2016-07-19,2e-4,0.00508
BNA,2016-07-20,0,0
BNA,2016-07-21,0,0
BNA,2016-07-22,0,0
BNA,2016-07-23,0,0
BNA,2016-07-24,0,0
BNA,2016-07-25,5e-4,0.0127
BNA,2016-07-26,0.16,4.064
BNA,2016-07-27,0.05,1.27
BNA,2016-07-28,1.4104999999999999,35.826699999999995
BNA,2016-07-29,1e-4,0.00254
BNA,2016-07-30,0,0
BNA,2016-07-31,0.38,9.652
BNA,2016-08-01,0,0
BNA,2016-08-02,0.1201,3.05054
BNA,2016-08-03,1.6901,42.92854
BNA,2016-08-04,0,0
BNA,2016-08-05,2.4102,61.21908
BNA,2016-08-06,0.0801,2.03454
BNA,2016-08-07,2e-4,0.00508
BNA,2016-08-08,0,0
BNA,2016-08-09,2.2405,56.908699999999996
BNA,2016-08-10,0,0
BNA,2016-08-11,1e-4,0.00254
BNA,2016-08-12,0,0
BNA,2016-08-13,0,0
BNA,2016-08-14,1e-4,0.00254
BNA,2016-08-15,0.1403,3.56362
BNA,2016-08-16,0.17020000000000002,4.32308
BNA,2016-08-17,0,0
BNA,2016-08-18,0.1202,3.05308
BNA,2016-08-19,0.8509,21.612859999999998
BNA,2016-08-20,1.4808,37.61232
BNA,2016-08-21,1.5613000000000001,39.65702
BNA,2016-08-22,0,0
BNA,2016-08-23,0,0
BNA,2016-08-24,0,0
BNA,2016-08-25,1.25,31.75
BNA,2016-08-26,0,0
BNA,2016-08-27,2.45,62.230000000000004
BNA,2016-08-28,0,0
BNA,2016-08-29,0,0
BNA,2016-08-30,0,0
BNA,2016-08-31,0,0
BNA,2016-09-01,0,0
BNA,2016-09-02,0,0
BNA,2016-09-03,0,0
BNA,2016-09-04,0,0
BNA,2016-09-05,0,0
BNA,2016-09-06,0,0
BNA,2016-09-07,0,0
BNA,2016-09-08,0,0
BNA,2016-09-09,0,0
BNA,2016-09-10,0.6803,17.279619999999998
BNA,2016-09-11,0,0
BNA,2016-09-12,0,0
BNA,2016-09-13,0,0
BNA,2016-09-14,0,0
BNA,2016-09-15,0,0
BNA,2016-09-16,0,0
BNA,2016-09-17,1.7302,43.94708
BNA,2016-09-18,0.4702,11.94308
BNA,2016-09-19,0,0
BNA,2016-09-20,0,0
BNA,2016-09-21,0,0
BNA,2016-09-22,0,0
BNA,2016-09-23,0,0
BNA,2016-09-24,0,0
BNA,2016-09-25,0,0
BNA,2016-09-26,0.1003,2.5476199999999998
BNA,2016-09-27,0,0
BNA,2016-09-28,1e-4,0.00254
BNA,2016-09-29,0.0404,1.02616
BNA,2016-09-30,0.1402,3.5610799999999996
BNA,2016-10-01,0,0
BNA,2016-10-02,0,0
BNA,2016-10-03,0,0
BNA,2016-10-04,0,0
BNA,2016-10-05,0,0
BNA,2016-10-06,0,0
BNA,2016-10-07,0,0
BNA,2016-10-08,0,0
BNA,2016-10-09,0,0
BNA,2016-10-10,0,0
BNA,2016-10-11,0,0
BNA,2016-10-12,0,0
BNA,2016-10-13,0,0
BNA,2016-10-14,0.0704,1.78816
BNA,2016-10-15,0,0
BNA,2016-10-16,0,0
BNA,2016-10-17,0,0
BNA,2016-10-18,0,0
BNA,2016-10-19,0,0
BNA,2016-10-20,0.37020000000000003,9.403080000000001
BNA,2016-10-21,0.020900000000000002,0.53086
BNA,2016-10-22,0,0
BNA,2016-10-23,0,0
BNA,2016-10-24,0,0
BNA,2016-10-25,0,0
BNA,2016-10-26,0,0
BNA,2016-10-27,3.0000000000000003e-4,0.00762
BNA,2016-10-28,0,0
BNA,2016-10-29,0,0
BNA,2016-10-30,0,0
BNA,2016-10-31,0,0
BNA,2016-11-01,0,0
BNA,2016-11-02,0,0
BNA,2016-11-03,0,0
BNA,2016-11-04,0,0
BNA,2016-11-05,0,0
BNA,2016-11-06,0,0
BNA,2016-11-07,0,0
BNA,2016-11-08,0,0
BNA,2016-11-09,0.0103,0.26161999999999996
BNA,2016-11-10,0,0
BNA,2016-11-11,0,0
BNA,2016-11-12,0,0
BNA,2016-11-13,0,0
BNA,2016-11-14,0,0
BNA,2016-11-15,1e-4,0.00254
BNA,2016-11-16,0,0
BNA,2016-11-17,0,0
BNA,2016-11-18,0,0
BNA,2016-11-19,0.42010000000000003,10.67054
BNA,2016-11-20,0,0
BNA,2016-11-21,0,0
BNA,2016-11-22,0,0
BNA,2016-11-23,0.0103,0.26161999999999996
BNA,2016-11-24,0,0
BNA,2016-11-25,0,0
BNA,2016-11-26,0,0
BNA,2016-11-27,2e-4,0.00508
BNA,2016-11-28,0.1206,3.06324
BNA,2016-11-29,1.4301000000000001,36.32454
BNA,2016-11-30,1.1702,29.723079999999996
BNA,2016-12-01,0,0
BNA,2016-12-02,0,0
BNA,2016-12-03,1e-4,0.00254
BNA,2016-12-04,0.5212,13.23848
BNA,2016-12-05,0.0501,1.27254
BNA,2016-12-06,1.2812999999999999,32.545019999999994
BNA,2016-12-07,0,0
BNA,2016-12-08,0,0
BNA,2016-12-09,0,0
BNA,2016-12-10,0,0
BNA,2016-12-11,2e-4,0.00508
BNA,2016-12-12,2.7104,68.84415999999999
BNA,2016-12-13,0.1906,4.841239999999999
BNA,2016-12-14,0,0
BNA,2016-12-15,0,0
BNA,2016-12-16,0,0
BNA,2016-12-17,0.0107,0.27177999999999997
BNA,2016-12-18,3.2908,83.58632
BNA,2016-12-19,0,0
BNA,2016-12-20,3.0000000000000003e-4,0.00762
BNA,2016-12-21,0,0
BNA,2016-12-22,0,0
BNA,2016-12-23,0,0
BNA,2016-12-24,4.1505,105.42269999999999
BNA,2016-12-25,0.16060000000000002,4.07924
BNA,2016-12-26,0,0
BNA,2016-12-27,1.5008000000000001,38.12032
BNA,2016-12-28,1e-4,0.00254
BNA,2016-12-29,0.25020000000000003,6.35508
BNA,2016-12-30,0,0
BNA,2016-12-31,0.2406,6.11124
BNA,2017-01-01,0.191,4.8514
BNA,2017-01-02,0.0307,0.77978
BNA,2017-01-03,1.7614,44.73956
BNA,2017-01-04,4e-4,0.01016
BNA,2017-01-05,0,0
BNA,2017-01-06,0.1118,2.83972
BNA,2017-01-07,0,0
BNA,2017-01-08,0,0
BNA,2017-01-09,0,0
BNA,2017-01-10,4e-4,0.01016
BNA,2017-01-11,0.5211,13.23594
BNA,2017-01-12,4e-4,0.01016
BNA,2017-01-13,0.0613,1.5570199999999998
BNA,2017-01-14,6.000000000000001e-4,0.01524
BNA,2017-01-15,0.0703,1.78562
BNA,2017-01-16,0,0
BNA,2017-01-17,1.3505,34.3027
BNA,2017-01-18,0,0
BNA,2017-01-19,1.2505,31.762699999999995
BNA,2017-01-20,1.1801,29.974539999999998
BNA,2017-01-21,0,0
BNA,2017-01-22,0.0402,1.02108
BNA,2017-01-23,0.0303,0.76962
BNA,2017-01-24,0,0
BNA,2017-01-25,3.0000000000000003e-4,0.00762
BNA,2017-01-26,0,0
BNA,2017-01-27,0,0
BNA,2017-01-28,0,0
BNA,2017-01-29,0.1307,3.31978
BNA,2017-01-30,3.0000000000000003e-4,0.00762
BNA,2017-01-31,0,0
BNA,2017-02-01,0,0
BNA,2017-02-02,3.0000000000000003e-4,0.00762
BNA,2017-02-03,0,0
BNA,2017-02-04,0,0
BNA,2017-02-05,2e-4,0.00508
BNA,2017-02-06,0.6900999999999999,17.528539999999996
BNA,2017-02-07,0.32020000000000004,8.133080000000001
BNA,2017-02-08,0.32,8.128
BNA,2017-02-09,1e-4,0.00254
BNA,2017-02-10,0,0
BNA,2017-02-11,4e-4,0.01016
BNA,2017-02-12,1e-4,0.00254
BNA,2017-02-13,0,0
BNA,2017-02-14,0.0606,1.53924
BNA,2017-02-15,1.02,25.907999999999998
BNA,2017-02-16,0,0
BNA,2017-02-17,0,0
BNA,2017-02-18,0.0605,1.5367
BNA,2017-02-19,0,0
BNA,2017-02-20,0,0
BNA,2017-02-21,3.0000000000000003e-4,0.00762
BNA,2017-02-22,0.0608,1.54432
BNA,2017-02-23,0,0
BNA,2017-02-24,0,0
BNA,2017-02-25,0,0
BNA,2017-02-26,0,0
BNA,2017-02-27,0.0103,0.26161999999999996
BNA,2017-02-28,0.2405,6.1087
BNA,2017-03-01,2.8003,71.12762
BNA,2017-03-02,0,0
BNA,2017-03-03,0,0
BNA,2017-03-04,0,0
BNA,2017-03-05,0,0
BNA,2017-03-06,1e-4,0.00254
BNA,2017-03-07,1.3609,34.56686
BNA,2017-03-08,0,0
BNA,2017-03-09,0,0
BNA,2017-03-10,3.1202,79.25308
BNA,2017-03-11,0.3306,8.39724
BNA,2017-03-12,0,0
BNA,2017-03-13,0.08,2.032
BNA,2017-03-14,0.0103,0.26161999999999996
BNA,2017-03-15,0,0
BNA,2017-03-16,0,0
BNA,2017-03-17,0.0306,0.7772399999999999
BNA,2017-03-18,0.8905,22.618699999999997
BNA,2017-03-19,0,0
BNA,2017-03-20,0,0
BNA,2017-03-21,0.9702,24.643079999999998
BNA,2017-03-22,2e-4,0.00508
BNA,2017-03-23,1e-4,0.00254
BNA,2017-03-24,0,0
BNA,2017-03-25,0.0402,1.02108
BNA,2017-03-26,0.1705,4.3307
BNA,2017-03-27,0.1102,2.79908
BNA,2017-03-28,0.2802,7.11708
BNA,2017-03-29,0,0
BNA,2017-03-30,0.01,0.254
BNA,2017-03-31,0.14020000000000002,3.5610800000000005
BNA,2017-04-01,0,0
BNA,2017-04-02,0,0
BNA,2017-04-03,0.2308,5.8623199999999995
BNA,2017-04-04,1e-4,0.00254
BNA,2017-04-05,0,0
BNA,2017-04-06,0.011600000000000001,0.29464
BNA,2017-04-07,0,0
BNA,2017-04-08,0,0
BNA,2017-04-09,0,0
BNA,2017-04-10,0,0
BNA,2017-04-11,0.0201,0.51054
BNA,2017-04-12,0.2801,7.11454
BNA,2017-04-13,0,0
BNA,2017-04-14,0,0
BNA,2017-04-15,0,0
BNA,2017-04-16,2e-4,0.00508
BNA,2017-04-17,0.7703,19.56562
BNA,2017-04-18,3.9903,101.35361999999999
BNA,2017-04-19,0.56,14.224
BNA,2017-04-20,0.08,2.032
BNA,2017-04-21,1.1805,29.9847
BNA,2017-04-22,6.301,160.0454
BNA,2017-04-23,1.141,28.981399999999997
BNA,2017-04-24,0.5,12.7
BNA,2017-04-25,0,0
BNA,2017-04-26,0,0
BNA,2017-04-27,0.5404,13.726159999999998
BNA,2017-04-28,0.0101,0.25654
BNA,2017-04-29,0,0
BNA,2017-04-30,0.5,12.7
BNA,2017-05-01,0.3004,7.630159999999999
BNA,2017-05-02,0,0
BNA,2017-05-03,0,0
BNA,2017-05-04,1.4407,36.59378
BNA,2017-05-05,0.28150000000000003,7.1501
BNA,2017-05-06,0,0
BNA,2017-05-07,0,0
BNA,2017-05-08,0,0
BNA,2017-05-09,0,0
BNA,2017-05-10,0,0
BNA,2017-05-11,1e-4,0.00254
BNA,2017-05-12,1.9011,48.28794
BNA,2017-05-13,0,0
BNA,2017-05-14,0,0
BNA,2017-05-15,0,0
BNA,2017-05-16,0,0
BNA,2017-05-17,0,0
BNA,2017-05-18,0,0
BNA,2017-05-19,2e-4,0.00508
BNA,2017-05-20,1.31,33.274
BNA,2017-05-21,0.3905,9.9187
BNA,2017-05-22,0,0
BNA,2017-05-23,0,0
BNA,2017-05-24,0.5007,12.71778
BNA,2017-05-25,0.0102,0.25908
BNA,2017-05-26,0,0
BNA,2017-05-27,0.040600000000000004,1.0312400000000002
BNA,2017-05-28,0.7505,19.062699999999996
BNA,2017-05-29,0,0
BNA,2017-05-30,0.1305,3.3146999999999998
BNA,2017-05-31,0,0
BNA,2017-06-01,0,0
BNA,2017-06-02,0,0
BNA,2017-06-03,0,0
BNA,2017-06-04,0.0404,1.02616
BNA,2017-06-05,1.8006,45.73524
BNA,2017-06-06,0.02,0.508
BNA,2017-06-07,0,0
BNA,2017-06-08,0,0
BNA,2017-06-09,0,0
BNA,2017-06-10,0,0
BNA,2017-06-11,0,0
BNA,2017-06-12,0,0
BNA,2017-06-13,0.01,0.254
BNA,2017-06-14,2e-4,0.00508
BNA,2017-06-15,1.7702,44.96308
BNA,2017-06-16,0,0
BNA,2017-06-17,0,0
BNA,2017-06-18,2.6102,66.29907999999999
BNA,2017-06-19,0.0202,0.51308
BNA,2017-06-20,0,0
BNA,2017-06-21,0,0
BNA,2017-06-22,1.7807000000000002,45.229780000000005
BNA,2017-06-23,0.8909,22.62886
BNA,2017-06-24,0,0
BNA,2017-06-25,0,0
BNA,2017-06-26,0,0
BNA,2017-06-27,0,0
BNA,2017-06-28,0,0
BNA,2017-06-29,4e-4,0.01016
BNA,2017-06-30,0.0102,0.25908
BNA,2017-07-01,0.7401,18.79854
BNA,2017-07-02,0,0
BNA,2017-07-03,0,0
BNA,2017-07-04,0.7101999999999999,18.03908
BNA,2017-07-05,1.8605,47.256699999999995
BNA,2017-07-06,1.5502,39.37508
BNA,2017-07-07,0.86,21.843999999999998
BNA,2017-07-08,2e-4,0.00508
BNA,2017-07-09,0,0
BNA,2017-07-10,0,0
BNA,2017-07-11,0,0
BNA,2017-07-12,0,0
BNA,2017-07-13,2e-4,0.00508
BNA,2017-07-14,0.1803,4.579619999999999
BNA,2017-07-15,4.56,115.82399999999998
BNA,2017-07-16,0,0
BNA,2017-07-17,0,0
BNA,2017-07-18,0,0
BNA,2017-07-19,0.08,2.032
BNA,2017-07-20,0,0
BNA,2017-07-21,0,0
BNA,2017-07-22,0,0
BNA,2017-07-23,0,0
BNA,2017-07-24,0,0
BNA,2017-07-25,0,0
BNA,2017-07-26,0,0
BNA,2017-07-27,0,0
BNA,2017-07-28,0.1612,4.09448
BNA,2017-07-29,0,0
BNA,2017-07-30,0,0
BNA,2017-07-31,0,0
BNA,2017-08-01,0,0
BNA,2017-08-02,0.9501,24.13254
BNA,2017-08-03,1e-4,0.00254
BNA,2017-08-04,1.4601000000000002,37.08654
BNA,2017-08-05,0,0
BNA,2017-08-06,0.19,4.826
BNA,2017-08-07,5.4405,138.18869999999998
BNA,2017-08-08,0,0
BNA,2017-08-09,0,0
BNA,2017-08-10,0,0
BNA,2017-08-11,0,0
BNA,2017-08-12,2e-4,0.00508
BNA,2017-08-13,0,0
BNA,2017-08-14,0.7807,19.829779999999996
BNA,2017-08-15,2e-4,0.00508
BNA,2017-08-16,2.2605,57.4167
BNA,2017-08-17,0.09,2.2859999999999996
BNA,2017-08-18,0.0103,0.26161999999999996
BNA,2017-08-19,0,0
BNA,2017-08-20,0,0
BNA,2017-08-21,0,0
BNA,2017-08-22,1.01,25.654
BNA,2017-08-23,0.76,19.304
BNA,2017-08-24,0,0
BNA,2017-08-25,0,0
BNA,2017-08-26,0,0
BNA,2017-08-27,0,0
BNA,2017-08-28,0.1203,3.05562
BNA,2017-08-29,0,0
BNA,2017-08-30,0.35,8.889999999999999
BNA,2017-08-31,2.7104,68.84415999999999
BNA,2017-09-01,10.5208,267.22832
BNA,2017-09-02,0.1404,3.5661599999999996
BNA,2017-09-03,0,0
BNA,2017-09-04,0,0
BNA,2017-09-05,0.8505,21.6027
BNA,2017-09-06,0,0
BNA,2017-09-07,0,0
BNA,2017-09-08,0,0
BNA,2017-09-09,0,0
BNA,2017-09-10,0,0
BNA,2017-09-11,0.040100000000000004,1.01854
BNA,2017-09-12,1.281,32.5374
BNA,2017-09-13,0.17200000000000001,4.3688
BNA,2017-09-14,0.0904,2.2961599999999995
BNA,2017-09-15,0,0
BNA,2017-09-16,0,0
BNA,2017-09-17,0,0
BNA,2017-09-18,0,0
BNA,2017-09-19,0.9,22.86
BNA,2017-09-20,3.0000000000000003e-4,0.00762
BNA,2017-09-21,0.08,2.032
BNA,2017-09-22,0,0
BNA,2017-09-23,0,0
BNA,2017-09-24,0,0
BNA,2017-09-25,0,0
BNA,2017-09-26,0,0
BNA,2017-09-27,0,0
BNA,2017-09-28,0,0
BNA,2017-09-29,0,0
BNA,2017-09-30,0,0
BNA,2017-10-01,0,0
BNA,2017-10-02,0,0
BNA,2017-10-03,0,0
BNA,2017-10-04,0,0
BNA,2017-10-05,0,0
BNA,2017-10-06,0,0
BNA,2017-10-07,0.01,0.254
BNA,2017-10-08,0.7009,17.80286
BNA,2017-10-09,0,0
BNA,2017-10-10,0.6402,16.26108
BNA,2017-10-11,5e-4,0.0127
BNA,2017-10-12,0,0
BNA,2017-10-13,0,0
BNA,2017-10-14,0,0
BNA,2017-10-15,0.0404,1.02616
BNA,2017-10-16,2e-4,0.00508
BNA,2017-10-17,0,0
BNA,2017-10-18,0,0
BNA,2017-10-19,0,0
BNA,2017-10-20,0,0
BNA,2017-10-21,0,0
BNA,2017-10-22,2e-4,0.00508
BNA,2017-10-23,1.9315,49.0601
BNA,2017-10-24,0.0101,0.25654
BNA,2017-10-25,0,0
BNA,2017-10-26,0,0
BNA,2017-10-27,0,0
BNA,2017-10-28,3.3902,86.11108
BNA,2017-10-29,0,0
BNA,2017-10-30,0,0
BNA,2017-10-31,0,0
BNA,2017-11-01,0.0205,0.5206999999999999
BNA,2017-11-02,3.0000000000000003e-4,0.00762
BNA,2017-11-03,0.47050000000000003,11.9507
BNA,2017-11-04,0,0
BNA,2017-11-05,0,0
BNA,2017-11-06,0.3507,8.907779999999999
BNA,2017-11-07,7.551,191.7954
BNA,2017-11-08,3.0000000000000003e-4,0.00762
BNA,2017-11-09,0,0
BNA,2017-11-10,0,0
BNA,2017-11-11,0,0
BNA,2017-11-12,2e-4,0.00508
BNA,2017-11-13,0,0
BNA,2017-11-14,0,0
BNA,2017-11-15,0.12040000000000001,3.05816
BNA,2017-11-16,1e-4,0.00254
BNA,2017-11-17,0,0
BNA,2017-11-18,1.1501000000000001,29.21254
BNA,2017-11-19,4e-4,0.01016
BNA,2017-11-20,0,0
BNA,2017-11-21,0,0
BNA,2017-11-22,0,0
BNA,2017-11-23,0,0
BNA,2017-11-24,0,0
BNA,2017-11-25,0,0
BNA,2017-11-26,0,0
BNA,2017-11-27,0,0
BNA,2017-11-28,0,0
BNA,2017-11-29,0,0
BNA,2017-11-30,0.6404,16.26616
BNA,2017-12-01,0,0
BNA,2017-12-02,0,0
BNA,2017-12-03,0,0
BNA,2017-12-04,0,0
BNA,2017-12-05,1.0206,25.923239999999996
BNA,2017-12-06,0,0
BNA,2017-12-07,0,0
BNA,2017-12-08,0,0
BNA,2017-12-09,0,0
BNA,2017-12-10,0,0
BNA,2017-12-11,0,0
BNA,2017-12-12,1e-4,0.00254
BNA,2017-12-13,0,0
BNA,2017-12-14,0,0
BNA,2017-12-15,0,0
BNA,2017-12-16,0,0
BNA,2017-12-17,0.14,3.556
BNA,2017-12-18,0,0
BNA,2017-12-19,0.1106,2.80924
BNA,2017-12-20,1.7713,44.99102
BNA,2017-12-21,3.0000000000000003e-4,0.00762
BNA,2017-12-22,0.7504,19.060159999999996
BNA,2017-12-23,5.4911,139.47394
BNA,2017-12-24,0.0205,0.5206999999999999
BNA,2017-12-25,7e-4,0.017779999999999997
BNA,2017-12-26,0,0
BNA,2017-12-27,0,0
BNA,2017-12-28,0,0
BNA,2017-12-29,0,0
BNA,2017-12-30,0,0
BNA,2017-12-31,0,0
BNA,2018-01-01,2e-4,0.00508
BNA,2018-01-02,0,0
BNA,2018-01-03,0,0
BNA,2018-01-04,3.0000000000000003e-4,0.00762
BNA,2018-01-05,0,0
BNA,2018-01-06,0,0
BNA,2018-01-07,1e-4,0.00254
BNA,2018-01-08,0.4611,11.71194
BNA,2018-01-09,0.1303,3.30962
BNA,2018-01-10,0,0
BNA,2018-01-11,0.0705,1.7906999999999997
BNA,2018-01-12,0.5623,14.28242
BNA,2018-01-13,0.002,0.0508
BNA,2018-01-14,0,0
BNA,2018-01-15,0,0
BNA,2018-01-16,0.18130000000000002,4.605020000000001
BNA,2018-01-17,0.0013000000000000002,0.03302
BNA,2018-01-18,0,0
BNA,2018-01-19,0,0
BNA,2018-01-20,0,0
BNA,2018-01-21,0,0
BNA,2018-01-22,0.1701,4.320539999999999
BNA,2018-01-23,0,0
BNA,2018-01-24,0,0
BNA,2018-01-25,0,0
BNA,2018-01-26,0,0
BNA,2018-01-27,0.3101,7.876539999999999
BNA,2018-01-28,0.6606,16.779239999999998
BNA,2018-01-29,2e-4,0.00508
BNA,2018-01-30,1e-4,0.00254
BNA,2018-01-31,0,0
BNA,2018-02-01,0.4502,11.43508
BNA,2018-02-02,0.0104,0.26415999999999995
BNA,2018-02-03,0,0
BNA,2018-02-04,1.0705,27.1907
BNA,2018-02-05,0,0
BNA,2018-02-06,0.2901,7.36854
BNA,2018-02-07,2.0404,51.826159999999994
BNA,2018-02-08,0,0
BNA,2018-02-09,0,0
BNA,2018-02-10,4.6302,117.60708
BNA,2018-02-11,2.1304,54.112159999999996
BNA,2018-02-12,1e-4,0.00254
BNA,2018-02-13,0,0
BNA,2018-02-14,0.5205,13.220699999999999
BNA,2018-02-15,0.0202,0.51308
BNA,2018-02-16,0.2204,5.59816
BNA,2018-02-17,2.1601,54.86653999999999
BNA,2018-02-18,0,0
BNA,2018-02-19,0,0
BNA,2018-02-20,0,0
BNA,2018-02-21,0.6602,16.76908
BNA,2018-02-22,1.8105,45.9867
BNA,2018-02-23,0,0
BNA,2018-02-24,0.0705,1.7906999999999997
BNA,2018-02-25,1.7701,44.960539999999995
BNA,2018-02-26,0.09040000000000001,2.29616
BNA,2018-02-27,0,0
BNA,2018-02-28,0.8906000000000001,22.62124
BNA,2018-03-01,0.7705,19.5707
BNA,2018-03-02,0,0
BNA,2018-03-03,0,0
BNA,2018-03-04,0,0
BNA,2018-03-05,0.07050000000000001,1.7907000000000002
BNA,2018-03-06,0.1203,3.05562
BNA,2018-03-07,0,0
BNA,2018-03-08,0.0308,0.78232
BNA,2018-03-09,0,0
BNA,2018-03-10,0.0302,0.76708
BNA,2018-03-11,1.1904000000000001,30.23616
BNA,2018-03-12,0.29150000000000004,7.404100000000001
BNA,2018-03-13,0,0
BNA,2018-03-14,0,0
BNA,2018-03-15,0,0
BNA,2018-03-16,0,0
BNA,2018-03-17,0.4102,10.41908
BNA,2018-03-18,0,0
BNA,2018-03-19,0.0508,1.29032
BNA,2018-03-20,0.1303,3.30962
BNA,2018-03-21,0.0011,0.02794
BNA,2018-03-22,0,0
BNA,2018-03-23,0,0
BNA,2018-03-24,0.1408,3.57632
BNA,2018-03-25,3.7002,93.98508
BNA,2018-03-26,0,0
BNA,2018-03-27,0,0
BNA,2018-03-28,0.1809,4.59486
BNA,2018-03-29,6.8804,174.76216
BNA,2018-03-30,0.09079999999999999,2.3063199999999995
BNA,2018-03-31,0,0
BNA,2018-04-01,0.0802,2.0370799999999996
BNA,2018-04-02,0.0012000000000000001,0.03048
BNA,2018-04-03,0,0
BNA,2018-04-04,2.6906,68.34124
BNA,2018-04-05,0,0
BNA,2018-04-06,0.1702,4.323079999999999
BNA,2018-04-07,0.0604,1.53416
BNA,2018-04-08,0,0
BNA,2018-04-09,0,0
BNA,2018-04-10,0,0
BNA,2018-04-11,0,0
BNA,2018-04-12,0,0
BNA,2018-04-13,0,0
BNA,2018-04-14,1.2604,32.01416
BNA,2018-04-15,2.3109,58.69686
BNA,2018-04-16,0.0108,0.27432
BNA,2018-04-17,0,0
BNA,2018-04-18,0,0
BNA,2018-04-19,0.29000000000000004,7.3660000000000005
BNA,2018-04-20,0,0
BNA,2018-04-21,0,0
BNA,2018-04-22,1.7002,43.18508
BNA,2018-04-23,2.5211,64.03594
BNA,2018-04-24,0.0407,1.03378
BNA,2018-04-25,1e-4,0.00254
BNA,2018-04-26,0.1804,4.58216
BNA,2018-04-27,0,0
BNA,2018-04-28,0,0
BNA,2018-04-29,0,0
BNA,2018-04-30,0,0
BNA,2018-05-01,0,0
BNA,2018-05-02,0,0
BNA,2018-05-03,0,0
BNA,2018-05-04,0.0402,1.02108
BNA,2018-05-05,2.9904,75.95616
BNA,2018-05-06,0.0302,0.76708
BNA,2018-05-07,0.0303,0.76962
BNA,2018-05-08,0,0
BNA,2018-05-09,0,0
BNA,2018-05-10,0.24029999999999999,6.103619999999999
BNA,2018-05-11,0,0
BNA,2018-05-12,0,0
BNA,2018-05-13,0,0
BNA,2018-05-14,0,0
BNA,2018-05-15,2e-4,0.00508
BNA,2018-05-16,0,0
BNA,2018-05-17,4.86,123.444
BNA,2018-05-18,0.6701,17.02054
BNA,2018-05-19,0.09,2.2859999999999996
BNA,2018-05-20,0.0601,1.52654
BNA,2018-05-21,0.2403,6.10362
BNA,2018-05-22,0.4001,10.16254
BNA,2018-05-23,2e-4,0.00508
BNA,2018-05-24,0,0
BNA,2018-05-25,0,0
BNA,2018-05-26,0.7601,19.30654
BNA,2018-05-27,0,0
BNA,2018-05-28,0.0602,1.5290799999999998
BNA,2018-05-29,0.5212,13.23848
BNA,2018-05-30,0.1105,2.8066999999999998
BNA,2018-05-31,4e-4,0.01016
BNA,2018-06-01,2.8206,71.64324
BNA,2018-06-02,0,0
BNA,2018-06-03,0,0
BNA,2018-06-04,0,0
BNA,2018-06-05,0,0
BNA,2018-06-06,0,0
BNA,2018-06-07,0,0
BNA,2018-06-08,0,0
BNA,2018-06-09,0,0
BNA,2018-06-10,3.8303000000000003,97.28962
BNA,2018-06-11,0,0
BNA,2018-06-12,3.0000000000000003e-4,0.00762
BNA,2018-06-13,1e-4,0.00254
BNA,2018-06-14,0,0
BNA,2018-06-15,2e-4,0.00508
BNA,2018-06-16,1e-4,0.00254
BNA,2018-06-17,0.7,17.779999999999998
BNA,2018-06-18,0.25,6.35
BNA,2018-06-19,0,0
BNA,2018-06-20,4e-4,0.01016
BNA,2018-06-21,0.201,5.1054
BNA,2018-06-22,0.0503,1.2776199999999998
BNA,2018-06-23,0,0
BNA,2018-06-24,0.2702,6.863079999999999
BNA,2018-06-25,0,0
BNA,2018-06-26,0.2705,6.8707
BNA,2018-06-27,1.4403,36.583619999999996
BNA,2018-06-28,0.6705,17.0307
BNA,2018-06-29,0,0
BNA,2018-06-30,0,0
BNA,2018-07-01,4e-4,0.01016
BNA,2018-07-02,0.1204,3.0581599999999995
BNA,2018-07-03,5e-4,0.0127
BNA,2018-07-04,0,0
BNA,2018-07-05,0.0601,1.52654
BNA,2018-07-06,1.4404000000000001,36.58616
BNA,2018-07-07,3.0000000000000003e-4,0.00762
BNA,2018-07-08,0,0
BNA,2018-07-09,0,0
BNA,2018-07-10,0.2901,7.36854
BNA,2018-07-11,0.0301,0.7645399999999999
BNA,2018-07-12,0,0
BNA,2018-07-13,0,0
BNA,2018-07-14,0,0
BNA,2018-07-15,3.0507,77.48778
BNA,2018-07-16,1e-4,0.00254
BNA,2018-07-17,1.25,31.75
BNA,2018-07-18,0,0
BNA,2018-07-19,0,0
BNA,2018-07-20,0,0
BNA,2018-07-21,2e-4,0.00508
BNA,2018-07-22,0.020300000000000002,0.5156200000000001
BNA,2018-07-23,3.0000000000000003e-4,0.00762
BNA,2018-07-24,0,0
BNA,2018-07-25,0,0
BNA,2018-07-26,0,0
BNA,2018-07-27,0,0
BNA,2018-07-28,0,0
BNA,2018-07-29,0,0
BNA,2018-07-30,0,0
BNA,2018-07-31,0,0
BNA,2018-08-01,1.2804,32.52216
BNA,2018-08-02,0,0
BNA,2018-08-03,0,0
BNA,2018-08-04,0,0
BNA,2018-08-05,2.15,54.60999999999999
BNA,2018-08-06,0,0
BNA,2018-08-07,2e-4,0.00508
BNA,2018-08-08,0.7801,19.81454
BNA,2018-08-09,0.26030000000000003,6.61162
BNA,2018-08-10,0.8505,21.6027
BNA,2018-08-11,0,0
BNA,2018-08-12,0,0
BNA,2018-08-13,0,0
BNA,2018-08-14,0,0
BNA,2018-08-15,0,0
BNA,2018-08-16,0.1706,4.33324
BNA,2018-08-17,1.4701,37.34054
BNA,2018-08-18,5.8003,147.32762
BNA,2018-08-19,0,0
BNA,2018-08-20,1.0004,25.410159999999998
BNA,2018-08-21,0.45030000000000003,11.43762
BNA,2018-08-22,0,0
BNA,2018-08-23,0,0
BNA,2018-08-24,0,0
BNA,2018-08-25,0,0
BNA,2018-08-26,0,0
BNA,2018-08-27,0,0
BNA,2018-08-28,0,0
BNA,2018-08-29,0.2301,5.844539999999999
BNA,2018-08-30,0,0
BNA,2018-08-31,0.0904,2.2961599999999995
BNA,2018-09-01,0.0402,1.02108
BNA,2018-09-02,0,0
BNA,2018-09-03,0,0
BNA,2018-09-04,0,0
BNA,2018-09-05,2e-4,0.00508
BNA,2018-09-06,0.4304,10.93216
BNA,2018-09-07,0,0
BNA,2018-09-08,0.87,22.098
BNA,2018-09-09,2.5904000000000003,65.79616
BNA,2018-09-10,3.0000000000000003e-4,0.00762
BNA,2018-09-11,0,0
BNA,2018-09-12,0,0
BNA,2018-09-13,0,0
BNA,2018-09-14,0,0
BNA,2018-09-15,0,0
BNA,2018-09-16,0,0
BNA,2018-09-17,1e-4,0.00254
BNA,2018-09-18,0,0
BNA,2018-09-19,0,0
BNA,2018-09-20,0,0
BNA,2018-09-21,0.02,0.508
BNA,2018-09-22,0.8104,20.58416
BNA,2018-09-23,4.341,110.2614
BNA,2018-09-24,2.0903,53.09362
BNA,2018-09-25,0.2201,5.59054
BNA,2018-09-26,1.1305,28.7147
BNA,2018-09-27,2.2706,57.67323999999999
BNA,2018-09-28,0,0
BNA,2018-09-29,0,0
BNA,2018-09-30,0,0
BNA,2018-10-01,0,0
BNA,2018-10-02,0.6601,16.76654
BNA,2018-10-03,0,0
BNA,2018-10-04,0,0
BNA,2018-10-05,0,0
BNA,2018-10-06,0,0
BNA,2018-10-07,0.1404,3.5661599999999996
BNA,2018-10-08,0.0701,1.7805399999999998
BNA,2018-10-09,0,0
BNA,2018-10-10,0.4601,11.686539999999999
BNA,2018-10-11,0.07,1.778
BNA,2018-10-12,1e-4,0.00254
BNA,2018-10-13,1e-4,0.00254
BNA,2018-10-14,0.331,8.407399999999999
BNA,2018-10-15,2.341,59.461400000000005
BNA,2018-10-16,0.0403,1.02362
BNA,2018-10-17,0.02,0.508
BNA,2018-10-18,0,0
BNA,2018-10-19,0,0
BNA,2018-10-20,0.2807,7.129779999999999
BNA,2018-10-21,0,0
BNA,2018-10-22,0,0
BNA,2018-10-23,0,0
BNA,2018-10-24,0,0
BNA,2018-10-25,0.0205,0.5206999999999999
BNA,2018-10-26,0.4319,10.97026
BNA,2018-10-27,0.0103,0.26161999999999996
BNA,2018-10-28,0,0
BNA,2018-10-29,0,0
BNA,2018-10-30,0,0
BNA,2018-10-31,0,0
BNA,2018-11-01,0.6603,16.77162
BNA,2018-11-02,3.0000000000000003e-4,0.00762
BNA,2018-11-03,0,0
BNA,2018-11-04,0.1201,3.05054
BNA,2018-11-05,0.0601,1.52654
BNA,2018-11-06,3.8705,98.3107
BNA,2018-11-07,0.0103,0.26161999999999996
BNA,2018-11-08,0,0
BNA,2018-11-09,0.9903,25.153619999999997
BNA,2018-11-10,0,0
BNA,2018-11-11,0,0
BNA,2018-11-12,0.6902,17.53108
BNA,2018-11-13,0.161,4.0893999999999995
BNA,2018-11-14,0.9502,24.13508
BNA,2018-11-15,0.33130000000000004,8.41502
BNA,2018-11-16,0,0
BNA,2018-11-17,0,0
BNA,2018-11-18,0,0
BNA,2018-11-19,4e-4,0.01016
BNA,2018-11-20,0,0
BNA,2018-11-21,0,0
BNA,2018-11-22,0,0
BNA,2018-11-23,1e-4,0.00254
BNA,2018-11-24,0.2803,7.119619999999999
BNA,2018-11-25,0,0
BNA,2018-11-26,0.0305,0.7746999999999999
BNA,2018-11-27,0,0
BNA,2018-11-28,0,0
BNA,2018-11-29,0.1908,4.8463199999999995
BNA,2018-11-30,0.2803,7.119619999999999
BNA,2018-12-01,1.1211,28.475939999999998
BNA,2018-12-02,0,0
BNA,2018-12-03,0,0
BNA,2018-12-04,0,0
BNA,2018-12-05,0.0702,1.7830799999999998
BNA,2018-12-06,0,0
BNA,2018-12-07,0,0
BNA,2018-12-08,0.2207,5.60578
BNA,2018-12-09,0.8916000000000001,22.64664
BNA,2018-12-10,2e-4,0.00508
BNA,2018-12-11,0,0
BNA,2018-12-12,0,0
BNA,2018-12-13,0.0206,0.5232399999999999
BNA,2018-12-14,0.2111,5.36194
BNA,2018-12-15,0.01,0.254
BNA,2018-12-16,0.0202,0.51308
BNA,2018-12-17,0,0
BNA,2018-12-18,0,0
BNA,2018-12-19,0,0
BNA,2018-12-20,0.7805,19.824699999999996
BNA,2018-12-21,0.131,3.3274
BNA,2018-12-22,0.0201,0.51054
BNA,2018-12-23,0.1606,4.0792399999999995
BNA,2018-12-24,0,0
BNA,2018-12-25,0,0
BNA,2018-12-26,0,0
BNA,2018-12-27,0.9408,23.89632
BNA,2018-12-28,0.2403,6.10362
BNA,2018-12-29,0,0
BNA,2018-12-30,0,0
BNA,2018-12-31,5.1006,129.55524
BNA,2019-01-01,1e-4,0.00254
BNA,2019-01-02,2e-4,0.00508
BNA,2019-01-03,0.6808,17.292319999999997
BNA,2019-01-04,0.5508,13.990319999999999
BNA,2019-01-05,0.05,1.27
BNA,2019-01-06,0,0
BNA,2019-01-07,1e-4,0.00254
BNA,2019-01-08,1e-4,0.00254
BNA,2019-01-09,0,0
BNA,2019-01-10,0,0
BNA,2019-01-11,0,0
BNA,2019-01-12,0.2908,7.3863199999999996
BNA,2019-01-13,0.25120000000000003,6.38048
BNA,2019-01-14,4e-4,0.01016
BNA,2019-01-15,0,0
BNA,2019-01-16,0,0
BNA,2019-01-17,0.5403,13.723619999999999
BNA,2019-01-18,0.0304,0.77216
BNA,2019-01-19,2.7704,70.36815999999999
BNA,2019-01-20,0.0019,0.04826
BNA,2019-01-21,4e-4,0.01016
BNA,2019-01-22,0,0
BNA,2019-01-23,1.2003,30.487619999999996
BNA,2019-01-24,0.2104,5.34416
BNA,2019-01-25,0,0
BNA,2019-01-26,0,0
BNA,2019-01-27,0,0
BNA,2019-01-28,1e-4,0.00254
BNA,2019-01-29,0.0304,0.77216
BNA,2019-01-30,0.001,0.0254
BNA,2019-01-31,0,0
BNA,2019-02-01,4e-4,0.01016
BNA,2019-02-02,0,0
BNA,2019-02-03,0,0
BNA,2019-02-04,3.0000000000000003e-4,0.00762
BNA,2019-02-05,0,0
BNA,2019-02-06,4.1102,104.39907999999998
BNA,2019-02-07,5.9702,151.64308
BNA,2019-02-08,0.3704,9.40816
BNA,2019-02-09,0,0
BNA,2019-02-10,1.1804000000000001,29.98216
BNA,2019-02-11,0.2902,7.37108
BNA,2019-02-12,1.1605,29.4767
BNA,2019-02-13,0,0
BNA,2019-02-14,0,0
BNA,2019-02-15,0.1503,3.8176199999999993
BNA,2019-02-16,0.9102,23.11908
BNA,2019-02-17,3.5105,89.16669999999999
BNA,2019-02-18,0.28,7.112
BNA,2019-02-19,0.6101,15.496539999999998
BNA,2019-02-20,3.0103,76.46162
BNA,2019-02-21,0.1504,3.82016
BNA,2019-02-22,1.0204,25.918159999999997
BNA,2019-02-23,2.0108,51.07432
BNA,2019-02-24,2.05,52.06999999999999
BNA,2019-02-25,0,0
BNA,2019-02-26,0,0
BNA,2019-02-27,0,0
BNA,2019-02-28,4e-4,0.01016
BNA,2019-03-01,0.0111,0.28194
BNA,2019-03-02,3.0000000000000003e-4,0.00762
BNA,2019-03-03,0.7305,18.5547
BNA,2019-03-04,2e-4,0.00508
BNA,2019-03-05,0,0
BNA,2019-03-06,0,0
BNA,2019-03-07,0,0
BNA,2019-03-08,0.7506,19.06524
BNA,2019-03-09,3.1407,79.77377999999999
BNA,2019-03-10,1.8202,46.23308
BNA,2019-03-11,0.0102,0.25908
BNA,2019-03-12,0,0
BNA,2019-03-13,0,0
BNA,2019-03-14,0.0303,0.76962
BNA,2019-03-15,0,0
BNA,2019-03-16,0,0
BNA,2019-03-17,0,0
BNA,2019-03-18,0,0
BNA,2019-03-19,0,0
BNA,2019-03-20,0,0
BNA,2019-03-21,0,0
BNA,2019-03-22,0,0
BNA,2019-03-23,0,0
BNA,2019-03-24,2e-4,0.00508
BNA,2019-03-25,0.38,9.652
BNA,2019-03-26,2e-4,0.00508
BNA,2019-03-27,0,0
BNA,2019-03-28,0,0
BNA,2019-03-29,0.0101,0.25654
BNA,2019-03-30,0.05,1.27
BNA,2019-03-31,2.0403000000000002,51.823620000000005
BNA,2019-04-01,0,0
BNA,2019-04-02,0,0
BNA,2019-04-03,0,0
BNA,2019-04-04,5e-4,0.0127
BNA,2019-04-05,0.79,20.066
BNA,2019-04-06,0,0
BNA,2019-04-07,1.4205,36.0807
BNA,2019-04-08,6.14,155.956
BNA,2019-04-09,0,0
BNA,2019-04-10,0,0
BNA,2019-04-11,0,0
BNA,2019-04-12,0.08,2.032
BNA,2019-04-13,0.1004,2.55016
BNA,2019-04-14,3.5002,88.90508
BNA,2019-04-15,0,0
BNA,2019-04-16,0,0
BNA,2019-04-17,0,0
BNA,2019-04-18,0,0
BNA,2019-04-19,2.0021,50.853339999999996
BNA,2019-04-20,1.0606,26.939239999999998
BNA,2019-04-21,0,0
BNA,2019-04-22,0,0
BNA,2019-04-23,0,0
BNA,2019-04-24,0,0
BNA,2019-04-25,1e-4,0.00254
BNA,2019-04-26,0.22039999999999998,5.598159999999999
BNA,2019-04-27,0,0
BNA,2019-04-28,0,0
BNA,2019-04-29,0,0
BNA,2019-04-30,0,0
BNA,2019-05-01,0.0201,0.51054
BNA,2019-05-02,0.1803,4.579619999999999
BNA,2019-05-03,0.24080000000000001,6.11632
BNA,2019-05-04,0.0607,1.54178
BNA,2019-05-05,0.5305,13.474699999999999
BNA,2019-05-06,0,0
BNA,2019-05-07,0,0
BNA,2019-05-08,0,0
BNA,2019-05-09,1.0203,25.915619999999997
BNA,2019-05-10,0,0
BNA,2019-05-11,0.5911,15.013939999999998
BNA,2019-05-12,0.15059999999999998,3.8252399999999995
BNA,2019-05-13,0,0
BNA,2019-05-14,0,0
BNA,2019-05-15,0.14,3.556
BNA,2019-05-16,0,0
BNA,2019-05-17,0,0
BNA,2019-05-18,0,0
BNA,2019-05-19,0.06,1.5239999999999998
BNA,2019-05-20,0,0
BNA,2019-05-21,0,0
BNA,2019-05-22,0,0
BNA,2019-05-23,0,0
BNA,2019-05-24,0,0
BNA,2019-05-25,0.01,0.254
BNA,2019-05-26,0,0
BNA,2019-05-27,0,0
BNA,2019-05-28,0,0
BNA,2019-05-29,0,0
BNA,2019-05-30,0.0102,0.25908
BNA,2019-05-31,0,0
BNA,2019-06-01,0,0
BNA,2019-06-02,0,0
BNA,2019-06-03,0,0
BNA,2019-06-04,0,0
BNA,2019-06-05,0,0
BNA,2019-06-06,0.0013000000000000002,0.03302
BNA,2019-06-07,5.5103,139.96161999999998
BNA,2019-06-08,0.0703,1.78562
BNA,2019-06-09,1.2102,30.739079999999998
BNA,2019-06-10,3.0000000000000003e-4,0.00762
BNA,2019-06-11,0,0
BNA,2019-06-12,0,0
BNA,2019-06-13,0,0
BNA,2019-06-14,0,0
BNA,2019-06-15,0,0
BNA,2019-06-16,0,0
BNA,2019-06-17,1.1401000000000001,28.958540000000003
BNA,2019-06-18,2.5704,65.28815999999999
BNA,2019-06-19,1e-4,0.00254
BNA,2019-06-20,1.1607,29.48178
BNA,2019-06-21,0,0
BNA,2019-06-22,0.6606,16.779239999999998
BNA,2019-06-23,4e-4,0.01016
BNA,2019-06-24,0.8203,20.83562
BNA,2019-06-25,0,0
BNA,2019-06-26,0.46,11.684
BNA,2019-06-27,4.3703,111.00562000000001
BNA,2019-06-28,0.16010000000000002,4.066540000000001
BNA,2019-06-29,0,0
BNA,2019-06-30,0,0
BNA,2019-07-01,0,0
BNA,2019-07-02,3.0000000000000003e-4,0.00762
BNA,2019-07-03,0.0604,1.53416
BNA,2019-07-04,1.2711,32.28594
BNA,2019-07-05,3.0000000000000003e-4,0.00762
BNA,2019-07-06,0.22010000000000002,5.59054
BNA,2019-07-07,0.2202,5.59308
BNA,2019-07-08,0.5101,12.956539999999999
BNA,2019-07-09,0,0
BNA,2019-07-10,0.01,0.254
BNA,2019-07-11,0,0
BNA,2019-07-12,0,0
BNA,2019-07-13,2e-4,0.00508
BNA,2019-07-14,5e-4,0.0127
BNA,2019-07-15,0.0303,0.76962
BNA,2019-07-16,0.01,0.254
BNA,2019-07-17,0.0101,0.25654
BNA,2019-07-18,0.0801,2.03454
BNA,2019-07-19,0,0
BNA,2019-07-20,0.4202,10.67308
BNA,2019-07-21,0.3707,9.415779999999998
BNA,2019-07-22,5.9503,151.13762
BNA,2019-07-23,2.3806,60.46723999999999
BNA,2019-07-24,0,0
BNA,2019-07-25,0,0
BNA,2019-07-26,0,0
BNA,2019-07-27,0,0
BNA,2019-07-28,0,0
BNA,2019-07-29,0,0
BNA,2019-07-30,0.8600000000000001,21.844
BNA,2019-07-31,0.02,0.508
BNA,2019-08-01,0,0
BNA,2019-08-02,0,0
BNA,2019-08-03,2.5004,63.51015999999999
BNA,2019-08-04,1.2002,30.485079999999996
BNA,2019-08-05,0,0
BNA,2019-08-06,0,0
BNA,2019-08-07,1.0002,25.405079999999998
BNA,2019-08-08,0,0
BNA,2019-08-09,1e-4,0.00254
BNA,2019-08-10,2e-4,0.00508
BNA,2019-08-11,0,0
BNA,2019-08-12,0,0
BNA,2019-08-13,3.23,82.042
BNA,2019-08-14,1e-4,0.00254
BNA,2019-08-15,0,0
BNA,2019-08-16,0,0
BNA,2019-08-17,0,0
BNA,2019-08-18,0,0
BNA,2019-08-19,0,0
BNA,2019-08-20,0.04,1.016
BNA,2019-08-21,0,0
BNA,2019-08-22,0.2702,6.863079999999999
BNA,2019-08-23,1e-4,0.00254
BNA,2019-08-24,1e-4,0.00254
BNA,2019-08-25,0.0403,1.02362
BNA,2019-08-26,2.0702,52.583079999999995
BNA,2019-08-27,0,0
BNA,2019-08-28,1e-4,0.00254
BNA,2019-08-29,0,0
BNA,2019-08-30,0,0
BNA,2019-08-31,0,0
BNA,2019-09-01,0,0
BNA,2019-09-02,0,0
BNA,2019-09-03,0,0
BNA,2019-09-04,0,0
BNA,2019-09-05,0,0
BNA,2019-09-06,0,0
BNA,2019-09-07,0,0
BNA,2019-09-08,0,0
BNA,2019-09-09,0,0
BNA,2019-09-10,0.02,0.508
BNA,2019-09-11,0,0
BNA,2019-09-12,0,0
BNA,2019-09-13,2e-4,0.00508
BNA,2019-09-14,0,0
BNA,2019-09-15,0,0
BNA,2019-09-16,0,0
BNA,2019-09-17,0,0
BNA,2019-09-18,0,0
BNA,2019-09-19,0,0
BNA,2019-09-20,0,0
BNA,2019-09-21,0,0
BNA,2019-09-22,0,0
BNA,2019-09-23,0.01,0.254
BNA,2019-09-24,0,0
BNA,2019-09-25,2e-4,0.00508
BNA,2019-09-26,2e-4,0.00508
BNA,2019-09-27,0,0
BNA,2019-09-28,0,0
BNA,2019-09-29,0,0
BNA,2019-09-30,0,0
BNA,2019-10-01,0,0
BNA,2019-10-02,0,0
BNA,2019-10-03,0,0
BNA,2019-10-04,0,0
BNA,2019-10-05,0,0
BNA,2019-10-06,0.3902,9.91108
BNA,2019-10-07,4.2405,107.7087
BNA,2019-10-08,0,0
BNA,2019-10-09,0,0
BNA,2019-10-10,0,0
BNA,2019-10-11,0.040100000000000004,1.01854
BNA,2019-10-12,0.5603,14.23162
BNA,2019-10-13,0,0
BNA,2019-10-14,0,0
BNA,2019-10-15,2e-4,0.00508
BNA,2019-10-16,0.7009000000000001,17.802860000000003
BNA,2019-10-17,0,0
BNA,2019-10-18,0,0
BNA,2019-10-19,0.0104,0.26415999999999995
BNA,2019-10-20,4e-4,0.01016
BNA,2019-10-21,0.5509000000000001,13.99286
BNA,2019-10-22,0,0
BNA,2019-10-23,0,0
BNA,2019-10-24,0,0
BNA,2019-10-25,0.2804,7.122159999999999
BNA,2019-10-26,2.6806,68.08724
BNA,2019-10-27,0.0311,0.78994
BNA,2019-10-28,0,0
BNA,2019-10-29,0,0
BNA,2019-10-30,1.4303000000000001,36.32962
BNA,2019-10-31,2.0808,52.85232
BNA,2019-11-01,0,0
BNA,2019-11-02,0,0
BNA,2019-11-03,0,0
BNA,2019-11-04,0,0
BNA,2019-11-05,0,0
BNA,2019-11-06,0,0
BNA,2019-11-07,0.9704,24.64816
BNA,2019-11-08,0,0
BNA,2019-11-09,0,0
BNA,2019-11-10,0,0
BNA,2019-11-11,0.1201,3.05054
BNA,2019-11-12,0.4003,10.16762
BNA,2019-11-13,0,0
BNA,2019-11-14,0,0
BNA,2019-11-15,0,0
BNA,2019-11-16,0,0
BNA,2019-11-17,0,0
BNA,2019-11-18,0,0
BNA,2019-11-19,4e-4,0.01016
BNA,2019-11-20,0,0
BNA,2019-11-21,1e-4,0.00254
BNA,2019-11-22,2.0204,51.31816
BNA,2019-11-23,1.2207999999999999,31.008319999999994
BNA,2019-11-24,0,0
BNA,2019-11-25,0,0
BNA,2019-11-26,0.1301,3.30454
BNA,2019-11-27,2.0501,52.07254
BNA,2019-11-28,1e-4,0.00254
BNA,2019-11-29,5e-4,0.0127
BNA,2019-11-30,1.3207,33.54578
BNA,2019-12-01,2.52,64.008
BNA,2019-12-02,0.040600000000000004,1.0312400000000002
BNA,2019-12-03,0,0
BNA,2019-12-04,0,0
BNA,2019-12-05,0,0
BNA,2019-12-06,0.030100000000000002,0.76454
BNA,2019-12-07,0,0
BNA,2019-12-08,0,0
BNA,2019-12-09,0,0
BNA,2019-12-10,2.201,55.9054
BNA,2019-12-11,0,0
BNA,2019-12-12,0,0
BNA,2019-12-13,0.0416,1.0566399999999998
BNA,2019-12-14,0.0012000000000000001,0.03048
BNA,2019-12-15,0.020300000000000002,0.5156200000000001
BNA,2019-12-16,2.5807,65.54978
BNA,2019-12-17,0.311,7.899399999999999
BNA,2019-12-18,0,0
BNA,2019-12-19,0,0
BNA,2019-12-20,0,0
BNA,2019-12-21,0,0
BNA,2019-12-22,0.0204,0.51816
BNA,2019-12-23,0.07050000000000001,1.7907000000000002
BNA,2019-12-24,0,0
BNA,2019-12-25,0,0
BNA,2019-12-26,0,0
BNA,2019-12-27,0.0205,0.5206999999999999
BNA,2019-12-28,0.040600000000000004,1.0312400000000002
BNA,2019-12-29,4.5701,116.08054
BNA,2019-12-30,0.5703,14.485619999999999
BNA,2019-12-31,0,0
BNA,2020-01-01,0,0
BNA,2020-01-02,1.31,33.274
BNA,2020-01-03,1.0007,25.417779999999997
BNA,2020-01-04,0.0505,1.2827
BNA,2020-01-05,0,0
BNA,2020-01-06,0,0
BNA,2020-01-07,0.1203,3.05562
BNA,2020-01-08,0,0
BNA,2020-01-09,0,0
BNA,2020-01-10,2e-4,0.00508
BNA,2020-01-11,2.9706,75.45324
BNA,2020-01-12,0.24,6.095999999999999
BNA,2020-01-13,0,0
BNA,2020-01-14,1.1503,29.21762
BNA,2020-01-15,0.020900000000000002,0.53086
BNA,2020-01-16,0.0202,0.51308
BNA,2020-01-17,0,0
BNA,2020-01-18,0.5604,14.23416
BNA,2020-01-19,0,0
BNA,2020-01-20,0.0014,0.035559999999999994
BNA,2020-01-21,1e-4,0.00254
BNA,2020-01-22,0,0
BNA,2020-01-23,0.30010000000000003,7.622540000000001
BNA,2020-01-24,0.7112,18.06448
BNA,2020-01-25,7e-4,0.017779999999999997
BNA,2020-01-26,1e-4,0.00254
BNA,2020-01-27,0.0708,1.79832
BNA,2020-01-28,0,0
BNA,2020-01-29,4e-4,0.01016
BNA,2020-01-30,0,0
BNA,2020-01-31,0.0308,0.78232
BNA,2020-02-01,0.2414,6.1315599999999995
BNA,2020-02-02,0,0
BNA,2020-02-03,0,0
BNA,2020-02-04,0.381,9.6774
BNA,2020-02-05,2.2507,57.16778
BNA,2020-02-06,0.931,23.6474
BNA,2020-02-07,0.2111,5.36194
BNA,2020-02-08,0,0
BNA,2020-02-09,0,0
BNA,2020-02-10,2.0216,51.348639999999996
BNA,2020-02-11,1.0115,25.6921
BNA,2020-02-12,1.0016,25.44064
BNA,2020-02-13,1.5404,39.12616
BNA,2020-02-14,2e-4,0.00508
BNA,2020-02-15,0,0
BNA,2020-02-16,2e-4,0.00508
BNA,2020-02-17,0,0
BNA,2020-02-18,0.5509000000000001,13.99286
BNA,2020-02-19,1e-4,0.00254
BNA,2020-02-20,0.3006,7.635239999999999
BNA,2020-02-21,0,0
BNA,2020-02-22,0,0
BNA,2020-02-23,3.0000000000000003e-4,0.00762
BNA,2020-02-24,0.9709,24.66086
BNA,2020-02-25,0.0706,1.7932399999999997
BNA,2020-02-26,0.011300000000000001,0.28702
BNA,2020-02-27,0.011000000000000001,0.27940000000000004
BNA,2020-02-28,6.000000000000001e-4,0.01524
BNA,2020-02-29,0.18,4.571999999999999
BNA,2020-03-01,0,0
BNA,2020-03-02,0.6707000000000001,17.035780000000003
BNA,2020-03-03,0.6902,17.53108
BNA,2020-03-04,0,0
BNA,2020-03-05,0,0
BNA,2020-03-06,0,0
BNA,2020-03-07,0,0
BNA,2020-03-08,0,0
BNA,2020-03-09,0,0
BNA,2020-03-10,0.4109,10.43686
BNA,2020-03-11,0.0301,0.7645399999999999
BNA,2020-03-12,0,0
BNA,2020-03-13,0.11019999999999999,2.7990799999999996
BNA,2020-03-14,0.1703,4.32562
BNA,2020-03-15,0.2804,7.122159999999999
BNA,2020-03-16,0.0101,0.25654
BNA,2020-03-17,1.8407,46.75378
BNA,2020-03-18,0.9802000000000001,24.89708
BNA,2020-03-19,0.2703,6.865619999999999
BNA,2020-03-20,1.1406,28.971239999999998
BNA,2020-03-21,5e-4,0.0127
BNA,2020-03-22,0.0402,1.02108
BNA,2020-03-23,1.1307,28.71978
BNA,2020-03-24,2.1707,55.13578
BNA,2020-03-25,0,0
BNA,2020-03-26,0,0
BNA,2020-03-27,0,0
BNA,2020-03-28,0,0
BNA,2020-03-29,0.9202,23.373079999999998
BNA,2020-03-30,0,0
BNA,2020-03-31,0.9004000000000001,22.870160000000002
BNA,2020-04-01,0,0
BNA,2020-04-02,0,0
BNA,2020-04-03,0,0
BNA,2020-04-04,1e-4,0.00254
BNA,2020-04-05,0,0
BNA,2020-04-06,0,0
BNA,2020-04-07,2e-4,0.00508
BNA,2020-04-08,0,0
BNA,2020-04-09,0.2701,6.860539999999999
BNA,2020-04-10,0,0
BNA,2020-04-11,0,0
BNA,2020-04-12,5.5,139.7
BNA,2020-04-13,1.1204,28.45816
BNA,2020-04-14,3.0000000000000003e-4,0.00762
BNA,2020-04-15,0,0
BNA,2020-04-16,0,0
BNA,2020-04-17,0,0
BNA,2020-04-18,0.6106,15.50924
BNA,2020-04-19,0.0205,0.5206999999999999
BNA,2020-04-20,0.5102,12.959079999999998
BNA,2020-04-21,0.1,2.54
BNA,2020-04-22,1e-4,0.00254
BNA,2020-04-23,1.0406,26.43124
BNA,2020-04-24,0.0403,1.02362
BNA,2020-04-25,0.6805,17.284699999999997
BNA,2020-04-26,2e-4,0.00508
BNA,2020-04-27,0,0
BNA,2020-04-28,0.03,0.7619999999999999
BNA,2020-04-29,0.1907,4.84378
BNA,2020-04-30,0,0
BNA,2020-05-01,0,0
BNA,2020-05-02,0,0
BNA,2020-05-03,0.4902,12.45108
BNA,2020-05-04,3.0000000000000003e-4,0.00762
BNA,2020-05-05,0.48050000000000004,12.2047
BNA,2020-05-06,0.0202,0.51308
BNA,2020-05-07,0,0
BNA,2020-05-08,0.5301,13.46454
BNA,2020-05-09,0,0
BNA,2020-05-10,0,0
BNA,2020-05-11,0,0
BNA,2020-05-12,5e-4,0.0127
BNA,2020-05-13,0.1306,3.3172399999999995
BNA,2020-05-14,0,0
BNA,2020-05-15,0,0
BNA,2020-05-16,0,0
BNA,2020-05-17,2e-4,0.00508
BNA,2020-05-18,0.0309,0.78486
BNA,2020-05-19,0.3303,8.389619999999999
BNA,2020-05-20,0.030699999999999998,0.7797799999999999
BNA,2020-05-21,0.0204,0.51816
BNA,2020-05-22,0.27,6.858
BNA,2020-05-23,0.0802,2.0370799999999996
BNA,2020-05-24,2e-4,0.00508
BNA,2020-05-25,0.0801,2.03454
BNA,2020-05-26,0.1501,3.8125400000000003
BNA,2020-05-27,1.4005,35.5727
BNA,2020-05-28,0.1003,2.5476199999999998
BNA,2020-05-29,0.0801,2.03454
BNA,2020-05-30,1e-4,0.00254
BNA,2020-05-31,0,0
BNA,2020-06-01,0,0
BNA,2020-06-02,0,0
BNA,2020-06-03,3.0000000000000003e-4,0.00762
BNA,2020-06-04,0.8400000000000001,21.336000000000002
BNA,2020-06-05,0.8704,22.108159999999998
BNA,2020-06-06,0,0
BNA,2020-06-07,0,0
BNA,2020-06-08,0,0
BNA,2020-06-09,0.0806,2.04724
BNA,2020-06-10,0,0
BNA,2020-06-11,0,0
BNA,2020-06-12,0,0
BNA,2020-06-13,0,0
BNA,2020-06-14,1e-4,0.00254
BNA,2020-06-15,0,0
BNA,2020-06-16,0,0
BNA,2020-06-17,0,0
BNA,2020-06-18,0,0
BNA,2020-06-19,1e-4,0.00254
BNA,2020-06-20,0,0
BNA,2020-06-21,2.3506,59.705239999999996
BNA,2020-06-22,1e-4,0.00254
BNA,2020-06-23,1.4902,37.851079999999996
BNA,2020-06-24,0,0
BNA,2020-06-25,0.0102,0.25908
BNA,2020-06-26,0,0
BNA,2020-06-27,2e-4,0.00508
BNA,2020-06-28,3.0000000000000003e-4,0.00762
BNA,2020-06-29,0.0103,0.26161999999999996
BNA,2020-06-30,4.1304,104.91215999999999
BNA,2020-07-01,0.3303,8.389619999999999
BNA,2020-07-02,0,0
BNA,2020-07-03,0,0
BNA,2020-07-04,0,0
BNA,2020-07-05,0.4202,10.67308
BNA,2020-07-06,0,0
BNA,2020-07-07,0,0
BNA,2020-07-08,1e-4,0.00254
BNA,2020-07-09,0,0
BNA,2020-07-10,0,0
BNA,2020-07-11,0,0
BNA,2020-07-12,1.8101,45.97654
BNA,2020-07-13,1e-4,0.00254
BNA,2020-07-14,0,0
BNA,2020-07-15,0,0
BNA,2020-07-16,0,0
BNA,2020-07-17,0,0
BNA,2020-07-18,0,0
BNA,2020-07-19,0,0
BNA,2020-07-20,0,0
BNA,2020-07-21,0.0603,1.53162
BNA,2020-07-22,0.1603,4.071619999999999
BNA,2020-07-23,0.0405,1.0287
BNA,2020-07-24,0,0
BNA,2020-07-25,0.1603,4.071619999999999
BNA,2020-07-26,0.57,14.477999999999998
BNA,2020-07-27,0,0
BNA,2020-07-28,0.41000000000000003,10.414
BNA,2020-07-29,2.5703,65.28562
BNA,2020-07-30,0.1703,4.32562
BNA,2020-07-31,2.5006,63.51523999999999
BNA,2020-08-01,1.1106,28.209239999999998
BNA,2020-08-02,0,0
BNA,2020-08-03,0,0
BNA,2020-08-04,0,0
BNA,2020-08-05,0,0
BNA,2020-08-06,0,0
BNA,2020-08-07,0,0
BNA,2020-08-08,0,0
BNA,2020-08-09,0,0
BNA,2020-08-10,0.12,3.0479999999999996
BNA,2020-08-11,0,0
BNA,2020-08-12,0.17020000000000002,4.32308
BNA,2020-08-13,0,0
BNA,2020-08-14,0.8102,20.57908
BNA,2020-08-15,0.0304,0.77216
BNA,2020-08-16,1e-4,0.00254
BNA,2020-08-17,0,0
BNA,2020-08-18,0,0
BNA,2020-08-19,0,0
BNA,2020-08-20,0,0
BNA,2020-08-21,0.6706,17.03324
BNA,2020-08-22,2.6204,66.55816
BNA,2020-08-23,0.03,0.7619999999999999
BNA,2020-08-24,1.15,29.209999999999997
BNA,2020-08-25,0,0
BNA,2020-08-26,0,0
BNA,2020-08-27,0,0
BNA,2020-08-28,2.4605,62.4967
BNA,2020-08-29,0.5207,13.22578
BNA,2020-08-30,1.9802,50.297079999999994
BNA,2020-08-31,1.5507,39.38778
BNA,2020-09-01,0.2202,5.59308
BNA,2020-09-02,0.0101,0.25654
BNA,2020-09-03,0.07,1.778
BNA,2020-09-04,0,0
BNA,2020-09-05,0,0
BNA,2020-09-06,0,0
BNA,2020-09-07,0,0
BNA,2020-09-08,0,0
BNA,2020-09-09,0,0
BNA,2020-09-10,0,0
BNA,2020-09-11,0,0
BNA,2020-09-12,0.6402,16.26108
BNA,2020-09-13,8.9304,226.83216
BNA,2020-09-14,0,0
BNA,2020-09-15,0,0
BNA,2020-09-16,1e-4,0.00254
BNA,2020-09-17,0,0
BNA,2020-09-18,0,0
BNA,2020-09-19,0,0
BNA,2020-09-20,0,0
BNA,2020-09-21,0,0
BNA,2020-09-22,0,0
BNA,2020-09-23,0.0106,0.26924
BNA,2020-09-24,0.0405,1.0287
BNA,2020-09-25,3.0000000000000003e-4,0.00762
BNA,2020-09-26,0,0
BNA,2020-09-27,0,0
BNA,2020-09-28,0.2609,6.62686
BNA,2020-09-29,0,0
BNA,2020-09-30,0,0
BNA,2020-10-01,0,0
BNA,2020-10-02,0,0
BNA,2020-10-03,0,0
BNA,2020-10-04,0,0
BNA,2020-10-05,0,0
BNA,2020-10-06,0,0
BNA,2020-10-07,0,0
BNA,2020-10-08,0,0
BNA,2020-10-09,1e-4,0.00254
BNA,2020-10-10,1.1303,28.70962
BNA,2020-10-11,1.1609,29.48686
BNA,2020-10-12,0.20040000000000002,5.09016
BNA,2020-10-13,0.02,0.508
BNA,2020-10-14,0,0
BNA,2020-10-15,1e-4,0.00254
BNA,2020-10-16,0.1106,2.80924
BNA,2020-10-17,0,0
BNA,2020-10-18,0.0102,0.25908
BNA,2020-10-19,0,0
BNA,2020-10-20,0,0
BNA,2020-10-21,0,0
BNA,2020-10-22,0,0
BNA,2020-10-23,4e-4,0.01016
BNA,2020-10-24,1.7507,44.46778
BNA,2020-10-25,0.0101,0.25654
BNA,2020-10-26,0.0108,0.27432
BNA,2020-10-27,4e-4,0.01016
BNA,2020-10-28,1.1305,28.7147
BNA,2020-10-29,0.4508,11.45032
BNA,2020-10-30,0.0304,0.77216
BNA,2020-10-31,0,0
BNA,2020-11-01,3.0000000000000003e-4,0.00762
BNA,2020-11-02,0,0
BNA,2020-11-03,0,0
BNA,2020-11-04,0,0
BNA,2020-11-05,0,0
BNA,2020-11-06,0,0
BNA,2020-11-07,0,0
BNA,2020-11-08,0,0
BNA,2020-11-09,0,0
BNA,2020-11-10,3.0000000000000003e-4,0.00762
BNA,2020-11-11,0.16090000000000002,4.08686
BNA,2020-11-12,0,0
BNA,2020-11-13,0,0
BNA,2020-11-14,0,0
BNA,2020-11-15,0.2704,6.868159999999999
BNA,2020-11-16,0,0
BNA,2020-11-17,0,0
BNA,2020-11-18,0,0
BNA,2020-11-19,0,0
BNA,2020-11-20,0,0
BNA,2020-11-21,0,0
BNA,2020-11-22,0.0706,1.7932399999999997
BNA,2020-11-23,0,0
BNA,2020-11-24,0,0
BNA,2020-11-25,0.0403,1.02362
BNA,2020-11-26,0,0
BNA,2020-11-27,0,0
BNA,2020-11-28,0,0
BNA,2020-11-29,0.0101,0.25654
BNA,2020-11-30,1.3315000000000001,33.820100000000004
BNA,2020-12-01,7e-4,0.017779999999999997
BNA,2020-12-02,0,0
BNA,2020-12-03,0.02,0.508
BNA,2020-12-04,1.2709,32.28086
BNA,2020-12-05,0,0
BNA,2020-12-06,0,0
BNA,2020-12-07,0,0
BNA,2020-12-08,0,0
BNA,2020-12-09,0,0
BNA,2020-12-10,0,0
BNA,2020-12-11,0,0
BNA,2020-12-12,0.1303,3.30962
BNA,2020-12-13,0,0
BNA,2020-12-14,1.7701,44.960539999999995
BNA,2020-12-15,0,0
BNA,2020-12-16,0.3308,8.40232
BNA,2020-12-17,0.0105,0.2667
BNA,2020-12-18,0,0
BNA,2020-12-19,0.0102,0.25908
BNA,2020-12-20,0.3802,9.657079999999999
BNA,2020-12-21,0,0
BNA,2020-12-22,0,0
BNA,2020-12-23,0,0
BNA,2020-12-24,1.2405,31.508699999999997
BNA,2020-12-25,0.0207,0.5257799999999999
BNA,2020-12-26,0,0
BNA,2020-12-27,0,0
BNA,2020-12-28,0,0
BNA,2020-12-29,0,0
BNA,2020-12-30,0,0
BNA,2020-12-31,0,0
BNA,2021-01-01,0.9302,23.62708
BNA,2021-01-02,0,0
BNA,2021-01-03,0.061200000000000004,1.55448
BNA,2021-01-04,0,0
BNA,2021-01-05,0,0
BNA,2021-01-06,0,0
BNA,2021-01-07,0,0
BNA,2021-01-08,3.0000000000000003e-4,0.00762
BNA,2021-01-09,0,0
BNA,2021-01-10,0,0
BNA,2021-01-11,0.0013000000000000002,0.03302
BNA,2021-01-12,0.0309,0.78486
BNA,2021-01-13,0,0
BNA,2021-01-14,0,0
BNA,2021-01-15,0.0403,1.02362
BNA,2021-01-16,6.000000000000001e-4,0.01524
BNA,2021-01-17,0,0
BNA,2021-01-18,0,0
BNA,2021-01-19,0,0
BNA,2021-01-20,0,0
BNA,2021-01-21,0.2505,6.362699999999999
BNA,2021-01-22,0,0
BNA,2021-01-23,0,0
BNA,2021-01-24,0.0405,1.0287
BNA,2021-01-25,0.9408,23.89632
BNA,2021-01-26,2.2,55.88
BNA,2021-01-27,0.0303,0.76962
BNA,2021-01-28,3.0000000000000003e-4,0.00762
BNA,2021-01-29,0,0
BNA,2021-01-30,0.0106,0.26924
BNA,2021-01-31,0.3707,9.415779999999998
BNA,2021-02-01,0.032100000000000004,0.8153400000000001
BNA,2021-02-02,0,0
BNA,2021-02-03,0,0
BNA,2021-02-04,1e-4,0.00254
BNA,2021-02-05,0.22,5.588
BNA,2021-02-06,0,0
BNA,2021-02-07,0.3003,7.62762
BNA,2021-02-08,0,0
BNA,2021-02-09,0,0
BNA,2021-02-10,2e-4,0.00508
BNA,2021-02-11,0.5306,13.477239999999998
BNA,2021-02-12,0,0
BNA,2021-02-13,3.0000000000000003e-4,0.00762
BNA,2021-02-14,9.000000000000001e-4,0.022860000000000002
BNA,2021-02-15,1.4729,37.41166
BNA,2021-02-16,0.1115,2.8321
BNA,2021-02-17,0.0906,2.30124
BNA,2021-02-18,0.3916,9.94664
BNA,2021-02-19,0,0
BNA,2021-02-20,0,0
BNA,2021-02-21,0,0
BNA,2021-02-22,0.15030000000000002,3.8176200000000002
BNA,2021-02-23,0,0
BNA,2021-02-24,0,0
BNA,2021-02-25,2e-4,0.00508
BNA,2021-02-26,0.1802,4.57708
BNA,2021-02-27,1.3707,34.81578
BNA,2021-02-28,1.3106,33.28924
BNA,2021-03-01,2.4405,61.9887
BNA,2021-03-02,0,0
BNA,2021-03-03,0,0
BNA,2021-03-04,0,0
BNA,2021-03-05,0,0
BNA,2021-03-06,0,0
BNA,2021-03-07,0,0
BNA,2021-03-08,0,0
BNA,2021-03-09,0,0
BNA,2021-03-10,0,0
BNA,2021-03-11,0,0
BNA,2021-03-12,0.2304,5.85216
BNA,2021-03-13,0.3506,8.905240000000001
BNA,2021-03-14,0.0104,0.26415999999999995
BNA,2021-03-15,0.26030000000000003,6.61162
BNA,2021-03-16,0,0
BNA,2021-03-17,1.1903,30.233619999999995
BNA,2021-03-18,1.0308,26.182319999999997
BNA,2021-03-19,5e-4,0.0127
BNA,2021-03-20,0,0
BNA,2021-03-21,0,0
BNA,2021-03-22,0,0
BNA,2021-03-23,3.0000000000000003e-4,0.00762
BNA,2021-03-24,0,0
BNA,2021-03-25,1.6502000000000001,41.91508
BNA,2021-03-26,2.4001,60.96254
BNA,2021-03-27,3.2411,82.32394
BNA,2021-03-28,20.35,516.89
BNA,2021-03-29,0,0
BNA,2021-03-30,1e-4,0.00254
BNA,2021-03-31,3.1206,79.26324
BNA,2021-04-01,0,0
BNA,2021-04-02,0,0
BNA,2021-04-03,0,0
BNA,2021-04-04,0,0
BNA,2021-04-05,0,0
BNA,2021-04-06,0,0
BNA,2021-04-07,0,0
BNA,2021-04-08,0.48009999999999997,12.194539999999998
BNA,2021-04-09,0,0
BNA,2021-04-10,0.2404,6.10616
BNA,2021-04-11,0,0
BNA,2021-04-12,0,0
BNA,2021-04-13,1e-4,0.00254
BNA,2021-04-14,3.0000000000000003e-4,0.00762
BNA,2021-04-15,0,0
BNA,2021-04-16,0,0
BNA,2021-04-17,2e-4,0.00508
BNA,2021-04-18,0,0
BNA,2021-04-19,0.0101,0.25654
BNA,2021-04-20,0,0
BNA,2021-04-21,0.0801,2.03454
BNA,2021-04-22,0,0
BNA,2021-04-23,0.0703,1.78562
BNA,2021-04-24,0.3504,8.90016
BNA,2021-04-25,2e-4,0.00508
BNA,2021-04-26,0,0
BNA,2021-04-27,0,0
BNA,2021-04-28,2.3008,58.44032
BNA,2021-04-29,0.7805,19.824699999999996
BNA,2021-04-30,0.03,0.7619999999999999
BNA,2021-05-01,0,0
BNA,2021-05-02,0.030100000000000002,0.76454
BNA,2021-05-03,4.7802,121.41707999999998
BNA,2021-05-04,0.9107000000000001,23.13178
BNA,2021-05-05,0.7902,20.07108
BNA,2021-05-06,0.5801000000000001,14.73454
BNA,2021-05-07,2e-4,0.00508
BNA,2021-05-08,0,0
BNA,2021-05-09,0.6202,15.753079999999999
BNA,2021-05-10,0.0903,2.29362
BNA,2021-05-11,0,0
BNA,2021-05-12,0.0102,0.25908
BNA,2021-05-13,0,0
BNA,2021-05-14,0,0
BNA,2021-05-15,0,0
BNA,2021-05-16,0.0202,0.51308
BNA,2021-05-17,0,0
BNA,2021-05-18,0,0
BNA,2021-05-19,2e-4,0.00508
BNA,2021-05-20,0,0
BNA,2021-05-21,0,0
BNA,2021-05-22,0,0
BNA,2021-05-23,0,0
BNA,2021-05-24,0,0
BNA,2021-05-25,0,0
BNA,2021-05-26,0.5402,13.721079999999999
BNA,2021-05-27,0,0
BNA,2021-05-28,1.4306,36.33724
BNA,2021-05-29,0.6206,15.76324
BNA,2021-05-30,0,0
BNA,2021-05-31,0,0
BNA,2021-06-01,2e-4,0.00508
BNA,2021-06-02,1.8005,45.732699999999994
BNA,2021-06-03,0.07010000000000001,1.7805400000000002
BNA,2021-06-04,0,0
BNA,2021-06-05,0,0
BNA,2021-06-06,0.0211,0.53594
BNA,2021-06-07,4e-4,0.01016
BNA,2021-06-08,0,0
BNA,2021-06-09,1.1405,28.968700000000002
BNA,2021-06-10,0.2303,5.84962
BNA,2021-06-11,0.46030000000000004,11.69162
BNA,2021-06-12,1e-4,0.00254
BNA,2021-06-13,0,0
BNA,2021-06-14,0,0
BNA,2021-06-15,0,0
BNA,2021-06-16,0,0
BNA,2021-06-17,0,0
BNA,2021-06-18,0,0
BNA,2021-06-19,0,0
BNA,2021-06-20,0,0
BNA,2021-06-21,0.13,3.302
BNA,2021-06-22,0.0102,0.25908
BNA,2021-06-23,0,0
BNA,2021-06-24,0,0
BNA,2021-06-25,0,0
BNA,2021-06-26,0,0
BNA,2021-06-27,0,0
BNA,2021-06-28,0.0902,2.29108
BNA,2021-06-29,0,0
BNA,2021-06-30,2e-4,0.00508
BNA,2021-07-01,0.7303,18.549619999999997
BNA,2021-07-02,0.0101,0.25654
BNA,2021-07-03,0,0
BNA,2021-07-04,0,0
BNA,2021-07-05,0,0
BNA,2021-07-06,0,0
BNA,2021-07-07,0.8101,20.57654
BNA,2021-07-08,0,0
BNA,2021-07-09,2e-4,0.00508
BNA,2021-07-10,0,0
BNA,2021-07-11,0.7905,20.078699999999998
BNA,2021-07-12,3.0000000000000003e-4,0.00762
BNA,2021-07-13,0.0305,0.7746999999999999
BNA,2021-07-14,0,0
BNA,2021-07-15,0,0
BNA,2021-07-16,0.01,0.254
BNA,2021-07-17,1e-4,0.00254
BNA,2021-07-18,7.2902000000000005,185.17108
BNA,2021-07-19,0,0
BNA,2021-07-20,0,0
BNA,2021-07-21,0,0
BNA,2021-07-22,0,0
BNA,2021-07-23,0,0
BNA,2021-07-24,0,0
BNA,2021-07-25,3.1802,80.77708
BNA,2021-07-26,0.34040000000000004,8.64616
BNA,2021-07-27,0,0
BNA,2021-07-28,0,0
BNA,2021-07-29,0,0
BNA,2021-07-30,0,0
BNA,2021-07-31,0,0
BNA,2021-08-01,8.7101,221.23654
BNA,2021-08-02,0,0
BNA,2021-08-03,0,0
BNA,2021-08-04,0,0
BNA,2021-08-05,0,0
BNA,2021-08-06,0,0
BNA,2021-08-07,0.01,0.254
BNA,2021-08-08,0,0
BNA,2021-08-09,0.1201,3.05054
BNA,2021-08-10,0,0
BNA,2021-08-11,0,0
BNA,2021-08-12,1e-4,0.00254
BNA,2021-08-13,0.6606,16.779239999999998
BNA,2021-08-14,0,0
BNA,2021-08-15,0.6702,17.02308
BNA,2021-08-16,0.0106,0.26924
BNA,2021-08-17,0,0
BNA,2021-08-18,0.5503,13.97762
BNA,2021-08-19,0.4102,10.41908
BNA,2021-08-20,0.1,2.54
BNA,2021-08-21,1.2003,30.487619999999996
BNA,2021-08-22,5.34,135.636
BNA,2021-08-23,0,0
BNA,2021-08-24,0,0
BNA,2021-08-25,0,0
BNA,2021-08-26,2e-4,0.00508
BNA,2021-08-27,4e-4,0.01016
BNA,2021-08-28,0.54,13.716
BNA,2021-08-29,0.25,6.35
BNA,2021-08-30,0.4904,12.456159999999999
BNA,2021-08-31,3.1302,79.50707999999999
BNA,2021-09-01,0.060000000000000005,1.524
BNA,2021-09-02,0,0
BNA,2021-09-03,0,0
BNA,2021-09-04,0,0
BNA,2021-09-05,0.0402,1.02108
BNA,2021-09-06,0,0
BNA,2021-09-07,0,0
BNA,2021-09-08,0.0101,0.25654
BNA,2021-09-09,0,0
BNA,2021-09-10,0,0
BNA,2021-09-11,0,0
BNA,2021-09-12,0,0
BNA,2021-09-13,0,0
BNA,2021-09-14,0.030199999999999998,0.7670799999999999
BNA,2021-09-15,0.6602,16.76908
BNA,2021-09-16,0,0
BNA,2021-09-17,0.6608,16.78432
BNA,2021-09-18,1.11,28.194000000000003
BNA,2021-09-19,1.7305,43.954699999999995
BNA,2021-09-20,4.8507,123.20777999999999
BNA,2021-09-21,0.19,4.826
BNA,2021-09-22,1.3201,33.53054
BNA,2021-09-23,0,0
BNA,2021-09-24,0,0
BNA,2021-09-25,1e-4,0.00254
BNA,2021-09-26,0,0
BNA,2021-09-27,0,0
BNA,2021-09-28,0,0
BNA,2021-09-29,0,0
BNA,2021-09-30,0,0
BNA,2021-10-01,0,0
BNA,2021-10-02,0.0601,1.52654
BNA,2021-10-03,4.0807,103.64977999999999
BNA,2021-10-04,0,0
BNA,2021-10-05,1.7402,44.20108
BNA,2021-10-06,0.8107,20.59178
BNA,2021-10-07,0.24,6.095999999999999
BNA,2021-10-08,0,0
BNA,2021-10-09,0,0
BNA,2021-10-10,0,0
BNA,2021-10-11,0,0
BNA,2021-10-12,0.0201,0.51054
BNA,2021-10-13,0,0
BNA,2021-10-14,0,0
BNA,2021-10-15,0.0907,2.30378
BNA,2021-10-16,0.3604,9.15416
BNA,2021-10-17,0,0
BNA,2021-10-18,0,0
BNA,2021-10-19,0,0
BNA,2021-10-20,0,0
BNA,2021-10-21,0.1101,2.79654
BNA,2021-10-22,0,0
BNA,2021-10-23,0,0
BNA,2021-10-24,0,0
BNA,2021-10-25,1.8501,46.99254
BNA,2021-10-26,0,0
BNA,2021-10-27,0,0
BNA,2021-10-28,0.2207,5.60578
BNA,2021-10-29,0.3604,9.15416
BNA,2021-10-30,0.1405,3.5687
BNA,2021-10-31,1e-4,0.00254
BNA,2021-11-01,0,0
BNA,2021-11-02,3.0000000000000003e-4,0.00762
BNA,2021-11-03,0,0
BNA,2021-11-04,0,0
BNA,2021-11-05,0,0
BNA,2021-11-06,0,0
BNA,2021-11-07,0,0
BNA,2021-11-08,0,0
BNA,2021-11-09,0,0
BNA,2021-11-10,0,0
BNA,2021-11-11,1.35,34.29
BNA,2021-11-12,0,0
BNA,2021-11-13,2e-4,0.00508
BNA,2021-11-14,0,0
BNA,2021-11-15,0,0
BNA,2021-11-16,0,0
BNA,2021-11-17,0,0
BNA,2021-11-18,0.3,7.619999999999999
BNA,2021-11-19,0,0
BNA,2021-11-20,0,0
BNA,2021-11-21,0.6403,16.26362
BNA,2021-11-22,0.0701,1.7805399999999998
BNA,2021-11-23,0,0
BNA,2021-11-24,0,0
BNA,2021-11-25,0.4403,11.18362
BNA,2021-11-26,0.0903,2.29362
BNA,2021-11-27,0,0
BNA,2021-11-28,0,0
BNA,2021-11-29,0,0
BNA,2021-11-30,0,0
BNA,2021-12-01,0.04,1.016
BNA,2021-12-02,1e-4,0.00254
BNA,2021-12-03,0,0
BNA,2021-12-04,0,0
BNA,2021-12-05,0.0101,0.25654
BNA,2021-12-06,5.9108,150.13432
BNA,2021-12-07,0,0
BNA,2021-12-08,0,0
BNA,2021-12-09,0,0
BNA,2021-12-10,0.26,6.604
BNA,2021-12-11,0.4103,10.421619999999999
BNA,2021-12-12,0,0
BNA,2021-12-13,0,0
BNA,2021-12-14,0,0
BNA,2021-12-15,0,0
BNA,2021-12-16,0.1303,3.30962
BNA,2021-12-17,1.4505,36.842699999999994
BNA,2021-12-18,1.1703999999999999,29.728159999999995
BNA,2021-12-19,1e-4,0.00254
BNA,2021-12-20,0,0
BNA,2021-12-21,0,0
BNA,2021-12-22,0,0
BNA,2021-12-23,0,0
BNA,2021-12-24,0,0
BNA,2021-12-25,0,0
BNA,2021-12-26,0,0
BNA,2021-12-27,0,0
BNA,2021-12-28,0.0207,0.5257799999999999
BNA,2021-12-29,0.5801000000000001,14.73454
BNA,2021-12-30,0.08020000000000001,2.03708
BNA,2021-12-31,0.01,0.254
BNA,2022-01-01,3.1403,79.76361999999999
BNA,2022-01-02,0.9302,23.62708
BNA,2022-01-03,0.4407,11.193779999999999
BNA,2022-01-04,0,0
BNA,2022-01-05,0,0
BNA,2022-01-06,1.3208,33.54832
BNA,2022-01-07,3.0000000000000003e-4,0.00762
BNA,2022-01-08,0,0
BNA,2022-01-09,2.3305,59.19469999999999
BNA,2022-01-10,0,0
BNA,2022-01-11,0,0
BNA,2022-01-12,0,0
BNA,2022-01-13,2e-4,0.00508
BNA,2022-01-14,0,0
BNA,2022-01-15,0.0102,0.25908
BNA,2022-01-16,1.5508,39.390319999999996
BNA,2022-01-17,8e-4,0.02032
BNA,2022-01-18,0,0
BNA,2022-01-19,1.1403,28.963620000000002
BNA,2022-01-20,0.38070000000000004,9.669780000000001
BNA,2022-01-21,0,0
BNA,2022-01-22,0,0
BNA,2022-01-23,0,0
BNA,2022-01-24,0,0
BNA,2022-01-25,0,0
BNA,2022-01-26,0,0
BNA,2022-01-27,0,0
BNA,2022-01-28,0.0012000000000000001,0.03048
BNA,2022-01-29,5e-4,0.0127
BNA,2022-01-30,0,0
BNA,2022-01-31,0,0
BNA,2022-02-01,0,0
BNA,2022-02-02,1.7203,43.69562
BNA,2022-02-03,2.3103000000000002,58.68162
BNA,2022-02-04,0.0516,1.31064
BNA,2022-02-05,0,0
BNA,2022-02-06,0,0
BNA,2022-02-07,0,0
BNA,2022-02-08,0,0
BNA,2022-02-09,0,0
BNA,2022-02-10,0,0
BNA,2022-02-11,0,0
BNA,2022-02-12,4e-4,0.01016
BNA,2022-02-13,0,0
BNA,2022-02-14,0,0
BNA,2022-02-15,0,0
BNA,2022-02-16,0,0
BNA,2022-02-17,5.2804,134.12216
BNA,2022-02-18,0,0
BNA,2022-02-19,0,0
BNA,2022-02-20,0,0
BNA,2022-02-21,2e-4,0.00508
BNA,2022-02-22,2.8004,71.13015999999999
BNA,2022-02-23,0.66,16.764
BNA,2022-02-24,2.8903,73.41362
BNA,2022-02-25,0.0909,2.3088599999999997
BNA,2022-02-26,0,0
BNA,2022-02-27,0.0403,1.02362
BNA,2022-02-28,0,0
BNA,2022-03-01,0,0
BNA,2022-03-02,0,0
BNA,2022-03-03,0,0
BNA,2022-03-04,0,0
BNA,2022-03-05,0,0
BNA,2022-03-06,0,0
BNA,2022-03-07,0.9304,23.63216
BNA,2022-03-08,0,0
BNA,2022-03-09,0.2607,6.621779999999999
BNA,2022-03-10,0,0
BNA,2022-03-11,1e-4,0.00254
BNA,2022-03-12,0.4608,11.70432
BNA,2022-03-13,0,0
BNA,2022-03-14,0,0
BNA,2022-03-15,2e-4,0.00508
BNA,2022-03-16,0.1109,2.8168599999999997
BNA,2022-03-17,0,0
BNA,2022-03-18,0.5301,13.46454
BNA,2022-03-19,4e-4,0.01016
BNA,2022-03-20,0,0
BNA,2022-03-21,0,0
BNA,2022-03-22,0.0801,2.03454
BNA,2022-03-23,2.87,72.898
BNA,2022-03-24,0,0
BNA,2022-03-25,1e-4,0.00254
BNA,2022-03-26,0,0
BNA,2022-03-27,0,0
BNA,2022-03-28,0,0
BNA,2022-03-29,0,0
BNA,2022-03-30,0,0
BNA,2022-03-31,1.5708,39.89832
BNA,2022-04-01,0.0104,0.26415999999999995
BNA,2022-04-02,0,0
BNA,2022-04-03,0,0
BNA,2022-04-04,0,0
BNA,2022-04-05,0.5104,12.964159999999998
BNA,2022-04-06,0.7108,18.054319999999997
BNA,2022-04-07,2e-4,0.00508
BNA,2022-04-08,0.0407,1.03378
BNA,2022-04-09,0,0
BNA,2022-04-10,0,0
BNA,2022-04-11,0.4403,11.18362
BNA,2022-04-12,5.8405000000000005,148.3487
BNA,2022-04-13,6.000000000000001e-4,0.01524
BNA,2022-04-14,2.7103,68.84162
BNA,2022-04-15,0,0
BNA,2022-04-16,0.9600000000000001,24.384
BNA,2022-04-17,1e-4,0.00254
BNA,2022-04-18,2.9303,74.42962
BNA,2022-04-19,0,0
BNA,2022-04-20,0,0
BNA,2022-04-21,0.1204,3.0581599999999995
BNA,2022-04-22,0,0
BNA,2022-04-23,0,0
BNA,2022-04-24,0,0
BNA,2022-04-25,0.91,23.114
BNA,2022-04-26,0.0205,0.5206999999999999
BNA,2022-04-27,0,0
BNA,2022-04-28,0,0
BNA,2022-04-29,0,0
BNA,2022-04-30,0,0
BNA,2022-05-01,0.4903,12.453619999999999
BNA,2022-05-02,0,0
BNA,2022-05-03,1e-4,0.00254
BNA,2022-05-04,2e-4,0.00508
BNA,2022-05-05,0.4,10.16
BNA,2022-05-06,0.5109,12.97686
BNA,2022-05-07,0.0606,1.53924
BNA,2022-05-08,0,0
BNA,2022-05-09,0,0
BNA,2022-05-10,0,0
BNA,2022-05-11,0,0
BNA,2022-05-12,0,0
BNA,2022-05-13,0,0
BNA,2022-05-14,0,0
BNA,2022-05-15,0.0201,0.51054
BNA,2022-05-16,0,0
BNA,2022-05-17,0,0
BNA,2022-05-18,0,0
BNA,2022-05-19,0,0
BNA,2022-05-20,0,0
BNA,2022-05-21,0,0
BNA,2022-05-22,2.831,71.9074
BNA,2022-05-23,0.1307,3.31978
BNA,2022-05-24,1.1302,28.70708
BNA,2022-05-25,1.3104,33.28416
BNA,2022-05-26,0.8708,22.11832
BNA,2022-05-27,0,0
BNA,2022-05-28,0,0
BNA,2022-05-29,0,0
BNA,2022-05-30,0,0
BNA,2022-05-31,0,0
BNA,2022-06-01,0,0
BNA,2022-06-02,6.000000000000001e-4,0.01524
BNA,2022-06-03,0,0
BNA,2022-06-04,0,0
BNA,2022-06-05,0,0
BNA,2022-06-06,0.040100000000000004,1.01854
BNA,2022-06-07,1.0605,26.9367
BNA,2022-06-08,0.10010000000000001,2.5425400000000002
BNA,2022-06-09,0,0
BNA,2022-06-10,0,0
BNA,2022-06-11,0,0
BNA,2022-06-12,0,0
BNA,2022-06-13,0,0
BNA,2022-06-14,0,0
BNA,2022-06-15,0,0
BNA,2022-06-16,0,0
BNA,2022-06-17,0.5301,13.46454
BNA,2022-06-18,0,0
BNA,2022-06-19,0,0
BNA,2022-06-20,0,0
BNA,2022-06-21,0,0
BNA,2022-06-22,0,0
BNA,2022-06-23,0,0
BNA,2022-06-24,0,0
BNA,2022-06-25,0,0
BNA,2022-06-26,0,0
BNA,2022-06-27,0,0
BNA,2022-06-28,0,0
BNA,2022-06-29,0,0
BNA,2022-06-30,0.6900000000000001,17.526
BNA,2022-07-01,0,0
BNA,2022-07-02,0,0
BNA,2022-07-03,1.6906,42.94124
BNA,2022-07-04,0.2901,7.36854
BNA,2022-07-05,2e-4,0.00508
BNA,2022-07-06,1e-4,0.00254
BNA,2022-07-07,2.0402,51.821079999999995
BNA,2022-07-08,0.02,0.508
BNA,2022-07-09,5.3504,135.90015999999997
BNA,2022-07-10,0.8502,21.59508
BNA,2022-07-11,0,0
BNA,2022-07-12,2e-4,0.00508
BNA,2022-07-13,0,0
BNA,2022-07-14,0,0
BNA,2022-07-15,0,0
BNA,2022-07-16,0,0
BNA,2022-07-17,0,0
BNA,2022-07-18,0.8005,20.3327
BNA,2022-07-19,0,0
BNA,2022-07-20,0,0
BNA,2022-07-21,0.0103,0.26161999999999996
BNA,2022-07-22,0,0
BNA,2022-07-23,0,0
BNA,2022-07-24,0,0
BNA,2022-07-25,0,0
BNA,2022-07-26,0.5303,13.469619999999999
BNA,2022-07-27,0,0
BNA,2022-07-28,0.0901,2.28854
BNA,2022-07-29,5.4204,137.67816
BNA,2022-07-30,0,0
BNA,2022-07-31,2e-4,0.00508
BNA,2022-08-01,0,0
BNA,2022-08-02,0,0
BNA,2022-08-03,2e-4,0.00508
BNA,2022-08-04,0,0
BNA,2022-08-05,0.22999999999999998,5.842
BNA,2022-08-06,0.3101,7.876539999999999
BNA,2022-08-07,4.3301,109.98454
BNA,2022-08-08,0,0
BNA,2022-08-09,1.5101,38.356539999999995
BNA,2022-08-10,1.0602,26.92908
BNA,2022-08-11,1e-4,0.00254
BNA,2022-08-12,0,0
BNA,2022-08-13,0,0
BNA,2022-08-14,0,0
BNA,2022-08-15,0,0
BNA,2022-08-16,0.0204,0.51816
BNA,2022-08-17,0,0
BNA,2022-08-18,0,0
BNA,2022-08-19,1.08,27.432
BNA,2022-08-20,0.16,4.064
BNA,2022-08-21,1e-4,0.00254
BNA,2022-08-22,4e-4,0.01016
BNA,2022-08-23,0,0
BNA,2022-08-24,0,0
BNA,2022-08-25,0.03,0.7619999999999999
BNA,2022-08-26,0,0
BNA,2022-08-27,0,0
BNA,2022-08-28,0,0
BNA,2022-08-29,0.0303,0.76962
BNA,2022-08-30,3.0000000000000003e-4,0.00762
BNA,2022-08-31,0,0
BNA,2022-09-01,0,0
BNA,2022-09-02,0,0
BNA,2022-09-03,0.6911,17.55394
BNA,2022-09-04,0.060000000000000005,1.524
BNA,2022-09-05,0.1102,2.79908
BNA,2022-09-06,2e-4,0.00508
BNA,2022-09-07,0,0
BNA,2022-09-08,0,0
BNA,2022-09-09,0,0
BNA,2022-09-10,0.2306,5.85724
BNA,2022-09-11,0.2504,6.36016
BNA,2022-09-12,2.1702,55.123079999999995
BNA,2022-09-13,0,0
BNA,2022-09-14,0,0
BNA,2022-09-15,0,0
BNA,2022-09-16,0,0
BNA,2022-09-17,0,0
BNA,2022-09-18,0,0
BNA,2022-09-19,0,0
BNA,2022-09-20,0,0
BNA,2022-09-21,0,0
BNA,2022-09-22,1e-4,0.00254
BNA,2022-09-23,0,0
BNA,2022-09-24,0.0106,0.26924
BNA,2022-09-25,1e-4,0.00254
BNA,2022-09-26,0,0
BNA,2022-09-27,0,0
BNA,2022-09-28,0,0
BNA,2022-09-29,0,0
BNA,2022-09-30,0,0
BNA,2022-10-01,0,0
BNA,2022-10-02,0,0
BNA,2022-10-03,0,0
BNA,2022-10-04,0,0
BNA,2022-10-05,0,0
BNA,2022-10-06,0,0
BNA,2022-10-07,0,0
BNA,2022-10-08,0,0
BNA,2022-10-09,0,0
BNA,2022-10-10,0,0
BNA,2022-10-11,0,0
BNA,2022-10-12,0.38020000000000004,9.65708
BNA,2022-10-13,1e-4,0.00254
BNA,2022-10-14,0,0
BNA,2022-10-15,0.01,0.254
BNA,2022-10-16,0.0204,0.51816
BNA,2022-10-17,0.2501,6.352539999999999
BNA,2022-10-18,0,0
BNA,2022-10-19,0,0
BNA,2022-10-20,0,0
BNA,2022-10-21,0,0
BNA,2022-10-22,0,0
BNA,2022-10-23,0,0
BNA,2022-10-24,0,0
BNA,2022-10-25,1e-4,0.00254
BNA,2022-10-26,0.0101,0.25654
BNA,2022-10-27,0,0
BNA,2022-10-28,0,0
BNA,2022-10-29,0,0
BNA,2022-10-30,0.4003,10.16762
BNA,2022-10-31,0.19060000000000002,4.84124
BNA,2022-11-01,0.06,1.5239999999999998
BNA,2022-11-02,0.0103,0.26161999999999996
BNA,2022-11-03,0,0
BNA,2022-11-04,0,0
BNA,2022-11-05,0.4501,11.43254
BNA,2022-11-06,0.1412,3.5864799999999994
BNA,2022-11-07,2e-4,0.00508
BNA,2022-11-08,0,0
BNA,2022-11-09,0,0
BNA,2022-11-10,0,0
BNA,2022-11-11,3.3503,85.09761999999999
BNA,2022-11-12,0.0904,2.2961599999999995
BNA,2022-11-13,0,0
BNA,2022-11-14,0,0
BNA,2022-11-15,0.3405,8.6487
BNA,2022-11-16,0,0
BNA,2022-11-17,0,0
BNA,2022-11-18,0,0
BNA,2022-11-19,0,0
BNA,2022-11-20,0,0
BNA,2022-11-21,0,0
BNA,2022-11-22,0,0
BNA,2022-11-23,0,0
BNA,2022-11-24,2e-4,0.00508
BNA,2022-11-25,0.0206,0.5232399999999999
BNA,2022-11-26,2e-4,0.00508
BNA,2022-11-27,0.6403,16.26362
BNA,2022-11-28,0.0711,1.8059399999999999
BNA,2022-11-29,0.43,10.921999999999999
BNA,2022-11-30,3.3004000000000002,83.83016
BNA,2022-12-01,0,0
BNA,2022-12-02,6.000000000000001e-4,0.01524
BNA,2022-12-03,0.3206,8.143239999999999
BNA,2022-12-04,0,0
BNA,2022-12-05,0.2003,5.08762
BNA,2022-12-06,0.6009,15.262859999999998
BNA,2022-12-07,1.2609,32.02686
BNA,2022-12-08,1.4803,37.599619999999994
BNA,2022-12-09,0,0
BNA,2022-12-10,0.0302,0.76708
BNA,2022-12-11,0,0
BNA,2022-12-12,0,0
BNA,2022-12-13,0,0
BNA,2022-12-14,1.5808,40.152319999999996
BNA,2022-12-15,0.97,24.637999999999998
BNA,2022-12-16,0,0
BNA,2022-12-17,0,0
BNA,2022-12-18,0,0
BNA,2022-12-19,0,0
BNA,2022-12-20,1e-4,0.00254
BNA,2022-12-21,0,0
BNA,2022-12-22,0.07020000000000001,1.7830800000000002
BNA,2022-12-23,0.052000000000000005,1.3208
BNA,2022-12-24,0,0
BNA,2022-12-25,0,0
BNA,2022-12-26,0.1012,2.57048
BNA,2022-12-27,0,0
BNA,2022-12-28,0,0
BNA,2022-12-29,0.040100000000000004,1.01854
BNA,2022-12-30,1e-4,0.00254
BNA,2022-12-31,1.35,34.29
BNA,2023-01-01,0,0
BNA,2023-01-02,1e-4,0.00254
BNA,2023-01-03,2.7407,69.61377999999999
BNA,2023-01-04,0.14020000000000002,3.5610800000000005
BNA,2023-01-05,0,0
BNA,2023-01-06,0,0
BNA,2023-01-07,0.11030000000000001,2.8016200000000002
BNA,2023-01-08,0,0
BNA,2023-01-09,0,0
BNA,2023-01-10,0,0
BNA,2023-01-11,0,0
BNA,2023-01-12,0.2903,7.37362
BNA,2023-01-13,0.0228,0.57912
BNA,2023-01-14,0,0
BNA,2023-01-15,0,0
BNA,2023-01-16,4e-4,0.01016
BNA,2023-01-17,0.6704,17.02816
BNA,2023-01-18,0,0
BNA,2023-01-19,2.5501,64.77253999999999
BNA,2023-01-20,0,0
BNA,2023-01-21,0,0
BNA,2023-01-22,0.3312,8.412479999999999
BNA,2023-01-23,0,0
BNA,2023-01-24,0,0
BNA,2023-01-25,0.6009,15.262859999999998
BNA,2023-01-26,7e-4,0.017779999999999997
BNA,2023-01-27,0,0
BNA,2023-01-28,0,0
BNA,2023-01-29,1.0505,26.682699999999997
BNA,2023-01-30,0.0608,1.54432
BNA,2023-01-31,0.1708,4.3383199999999995
BNA,2023-02-01,0.3503,8.89762
BNA,2023-02-02,0.1508,3.8303199999999995
BNA,2023-02-03,0,0
BNA,2023-02-04,0,0
BNA,2023-02-05,0,0
BNA,2023-02-06,0,0
BNA,2023-02-07,0,0
BNA,2023-02-08,4e-4,0.01016
BNA,2023-02-09,0.2904,7.37616
BNA,2023-02-10,0,0
BNA,2023-02-11,0,0
BNA,2023-02-12,0.0101,0.25654
BNA,2023-02-13,0,0
BNA,2023-02-14,0,0
BNA,2023-02-15,5e-4,0.0127
BNA,2023-02-16,3.1111,79.02194
BNA,2023-02-17,0.0706,1.7932399999999997
BNA,2023-02-18,0,0
BNA,2023-02-19,0,0
BNA,2023-02-20,5e-4,0.0127
BNA,2023-02-21,0,0
BNA,2023-02-22,0,0
BNA,2023-02-23,0.0706,1.7932399999999997
BNA,2023-02-24,0.0403,1.02362
BNA,2023-02-25,0.4402,11.18108
BNA,2023-02-26,0.0104,0.26415999999999995
BNA,2023-02-27,0.13999999999999999,3.5559999999999996
BNA,2023-02-28,0,0
BNA,2023-03-01,1e-4,0.00254
BNA,2023-03-02,0.7401,18.79854
BNA,2023-03-03,1.1107,28.211779999999997
BNA,2023-03-04,0,0
BNA,2023-03-05,0,0
BNA,2023-03-06,0,0
BNA,2023-03-07,0,0
BNA,2023-03-08,0,0
BNA,2023-03-09,3.0000000000000003e-4,0.00762
BNA,2023-03-10,9.000000000000001e-4,0.022860000000000002
BNA,2023-03-11,0.0101,0.25654
BNA,2023-03-12,0.7702,19.56308
BNA,2023-03-13,0,0
BNA,2023-03-14,0,0
BNA,2023-03-15,0,0
BNA,2023-03-16,0,0
BNA,2023-03-17,0.8108,20.59432
BNA,2023-03-18,0,0
BNA,2023-03-19,3.0000000000000003e-4,0.00762
BNA,2023-03-20,0,0
BNA,2023-03-21,0.050100000000000006,1.27254
BNA,2023-03-22,0.32130000000000003,8.16102
BNA,2023-03-23,0,0
BNA,2023-03-24,0.2103,5.34162
BNA,2023-03-25,1.1801000000000001,29.97454
BNA,2023-03-26,0,0
BNA,2023-03-27,0,0
BNA,2023-03-28,0,0
BNA,2023-03-29,0,0
BNA,2023-03-30,0,0
BNA,2023-03-31,0.0905,2.2986999999999997
BNA,2023-04-01,0.6102,15.499079999999998
BNA,2023-04-02,0,0
BNA,2023-04-03,6.000000000000001e-4,0.01524
BNA,2023-04-04,0,0
BNA,2023-04-05,0.6699999999999999,17.017999999999997
BNA,2023-04-06,2.8707,72.91578
BNA,2023-04-07,0.0204,0.51816
BNA,2023-04-08,0.1307,3.31978
BNA,2023-04-09,0,0
BNA,2023-04-10,0,0
BNA,2023-04-11,0,0
BNA,2023-04-12,0,0
BNA,2023-04-13,1e-4,0.00254
BNA,2023-04-14,0.030199999999999998,0.7670799999999999
BNA,2023-04-15,0,0
BNA,2023-04-16,0.0403,1.02362
BNA,2023-04-17,0,0
BNA,2023-04-18,0,0
BNA,2023-04-19,0,0
BNA,2023-04-20,0,0
BNA,2023-04-21,0.03,0.7619999999999999
BNA,2023-04-22,1.1606,29.47924
BNA,2023-04-23,1e-4,0.00254
BNA,2023-04-24,0,0
BNA,2023-04-25,0,0
BNA,2023-04-26,0,0
BNA,2023-04-27,0.0805,2.0446999999999997
BNA,2023-04-28,0.3105,7.886699999999999
BNA,2023-04-29,0,0
BNA,2023-04-30,0.030100000000000002,0.76454
BNA,2023-05-01,0,0
BNA,2023-05-02,0,0
BNA,2023-05-03,0,0
BNA,2023-05-04,0,0
BNA,2023-05-05,2e-4,0.00508
BNA,2023-05-06,0,0
BNA,2023-05-07,1.9601,49.786539999999995
BNA,2023-05-08,2.3803,60.45962
BNA,2023-05-09,2e-4,0.00508
BNA,2023-05-10,0,0
BNA,2023-05-11,0.0205,0.5206999999999999
BNA,2023-05-12,1.2304,31.252159999999996
BNA,2023-05-13,0.01,0.254
BNA,2023-05-14,0.6904,17.53616
BNA,2023-05-15,1.3202,33.53308
BNA,2023-05-16,0.0101,0.25654
BNA,2023-05-17,0.01,0.254
BNA,2023-05-18,0,0
BNA,2023-05-19,0,0
BNA,2023-05-20,1.4908000000000001,37.86632
BNA,2023-05-21,0,0
BNA,2023-05-22,0,0
BNA,2023-05-23,1e-4,0.00254
BNA,2023-05-24,1e-4,0.00254
BNA,2023-05-25,0,0
BNA,2023-05-26,0,0
BNA,2023-05-27,0,0
BNA,2023-05-28,0,0
BNA,2023-05-29,0,0
BNA,2023-05-30,0,0
BNA,2023-05-31,0.01,0.254
BNA,2023-06-01,0,0
BNA,2023-06-02,0,0
BNA,2023-06-03,0,0
BNA,2023-06-04,0.1,2.54
BNA,2023-06-05,1e-4,0.00254
BNA,2023-06-06,0,0
BNA,2023-06-07,2e-4,0.00508
BNA,2023-06-08,0,0
BNA,2023-06-09,0,0
BNA,2023-06-10,0,0
BNA,2023-06-11,1.3402,34.04108
BNA,2023-06-12,0.0101,0.25654
BNA,2023-06-13,0,0
BNA,2023-06-14,1e-4,0.00254
BNA,2023-06-15,1e-4,0.00254
BNA,2023-06-16,0,0
BNA,2023-06-17,2e-4,0.00508
BNA,2023-06-18,0,0
BNA,2023-06-19,1.5005,38.1127
BNA,2023-06-20,0.46040000000000003,11.69416
BNA,2023-06-21,0.15,3.8099999999999996
BNA,2023-06-22,0.0407,1.03378
BNA,2023-06-23,0,0
BNA,2023-06-24,0,0
BNA,2023-06-25,0,0
BNA,2023-06-26,0,0
BNA,2023-06-27,0,0
BNA,2023-06-28,0,0
BNA,2023-06-29,2.3504,59.70016
BNA,2023-06-30,0,0
BNA,2023-07-01,2.8503,72.39761999999999
BNA,2023-07-02,0,0
BNA,2023-07-03,0.02,0.508
BNA,2023-07-04,0.22999999999999998,5.842
BNA,2023-07-05,1.3904,35.316160000000004
BNA,2023-07-06,0.5401,13.718539999999999
BNA,2023-07-07,0,0
BNA,2023-07-08,0.19,4.826
BNA,2023-07-09,0.37070000000000003,9.41578
BNA,2023-07-10,0,0
BNA,2023-07-11,0,0
BNA,2023-07-12,0,0
BNA,2023-07-13,0,0
BNA,2023-07-14,2e-4,0.00508
BNA,2023-07-15,0.7303,18.549619999999997
BNA,2023-07-16,0,0
BNA,2023-07-17,0,0
BNA,2023-07-18,2.4101,61.216539999999995
BNA,2023-07-19,1.2901,32.76854
BNA,2023-07-20,0.44,11.176
BNA,2023-07-21,0,0
BNA,2023-07-22,0,0
BNA,2023-07-23,0,0
BNA,2023-07-24,0,0
BNA,2023-07-25,0.0402,1.02108
BNA,2023-07-26,0,0
BNA,2023-07-27,0.0201,0.51054
BNA,2023-07-28,0,0
BNA,2023-07-29,0.43,10.921999999999999
BNA,2023-07-30,3.6001,91.44254
BNA,2023-07-31,0,0
BNA,2023-08-01,0,0
BNA,2023-08-02,1e-4,0.00254
BNA,2023-08-03,2.6802,68.07708
BNA,2023-08-04,0.1301,3.30454
BNA,2023-08-05,0.1101,2.79654
BNA,2023-08-06,0.1401,3.55854
BNA,2023-08-07,0.1104,2.80416
BNA,2023-08-08,0,0
BNA,2023-08-09,0.2903,7.37362
BNA,2023-08-10,0.6304000000000001,16.01216
BNA,2023-08-11,0,0
BNA,2023-08-12,2.8101,71.37653999999999
BNA,2023-08-13,0.3001,7.622539999999999
BNA,2023-08-14,0.14020000000000002,3.5610800000000005
BNA,2023-08-15,0,0
BNA,2023-08-16,0,0
BNA,2023-08-17,0,0
BNA,2023-08-18,0,0
BNA,2023-08-19,0,0
BNA,2023-08-20,0,0
BNA,2023-08-21,0,0
BNA,2023-08-22,0,0
BNA,2023-08-23,0,0
BNA,2023-08-24,0,0
BNA,2023-08-25,0,0
BNA,2023-08-26,0,0
BNA,2023-08-27,0.0305,0.7746999999999999
BNA,2023-08-28,0,0
BNA,2023-08-29,3.0000000000000003e-4,0.00762
BNA,2023-08-30,0,0
BNA,2023-08-31,0,0
BNA,2023-09-01,0,0
BNA,2023-09-02,0,0
BNA,2023-09-03,0,0
BNA,2023-09-04,0,0
BNA,2023-09-05,0.6503000000000001,16.51762
BNA,2023-09-06,1.0005,25.412699999999997
BNA,2023-09-07,0.08,2.032
BNA,2023-09-08,0,0
BNA,2023-09-09,0,0
BNA,2023-09-10,0,0
BNA,2023-09-11,0,0
BNA,2023-09-12,3.0000000000000003e-4,0.00762
BNA,2023-09-13,0,0
BNA,2023-09-14,0,0
BNA,2023-09-15,0,0
BNA,2023-09-16,0.2606,6.61924
BNA,2023-09-17,0.6202,15.753079999999999
BNA,2023-09-18,0,0
BNA,2023-09-19,0,0
BNA,2023-09-20,0,0
BNA,2023-09-21,0,0
BNA,2023-09-22,0,0
BNA,2023-09-23,0,0
BNA,2023-09-24,0,0
BNA,2023-09-25,0,0
BNA,2023-09-26,0,0
BNA,2023-09-27,0.05,1.27
BNA,2023-09-28,1.5603,39.63162
BNA,2023-09-29,0.16,4.064
BNA,2023-09-30,0,0
BNA,2023-10-01,0,0
BNA,2023-10-02,0,0
BNA,2023-10-03,0,0
BNA,2023-10-04,0,0
BNA,2023-10-05,0.3,7.619999999999999
BNA,2023-10-06,0.1504,3.82016
BNA,2023-10-07,0,0
BNA,2023-10-08,0,0
BNA,2023-10-09,0,0
BNA,2023-10-10,0,0
BNA,2023-10-11,0,0
BNA,2023-10-12,0,0
BNA,2023-10-13,0,0
BNA,2023-10-14,1e-4,0.00254
BNA,2023-10-15,5e-4,0.0127
BNA,2023-10-16,6.000000000000001e-4,0.01524
BNA,2023-10-17,0,0
BNA,2023-10-18,0,0
BNA,2023-10-19,0,0
BNA,2023-10-20,3.0000000000000003e-4,0.00762
BNA,2023-10-21,0,0
BNA,2023-10-22,0,0
BNA,2023-10-23,0,0
BNA,2023-10-24,0,0
BNA,2023-10-25,0,0
BNA,2023-10-26,0,0
BNA,2023-10-27,0,0
BNA,2023-10-28,0,0
BNA,2023-10-29,3.0000000000000003e-4,0.00762
BNA,2023-10-30,0.6304,16.012159999999998
BNA,2023-10-31,0,0
BNA,2023-11-01,0,0
BNA,2023-11-02,0,0
BNA,2023-11-03,0,0
BNA,2023-11-04,0,0
BNA,2023-11-05,0,0
BNA,2023-11-06,0,0
BNA,2023-11-07,0,0
BNA,2023-11-08,0,0
BNA,2023-11-09,1e-4,0.00254
BNA,2023-11-10,0.3903,9.913619999999998
BNA,2023-11-11,0,0
BNA,2023-11-12,0,0
BNA,2023-11-13,0,0
BNA,2023-11-14,0,0
BNA,2023-11-15,0,0
BNA,2023-11-16,0.040100000000000004,1.01854
BNA,2023-11-17,2e-4,0.00508
BNA,2023-11-18,3.0000000000000003e-4,0.00762
BNA,2023-11-19,0,0
BNA,2023-11-20,0,0
BNA,2023-11-21,2.0009,50.82286
BNA,2023-11-22,6.000000000000001e-4,0.01524
BNA,2023-11-23,0,0
BNA,2023-11-24,0,0
BNA,2023-11-25,0,0
BNA,2023-11-26,9.000000000000001e-4,0.022860000000000002
BNA,2023-11-27,0.0102,0.25908
BNA,2023-11-28,0,0
BNA,2023-11-29,0,0
BNA,2023-11-30,0,0
BNA,2023-12-01,1.3105,33.286699999999996
BNA,2023-12-02,0.221,5.6133999999999995
BNA,2023-12-03,0.0901,2.28854
BNA,2023-12-04,0.0101,0.25654
BNA,2023-12-05,0,0
BNA,2023-12-06,2e-4,0.00508
BNA,2023-12-07,0,0
BNA,2023-12-08,0,0
BNA,2023-12-09,0.16090000000000002,4.08686
BNA,2023-12-10,2.6903,68.33362
BNA,2023-12-11,0,0
BNA,2023-12-12,0,0
BNA,2023-12-13,0,0
BNA,2023-12-14,0,0
BNA,2023-12-15,0,0
BNA,2023-12-16,0.0102,0.25908
BNA,2023-12-17,0.16090000000000002,4.08686
BNA,2023-12-18,0,0
BNA,2023-12-19,0,0
BNA,2023-12-20,0,0
BNA,2023-12-21,0,0
BNA,2023-12-22,0,0
BNA,2023-12-23,0.4001,10.16254
BNA,2023-12-24,0.0106,0.26924
BNA,2023-12-25,1.4304000000000001,36.33216
BNA,2023-12-26,0,0
BNA,2023-12-27,0,0
BNA,2023-12-28,2e-4,0.00508
BNA,2023-12-29,2e-4,0.00508
BNA,2023-12-30,3.0000000000000003e-4,0.00762
BNA,2023-12-31,0,0
BNA,2024-01-01,0,0
BNA,2024-01-02,0,0
BNA,2024-01-03,0,0
BNA,2024-01-04,0,0
BNA,2024-01-05,0,0
BNA,2024-01-06,1.0306,26.177239999999998
BNA,2024-01-07,0.0104,0.26415999999999995
BNA,2024-01-08,0,0
BNA,2024-01-09,1.5107,38.371779999999994
BNA,2024-01-10,6.000000000000001e-4,0.01524
BNA,2024-01-11,0,0
BNA,2024-01-12,1.5604,39.63416
BNA,2024-01-13,1e-4,0.00254
BNA,2024-01-14,3.0000000000000003e-4,0.00762
BNA,2024-01-15,0.9016000000000001,22.90064
BNA,2024-01-16,2e-4,0.00508
BNA,2024-01-17,0,0
BNA,2024-01-18,0.15030000000000002,3.8176200000000002
BNA,2024-01-19,0.0316,0.80264
BNA,2024-01-20,0,0
BNA,2024-01-21,0,0
BNA,2024-01-22,0,0
BNA,2024-01-23,1e-4,0.00254
BNA,2024-01-24,1.0604,26.93416
BNA,2024-01-25,1.1711,29.745939999999997
BNA,2024-01-26,0,0
BNA,2024-01-27,0.5302,13.46708
BNA,2024-01-28,0.0414,1.0515599999999998
BNA,2024-01-29,8e-4,0.02032
BNA,2024-01-30,0.0101,0.25654
BNA,2024-01-31,0,0
BNA,2024-02-01,0,0
BNA,2024-02-02,0,0
BNA,2024-02-03,0,0
BNA,2024-02-04,0,0
BNA,2024-02-05,0,0
BNA,2024-02-06,0,0
BNA,2024-02-07,0,0
BNA,2024-02-08,0,0
BNA,2024-02-09,1.1905,30.238699999999994
BNA,2024-02-10,0.7601,19.30654
BNA,2024-02-11,0.5303,13.469619999999999
BNA,2024-02-12,1.5110000000000001,38.379400000000004
BNA,2024-02-13,0.6602,16.76908
BNA,2024-02-14,0,0
BNA,2024-02-15,0,0
BNA,2024-02-16,0.41000000000000003,10.414
BNA,2024-02-17,0.06,1.5239999999999998
BNA,2024-02-18,0,0
BNA,2024-02-19,0,0
BNA,2024-02-20,0,0
BNA,2024-02-21,0,0
BNA,2024-02-22,0.02,0.508
BNA,2024-02-23,0.6203,15.755619999999999
BNA,2024-02-24,0,0
BNA,2024-02-25,1e-4,0.00254
BNA,2024-02-26,0,0
BNA,2024-02-27,4e-4,0.01016
BNA,2024-02-28,1.0103,25.66162
BNA,2024-02-29,0,0
BNA,2024-03-01,0.2312,5.8724799999999995
BNA,2024-03-02,0.0605,1.5367
BNA,2024-03-03,0,0
BNA,2024-03-04,0,0
BNA,2024-03-05,0.6703,17.02562
BNA,2024-03-06,0.9106000000000001,23.12924
BNA,2024-03-07,0,0
BNA,2024-03-08,0.2204,5.59816
BNA,2024-03-09,0.30110000000000003,7.64794
BNA,2024-03-10,0,0
BNA,2024-03-11,0,0
BNA,2024-03-12,0,0
BNA,2024-03-13,0,0
BNA,2024-03-14,0,0
BNA,2024-03-15,2.2602,57.40908
BNA,2024-03-16,0,0
BNA,2024-03-17,0,0
BNA,2024-03-18,0,0
BNA,2024-03-19,0,0
BNA,2024-03-20,0,0
BNA,2024-03-21,0,0
BNA,2024-03-22,0.0504,1.28016
BNA,2024-03-23,0.1202,3.05308
BNA,2024-03-24,0,0
BNA,2024-03-25,0,0
BNA,2024-03-26,1.3006,33.035239999999995
BNA,2024-03-27,0,0
BNA,2024-03-28,0,0
BNA,2024-03-29,0,0
BNA,2024-03-30,0,0
BNA,2024-03-31,0,0
BNA,2024-04-01,0,0
BNA,2024-04-02,1.3805,35.0647
BNA,2024-04-03,0.6705,17.0307
BNA,2024-04-04,0,0
BNA,2024-04-05,0,0
BNA,2024-04-06,0,0
BNA,2024-04-07,0,0
BNA,2024-04-08,0.0502,1.27508
BNA,2024-04-09,0.3305,8.3947
BNA,2024-04-10,0.2502,6.355079999999999
BNA,2024-04-11,0.5209,13.23086
BNA,2024-04-12,0.0402,1.02108
BNA,2024-04-13,0,0
BNA,2024-04-14,0,0
BNA,2024-04-15,0,0
BNA,2024-04-16,1e-4,0.00254
BNA,2024-04-17,0.1202,3.05308
BNA,2024-04-18,0,0
BNA,2024-04-19,0.0207,0.5257799999999999
BNA,2024-04-20,0.36,9.143999999999998
BNA,2024-04-21,0,0
BNA,2024-04-22,0,0
BNA,2024-04-23,0,0
BNA,2024-04-24,0.0402,1.02108
BNA,2024-04-25,0,0
BNA,2024-04-26,0.2504,6.36016
BNA,2024-04-27,0,0
BNA,2024-04-28,0,0
BNA,2024-04-29,1e-4,0.00254
BNA,2024-04-30,5.0403,128.02362
BNA,2024-05-01,0,0
BNA,2024-05-02,0,0
BNA,2024-05-03,0.2904,7.37616
BNA,2024-05-04,1.2405,31.508699999999997
BNA,2024-05-05,0,0
BNA,2024-05-06,0.9406000000000001,23.89124
BNA,2024-05-07,0.2202,5.59308
BNA,2024-05-08,0.6607999999999999,16.784319999999997
BNA,2024-05-09,5.3404,135.64615999999998
BNA,2024-05-10,0,0
BNA,2024-05-11,0,0
BNA,2024-05-12,0,0
BNA,2024-05-13,0.0202,0.51308
BNA,2024-05-14,1.6404,41.66616
BNA,2024-05-15,0.0305,0.7746999999999999
BNA,2024-05-16,0,0
BNA,2024-05-17,0.0806,2.04724
BNA,2024-05-18,3.0000000000000003e-4,0.00762
BNA,2024-05-19,0,0
BNA,2024-05-20,0,0
BNA,2024-05-21,1e-4,0.00254
BNA,2024-05-22,1.57,39.878
BNA,2024-05-23,0.1501,3.8125400000000003
BNA,2024-05-24,4e-4,0.01016
BNA,2024-05-25,0.5401,13.718539999999999
BNA,2024-05-26,1.6902,42.931079999999994
BNA,2024-05-27,1.92,48.767999999999994
BNA,2024-05-28,0,0
BNA,2024-05-29,0,0
BNA,2024-05-30,0,0
BNA,2024-05-31,0,0
BNA,2024-06-01,0.7903,20.07362
BNA,2024-06-02,0.0205,0.5206999999999999
BNA,2024-06-03,1e-4,0.00254
BNA,2024-06-04,0.1303,3.30962
BNA,2024-06-05,0.10020000000000001,2.54508
BNA,2024-06-06,0.050100000000000006,1.27254
BNA,2024-06-07,0,0
BNA,2024-06-08,0,0
BNA,2024-06-09,0.2706,6.87324
BNA,2024-06-10,0,0
BNA,2024-06-11,0,0
BNA,2024-06-12,0,0
BNA,2024-06-13,0,0
BNA,2024-06-14,0,0
BNA,2024-06-15,0,0
BNA,2024-06-16,0.9702999999999999,24.645619999999997
BNA,2024-06-17,0.6501,16.512539999999998
BNA,2024-06-18,2e-4,0.00508
BNA,2024-06-19,0,0
BNA,2024-06-20,0,0
BNA,2024-06-21,0,0
BNA,2024-06-22,0,0
BNA,2024-06-23,2e-4,0.00508
BNA,2024-06-24,0.04,1.016
BNA,2024-06-25,0,0
BNA,2024-06-26,1.0301,26.16454
BNA,2024-06-27,0.22010000000000002,5.59054
BNA,2024-06-28,0,0
BNA,2024-06-29,0,0
BNA,2024-06-30,0.44,11.176
BNA,2024-07-01,0,0
BNA,2024-07-02,0,0
BNA,2024-07-03,0,0
BNA,2024-07-04,0,0
BNA,2024-07-05,0.0703,1.78562
BNA,2024-07-06,0,0
BNA,2024-07-07,0,0
BNA,2024-07-08,0,0
BNA,2024-07-09,0.5503,13.97762
BNA,2024-07-10,0,0
BNA,2024-07-11,0,0
BNA,2024-07-12,0,0
BNA,2024-07-13,0,0
BNA,2024-07-14,0,0
BNA,2024-07-15,0,0
BNA,2024-07-16,0,0
BNA,2024-07-17,0,0
BNA,2024-07-18,0.1105,2.8066999999999998
BNA,2024-07-19,0,0
BNA,2024-07-20,7e-4,0.017779999999999997
BNA,2024-07-21,0.0301,0.7645399999999999
BNA,2024-07-22,3.0000000000000003e-4,0.00762
BNA,2024-07-23,0.5405,13.728699999999998
BNA,2024-07-24,2e-4,0.00508
BNA,2024-07-25,0.0202,0.51308
BNA,2024-07-26,0.13040000000000002,3.3121600000000004
BNA,2024-07-27,0,0
BNA,2024-07-28,0.3401,8.638539999999999
BNA,2024-07-29,3.3906,86.12124
BNA,2024-07-30,3.0000000000000003e-4,0.00762
BNA,2024-07-31,1.7704,44.96816
BNA,2024-08-01,0.04,1.016
BNA,2024-08-02,0.7402,18.80108
BNA,2024-08-03,1e-4,0.00254
BNA,2024-08-04,0,0
BNA,2024-08-05,0,0
BNA,2024-08-06,0,0
BNA,2024-08-07,0,0
BNA,2024-08-08,0,0
BNA,2024-08-09,0,0
BNA,2024-08-10,0,0
BNA,2024-08-11,0,0
BNA,2024-08-12,0,0
BNA,2024-08-13,0,0
BNA,2024-08-14,0,0
BNA,2024-08-15,0,0
BNA,2024-08-16,0,0
BNA,2024-08-17,2e-4,0.00508
BNA,2024-08-18,0.64,16.256
BNA,2024-08-19,0,0
BNA,2024-08-20,0,0
BNA,2024-08-21,0,0
BNA,2024-08-22,0,0
BNA,2024-08-23,0,0
BNA,2024-08-24,0,0
BNA,2024-08-25,0,0
BNA,2024-08-26,0,0
BNA,2024-08-27,0,0
BNA,2024-08-28,0,0
BNA,2024-08-29,2e-4,0.00508
BNA,2024-08-30,0.7201,18.290539999999996
BNA,2024-08-31,0,0
BNA,2024-09-01,5.08,129.03199999999998
BNA,2024-09-02,0,0
BNA,2024-09-03,0,0
BNA,2024-09-04,0,0
BNA,2024-09-05,0,0
BNA,2024-09-06,0,0
BNA,2024-09-07,0.0403,1.02362
BNA,2024-09-08,0,0
BNA,2024-09-09,0,0
BNA,2024-09-10,0,0
BNA,2024-09-11,0,0
BNA,2024-09-12,0.2601,6.60654
BNA,2024-09-13,0.1301,3.30454
BNA,2024-09-14,1.2502,31.755079999999996
BNA,2024-09-15,0,0
BNA,2024-09-16,0,0
BNA,2024-09-17,0,0
BNA,2024-09-18,0,0
BNA,2024-09-19,0,0
BNA,2024-09-20,0,0
BNA,2024-09-21,0.9901,25.148539999999997
BNA,2024-09-22,1e-4,0.00254
BNA,2024-09-23,0.46,11.684
BNA,2024-09-24,2.5202999999999998,64.01561999999998
BNA,2024-09-25,0.0102,0.25908
BNA,2024-09-26,0,0
BNA,2024-09-27,8.1301,206.50454
BNA,2024-09-28,0.4011,10.18794
BNA,2024-09-29,0.3311,8.409939999999999
BNA,2024-09-30,0.0803,2.0396199999999998
BNA,2024-10-01,0,0
BNA,2024-10-02,0,0
BNA,2024-10-03,0,0
BNA,2024-10-04,0,0
BNA,2024-10-05,2e-4,0.00508
BNA,2024-10-06,0,0
BNA,2024-10-07,3.0000000000000003e-4,0.00762
BNA,2024-10-08,1e-4,0.00254
BNA,2024-10-09,0,0
BNA,2024-10-10,0,0
BNA,2024-10-11,0,0
BNA,2024-10-12,0,0
BNA,2024-10-13,0,0
BNA,2024-10-14,0,0
BNA,2024-10-15,0,0
BNA,2024-10-16,0,0
BNA,2024-10-17,0,0
BNA,2024-10-18,0,0
BNA,2024-10-19,0,0
BNA,2024-10-20,0,0
BNA,2024-10-21,0,0
BNA,2024-10-22,0,0
BNA,2024-10-23,0,0
BNA,2024-10-24,0,0
BNA,2024-10-25,0,0
BNA,2024-10-26,0.060200000000000004,1.52908
BNA,2024-10-27,0,0
BNA,2024-10-28,0,0
BNA,2024-10-29,0,0
BNA,2024-10-30,0,0
BNA,2024-10-31,0.42010000000000003,10.67054
BNA,2024-11-01,0.1401,3.55854
BNA,2024-11-02,0,0
BNA,2024-11-03,0,0
BNA,2024-11-04,0,0
BNA,2024-11-05,0,0
BNA,2024-11-06,0.26,6.604
BNA,2024-11-07,0,0
BNA,2024-11-08,2e-4,0.00508
BNA,2024-11-09,0.0102,0.25908
BNA,2024-11-10,1.8303,46.489619999999995
BNA,2024-11-11,0.0204,0.51816
BNA,2024-11-12,0,0
BNA,2024-11-13,0.1302,3.30708
BNA,2024-11-14,1.5605,39.6367
BNA,2024-11-15,0,0
BNA,2024-11-16,0,0
BNA,2024-11-17,0,0
BNA,2024-11-18,0,0
BNA,2024-11-19,0.1306,3.3172399999999995
BNA,2024-11-20,4e-4,0.01016
BNA,2024-11-21,0,0
BNA,2024-11-22,0,0
BNA,2024-11-23,0,0
BNA,2024-11-24,0,0
BNA,2024-11-25,0.08,2.032
BNA,2024-11-26,5e-4,0.0127
BNA,2024-11-27,2e-4,0.00508
BNA,2024-11-28,0.2503,6.35762
BNA,2024-11-29,0,0
BNA,2024-11-30,0,0
BNA,2024-12-01,0,0
BNA,2024-12-02,2e-4,0.00508
BNA,2024-12-03,0.0107,0.27177999999999997
BNA,2024-12-04,0,0
BNA,2024-12-05,0,0
BNA,2024-12-06,0,0
BNA,2024-12-07,0,0
BNA,2024-12-08,0.0202,0.51308
BNA,2024-12-09,2.21,56.13399999999999
BNA,2024-12-10,0.3011,7.647939999999999
BNA,2024-12-11,6.000000000000001e-4,0.01524
BNA,2024-12-12,0,0
BNA,2024-12-13,0,0
BNA,2024-12-14,1e-4,0.00254
BNA,2024-12-15,0.3603,9.15162
BNA,2024-12-16,0.9503,24.13762
BNA,2024-12-17,1.11,28.194000000000003
BNA,2024-12-18,0.7602,19.309079999999998
BNA,2024-12-19,0,0
BNA,2024-12-20,0,0
BNA,2024-12-21,0,0
BNA,2024-12-22,0,0
BNA,2024-12-23,1e-4,0.00254
BNA,2024-12-24,2e-4,0.00508
BNA,2024-12-25,0,0
BNA,2024-12-26,0,0
BNA,2024-12-27,1.2901,32.76854
BNA,2024-12-28,3.0000000000000003e-4,0.00762
BNA,2024-12-29,1.3505,34.3027
BNA,2024-12-30,0,0
CKV,2010-09-30,0,0
CKV,2010-10-01,0,0
CKV,2010-10-02,0,0
CKV,2010-10-03,0,0
CKV,2010-10-04,0,0
CKV,2010-10-05,0,0
CKV,2010-10-06,0,0
CKV,2010-10-07,0,0
CKV,2010-10-08,0,0
CKV,2010-10-09,0,0
CKV,2010-10-10,0,0
CKV,2010-10-11,0,0
CKV,2010-10-12,0.0206,0.5232399999999999
CKV,2010-10-13,1e-4,0.00254
CKV,2010-10-14,0.0101,0.25654
CKV,2010-10-15,0,0
CKV,2010-10-16,0,0
CKV,2010-10-17,0,0
CKV,2010-10-18,0,0
CKV,2010-10-19,0,0
CKV,2010-10-20,0,0
CKV,2010-10-21,0,0
CKV,2010-10-22,0,0
CKV,2010-10-23,0,0
CKV,2010-10-24,1.82,46.228
CKV,2010-10-25,0.33089999999999997,8.40486
CKV,2010-10-26,2.9702,75.44308
CKV,2010-10-27,0.01,0.254
CKV,2010-10-28,0,0
CKV,2010-10-29,0,0
CKV,2010-10-30,0,0
CKV,2010-10-31,0,0
CKV,2010-11-01,0,0
CKV,2010-11-02,0,0
CKV,2010-11-03,0.0107,0.27177999999999997
CKV,2010-11-04,0,0
CKV,2010-11-05,0.0208,0.5283199999999999
CKV,2010-11-06,0,0
CKV,2010-11-07,0,0
CKV,2010-11-08,0,0
CKV,2010-11-09,0,0
CKV,2010-11-10,0,0
CKV,2010-11-11,0,0
CKV,2010-11-12,0,0
CKV,2010-11-13,0.4402,11.18108
CKV,2010-11-14,0.1504,3.82016
CKV,2010-11-15,0,0
CKV,2010-11-16,3.14,79.756
CKV,2010-11-17,0.07,1.778
CKV,2010-11-18,0.04,1.016
CKV,2010-11-19,0,0
CKV,2010-11-20,0,0
CKV,2010-11-21,0,0
CKV,2010-11-22,0,0
CKV,2010-11-23,3.3901,86.10853999999999
CKV,2010-11-24,0.5003,12.707619999999999
CKV,2010-11-25,2.2001,55.88254
CKV,2010-11-26,2.2105,56.1467
CKV,2010-11-27,0,0
CKV,2010-11-28,0,0
CKV,2010-11-29,0.5800000000000001,14.732000000000001
CKV,2010-11-30,2.551,64.7954
CKV,2010-12-01,0,0
CKV,2010-12-02,0,0
CKV,2010-12-03,0,0
CKV,2010-12-04,1e-4,0.00254
CKV,2010-12-05,6.000000000000001e-4,0.01524
CKV,2010-12-06,6.000000000000001e-4,0.01524
CKV,2010-12-07,0,0
CKV,2010-12-08,0,0
CKV,2010-12-09,0,0
CKV,2010-12-10,0,0
CKV,2010-12-11,1.3301,33.78454
CKV,2010-12-12,0.21280000000000002,5.40512
CKV,2010-12-13,0.0032,0.08128
CKV,2010-12-14,0,0
CKV,2010-12-15,0,0
CKV,2010-12-16,0.3517,8.93318
CKV,2010-12-17,0,0
CKV,2010-12-18,0,0
CKV,2010-12-19,0,0
CKV,2010-12-20,0,0
CKV,2010-12-21,0.0303,0.76962
CKV,2010-12-22,0.031,0.7874
CKV,2010-12-23,0,0
CKV,2010-12-24,0.0102,0.25908
CKV,2010-12-25,0.3137,7.967979999999999
CKV,2010-12-26,0.0025,0.0635
CKV,2010-12-27,0,0
CKV,2010-12-28,0,0
CKV,2010-12-29,0.0706,1.7932399999999997
CKV,2010-12-30,0.1804,4.58216
CKV,2010-12-31,0,0
CKV,2011-01-01,1.7605,44.716699999999996
CKV,2011-01-02,0,0
CKV,2011-01-03,0,0
CKV,2011-01-04,0,0
CKV,2011-01-05,0.030100000000000002,0.76454
CKV,2011-01-06,0,0
CKV,2011-01-07,3.0000000000000003e-4,0.00762
CKV,2011-01-08,0.0525,1.3335
CKV,2011-01-09,0,0
CKV,2011-01-10,0.0409,1.03886
CKV,2011-01-11,0.043500000000000004,1.1049
CKV,2011-01-12,0.0013000000000000002,0.03302
CKV,2011-01-13,1e-4,0.00254
CKV,2011-06-09,0,0
CKV,2011-07-20,0,0
CKV,2011-07-21,0,0
CKV,2011-07-22,0,0
CKV,2011-07-23,0,0
CKV,2011-07-24,0,0
CKV,2011-07-25,0,0
CKV,2011-07-26,0,0
CKV,2011-07-27,0,0
CKV,2011-07-28,0,0
CKV,2011-07-29,0,0
CKV,2011-07-30,0,0
CKV,2011-07-31,0,0
CKV,2011-08-01,0,0
CKV,2011-08-02,0,0
CKV,2011-08-03,0,0
CKV,2011-08-04,0,0
CKV,2011-08-05,0.45,11.43
CKV,2011-08-06,0.44,11.176
CKV,2011-08-07,0.15,3.8099999999999996
CKV,2011-08-08,0,0
CKV,2011-08-09,0,0
CKV,2011-08-10,0,0
CKV,2011-08-11,0,0
CKV,2011-08-12,0,0
CKV,2011-08-13,0,0
CKV,2011-08-14,0,0
CKV,2011-08-15,0,0
CKV,2011-08-16,0,0
CKV,2011-08-17,0,0
CKV,2011-08-18,0.1,2.54
CKV,2011-08-19,1e-4,0.00254
CKV,2011-08-20,0,0
CKV,2011-08-21,0.4703,11.94562
CKV,2011-08-22,0,0
CKV,2011-08-23,0,0
CKV,2011-08-24,0,0
CKV,2011-08-25,0,0
CKV,2011-08-26,0,0
CKV,2011-08-27,0,0
CKV,2011-08-28,0,0
CKV,2011-08-29,0,0
CKV,2011-08-30,0,0
CKV,2011-08-31,0,0
CKV,2011-09-01,0,0
CKV,2011-09-02,0,0
CKV,2011-09-03,0,0
CKV,2011-09-04,4.2804,108.72216
CKV,2011-09-05,0.8302,21.08708
CKV,2011-09-06,0.1705,4.3307
CKV,2011-09-07,2e-4,0.00508
CKV,2011-09-08,0,0
CKV,2011-09-09,0.0101,0.25654
CKV,2011-09-10,0.29,7.365999999999999
CKV,2011-09-11,0.1603,4.071619999999999
CKV,2011-09-12,0.01,0.254
CKV,2011-09-13,0.01,0.254
CKV,2011-09-14,0.0101,0.25654
CKV,2011-09-15,2e-4,0.00508
CKV,2011-09-16,0,0
CKV,2011-09-17,0,0
CKV,2011-09-18,1e-4,0.00254
CKV,2011-09-19,1.0102,25.65908
CKV,2011-09-20,7e-4,0.017779999999999997
CKV,2011-09-21,2e-4,0.00508
CKV,2011-09-22,0,0
CKV,2011-09-23,1.1203,28.45562
CKV,2011-09-24,0,0
CKV,2011-09-25,0.1103,2.8016199999999998
CKV,2011-09-26,1.4804,37.60216
CKV,2011-09-27,0,0
CKV,2011-09-28,0,0
CKV,2011-09-29,1e-4,0.00254
CKV,2011-09-30,0,0
CKV,2011-10-01,0,0
CKV,2011-10-02,0,0
CKV,2011-10-03,0,0
CKV,2011-10-04,0,0
CKV,2011-10-05,0,0
CKV,2011-10-06,0,0
CKV,2011-10-07,0.01,0.254
CKV,2011-10-08,0,0
CKV,2011-10-09,0,0
CKV,2011-10-10,0,0
CKV,2011-10-11,0,0
CKV,2011-10-12,0.01,0.254
CKV,2011-10-13,0.211,5.3594
CKV,2011-10-14,0,0
CKV,2011-10-15,0,0
CKV,2011-10-16,0,0
CKV,2011-10-17,0,0
CKV,2011-10-18,2.0401000000000002,51.818540000000006
CKV,2011-10-19,0.2607,6.621779999999999
CKV,2011-10-20,0.0409,1.03886
CKV,2011-10-21,0,0
CKV,2011-10-22,0,0
CKV,2011-10-23,0,0
CKV,2011-10-24,0,0
CKV,2011-10-25,0.01,0.254
CKV,2011-10-26,0,0
CKV,2011-10-27,1.2708,32.278319999999994
CKV,2011-10-28,0.2503,6.35762
CKV,2011-10-29,0,0
CKV,2011-10-30,0.01,0.254
CKV,2011-10-31,0,0
CKV,2011-11-01,0,0
CKV,2011-11-02,0,0
CKV,2011-11-03,0.6108,15.51432
CKV,2011-11-04,0,0
CKV,2011-11-05,0,0
CKV,2011-11-06,0,0
CKV,2011-11-07,0,0
CKV,2011-11-08,0,0
CKV,2011-11-09,0.3701,9.40054
CKV,2011-11-10,0,0
CKV,2011-11-11,0,0
CKV,2011-11-12,0,0
CKV,2011-11-13,0,0
CKV,2011-11-14,0,0
CKV,2011-11-15,3.91,99.314
CKV,2011-11-16,6.7205,170.7007
CKV,2011-11-17,0,0
CKV,2011-11-18,0,0
CKV,2011-11-19,0,0
CKV,2011-11-20,2.2605,57.4167
CKV,2011-11-21,2.5304,64.27216
CKV,2011-11-22,0.9208999999999999,23.390859999999996
CKV,2011-11-23,0.0308,0.78232
CKV,2011-11-24,0,0
CKV,2011-11-25,0,0
CKV,2011-11-26,0,0
CKV,2011-11-27,2.3406000000000002,59.451240000000006
CKV,2011-11-28,1.7202,43.693079999999995
CKV,2011-11-29,0.0411,1.0439399999999999
CKV,2011-11-30,0.02,0.508
CKV,2011-12-01,0,0
CKV,2011-12-02,0,0
CKV,2011-12-03,0,0
CKV,2011-12-04,0.4402,11.18108
CKV,2011-12-05,6.9902,177.55107999999998
CKV,2011-12-06,0.0504,1.28016
CKV,2011-12-07,0.07050000000000001,1.7907000000000002
CKV,2011-12-08,0,0
CKV,2011-12-09,0,0
CKV,2011-12-10,0,0
CKV,2011-12-11,0,0
CKV,2011-12-12,0,0
CKV,2011-12-13,7e-4,0.017779999999999997
CKV,2011-12-14,0,0
CKV,2011-12-15,0.1408,3.57632
CKV,2011-12-16,0.5918,15.031719999999998
CKV,2011-12-17,0,0
CKV,2011-12-18,0,0
CKV,2011-12-19,0,0
CKV,2011-12-20,0.09040000000000001,2.29616
CKV,2011-12-21,2.0705,52.5907
CKV,2011-12-22,0.9803000000000001,24.89962
CKV,2011-12-23,0.0104,0.26415999999999995
CKV,2011-12-24,0,0
CKV,2011-12-25,0,0
CKV,2011-12-26,1e-4,0.00254
CKV,2011-12-27,1.331,33.807399999999994
CKV,2011-12-28,0,0
CKV,2011-12-29,0,0
CKV,2011-12-30,0,0
CKV,2011-12-31,0,0
CKV,2012-01-01,0,0
CKV,2012-01-02,0,0
CKV,2012-01-03,0,0
CKV,2012-01-04,0,0
CKV,2012-01-05,0,0
CKV,2012-01-06,0,0
CKV,2012-01-07,0,0
CKV,2012-01-08,0,0
CKV,2012-01-09,0.1003,2.5476199999999998
CKV,2012-01-10,1e-4,0.00254
CKV,2012-01-11,1.8708,47.518319999999996
CKV,2012-01-12,0.1328,3.3731199999999997
CKV,2012-01-13,0.0013000000000000002,0.03302
CKV,2012-01-14,0,0
CKV,2012-01-15,0,0
CKV,2012-01-16,0.0303,0.76962
CKV,2012-01-17,1.3002,33.025079999999996
CKV,2012-01-18,0,0
CKV,2012-01-19,0,0
CKV,2012-01-20,4e-4,0.01016
CKV,2012-01-21,1.7106999999999999,43.45177999999999
CKV,2012-01-22,9.000000000000001e-4,0.022860000000000002
CKV,2012-01-23,1.7602,44.70908
CKV,2012-01-24,0,0
CKV,2012-01-25,0.3401,8.638539999999999
CKV,2012-01-26,3.7807,96.02977999999999
CKV,2012-01-27,0.2101,5.33654
CKV,2012-01-28,0,0
CKV,2012-01-29,0,0
CKV,2012-01-30,0,0
CKV,2012-01-31,0,0
CKV,2012-02-01,0.3301,8.38454
CKV,2012-02-02,0.0201,0.51054
CKV,2012-02-03,0,0
CKV,2012-02-04,0.5508,13.990319999999999
CKV,2012-02-05,0.23020000000000002,5.84708
CKV,2012-02-06,0,0
CKV,2012-02-07,0,0
CKV,2012-02-08,0.0403,1.02362
CKV,2012-02-09,0,0
CKV,2012-02-10,4e-4,0.01016
CKV,2012-02-11,0.0601,1.52654
CKV,2012-02-12,0,0
CKV,2012-02-13,1e-4,0.00254
CKV,2012-02-14,0.2403,6.10362
CKV,2012-02-15,1e-4,0.00254
CKV,2012-02-16,0.0804,2.04216
CKV,2012-02-17,0,0
CKV,2012-02-18,0,0
CKV,2012-02-19,0.0302,0.76708
CKV,2012-02-20,0,0
CKV,2012-02-21,0.08,2.032
CKV,2012-02-22,0,0
CKV,2012-02-23,0,0
CKV,2012-02-24,0,0
CKV,2012-02-25,0,0
CKV,2012-02-26,0,0
CKV,2012-02-27,0,0
CKV,2012-02-28,0,0
CKV,2012-02-29,0.1304,3.3121599999999995
CKV,2012-03-01,0,0
CKV,2012-03-02,0.5904,14.99616
CKV,2012-03-03,0,0
CKV,2012-03-04,0,0
CKV,2012-03-05,1e-4,0.00254
CKV,2012-03-06,0,0
CKV,2012-03-07,0,0
CKV,2012-03-08,7.7602,197.10908
CKV,2012-03-09,0.09,2.2859999999999996
CKV,2012-03-10,0,0
CKV,2012-03-11,0,0
CKV,2012-03-12,0.1713,4.35102
CKV,2012-03-13,0,0
CKV,2012-03-14,0,0
CKV,2012-03-15,0.2602,6.60908
CKV,2012-03-16,0.4901,12.44854
CKV,2012-03-17,1.05,26.669999999999998
CKV,2012-03-18,0,0
CKV,2012-03-19,0,0
CKV,2012-03-20,0,0
CKV,2012-03-21,0,0
CKV,2012-03-22,0.6204,15.758159999999998
CKV,2012-03-23,1e-4,0.00254
CKV,2012-03-24,0.4805,12.204699999999999
CKV,2012-03-25,0.0102,0.25908
CKV,2012-03-26,0,0
CKV,2012-03-27,0,0
CKV,2012-03-28,0,0
CKV,2012-03-29,0,0
CKV,2012-03-30,0,0
CKV,2012-03-31,0,0
CKV,2012-04-01,0,0
CKV,2012-04-02,0,0
CKV,2012-04-03,0,0
CKV,2012-04-04,1e-4,0.00254
CKV,2012-04-05,0.9901,25.148539999999997
CKV,2012-04-06,1e-4,0.00254
CKV,2012-04-07,0,0
CKV,2012-04-08,0,0
CKV,2012-04-09,0,0
CKV,2012-04-10,0,0
CKV,2012-04-11,0,0
CKV,2012-04-12,0,0
CKV,2012-04-13,0,0
CKV,2012-04-14,0,0
CKV,2012-04-15,0,0
CKV,2012-04-16,0.6702,17.02308
CKV,2012-04-17,0,0
CKV,2012-04-18,0,0
CKV,2012-04-19,0,0
CKV,2012-04-20,1e-4,0.00254
CKV,2012-04-21,1.0201,25.910539999999997
CKV,2012-04-22,2e-4,0.00508
CKV,2012-04-23,0.01,0.254
CKV,2012-04-24,0.03,0.7619999999999999
CKV,2012-04-25,0,0
CKV,2012-04-26,0,0
CKV,2012-04-27,0.2,5.08
CKV,2012-04-28,0,0
CKV,2012-04-29,0,0
CKV,2012-04-30,0.0702,1.7830799999999998
CKV,2012-05-01,0.1,2.54
CKV,2012-05-02,0,0
CKV,2012-05-03,0.0502,1.27508
CKV,2012-05-04,0,0
CKV,2012-05-05,0.08,2.032
CKV,2012-05-06,0.0702,1.7830799999999998
CKV,2012-05-07,0.03,0.7619999999999999
CKV,2012-05-08,1e-4,0.00254
CKV,2012-05-09,0,0
CKV,2012-05-10,0,0
CKV,2012-05-11,0,0
CKV,2012-05-12,4e-4,0.01016
CKV,2012-05-13,0.5012,12.730479999999998
CKV,2012-05-14,0.1703,4.32562
CKV,2012-05-15,0.04,1.016
CKV,2012-05-16,0.01,0.254
CKV,2012-05-17,0,0
CKV,2012-05-18,0,0
CKV,2012-05-19,0,0
CKV,2012-05-20,0,0
CKV,2012-05-21,1.74,44.196
CKV,2012-05-22,0.07,1.778
CKV,2012-05-23,0,0
CKV,2012-05-24,0,0
CKV,2012-05-25,0,0
CKV,2012-05-26,0,0
CKV,2012-05-27,0,0
CKV,2012-05-28,0,0
CKV,2012-05-29,1.04,26.416
CKV,2012-05-30,0.87,22.098
CKV,2012-05-31,0,0
CKV,2012-06-01,0.2105,5.346699999999999
CKV,2012-06-02,0,0
CKV,2012-06-03,0,0
CKV,2012-06-04,0.0801,2.03454
CKV,2012-06-05,0.27,6.858
CKV,2012-06-06,0,0
CKV,2012-06-07,0,0
CKV,2012-06-08,0,0
CKV,2012-06-09,0,0
CKV,2012-06-10,6.000000000000001e-4,0.01524
CKV,2012-06-11,0,0
CKV,2012-06-12,0.2,5.08
CKV,2012-06-13,0,0
CKV,2012-06-14,0,0
CKV,2012-06-15,0,0
CKV,2012-06-16,0,0
CKV,2012-06-17,0.0402,1.02108
CKV,2012-06-18,0,0
CKV,2012-06-19,0,0
CKV,2012-06-20,0,0
CKV,2012-06-21,0,0
CKV,2012-06-22,0,0
CKV,2012-06-23,0,0
CKV,2012-06-24,0,0
CKV,2012-06-25,0,0
CKV,2012-06-26,0,0
CKV,2012-06-27,0,0
CKV,2012-06-28,0,0
CKV,2012-06-29,0,0
CKV,2012-06-30,0,0
CKV,2012-07-01,0,0
CKV,2012-07-02,0,0
CKV,2012-07-03,0,0
CKV,2012-07-04,0,0
CKV,2012-07-05,2e-4,0.00508
CKV,2012-07-06,2.2,55.88
CKV,2012-07-07,0.18,4.571999999999999
CKV,2012-07-08,0.020300000000000002,0.5156200000000001
CKV,2012-07-09,2.34,59.43599999999999
CKV,2012-07-10,0.5304,13.472159999999999
CKV,2012-07-11,1.8001,45.722539999999995
CKV,2012-07-12,0.01,0.254
CKV,2012-07-13,1.0204,25.918159999999997
CKV,2012-07-14,0.47000000000000003,11.938
CKV,2012-07-15,3.0000000000000003e-4,0.00762
CKV,2012-07-16,0,0
CKV,2012-07-17,0,0
CKV,2012-07-18,0.13,3.302
CKV,2012-07-19,4e-4,0.01016
CKV,2012-07-20,3.23,82.042
CKV,2012-07-21,0.19,4.826
CKV,2012-07-22,0.01,0.254
CKV,2012-07-23,0.05,1.27
CKV,2012-07-24,0,0
CKV,2012-07-25,0,0
CKV,2012-07-26,0,0
CKV,2012-07-27,5.92,150.368
CKV,2012-07-28,0,0
CKV,2012-07-29,2e-4,0.00508
CKV,2012-07-30,0.1,2.54
CKV,2012-07-31,0,0
CKV,2012-08-01,0,0
CKV,2012-08-02,0,0
CKV,2012-08-03,0.2605,6.6167
CKV,2012-08-04,0.0104,0.26415999999999995
CKV,2012-08-05,0,0
CKV,2012-08-06,0.5,12.7
CKV,2012-08-07,0,0
CKV,2012-08-08,0,0
CKV,2012-08-09,0.0502,1.27508
CKV,2012-08-10,1e-4,0.00254
CKV,2012-08-11,0,0
CKV,2012-08-12,0,0
CKV,2012-08-13,3.2104,81.54415999999999
CKV,2012-08-14,0.0102,0.25908
CKV,2012-08-15,0,0
CKV,2012-08-16,0,0
CKV,2012-08-17,0.91,23.114
CKV,2012-08-18,0,0
CKV,2012-08-19,0,0
CKV,2012-08-20,0,0
CKV,2012-08-21,0,0
CKV,2012-08-22,0,0
CKV,2012-08-23,0,0
CKV,2012-08-24,0,0
CKV,2012-08-25,0,0
CKV,2012-08-26,1e-4,0.00254
CKV,2012-08-27,0,0
CKV,2012-08-28,0,0
CKV,2012-08-29,0,0
CKV,2012-08-30,0,0
CKV,2012-08-31,2e-4,0.00508
CKV,2012-09-01,3.2300999999999997,82.04453999999998
CKV,2012-09-02,0.9906,25.16124
CKV,2012-09-03,0.7913,20.09902
CKV,2012-09-04,0.0701,1.7805399999999998
CKV,2012-09-05,0.0403,1.02362
CKV,2012-09-06,0.030100000000000002,0.76454
CKV,2012-09-07,0.02,0.508
CKV,2012-09-08,2.4406,61.99123999999999
CKV,2012-09-09,0,0
CKV,2012-09-10,0,0
CKV,2012-09-11,0,0
CKV,2012-09-12,0,0
CKV,2012-09-13,0,0
CKV,2012-09-14,0.0103,0.26161999999999996
CKV,2012-09-15,0.040100000000000004,1.01854
CKV,2012-09-16,1.3802,35.05708
CKV,2012-09-17,0.6609,16.78686
CKV,2012-09-18,0.0801,2.03454
CKV,2012-09-19,0,0
CKV,2012-09-20,0,0
CKV,2012-09-21,0,0
CKV,2012-09-22,0,0
CKV,2012-09-23,0,0
CKV,2012-09-24,0,0
CKV,2012-09-25,0,0
CKV,2012-09-26,0,0
CKV,2012-09-27,0.32070000000000004,8.14578
CKV,2012-09-28,0.1005,2.5527
CKV,2012-09-29,0,0
CKV,2012-09-30,0.03,0.7619999999999999
CKV,2012-10-01,2.9405,74.6887
CKV,2012-10-02,0.33,8.382
CKV,2012-10-03,0.04,1.016
CKV,2012-10-04,0,0
CKV,2012-10-05,0.02,0.508
CKV,2012-10-06,0.8506,21.60524
CKV,2012-10-07,2e-4,0.00508
CKV,2012-10-08,0,0
CKV,2012-10-09,0,0
CKV,2012-10-10,1e-4,0.00254
CKV,2012-10-11,0,0
CKV,2012-10-12,1.19,30.225999999999996
CKV,2012-10-13,0,0
CKV,2012-10-14,0.6901,17.52854
CKV,2012-10-15,0.01,0.254
CKV,2012-10-16,0,0
CKV,2012-10-17,0,0
CKV,2012-10-18,2.0401000000000002,51.818540000000006
CKV,2012-10-19,0,0
CKV,2012-10-20,0,0
CKV,2012-10-21,0,0
CKV,2012-10-22,0,0
CKV,2012-10-23,0,0
CKV,2012-10-24,0,0
CKV,2012-10-25,0,0
CKV,2012-10-26,0.8007,20.33778
CKV,2012-10-27,0.0106,0.26924
CKV,2012-10-28,0,0
CKV,2012-10-29,0,0
CKV,2012-10-30,0,0
CKV,2012-10-31,0,0
CKV,2012-11-01,0,0
CKV,2012-11-02,0,0
CKV,2012-11-03,0,0
CKV,2012-11-04,0,0
CKV,2012-11-05,3.0000000000000003e-4,0.00762
CKV,2012-11-06,0.0802,2.0370799999999996
CKV,2012-11-07,0.5008,12.72032
CKV,2012-11-08,0,0
CKV,2012-11-09,0,0
CKV,2012-11-10,0,0
CKV,2012-11-11,0,0
CKV,2012-11-12,1.7406,44.21124
CKV,2012-11-13,0,0
CKV,2012-11-14,0,0
CKV,2012-11-15,0,0
CKV,2012-11-16,0,0
CKV,2012-11-17,0,0
CKV,2012-11-18,0,0
CKV,2012-11-19,0,0
CKV,2012-11-20,0,0
CKV,2012-11-21,0,0
CKV,2012-11-22,0,0
CKV,2012-11-23,0.0101,0.25654
CKV,2012-11-24,0,0
CKV,2012-11-25,0,0
CKV,2012-11-26,0.1703,4.32562
CKV,2012-11-27,0.7004,17.79016
CKV,2012-11-28,0,0
CKV,2012-11-29,0,0
CKV,2012-11-30,0,0
CKV,2012-12-01,0,0
CKV,2012-12-02,0,0
CKV,2012-12-03,0,0
CKV,2012-12-04,1.1601000000000001,29.466540000000002
CKV,2012-12-05,2e-4,0.00508
CKV,2012-12-06,0.19,4.826
CKV,2012-12-07,0.0608,1.54432
CKV,2012-12-08,0.8307,21.09978
CKV,2012-12-09,3.6805,93.48469999999999
CKV,2012-12-10,2.1215,53.8861
CKV,2012-12-11,0,0
CKV,2012-12-12,0,0
CKV,2012-12-13,0,0
CKV,2012-12-14,0,0
CKV,2012-12-15,0.2202,5.59308
CKV,2012-12-16,0,0
CKV,2012-12-17,0.1802,4.57708
CKV,2012-12-18,0,0
CKV,2012-12-19,0,0
CKV,2012-12-20,2,50.8
CKV,2012-12-21,0,0
CKV,2012-12-22,0,0
CKV,2012-12-23,0,0
CKV,2012-12-24,0.0513,1.3030199999999998
CKV,2012-12-25,1e-4,0.00254
CKV,2012-12-26,1.6412,41.686479999999996
CKV,2012-12-27,0,0
CKV,2012-12-28,0.1704,4.32816
CKV,2012-12-29,0.2221,5.64134
CKV,2012-12-30,0,0
CKV,2012-12-31,4e-4,0.01016
CKV,2013-01-01,0.5306,13.477239999999998
CKV,2013-01-02,0,0
CKV,2013-01-03,0,0
CKV,2013-01-04,0,0
CKV,2013-01-05,2e-4,0.00508
CKV,2013-01-06,0,0
CKV,2013-01-07,0,0
CKV,2013-01-08,0,0
CKV,2013-01-09,0.1009,2.56286
CKV,2013-01-10,0.9503,24.13762
CKV,2013-01-11,1.8506,47.00524
CKV,2013-01-12,0.0405,1.0287
CKV,2013-01-13,5.0403,128.02362
CKV,2013-01-14,2e-4,0.00508
CKV,2013-01-15,0.0901,2.28854
CKV,2013-01-16,0.1009,2.56286
CKV,2013-01-17,0,0
CKV,2013-01-18,0,0
CKV,2013-01-19,0,0
CKV,2013-01-20,0,0
CKV,2013-01-21,0,0
CKV,2013-01-22,0,0
CKV,2013-01-23,0,0
CKV,2013-01-24,0,0
CKV,2013-01-25,0.361,9.1694
CKV,2013-01-26,0,0
CKV,2013-01-27,0.0707,1.79578
CKV,2013-01-28,0.050300000000000004,1.27762
CKV,2013-01-29,0,0
CKV,2013-01-30,3.1703,80.52562
CKV,2013-01-31,0,0
CKV,2013-02-01,0.0708,1.79832
CKV,2013-02-02,0.0206,0.5232399999999999
CKV,2013-02-03,3.0000000000000003e-4,0.00762
CKV,2013-02-04,1e-4,0.00254
CKV,2013-02-05,1e-4,0.00254
CKV,2013-02-06,0,0
CKV,2013-02-07,0,0
CKV,2013-02-08,0.5301,13.46454
CKV,2013-02-09,0,0
CKV,2013-02-10,0.6403,16.26362
CKV,2013-02-11,0,0
CKV,2013-02-12,0,0
CKV,2013-02-13,0.2107,5.35178
CKV,2013-02-14,0,0
CKV,2013-02-15,1e-4,0.00254
CKV,2013-02-16,0,0
CKV,2013-02-17,0,0
CKV,2013-02-18,0.040100000000000004,1.01854
CKV,2013-02-19,0.6804,17.282159999999998
CKV,2013-02-20,0,0
CKV,2013-02-21,0.24,6.095999999999999
CKV,2013-02-22,0.2106,5.34924
CKV,2013-02-23,0,0
CKV,2013-02-24,0,0
CKV,2013-02-25,0,0
CKV,2013-02-26,1.002,25.450799999999997
CKV,2013-02-27,0.030600000000000002,0.77724
CKV,2013-02-28,0.0108,0.27432
CKV,2013-03-01,0.1742,4.4246799999999995
CKV,2013-03-02,0.0542,1.37668
CKV,2013-03-03,0,0
CKV,2013-03-04,0,0
CKV,2013-03-05,1.151,29.2354
CKV,2013-03-06,8e-4,0.02032
CKV,2013-03-07,0,0
CKV,2013-03-08,0,0
CKV,2013-03-09,0,0
CKV,2013-03-10,0.0101,0.25654
CKV,2013-03-11,4.1302,104.90708000000001
CKV,2013-03-12,0,0
CKV,2013-03-13,0,0
CKV,2013-03-14,0.050100000000000006,1.27254
CKV,2013-03-15,0.0101,0.25654
CKV,2013-03-16,0,0
CKV,2013-03-17,0.0903,2.29362
CKV,2013-03-18,3.4408000000000003,87.39632
CKV,2013-03-19,0,0
CKV,2013-03-20,0,0
CKV,2013-03-21,0,0
CKV,2013-03-22,0,0
CKV,2013-03-23,0,0
CKV,2013-03-24,1.6906,42.94124
CKV,2013-03-25,0.0057,0.14478
CKV,2013-03-26,0.0432,1.09728
CKV,2013-03-27,0,0
CKV,2013-03-28,0,0
CKV,2013-03-29,0.6303,16.009619999999998
CKV,2013-03-30,0.09999999999999999,2.5399999999999996
CKV,2013-03-31,0.5412,13.74648
CKV,2013-04-01,0,0
CKV,2013-04-02,0,0
CKV,2013-04-03,0,0
CKV,2013-04-04,0.3807,9.66978
CKV,2013-04-05,0,0
CKV,2013-04-06,0,0
CKV,2013-04-07,0,0
CKV,2013-04-08,0,0
CKV,2013-04-09,0,0
CKV,2013-04-10,0,0
CKV,2013-04-11,5.0005,127.01269999999998
CKV,2013-04-12,0.25,6.35
CKV,2013-04-13,0,0
CKV,2013-04-14,0,0
CKV,2013-04-15,0,0
CKV,2013-04-16,0,0
CKV,2013-04-17,0,0
CKV,2013-04-18,0,0
CKV,2013-04-19,2.96,75.184
CKV,2013-04-20,0,0
CKV,2013-04-21,0,0
CKV,2013-04-22,0,0
CKV,2013-04-23,0,0
CKV,2013-04-24,2.7511,69.87794
CKV,2013-04-25,0,0
CKV,2013-04-26,0.3402,8.641079999999999
CKV,2013-04-27,2.3909000000000002,60.728860000000005
CKV,2013-04-28,7.9703,202.44562
CKV,2013-04-29,0,0
CKV,2013-04-30,0,0
CKV,2013-05-01,0,0
CKV,2013-05-02,0,0
CKV,2013-05-03,4e-4,0.01016
CKV,2013-05-04,1.8505,47.0027
CKV,2013-05-05,0.0508,1.29032
CKV,2013-05-06,0.2107,5.35178
CKV,2013-05-07,0.1301,3.30454
CKV,2013-05-08,2e-4,0.00508
CKV,2013-05-09,0.02,0.508
CKV,2013-05-10,1.491,37.8714
CKV,2013-05-11,0.0205,0.5206999999999999
CKV,2013-05-12,0.0101,0.25654
CKV,2013-05-13,0,0
CKV,2013-05-14,0,0
CKV,2013-05-15,0,0
CKV,2013-05-16,0,0
CKV,2013-05-17,0.1309,3.3248599999999997
CKV,2013-05-18,0.3103,7.88162
CKV,2013-05-19,0,0
CKV,2013-05-20,0,0
CKV,2013-05-21,0.21,5.334
CKV,2013-05-22,1.8303,46.489619999999995
CKV,2013-05-23,0,0
CKV,2013-05-24,7e-4,0.017779999999999997
CKV,2013-05-25,0,0
CKV,2013-05-26,0,0
CKV,2013-05-27,0,0
CKV,2013-05-28,0,0
CKV,2013-05-29,0,0
CKV,2013-05-30,0,0
CKV,2013-05-31,0.43,10.921999999999999
CKV,2013-06-01,0.011000000000000001,0.27940000000000004
CKV,2013-06-02,0.0305,0.7746999999999999
CKV,2013-06-03,0,0
CKV,2013-06-04,0.01,0.254
CKV,2013-06-05,0,0
CKV,2013-06-06,8e-4,0.02032
CKV,2013-06-07,0.01,0.254
CKV,2013-06-08,0,0
CKV,2013-06-09,6.000000000000001e-4,0.01524
CKV,2013-06-10,5e-4,0.0127
CKV,2013-06-11,0,0
CKV,2013-06-12,0.01,0.254
CKV,2013-06-13,0,0
CKV,2013-06-14,0,0
CKV,2013-06-15,0,0
CKV,2013-06-16,0,0
CKV,2013-06-17,0.3003,7.62762
CKV,2013-06-18,0.5409,13.73886
CKV,2013-06-19,0,0
CKV,2013-06-20,0,0
CKV,2013-06-21,2e-4,0.00508
CKV,2013-06-22,0,0
CKV,2013-06-23,0,0
CKV,2013-06-24,0,0
CKV,2013-06-25,0,0
CKV,2013-06-26,0,0
CKV,2013-06-27,0.4901,12.44854
CKV,2013-06-28,3.0000000000000003e-4,0.00762
CKV,2013-06-29,0,0
CKV,2013-06-30,1e-4,0.00254
CKV,2013-07-01,0.3901,9.90854
CKV,2013-07-02,0.0202,0.51308
CKV,2013-07-03,0,0
CKV,2013-07-04,3.4309,87.14486
CKV,2013-07-05,0.9104,23.12416
CKV,2013-07-06,0.4607,11.70178
CKV,2013-07-07,0.6803,17.279619999999998
CKV,2013-07-08,0,0
CKV,2013-07-09,0,0
CKV,2013-07-10,0,0
CKV,2013-07-11,0,0
CKV,2013-07-12,0,0
CKV,2013-07-13,0,0
CKV,2013-07-14,3.0000000000000003e-4,0.00762
CKV,2013-07-15,0,0
CKV,2013-07-16,0,0
CKV,2013-07-17,0,0
CKV,2013-07-18,1.1003,27.94762
CKV,2013-07-19,0,0
CKV,2013-07-20,0,0
CKV,2013-07-21,2e-4,0.00508
CKV,2013-07-22,0,0
CKV,2013-07-23,0,0
CKV,2013-07-24,0.050300000000000004,1.27762
CKV,2013-07-25,0,0
CKV,2013-07-26,0,0
CKV,2013-07-27,0.0204,0.51816
CKV,2013-07-28,0,0
CKV,2013-07-29,0,0
CKV,2013-07-30,0.46030000000000004,11.69162
CKV,2013-07-31,0.0205,0.5206999999999999
CKV,2013-08-01,0.01,0.254
CKV,2013-08-02,0,0
CKV,2013-08-03,0.20020000000000002,5.0850800000000005
CKV,2013-08-04,0,0
CKV,2013-08-05,0.0702,1.7830799999999998
CKV,2013-08-06,0.4805,12.204699999999999
CKV,2013-08-07,0.0902,2.29108
CKV,2013-08-08,0.4301,10.924539999999999
CKV,2013-08-09,3.0000000000000003e-4,0.00762
CKV,2013-08-10,1.0103,25.66162
CKV,2013-08-11,0.0103,0.26161999999999996
CKV,2013-08-12,2.6405,67.06869999999999
CKV,2013-08-13,0.1,2.54
CKV,2013-08-14,0,0
CKV,2013-08-15,0,0
CKV,2013-08-16,0,0
CKV,2013-08-17,0.101,2.5654
CKV,2013-08-18,0.0505,1.2827
CKV,2013-08-19,0,0
CKV,2013-08-20,0,0
CKV,2013-08-21,0,0
CKV,2013-08-22,0,0
CKV,2013-08-23,0.0105,0.2667
CKV,2013-08-24,0,0
CKV,2013-08-25,0,0
CKV,2013-08-26,0.01,0.254
CKV,2013-08-27,0,0
CKV,2013-08-28,0,0
CKV,2013-08-29,0,0
CKV,2013-08-30,0,0
CKV,2013-08-31,0,0
CKV,2013-09-01,1.4202,36.07308
CKV,2013-09-02,2e-4,0.00508
CKV,2013-09-03,0,0
CKV,2013-09-04,0,0
CKV,2013-09-05,0,0
CKV,2013-09-06,0.01,0.254
CKV,2013-09-07,0,0
CKV,2013-09-08,0,0
CKV,2013-09-09,0.1,2.54
CKV,2013-09-10,0,0
CKV,2013-09-11,0.08,2.032
CKV,2013-09-12,1.11,28.194000000000003
CKV,2013-09-13,0.62,15.748
CKV,2013-09-14,0,0
CKV,2013-09-15,0,0
CKV,2013-09-16,2e-4,0.00508
CKV,2013-09-17,0,0
CKV,2013-09-18,0,0
CKV,2013-09-19,0,0
CKV,2013-09-20,0.0701,1.7805399999999998
CKV,2013-09-21,9.5802,243.33708
CKV,2013-09-22,0.01,0.254
CKV,2013-09-23,0,0
CKV,2013-09-24,1e-4,0.00254
CKV,2013-09-25,0.1301,3.30454
CKV,2013-09-26,0,0
CKV,2013-09-27,0.02,0.508
CKV,2013-09-28,0,0
CKV,2013-09-29,0.2402,6.10108
CKV,2013-09-30,0,0
CKV,2013-10-01,0,0
CKV,2013-10-02,0.6203,15.755619999999999
CKV,2013-10-03,2e-4,0.00508
CKV,2013-10-04,0.02,0.508
CKV,2013-10-05,0,0
CKV,2013-10-06,3.0307,76.97977999999999
CKV,2013-10-07,0,0
CKV,2013-10-08,0,0
CKV,2013-10-09,0,0
CKV,2013-10-10,0,0
CKV,2013-10-11,0.04,1.016
CKV,2013-10-12,0,0
CKV,2013-10-13,0,0
CKV,2013-10-14,0,0
CKV,2013-10-15,3.0000000000000003e-4,0.00762
CKV,2013-10-16,0.8208,20.848319999999998
CKV,2013-10-17,0.1002,2.54508
CKV,2013-10-18,0,0
CKV,2013-10-19,0.2205,5.6007
CKV,2013-10-20,0,0
CKV,2013-10-21,0,0
CKV,2013-10-22,0.0605,1.5367
CKV,2013-10-23,0.0201,0.51054
CKV,2013-10-24,0,0
CKV,2013-10-25,0,0
CKV,2013-10-26,0,0
CKV,2013-10-27,0,0
CKV,2013-10-28,0.1104,2.80416
CKV,2013-10-29,1e-4,0.00254
CKV,2013-10-30,1e-4,0.00254
CKV,2013-10-31,3.9307,99.83977999999999
CKV,2013-11-01,0.3,7.619999999999999
CKV,2013-11-02,0.1501,3.8125400000000003
CKV,2013-11-03,0,0
CKV,2013-11-04,0,0
CKV,2013-11-05,0,0
CKV,2013-11-06,0.6503,16.517619999999997
CKV,2013-11-07,0.1805,4.5847
CKV,2013-11-08,0,0
CKV,2013-11-09,0,0
CKV,2013-11-10,0,0
CKV,2013-11-11,0,0
CKV,2013-11-12,0.1106,2.80924
CKV,2013-11-13,0,0
CKV,2013-11-14,0,0
CKV,2013-11-15,0.0403,1.02362
CKV,2013-11-16,0,0
CKV,2013-11-17,5.6005,142.2527
CKV,2013-11-18,0.02,0.508
CKV,2013-11-19,0,0
CKV,2013-11-20,0,0
CKV,2013-11-21,1e-4,0.00254
CKV,2013-11-22,1.2811000000000001,32.53994
CKV,2013-11-23,0,0
CKV,2013-11-24,2e-4,0.00508
CKV,2013-11-25,0.1102,2.79908
CKV,2013-11-26,0.0507,1.28778
CKV,2013-11-27,0,0
CKV,2013-11-28,0,0
CKV,2013-11-29,0,0
CKV,2013-11-30,0,0
CKV,2013-12-01,0,0
CKV,2013-12-02,0,0
CKV,2013-12-03,0,0
CKV,2013-12-04,0,0
CKV,2013-12-05,1.1205,28.4607
CKV,2013-12-06,1.7508000000000001,44.47032
CKV,2013-12-07,0,0
CKV,2013-12-08,0.251,6.3754
CKV,2013-12-09,0.0103,0.26161999999999996
CKV,2013-12-10,0,0
CKV,2013-12-11,0,0
CKV,2013-12-12,0,0
CKV,2013-12-13,1e-4,0.00254
CKV,2013-12-14,0.5106,12.969240000000001
CKV,2013-12-15,0,0
CKV,2013-12-16,0,0
CKV,2013-12-17,0,0
CKV,2013-12-18,0,0
CKV,2013-12-19,0,0
CKV,2013-12-20,0.0403,1.02362
CKV,2013-12-21,1.2502,31.755079999999996
CKV,2013-12-22,4.1708,105.93831999999999
CKV,2013-12-23,0.0208,0.5283199999999999
CKV,2013-12-24,3.0000000000000003e-4,0.00762
CKV,2013-12-25,0,0
CKV,2013-12-26,0,0
CKV,2013-12-27,0,0
CKV,2013-12-28,1e-4,0.00254
CKV,2013-12-29,0.3405,8.6487
CKV,2013-12-30,0,0
CKV,2013-12-31,0,0
CKV,2014-01-01,0,0
CKV,2014-01-02,0.052700000000000004,1.33858
CKV,2014-01-03,2e-4,0.00508
CKV,2014-01-04,0,0
CKV,2014-01-05,0.59,14.985999999999999
CKV,2014-01-06,0.002,0.0508
CKV,2014-01-07,0,0
CKV,2014-01-08,0,0
CKV,2014-01-09,0.0703,1.78562
CKV,2014-01-10,1e-4,0.00254
CKV,2014-01-11,1.79,45.466
CKV,2014-01-12,0,0
CKV,2014-01-13,0.7705000000000001,19.570700000000002
CKV,2014-01-14,0.0405,1.0287
CKV,2014-01-15,0.0205,0.5206999999999999
CKV,2014-01-16,2e-4,0.00508
CKV,2014-01-17,0.0103,0.26161999999999996
CKV,2014-01-18,1e-4,0.00254
CKV,2014-01-19,0,0
CKV,2014-01-20,0,0
CKV,2014-01-21,0.0014,0.035559999999999994
CKV,2014-01-22,0,0
CKV,2014-01-23,0,0
CKV,2014-01-24,0,0
CKV,2014-01-25,2e-4,0.00508
CKV,2014-01-26,0,0
CKV,2014-01-27,0,0
CKV,2014-01-28,0,0
CKV,2014-01-29,0,0
CKV,2014-01-30,0,0
CKV,2014-01-31,0,0
CKV,2014-02-01,0,0
CKV,2014-02-02,1.4006,35.57524
CKV,2014-02-03,1.0613,26.957019999999996
CKV,2014-02-04,2.7802000000000002,70.61708
CKV,2014-02-05,1.6918,42.97172
CKV,2014-02-06,0.0015,0.0381
CKV,2014-02-07,5e-4,0.0127
CKV,2014-02-08,0.053700000000000005,1.36398
CKV,2014-02-09,0.0205,0.5206999999999999
CKV,2014-02-10,2e-4,0.00508
CKV,2014-02-11,0,0
CKV,2014-02-12,0,0
CKV,2014-02-13,0,0
CKV,2014-02-14,0.74,18.796
CKV,2014-02-15,0.0104,0.26415999999999995
CKV,2014-02-16,0,0
CKV,2014-02-17,0.3306,8.39724
CKV,2014-02-18,0,0
CKV,2014-02-19,1.6204,41.15816
CKV,2014-02-20,0.3001,7.622539999999999
CKV,2014-02-21,0.4202,10.67308
CKV,2014-02-22,0,0
CKV,2014-02-23,1e-4,0.00254
CKV,2014-02-24,1e-4,0.00254
CKV,2014-02-25,0,0
CKV,2014-02-26,0,0
CKV,2014-02-27,0,0
CKV,2014-02-28,0,0
CKV,2014-03-01,1e-4,0.00254
CKV,2014-03-02,1.341,34.0614
CKV,2014-03-03,2.2426,56.962039999999995
CKV,2014-03-04,1e-4,0.00254
CKV,2014-03-05,0,0
CKV,2014-03-06,0,0
CKV,2014-03-07,2e-4,0.00508
CKV,2014-03-08,0,0
CKV,2014-03-09,5e-4,0.0127
CKV,2014-03-10,0,0
CKV,2014-03-11,0,0
CKV,2014-03-12,0.0304,0.77216
CKV,2014-03-13,0,0
CKV,2014-03-14,0,0
CKV,2014-03-15,0,0
CKV,2014-03-16,0.8803,22.35962
CKV,2014-03-17,7e-4,0.017779999999999997
CKV,2014-03-18,0,0
CKV,2014-03-19,0,0
CKV,2014-03-20,0,0
CKV,2014-03-21,0,0
CKV,2014-03-22,0,0
CKV,2014-03-23,2e-4,0.00508
CKV,2014-03-24,0,0
CKV,2014-03-25,0.0323,0.82042
CKV,2014-03-26,0,0
CKV,2014-03-27,0.0804,2.04216
CKV,2014-03-28,0.461,11.7094
CKV,2014-03-29,1.7207,43.70578
CKV,2014-03-30,0,0
CKV,2014-03-31,0,0
CKV,2014-04-01,0,0
CKV,2014-04-02,0.03,0.7619999999999999
CKV,2014-04-03,1.3908,35.326319999999996
CKV,2014-04-04,1.97,50.038
CKV,2014-04-05,0,0
CKV,2014-04-06,0,0
CKV,2014-04-07,0.242,6.1468
CKV,2014-04-08,0.0303,0.76962
CKV,2014-04-09,0,0
CKV,2014-04-10,7e-4,0.017779999999999997
CKV,2014-04-11,0.54,13.716
CKV,2014-04-12,0,0
CKV,2014-04-13,0,0
CKV,2014-04-14,2.9504,74.94016
CKV,2014-04-15,0.441,11.2014
CKV,2014-04-16,0,0
CKV,2014-04-17,0,0
CKV,2014-04-18,0,0
CKV,2014-04-19,0,0
CKV,2014-04-20,0,0
CKV,2014-04-21,1e-4,0.00254
CKV,2014-04-22,3.0000000000000003e-4,0.00762
CKV,2014-04-23,0,0
CKV,2014-04-24,0,0
CKV,2014-04-25,0.16040000000000001,4.07416
CKV,2014-04-26,0,0
CKV,2014-04-27,2e-4,0.00508
CKV,2014-04-28,3.7316000000000003,94.78264
CKV,2014-04-29,0.2701,6.860539999999999
CKV,2014-04-30,0.0105,0.2667
CKV,2014-05-01,4e-4,0.01016
CKV,2014-05-02,0,0
CKV,2014-05-03,0,0
CKV,2014-05-04,0,0
CKV,2014-05-05,0,0
CKV,2014-05-06,0,0
CKV,2014-05-07,0,0
CKV,2014-05-08,0,0
CKV,2014-05-09,0.6701,17.02054
CKV,2014-05-10,0.7107,18.051779999999997
CKV,2014-05-11,6.000000000000001e-4,0.01524
CKV,2014-05-12,0,0
CKV,2014-05-13,0,0
CKV,2014-05-14,0.4204,10.67816
CKV,2014-05-15,0.0821,2.08534
CKV,2014-05-16,3.0000000000000003e-4,0.00762
CKV,2014-05-17,1e-4,0.00254
CKV,2014-05-18,0,0
CKV,2014-05-19,0,0
CKV,2014-05-20,3.0000000000000003e-4,0.00762
CKV,2014-05-21,0,0
CKV,2014-05-22,0,0
CKV,2014-05-23,0,0
CKV,2014-05-24,0,0
CKV,2014-05-25,0.6001,15.242539999999998
CKV,2014-05-26,0,0
CKV,2014-05-27,0,0
CKV,2014-05-28,0.1703,4.32562
CKV,2014-05-29,0,0
CKV,2014-05-30,0,0
CKV,2014-05-31,0,0
CKV,2014-06-01,0.0504,1.28016
CKV,2014-06-02,1e-4,0.00254
CKV,2014-06-03,0.0101,0.25654
CKV,2014-06-04,0,0
CKV,2014-06-05,10.3303,262.38962
CKV,2014-06-06,0,0
CKV,2014-06-07,1.8501,46.99254
CKV,2014-06-08,0,0
CKV,2014-06-09,0.0704,1.78816
CKV,2014-06-10,1.0002,25.405079999999998
CKV,2014-06-11,0.0102,0.25908
CKV,2014-06-12,0,0
CKV,2014-06-13,1.1606,29.47924
CKV,2014-06-14,0,0
CKV,2014-06-15,0,0
CKV,2014-06-16,0,0
CKV,2014-06-17,0,0
CKV,2014-06-18,0.01,0.254
CKV,2014-06-19,0,0
CKV,2014-06-20,0.40040000000000003,10.170160000000001
CKV,2014-06-21,0,0
CKV,2014-06-22,0,0
CKV,2014-06-23,0.11,2.794
CKV,2014-06-24,3.0000000000000003e-4,0.00762
CKV,2014-06-25,1e-4,0.00254
CKV,2014-06-26,0,0
CKV,2014-06-27,1e-4,0.00254
CKV,2014-06-28,1e-4,0.00254
CKV,2014-06-29,0.0505,1.2827
CKV,2014-06-30,0,0
CKV,2014-07-01,0,0
CKV,2014-07-02,2.9204000000000003,74.17816
CKV,2014-07-03,0,0
CKV,2014-07-04,0,0
CKV,2014-07-05,0,0
CKV,2014-07-06,0,0
CKV,2014-07-07,0,0
CKV,2014-07-08,2e-4,0.00508
CKV,2014-07-09,0,0
CKV,2014-07-10,0,0
CKV,2014-07-11,0,0
CKV,2014-07-12,0,0
CKV,2014-07-13,0,0
CKV,2014-07-14,0.1107,2.81178
CKV,2014-07-15,0.1,2.54
CKV,2014-07-16,0,0
CKV,2014-07-17,0,0
CKV,2014-07-18,1e-4,0.00254
CKV,2014-07-19,0.0302,0.76708
CKV,2014-07-20,0.0101,0.25654
CKV,2014-07-21,0,0
CKV,2014-07-22,0,0
CKV,2014-07-23,0,0
CKV,2014-07-24,0,0
CKV,2014-07-25,0,0
CKV,2014-07-26,0,0
CKV,2014-07-27,0,0
CKV,2014-07-28,0,0
CKV,2014-07-29,0,0
CKV,2014-07-30,0,0
CKV,2014-07-31,0,0
CKV,2014-08-01,0,0
CKV,2014-08-02,0,0
CKV,2014-08-03,0,0
CKV,2014-08-04,0,0
CKV,2014-08-05,0,0
CKV,2014-08-06,0,0
CKV,2014-08-07,2.4802,62.99708
CKV,2014-08-08,0.0302,0.76708
CKV,2014-08-09,0.030100000000000002,0.76454
CKV,2014-08-10,0,0
CKV,2014-08-11,0.0904,2.2961599999999995
CKV,2014-08-12,0,0
CKV,2014-08-13,0,0
CKV,2014-08-14,0,0
CKV,2014-08-15,0,0
CKV,2014-08-16,1e-4,0.00254
CKV,2014-08-17,2.4508,62.25032
CKV,2014-08-18,0,0
CKV,2014-08-19,0,0
CKV,2014-08-20,0.6103000000000001,15.50162
CKV,2014-08-21,0.6303,16.009619999999998
CKV,2014-08-22,0,0
CKV,2014-08-23,0.0601,1.52654
CKV,2014-08-24,2.05,52.06999999999999
CKV,2014-08-25,0,0
CKV,2014-08-26,0.0101,0.25654
CKV,2014-08-27,0.01,0.254
CKV,2014-08-28,0.3802,9.657079999999999
CKV,2014-08-29,0,0
CKV,2014-08-30,0.0902,2.29108
CKV,2014-08-31,3.5609,90.44686
CKV,2014-09-01,0.55,13.97
CKV,2014-09-02,0.3501,8.89254
CKV,2014-09-03,0,0
CKV,2014-09-04,0,0
CKV,2014-09-05,0,0
CKV,2014-09-06,0,0
CKV,2014-09-07,2e-4,0.00508
CKV,2014-09-08,0,0
CKV,2014-09-09,0,0
CKV,2014-09-10,0,0
CKV,2014-09-11,0.3906,9.92124
CKV,2014-09-12,0,0
CKV,2014-09-13,3.0000000000000003e-4,0.00762
CKV,2014-09-14,0,0
CKV,2014-09-15,0,0
CKV,2014-09-16,0.0103,0.26161999999999996
CKV,2014-09-17,0,0
CKV,2014-09-18,0,0
CKV,2014-09-19,0,0
CKV,2014-09-20,0,0
CKV,2014-09-21,0,0
CKV,2014-09-22,0,0
CKV,2014-09-23,0,0
CKV,2014-09-24,0,0
CKV,2014-09-25,0,0
CKV,2014-09-26,0,0
CKV,2014-09-27,0,0
CKV,2014-09-28,0,0
CKV,2014-09-29,0,0
CKV,2014-09-30,0,0
CKV,2014-10-01,0,0
CKV,2014-10-02,1e-4,0.00254
CKV,2014-10-03,1.1306,28.71724
CKV,2014-10-04,2e-4,0.00508
CKV,2014-10-05,0,0
CKV,2014-10-06,0.48059999999999997,12.207239999999999
CKV,2014-10-07,0.1303,3.30962
CKV,2014-10-08,0.67,17.018
CKV,2014-10-09,0.4601,11.686539999999999
CKV,2014-10-10,2.7206,69.10324
CKV,2014-10-11,1e-4,0.00254
CKV,2014-10-12,0.7204,18.29816
CKV,2014-10-13,7.6505,194.3227
CKV,2014-10-14,3.4708,88.15832
CKV,2014-10-15,0.3725,9.4615
CKV,2014-10-16,0.0608,1.54432
CKV,2014-10-17,0,0
CKV,2014-10-18,0,0
CKV,2014-10-19,0,0
CKV,2014-10-20,1e-4,0.00254
CKV,2014-10-21,0,0
CKV,2014-10-22,0,0
CKV,2014-10-23,0,0
CKV,2014-10-24,0,0
CKV,2014-10-25,0,0
CKV,2014-10-26,0,0
CKV,2014-10-27,0,0
CKV,2014-10-28,0.25070000000000003,6.367780000000001
CKV,2014-10-29,0.1004,2.55016
CKV,2014-10-30,0,0
CKV,2014-10-31,0.081,2.0574
CKV,2014-11-01,0,0
CKV,2014-11-02,0,0
CKV,2014-11-03,0,0
CKV,2014-11-04,0,0
CKV,2014-11-05,2.291,58.191399999999994
CKV,2014-11-06,0.0304,0.77216
CKV,2014-11-07,0,0
CKV,2014-11-08,0,0
CKV,2014-11-09,0,0
CKV,2014-11-10,0,0
CKV,2014-11-11,0.0906,2.30124
CKV,2014-11-12,0.020300000000000002,0.5156200000000001
CKV,2014-11-13,0,0
CKV,2014-11-14,5e-4,0.0127
CKV,2014-11-15,0,0
CKV,2014-11-16,0.4006,10.17524
CKV,2014-11-17,0.2521,6.403339999999999
CKV,2014-11-18,5e-4,0.0127
CKV,2014-11-19,0,0
CKV,2014-11-20,0,0
CKV,2014-11-21,0,0
CKV,2014-11-22,0.0012000000000000001,0.03048
CKV,2014-11-23,0.8007,20.33778
CKV,2014-11-24,0.4502,11.43508
CKV,2014-11-25,0,0
CKV,2014-11-26,0.0901,2.28854
CKV,2014-11-27,0.040100000000000004,1.01854
CKV,2014-11-28,0,0
CKV,2014-11-29,0,0
CKV,2014-11-30,0,0
CKV,2014-12-01,0.0711,1.8059399999999999
CKV,2014-12-02,3.0000000000000003e-4,0.00762
CKV,2014-12-03,0,0
CKV,2014-12-04,0.1917,4.86918
CKV,2014-12-05,1.2603,32.01162
CKV,2014-12-06,4.341,110.2614
CKV,2014-12-07,0,0
CKV,2014-12-08,0,0
CKV,2014-12-09,0,0
CKV,2014-12-10,1e-4,0.00254
CKV,2014-12-11,0,0
CKV,2014-12-12,0,0
CKV,2014-12-13,0,0
CKV,2014-12-14,0,0
CKV,2014-12-15,0.0303,0.76962
CKV,2014-12-16,0,0
CKV,2014-12-17,0,0
CKV,2014-12-18,0.1014,2.57556
CKV,2014-12-19,0,0
CKV,2014-12-20,0,0
CKV,2014-12-21,0,0
CKV,2014-12-22,0,0
CKV,2014-12-23,1.331,33.807399999999994
CKV,2014-12-24,0.4009,10.182859999999998
CKV,2014-12-25,7e-4,0.017779999999999997
CKV,2014-12-26,0,0
CKV,2014-12-27,0.3905,9.9187
CKV,2014-12-28,0.2813,7.14502
CKV,2014-12-29,0,0
CKV,2014-12-30,0,0
CKV,2014-12-31,0,0
CKV,2015-01-01,2e-4,0.00508
CKV,2015-01-02,0.0111,0.28194
CKV,2015-01-03,0.1801,4.57454
CKV,2015-01-04,0.0512,1.30048
CKV,2015-01-05,0.0014,0.035559999999999994
CKV,2015-01-06,3.0000000000000003e-4,0.00762
CKV,2015-01-07,0.0018000000000000002,0.045720000000000004
CKV,2015-01-08,0,0
CKV,2015-01-09,0,0
CKV,2015-01-10,0,0
CKV,2015-01-11,0.0102,0.25908
CKV,2015-01-12,1.9716,50.07864
CKV,2015-01-13,0,0
CKV,2015-01-14,0,0
CKV,2015-01-15,0.0018000000000000002,0.045720000000000004
CKV,2015-01-16,0,0
CKV,2015-01-17,0,0
CKV,2015-01-18,2e-4,0.00508
CKV,2015-01-19,0,0
CKV,2015-01-20,0,0
CKV,2015-01-21,3.0000000000000003e-4,0.00762
CKV,2015-01-22,0,0
CKV,2015-01-23,0.2513,6.38302
CKV,2015-01-24,0.1206,3.06324
CKV,2015-01-25,0.2106,5.34924
CKV,2015-01-26,0.4506,11.44524
CKV,2015-01-27,0,0
CKV,2015-01-28,0,0
CKV,2015-01-29,2e-4,0.00508
CKV,2015-01-30,0.0206,0.5232399999999999
CKV,2015-01-31,0,0
CKV,2015-02-01,2.23,56.641999999999996
CKV,2015-02-02,0.2908,7.3863199999999996
CKV,2015-02-03,0,0
CKV,2015-02-04,0,0
CKV,2015-02-05,5e-4,0.0127
CKV,2015-02-06,0,0
CKV,2015-02-07,0,0
CKV,2015-02-08,0,0
CKV,2015-02-09,0,0
CKV,2015-02-10,0,0
CKV,2015-02-11,0,0
CKV,2015-02-12,9.000000000000001e-4,0.022860000000000002
CKV,2015-02-13,0,0
CKV,2015-02-14,0,0
CKV,2015-02-15,0,0
CKV,2015-02-16,1.4618,37.12972
CKV,2015-02-17,3.0000000000000003e-4,0.00762
CKV,2015-02-18,0.0419,1.06426
CKV,2015-02-19,5e-4,0.0127
CKV,2015-02-20,0.1407,3.5737799999999997
CKV,2015-02-21,6.8411,173.76394
CKV,2015-02-22,0,0
CKV,2015-02-23,0,0
CKV,2015-02-24,0,0
CKV,2015-02-25,0,0
CKV,2015-02-26,1e-4,0.00254
CKV,2015-02-27,0,0
CKV,2015-02-28,0,0
CKV,2015-03-01,0.131,3.3274
CKV,2015-03-02,0.2403,6.10362
CKV,2015-03-03,0.18,4.571999999999999
CKV,2015-03-04,3.711,94.25939999999999
CKV,2015-03-05,0.6303,16.009619999999998
CKV,2015-03-06,6.000000000000001e-4,0.01524
CKV,2015-03-07,0,0
CKV,2015-03-08,0,0
CKV,2015-03-09,3.0000000000000003e-4,0.00762
CKV,2015-03-10,3.0906000000000002,78.50124
CKV,2015-03-11,0,0
CKV,2015-03-12,0,0
CKV,2015-03-13,2.2108,56.15431999999999
CKV,2015-03-14,0.431,10.9474
CKV,2015-03-15,0,0
CKV,2015-03-16,0,0
CKV,2015-03-17,0,0
CKV,2015-03-18,0,0
CKV,2015-03-19,0.1106,2.80924
CKV,2015-03-20,0.0502,1.27508
CKV,2015-03-21,0,0
CKV,2015-03-22,0,0
CKV,2015-03-23,0,0
CKV,2015-03-24,0,0
CKV,2015-03-25,0,0
CKV,2015-03-26,0.7216,18.32864
CKV,2015-03-27,3.0000000000000003e-4,0.00762
CKV,2015-03-28,1e-4,0.00254
CKV,2015-03-29,0,0
CKV,2015-03-30,0.0102,0.25908
CKV,2015-03-31,0,0
CKV,2015-04-01,0,0
CKV,2015-04-02,4.3803,111.25962
CKV,2015-04-03,2.0808999999999997,52.85485999999999
CKV,2015-04-04,0,0
CKV,2015-04-05,0,0
CKV,2015-04-06,1.0003,25.407619999999998
CKV,2015-04-07,0.0305,0.7746999999999999
CKV,2015-04-08,0,0
CKV,2015-04-09,0,0
CKV,2015-04-10,4.8907,124.22377999999999
CKV,2015-04-11,0,0
CKV,2015-04-12,0,0
CKV,2015-04-13,0.2707,6.87578
CKV,2015-04-14,4.0302,102.36707999999999
CKV,2015-04-15,0.2108,5.3543199999999995
CKV,2015-04-16,1.921,48.7934
CKV,2015-04-17,0,0
CKV,2015-04-18,0,0
CKV,2015-04-19,3.4408000000000003,87.39632
CKV,2015-04-20,0.5004000000000001,12.71016
CKV,2015-04-21,0,0
CKV,2015-04-22,0.0705,1.7906999999999997
CKV,2015-04-23,0,0
CKV,2015-04-24,2e-4,0.00508
CKV,2015-04-25,0.01,0.254
CKV,2015-04-26,0.49010000000000004,12.44854
CKV,2015-04-27,0,0
CKV,2015-04-28,0,0
CKV,2015-04-29,0,0
CKV,2015-04-30,0,0
CKV,2015-05-01,0,0
CKV,2015-05-02,0,0
CKV,2015-05-03,0,0
CKV,2015-05-04,0,0
CKV,2015-05-05,0,0
CKV,2015-05-06,0,0
CKV,2015-05-07,0,0
CKV,2015-05-08,0,0
CKV,2015-05-09,0,0
CKV,2015-05-10,1e-4,0.00254
CKV,2015-05-11,0,0
CKV,2015-05-12,0,0
CKV,2015-05-13,0,0
CKV,2015-05-14,0,0
CKV,2015-05-15,0.1,2.54
CKV,2015-05-16,5.7506,146.06524
CKV,2015-05-17,0.9002,22.86508
CKV,2015-05-18,0.5304,13.472159999999999
CKV,2015-05-19,0,0
CKV,2015-05-20,0.0502,1.27508
CKV,2015-05-21,0,0
CKV,2015-05-22,0,0
CKV,2015-05-23,0,0
CKV,2015-05-24,0,0
CKV,2015-05-25,4.1505,105.42269999999999
CKV,2015-05-26,2e-4,0.00508
CKV,2015-05-27,0.1403,3.56362
CKV,2015-05-28,0,0
CKV,2015-05-29,0,0
CKV,2015-05-30,1.29,32.766
CKV,2015-05-31,0.5900000000000001,14.986
CKV,2015-06-01,0.6603,16.77162
CKV,2015-06-02,0,0
CKV,2015-06-03,0,0
CKV,2015-06-04,0,0
CKV,2015-06-05,0,0
CKV,2015-06-06,0,0
CKV,2015-06-07,0.05,1.27
CKV,2015-06-08,2.3403,59.443619999999996
CKV,2015-06-09,0,0
CKV,2015-06-10,0,0
CKV,2015-06-11,0,0
CKV,2015-06-12,0,0
CKV,2015-06-13,0,0
CKV,2015-06-14,0,0
CKV,2015-06-15,0,0
CKV,2015-06-16,0,0
CKV,2015-06-17,0,0
CKV,2015-06-18,3.0000000000000003e-4,0.00762
CKV,2015-06-19,0.1603,4.071619999999999
CKV,2015-06-20,0.4908,12.46632
CKV,2015-06-21,0,0
CKV,2015-06-22,0,0
CKV,2015-06-23,1e-4,0.00254
CKV,2015-06-24,0,0
CKV,2015-06-25,0,0
CKV,2015-06-26,3.7201,94.49054
CKV,2015-06-27,0.0804,2.04216
CKV,2015-06-28,0,0
CKV,2015-06-29,0.1303,3.30962
CKV,2015-06-30,0,0
CKV,2015-07-01,0.0501,1.27254
CKV,2015-07-02,4.2907,108.98378
CKV,2015-07-03,0.2306,5.85724
CKV,2015-07-04,0.5304,13.472159999999999
CKV,2015-07-05,0,0
CKV,2015-07-06,0,0
CKV,2015-07-07,0.4501,11.43254
CKV,2015-07-08,3.8502,97.79508
CKV,2015-07-09,0,0
CKV,2015-07-10,0,0
CKV,2015-07-11,0,0
CKV,2015-07-12,0,0
CKV,2015-07-13,0,0
CKV,2015-07-14,0,0
CKV,2015-07-15,0.8401,21.33854
CKV,2015-07-16,0,0
CKV,2015-07-17,0,0
CKV,2015-07-18,0,0
CKV,2015-07-19,0,0
CKV,2015-07-20,2e-4,0.00508
CKV,2015-07-21,0.1201,3.05054
CKV,2015-07-22,0,0
CKV,2015-07-23,0.9805,24.9047
CKV,2015-07-24,0,0
CKV,2015-07-25,0,0
CKV,2015-07-26,0.2,5.08
CKV,2015-07-27,0,0
CKV,2015-07-28,0.98,24.892
CKV,2015-07-29,8.1102,205.99908000000002
CKV,2015-07-30,0.2302,5.847079999999999
CKV,2015-07-31,0,0
CKV,2015-08-01,0,0
CKV,2015-08-02,0,0
CKV,2015-08-03,0,0
CKV,2015-08-04,0,0
CKV,2015-08-05,3.0102,76.45908
CKV,2015-08-06,0.0405,1.0287
CKV,2015-08-07,0,0
CKV,2015-08-08,0,0
CKV,2015-08-09,0,0
CKV,2015-08-10,1e-4,0.00254
CKV,2015-08-11,0,0
CKV,2015-08-12,0,0
CKV,2015-08-13,0,0
CKV,2015-08-14,0,0
CKV,2015-08-15,0.2501,6.352539999999999
CKV,2015-08-16,0,0
CKV,2015-08-17,0.0806,2.04724
CKV,2015-08-18,0,0
CKV,2015-08-19,0.10010000000000001,2.5425400000000002
CKV,2015-08-20,0.1202,3.05308
CKV,2015-08-21,0,0
CKV,2015-08-22,3.0000000000000003e-4,0.00762
CKV,2015-08-23,1e-4,0.00254
CKV,2015-08-24,0,0
CKV,2015-08-25,0,0
CKV,2015-08-26,7e-4,0.017779999999999997
CKV,2015-08-27,7e-4,0.017779999999999997
CKV,2015-08-28,0.0013000000000000002,0.03302
CKV,2015-08-29,0.0015,0.0381
CKV,2015-08-30,0.0403,1.02362
CKV,2015-08-31,0.01,0.254
CKV,2015-09-01,0,0
CKV,2015-09-02,0,0
CKV,2015-09-03,0,0
CKV,2015-09-04,0,0
CKV,2015-09-05,0.18,4.571999999999999
CKV,2015-09-06,0,0
CKV,2015-09-07,0,0
CKV,2015-09-08,0,0
CKV,2015-09-09,0.1001,2.54254
CKV,2015-09-10,0.57,14.477999999999998
CKV,2015-09-11,1.1801,29.974539999999998
CKV,2015-09-12,0,0
CKV,2015-09-13,0,0
CKV,2015-09-14,0,0
CKV,2015-09-15,0,0
CKV,2015-09-16,0,0
CKV,2015-09-17,0,0
CKV,2015-09-18,0,0
CKV,2015-09-19,0,0
CKV,2015-09-20,0,0
CKV,2015-09-21,0,0
CKV,2015-09-22,0,0
CKV,2015-09-23,0,0
CKV,2015-09-24,0,0
CKV,2015-09-25,0.0102,0.25908
CKV,2015-09-26,0.1704,4.32816
CKV,2015-09-27,0.0708,1.79832
CKV,2015-09-28,0,0
CKV,2015-09-29,4.0007,101.61778
CKV,2015-09-30,0,0
CKV,2015-10-01,0.0202,0.51308
CKV,2015-10-02,2e-4,0.00508
CKV,2015-10-03,0.1709,4.340859999999999
CKV,2015-10-04,0.0802,2.0370799999999996
CKV,2015-10-05,0,0
CKV,2015-10-06,0,0
CKV,2015-10-07,0,0
CKV,2015-10-08,0,0
CKV,2015-10-09,0.54,13.716
CKV,2015-10-10,0.1202,3.05308
CKV,2015-10-11,0,0
CKV,2015-10-12,0.37,9.398
CKV,2015-10-13,0.47009999999999996,11.940539999999999
CKV,2015-10-14,0,0
CKV,2015-10-15,0,0
CKV,2015-10-16,0.0302,0.76708
CKV,2015-10-17,0,0
CKV,2015-10-18,0,0
CKV,2015-10-19,0,0
CKV,2015-10-20,0,0
CKV,2015-10-21,0,0
CKV,2015-10-22,0,0
CKV,2015-10-23,0,0
CKV,2015-10-24,0.0305,0.7746999999999999
CKV,2015-10-25,1.9512,49.56048
CKV,2015-10-26,0.561,14.249400000000001
CKV,2015-10-27,4.9103,124.72162
CKV,2015-10-28,2.5805000000000002,65.5447
CKV,2015-10-29,0,0
CKV,2015-10-30,0,0
CKV,2015-10-31,0.0304,0.77216
CKV,2015-11-01,0.2811,7.13994
CKV,2015-11-02,0,0
CKV,2015-11-03,0,0
CKV,2015-11-04,0,0
CKV,2015-11-05,0,0
CKV,2015-11-06,3.3302,84.58708
CKV,2015-11-07,0,0
CKV,2015-11-08,0,0
CKV,2015-11-09,0.6802,17.277079999999998
CKV,2015-11-10,0,0
CKV,2015-11-11,0,0
CKV,2015-11-12,0.1801,4.57454
CKV,2015-11-13,0,0
CKV,2015-11-14,0,0
CKV,2015-11-15,0,0
CKV,2015-11-16,0.0805,2.0446999999999997
CKV,2015-11-17,0.5402,13.721079999999999
CKV,2015-11-18,5.7306,145.55723999999998
CKV,2015-11-19,0,0
CKV,2015-11-20,0,0
CKV,2015-11-21,0.39,9.906
CKV,2015-11-22,0,0
CKV,2015-11-23,0,0
CKV,2015-11-24,0,0
CKV,2015-11-25,0,0
CKV,2015-11-26,0,0
CKV,2015-11-27,1e-4,0.00254
CKV,2015-11-28,1.721,43.7134
CKV,2015-11-29,1.2013,30.51302
CKV,2015-11-30,1.0903,27.69362
CKV,2015-12-01,1.9908000000000001,50.56632
CKV,2015-12-02,0,0
CKV,2015-12-03,0,0
CKV,2015-12-04,0,0
CKV,2015-12-05,0,0
CKV,2015-12-06,0,0
CKV,2015-12-07,0,0
CKV,2015-12-08,3.0000000000000003e-4,0.00762
CKV,2015-12-09,0,0
CKV,2015-12-10,0,0
CKV,2015-12-11,0,0
CKV,2015-12-12,0,0
CKV,2015-12-13,0,0
CKV,2015-12-14,1.0705,27.1907
CKV,2015-12-15,0,0
CKV,2015-12-16,2e-4,0.00508
CKV,2015-12-17,0.0405,1.0287
CKV,2015-12-18,5e-4,0.0127
CKV,2015-12-19,0,0
CKV,2015-12-20,0,0
CKV,2015-12-21,0.5704,14.488159999999999
CKV,2015-12-22,0.511,12.9794
CKV,2015-12-23,0.031,0.7874
CKV,2015-12-24,0.7202000000000001,18.29308
CKV,2015-12-25,3.3301000000000003,84.58454
CKV,2015-12-26,2.3703,60.205619999999996
CKV,2015-12-27,0.2602,6.60908
CKV,2015-12-28,4.9702,126.24307999999999
CKV,2015-12-29,0,0
CKV,2015-12-30,0,0
CKV,2015-12-31,0,0
CKV,2016-01-01,0,0
CKV,2016-01-02,0,0
CKV,2016-01-03,0,0
CKV,2016-01-04,0,0
CKV,2016-01-05,0,0
CKV,2016-01-06,0,0
CKV,2016-01-07,0,0
CKV,2016-01-08,0.5003,12.707619999999999
CKV,2016-01-09,1.1705,29.730700000000002
CKV,2016-01-10,0.3019,7.668259999999999
CKV,2016-01-11,0,0
CKV,2016-01-12,0,0
CKV,2016-01-13,0,0
CKV,2016-01-14,0,0
CKV,2016-01-15,0.3703,9.40562
CKV,2016-01-16,0,0
CKV,2016-01-17,0,0
CKV,2016-01-18,0,0
CKV,2016-01-19,0,0
CKV,2016-01-20,0.7805,19.824699999999996
CKV,2016-01-21,0,0
CKV,2016-01-22,1.1733,29.80182
CKV,2016-01-23,0.0017000000000000001,0.04318
CKV,2016-01-24,0,0
CKV,2016-01-25,0,0
CKV,2016-01-26,0.2706,6.87324
CKV,2016-01-27,0,0
CKV,2016-01-28,0,0
CKV,2016-01-29,0,0
CKV,2016-01-30,0,0
CKV,2016-01-31,0,0
CKV,2016-02-01,0.5005000000000001,12.7127
CKV,2016-02-02,0.55,13.97
CKV,2016-02-03,4.2101,106.93654
CKV,2016-02-04,0,0
CKV,2016-02-05,0,0
CKV,2016-02-06,0,0
CKV,2016-02-07,0,0
CKV,2016-02-08,0.062,1.5748
CKV,2016-02-09,0.0053,0.13462
CKV,2016-02-10,0.041800000000000004,1.06172
CKV,2016-02-11,6.000000000000001e-4,0.01524
CKV,2016-02-12,0,0
CKV,2016-02-13,0,0
CKV,2016-02-14,0.43110000000000004,10.94994
CKV,2016-02-15,0.7713,19.591019999999997
CKV,2016-02-16,1.2006000000000001,30.495240000000003
CKV,2016-02-17,0,0
CKV,2016-02-18,0,0
CKV,2016-02-19,0,0
CKV,2016-02-20,0,0
CKV,2016-02-21,0.17070000000000002,4.335780000000001
CKV,2016-02-22,0,0
CKV,2016-02-23,0.08020000000000001,2.03708
CKV,2016-02-24,3.781,96.0374
CKV,2016-02-25,0.2112,5.3644799999999995
CKV,2016-02-26,2e-4,0.00508
CKV,2016-02-27,1e-4,0.00254
CKV,2016-02-28,0,0
CKV,2016-02-29,0,0
CKV,2016-03-01,0.9301,23.62454
CKV,2016-03-02,0,0
CKV,2016-03-03,0.3802,9.657079999999999
CKV,2016-03-04,0.0207,0.5257799999999999
CKV,2016-03-05,0.0018000000000000002,0.045720000000000004
CKV,2016-03-06,6.000000000000001e-4,0.01524
CKV,2016-03-07,0,0
CKV,2016-03-08,0,0
CKV,2016-03-09,0.0303,0.76962
CKV,2016-03-10,6.4405,163.5887
CKV,2016-03-11,0.18,4.571999999999999
CKV,2016-03-12,0.7303000000000001,18.54962
CKV,2016-03-13,3.5914,91.22156
CKV,2016-03-14,0.6002,15.245079999999998
CKV,2016-03-15,4e-4,0.01016
CKV,2016-03-16,0,0
CKV,2016-03-17,0,0
CKV,2016-03-18,0,0
CKV,2016-03-19,4e-4,0.01016
CKV,2016-03-20,0.040100000000000004,1.01854
CKV,2016-03-21,0,0
CKV,2016-03-22,0,0
CKV,2016-03-23,0,0
CKV,2016-03-24,0.6301,16.00454
CKV,2016-03-25,0,0
CKV,2016-03-26,4e-4,0.01016
CKV,2016-03-27,4e-4,0.01016
CKV,2016-03-28,0.32,8.128
CKV,2016-03-29,1e-4,0.00254
CKV,2016-03-30,0,0
CKV,2016-03-31,3.4909,88.66886
CKV,2016-04-01,2e-4,0.00508
CKV,2016-04-02,0,0
CKV,2016-04-03,0,0
CKV,2016-04-04,0,0
CKV,2016-04-05,0,0
CKV,2016-04-06,0.24000000000000002,6.096
CKV,2016-04-07,0.040100000000000004,1.01854
CKV,2016-04-08,0.0403,1.02362
CKV,2016-04-09,0,0
CKV,2016-04-10,0.020300000000000002,0.5156200000000001
CKV,2016-04-11,1.1401000000000001,28.958540000000003
CKV,2016-04-12,0.3401,8.638539999999999
CKV,2016-04-13,0,0
CKV,2016-04-14,0.0402,1.02108
CKV,2016-04-15,0,0
CKV,2016-04-16,0,0
CKV,2016-04-17,0,0
CKV,2016-04-18,1e-4,0.00254
CKV,2016-04-19,0,0
CKV,2016-04-20,0,0
CKV,2016-04-21,1.0908,27.706319999999998
CKV,2016-04-22,0.19030000000000002,4.833620000000001
CKV,2016-04-23,5e-4,0.0127
CKV,2016-04-24,0.011000000000000001,0.27940000000000004
CKV,2016-04-25,0,0
CKV,2016-04-26,0,0
CKV,2016-04-27,0.661,16.7894
CKV,2016-04-28,0.07100000000000001,1.8034000000000001
CKV,2016-04-29,0.0501,1.27254
CKV,2016-04-30,2.1008,53.360319999999994
CKV,2016-05-01,0.0916,2.32664
CKV,2016-05-02,1.5601,39.62654
CKV,2016-05-03,0,0
CKV,2016-05-04,0.0905,2.2986999999999997
CKV,2016-05-05,0,0
CKV,2016-05-06,1e-4,0.00254
CKV,2016-05-07,1e-4,0.00254
CKV,2016-05-08,0,0
CKV,2016-05-09,0.0501,1.27254
CKV,2016-05-10,0.6104,15.50416
CKV,2016-05-11,1.1105,28.206699999999998
CKV,2016-05-12,0.63,16.002
CKV,2016-05-13,0,0
CKV,2016-05-14,0.0201,0.51054
CKV,2016-05-15,3.0000000000000003e-4,0.00762
CKV,2016-05-16,0.01,0.254
CKV,2016-05-17,0.1714,4.35356
CKV,2016-05-18,0.3602,9.14908
CKV,2016-05-19,0.001,0.0254
CKV,2016-05-20,3.2005,81.2927
CKV,2016-05-21,3.0000000000000003e-4,0.00762
CKV,2016-05-22,0.0013000000000000002,0.03302
CKV,2016-05-23,0,0
CKV,2016-05-24,0,0
CKV,2016-05-25,3.1908,81.04632
CKV,2016-05-26,0.4205,10.6807
CKV,2016-05-27,0.0602,1.5290799999999998
CKV,2016-05-28,0,0
CKV,2016-05-29,0,0
CKV,2016-05-30,2e-4,0.00508
CKV,2016-05-31,0,0
CKV,2016-06-01,0.1101,2.79654
CKV,2016-06-02,1e-4,0.00254
CKV,2016-06-03,0,0
CKV,2016-06-04,2.8402000000000003,72.14108
CKV,2016-06-05,0.30019999999999997,7.625079999999999
CKV,2016-06-06,1e-4,0.00254
CKV,2016-06-07,0,0
CKV,2016-06-08,0,0
CKV,2016-06-09,4e-4,0.01016
CKV,2016-06-10,2e-4,0.00508
CKV,2016-06-11,1e-4,0.00254
CKV,2016-06-12,3.0000000000000003e-4,0.00762
CKV,2016-06-13,0,0
CKV,2016-06-14,0,0
CKV,2016-06-15,1.9503,49.53762
CKV,2016-06-16,1e-4,0.00254
CKV,2016-06-17,0,0
CKV,2016-06-18,0,0
CKV,2016-06-19,1e-4,0.00254
CKV,2016-06-20,0,0
CKV,2016-06-21,1e-4,0.00254
CKV,2016-06-22,0,0
CKV,2016-06-23,0,0
CKV,2016-06-24,6.24,158.496
CKV,2016-06-25,0,0
CKV,2016-06-26,0,0
CKV,2016-06-27,3.7601,95.50654
CKV,2016-06-28,0.4413,11.20902
CKV,2016-06-29,0,0
CKV,2016-06-30,1e-4,0.00254
CKV,2016-07-01,0.0201,0.51054
CKV,2016-07-02,1e-4,0.00254
CKV,2016-07-03,2e-4,0.00508
CKV,2016-07-04,1.4406,36.59124
CKV,2016-07-05,1.6199999999999999,41.147999999999996
CKV,2016-07-06,2.1004,53.350159999999995
CKV,2016-07-07,9.4002,238.76507999999998
CKV,2016-07-08,0,0
CKV,2016-07-09,0.6699999999999999,17.017999999999997
CKV,2016-07-10,1e-4,0.00254
CKV,2016-07-11,0,0
CKV,2016-07-12,3.6802,93.47708
CKV,2016-07-13,0,0
CKV,2016-07-14,1.5702,39.88308
CKV,2016-07-15,0.07010000000000001,1.7805400000000002
CKV,2016-07-16,0.0202,0.51308
CKV,2016-07-17,5e-4,0.0127
CKV,2016-07-18,0,0
CKV,2016-07-19,8e-4,0.02032
CKV,2016-07-20,0,0
CKV,2016-07-21,0.0011,0.02794
CKV,2016-07-22,2e-4,0.00508
CKV,2016-07-23,0,0
CKV,2016-07-24,0.14,3.556
CKV,2016-07-25,0,0
CKV,2016-07-26,4.1207,104.66578
CKV,2016-07-27,0.0105,0.2667
CKV,2016-07-28,9.3709,238.02086
CKV,2016-07-29,1.2308999999999999,31.264859999999995
CKV,2016-07-30,0.5402,13.721079999999999
CKV,2016-07-31,6.000000000000001e-4,0.01524
CKV,2016-08-01,0.5402,13.721079999999999
CKV,2016-08-02,0.2102,5.33908
CKV,2016-08-03,8.1806,207.78724
CKV,2016-08-04,2.2506,57.16524
CKV,2016-08-05,1.051,26.695399999999996
CKV,2016-08-06,0.1701,4.320539999999999
CKV,2016-08-07,2e-4,0.00508
CKV,2016-08-08,0,0
CKV,2016-08-09,0.0302,0.76708
CKV,2016-08-10,0,0
CKV,2016-08-11,5e-4,0.0127
CKV,2016-08-12,0,0
CKV,2016-08-13,0.03,0.7619999999999999
CKV,2016-08-14,0.5504,13.98016
CKV,2016-08-15,0.08020000000000001,2.03708
CKV,2016-08-16,0.0102,0.25908
CKV,2016-08-17,0.6403,16.26362
CKV,2016-08-18,3.5108,89.17432
CKV,2016-08-19,0.1301,3.30454
CKV,2016-08-20,2.4003,60.96762
CKV,2016-08-21,1.1608,29.48432
CKV,2016-08-22,0.0012000000000000001,0.03048
CKV,2016-08-23,0.0011,0.02794
CKV,2016-08-24,0,0
CKV,2016-08-25,5e-4,0.0127
CKV,2016-08-26,9.000000000000001e-4,0.022860000000000002
CKV,2016-08-27,1.2103,30.741619999999998
CKV,2016-08-28,0,0
CKV,2016-08-29,0,0
CKV,2016-08-30,0.56,14.224
CKV,2016-08-31,6.000000000000001e-4,0.01524
CKV,2016-09-01,0,0
CKV,2016-09-02,0,0
CKV,2016-09-03,0,0
CKV,2016-09-04,0,0
CKV,2016-09-05,2e-4,0.00508
CKV,2016-09-06,6.000000000000001e-4,0.01524
CKV,2016-09-07,8e-4,0.02032
CKV,2016-09-08,0,0
CKV,2016-09-09,0,0
CKV,2016-09-10,3.83,97.282
CKV,2016-09-11,2e-4,0.00508
CKV,2016-09-12,0.0013000000000000002,0.03302
CKV,2016-09-13,0,0
CKV,2016-09-14,0,0
CKV,2016-09-15,0,0
CKV,2016-09-16,0.01,0.254
CKV,2016-09-17,1.8601,47.24654
CKV,2016-09-18,2e-4,0.00508
CKV,2016-09-19,0.0013000000000000002,0.03302
CKV,2016-09-20,4e-4,0.01016
CKV,2016-09-21,3.0000000000000003e-4,0.00762
CKV,2016-09-22,0.001,0.0254
CKV,2016-09-23,7e-4,0.017779999999999997
CKV,2016-09-24,8e-4,0.02032
CKV,2016-09-25,4e-4,0.01016
CKV,2016-09-26,0.9105,23.1267
CKV,2016-09-27,0.0316,0.80264
CKV,2016-09-28,1e-4,0.00254
CKV,2016-09-29,0.0103,0.26161999999999996
CKV,2016-09-30,1.4616,37.12464
CKV,2016-10-01,0.0402,1.02108
CKV,2016-10-02,9.000000000000001e-4,0.022860000000000002
CKV,2016-10-03,7e-4,0.017779999999999997
CKV,2016-10-04,0.0012000000000000001,0.03048
CKV,2016-10-05,0,0
CKV,2016-10-06,0,0
CKV,2016-10-07,0,0
CKV,2016-10-08,0,0
CKV,2016-10-09,0,0
CKV,2016-10-10,0,0
CKV,2016-10-11,0,0
CKV,2016-10-12,0,0
CKV,2016-10-13,1e-4,0.00254
CKV,2016-10-14,0.0502,1.27508
CKV,2016-10-15,0,0
CKV,2016-10-16,0,0
CKV,2016-10-17,0,0
CKV,2016-10-18,0,0
CKV,2016-10-19,0,0
CKV,2016-10-20,0.2,5.08
CKV,2016-10-21,0.1102,2.79908
CKV,2016-10-22,0,0
CKV,2016-10-23,0,0
CKV,2016-10-24,0,0
CKV,2016-10-25,0,0
CKV,2016-10-26,0,0
CKV,2016-10-27,0.0101,0.25654
CKV,2016-10-28,0,0
CKV,2016-10-29,0,0
CKV,2016-10-30,0,0
CKV,2016-10-31,0,0
CKV,2016-11-01,0,0
CKV,2016-11-02,0,0
CKV,2016-11-03,0,0
CKV,2016-11-04,0,0
CKV,2016-11-05,0,0
CKV,2016-11-06,0,0
CKV,2016-11-07,0,0
CKV,2016-11-08,0.0202,0.51308
CKV,2016-11-09,2e-4,0.00508
CKV,2016-11-10,0,0
CKV,2016-11-11,0,0
CKV,2016-11-12,0,0
CKV,2016-11-13,0,0
CKV,2016-11-14,0,0
CKV,2016-11-15,0.040100000000000004,1.01854
CKV,2016-11-16,0,0
CKV,2016-11-17,0,0
CKV,2016-11-18,0,0
CKV,2016-11-19,1.2804,32.52216
CKV,2016-11-20,0,0
CKV,2016-11-21,0,0
CKV,2016-11-22,0,0
CKV,2016-11-23,0.0707,1.79578
CKV,2016-11-24,0.1101,2.79654
CKV,2016-11-25,0,0
CKV,2016-11-26,0,0
CKV,2016-11-27,0,0
CKV,2016-11-28,2.7103,68.84162
CKV,2016-11-29,0.2201,5.59054
CKV,2016-11-30,0.3201,8.13054
CKV,2016-12-01,0,0
CKV,2016-12-02,0,0
CKV,2016-12-03,0,0
CKV,2016-12-04,0.18080000000000002,4.59232
CKV,2016-12-05,0,0
CKV,2016-12-06,2.6812,68.10248
CKV,2016-12-07,0,0
CKV,2016-12-08,0,0
CKV,2016-12-09,0,0
CKV,2016-12-10,0,0
CKV,2016-12-11,3.0000000000000003e-4,0.00762
CKV,2016-12-12,0.4403,11.18362
CKV,2016-12-13,0.06,1.5239999999999998
CKV,2016-12-14,0,0
CKV,2016-12-15,0,0
CKV,2016-12-16,0,0
CKV,2016-12-17,0.0207,0.5257799999999999
CKV,2016-12-18,6.3612,161.57448
CKV,2016-12-19,5e-4,0.0127
CKV,2016-12-20,0,0
CKV,2016-12-21,0,0
CKV,2016-12-22,0,0
CKV,2016-12-23,2e-4,0.00508
CKV,2016-12-24,0.5503,13.97762
CKV,2016-12-25,0.1808,4.592319999999999
CKV,2016-12-26,2e-4,0.00508
CKV,2016-12-27,6.0807,154.44978
CKV,2016-12-28,0.17,4.3180000000000005
CKV,2016-12-29,0.0502,1.27508
CKV,2016-12-30,0,0
CKV,2016-12-31,0.4903,12.453619999999999
CKV,2017-01-01,0.1301,3.30454
CKV,2017-01-02,0.0101,0.25654
CKV,2017-01-03,0.8512000000000001,21.62048
CKV,2017-01-04,0,0
CKV,2017-01-05,4e-4,0.01016
CKV,2017-01-06,0.0012000000000000001,0.03048
CKV,2017-01-07,1e-4,0.00254
CKV,2017-01-08,0,0
CKV,2017-01-09,0,0
CKV,2017-01-10,0.020300000000000002,0.5156200000000001
CKV,2017-01-11,0.4702,11.94308
CKV,2017-01-12,0.0204,0.51816
CKV,2017-01-13,0.6318,16.047719999999998
CKV,2017-01-14,1.8401,46.73854
CKV,2017-01-15,0.0103,0.26161999999999996
CKV,2017-01-16,0.0102,0.25908
CKV,2017-01-17,1.5602,39.62908
CKV,2017-01-18,0,0
CKV,2017-01-19,1.2806,32.52724
CKV,2017-01-20,0.3902,9.91108
CKV,2017-01-21,0,0
CKV,2017-01-22,1e-4,0.00254
CKV,2017-01-23,4e-4,0.01016
CKV,2017-01-24,0,0
CKV,2017-01-25,1e-4,0.00254
CKV,2017-01-26,0,0
CKV,2017-01-27,0,0
CKV,2017-01-28,0,0
CKV,2017-01-29,0.1714,4.35356
CKV,2017-01-30,0,0
CKV,2017-01-31,0,0
CKV,2017-02-01,0,0
CKV,2017-02-02,0,0
CKV,2017-02-03,0,0
CKV,2017-02-04,0,0
CKV,2017-02-05,0,0
CKV,2017-02-06,0.0701,1.7805399999999998
CKV,2017-02-07,9.2003,233.68762
CKV,2017-02-08,0.6705,17.0307
CKV,2017-02-09,0,0
CKV,2017-02-10,0,0
CKV,2017-02-11,1e-4,0.00254
CKV,2017-02-12,4e-4,0.01016
CKV,2017-02-13,0,0
CKV,2017-02-14,0.18030000000000002,4.57962
CKV,2017-02-15,0.4,10.16
CKV,2017-02-16,0,0
CKV,2017-02-17,0,0
CKV,2017-02-18,0.1404,3.5661599999999996
CKV,2017-02-19,2e-4,0.00508
CKV,2017-02-20,0,0
CKV,2017-02-21,0.0101,0.25654
CKV,2017-02-22,0.0205,0.5206999999999999
CKV,2017-02-23,0,0
CKV,2017-02-24,0,0
CKV,2017-02-25,0,0
CKV,2017-02-26,0,0
CKV,2017-02-27,0.1501,3.8125400000000003
CKV,2017-02-28,0.0103,0.26161999999999996
CKV,2017-03-01,2.2303,56.64962
CKV,2017-03-02,0,0
CKV,2017-03-03,0,0
CKV,2017-03-04,0,0
CKV,2017-03-05,0,0
CKV,2017-03-06,0.0905,2.2986999999999997
CKV,2017-03-07,4.8104,122.18415999999998
CKV,2017-03-08,0,0
CKV,2017-03-09,0,0
CKV,2017-03-10,3.15,80.00999999999999
CKV,2017-03-11,0.0412,1.0464799999999999
CKV,2017-03-12,0,0
CKV,2017-03-13,0.1003,2.5476199999999998
CKV,2017-03-14,4e-4,0.01016
CKV,2017-03-15,1e-4,0.00254
CKV,2017-03-16,0,0
CKV,2017-03-17,0.23070000000000002,5.85978
CKV,2017-03-18,0.5201,13.21054
CKV,2017-03-19,0,0
CKV,2017-03-20,0.41,10.413999999999998
CKV,2017-03-21,0.45030000000000003,11.43762
CKV,2017-03-22,0,0
CKV,2017-03-23,0.0201,0.51054
CKV,2017-03-24,0,0
CKV,2017-03-25,0.0101,0.25654
CKV,2017-03-26,0.0402,1.02108
CKV,2017-03-27,3.6603,92.97161999999999
CKV,2017-03-28,0.5101,12.956539999999999
CKV,2017-03-29,0,0
CKV,2017-03-30,0,0
CKV,2017-03-31,1.01,25.654
CKV,2017-04-01,0,0
CKV,2017-04-02,0,0
CKV,2017-04-03,0.0107,0.27177999999999997
CKV,2017-04-04,3.0000000000000003e-4,0.00762
CKV,2017-04-05,0.09,2.2859999999999996
CKV,2017-04-06,0.2509,6.37286
CKV,2017-04-07,0,0
CKV,2017-04-08,0,0
CKV,2017-04-09,0,0
CKV,2017-04-10,2e-4,0.00508
CKV,2017-04-11,0.9706,24.65324
CKV,2017-04-12,1e-4,0.00254
CKV,2017-04-13,0,0
CKV,2017-04-14,0,0
CKV,2017-04-15,0,0
CKV,2017-04-16,0,0
CKV,2017-04-17,2.1309,54.12486
CKV,2017-04-18,1.7201,43.69054
CKV,2017-04-19,0.3704,9.40816
CKV,2017-04-20,0.0101,0.25654
CKV,2017-04-21,0.7903,20.07362
CKV,2017-04-22,2.1607,54.88177999999999
CKV,2017-04-23,0.6208,15.76832
CKV,2017-04-24,0.3901,9.90854
CKV,2017-04-25,0,0
CKV,2017-04-26,0,0
CKV,2017-04-27,1.24,31.496
CKV,2017-04-28,4e-4,0.01016
CKV,2017-04-29,0,0
CKV,2017-04-30,0.05,1.27
CKV,2017-05-01,0.7605,19.316699999999997
CKV,2017-05-02,0,0
CKV,2017-05-03,0,0
CKV,2017-05-04,5.231,132.8674
CKV,2017-05-05,0.1509,3.83286
CKV,2017-05-06,0,0
CKV,2017-05-07,0,0
CKV,2017-05-08,0,0
CKV,2017-05-09,0,0
CKV,2017-05-10,0,0
CKV,2017-05-11,0,0
CKV,2017-05-12,0.3209,8.15086
CKV,2017-05-13,0,0
CKV,2017-05-14,0,0
CKV,2017-05-15,0,0
CKV,2017-05-16,0,0
CKV,2017-05-17,0,0
CKV,2017-05-18,0,0
CKV,2017-05-19,0.11019999999999999,2.7990799999999996
CKV,2017-05-20,2.7800000000000002,70.61200000000001
CKV,2017-05-21,0,0
CKV,2017-05-22,0,0
CKV,2017-05-23,0,0
CKV,2017-05-24,1.7304000000000002,43.95216
CKV,2017-05-25,0.5801000000000001,14.73454
CKV,2017-05-26,0,0
CKV,2017-05-27,2.1801,55.374539999999996
CKV,2017-05-28,0.6001,15.242539999999998
CKV,2017-05-29,0,0
CKV,2017-05-30,0.08,2.032
CKV,2017-05-31,0,0
CKV,2017-06-01,0,0
CKV,2017-06-02,0,0
CKV,2017-06-03,0,0
CKV,2017-06-04,0.8407,21.35378
CKV,2017-06-05,14.0104,355.86415999999997
CKV,2017-06-06,0,0
CKV,2017-06-07,0,0
CKV,2017-06-08,0,0
CKV,2017-06-09,0,0
CKV,2017-06-10,0,0
CKV,2017-06-11,0,0
CKV,2017-06-12,0,0
CKV,2017-06-13,0,0
CKV,2017-06-14,0,0
CKV,2017-06-15,0.4005,10.1727
CKV,2017-06-16,0,0
CKV,2017-06-17,0,0
CKV,2017-06-18,0.5302,13.46708
CKV,2017-06-19,0.04,1.016
CKV,2017-06-20,0,0
CKV,2017-06-21,0,0
CKV,2017-06-22,3.0705,77.99069999999999
CKV,2017-06-23,1.5403,39.123619999999995
CKV,2017-06-24,1e-4,0.00254
CKV,2017-06-25,0,0
CKV,2017-06-26,0,0
CKV,2017-06-27,0,0
CKV,2017-06-28,0,0
CKV,2017-06-29,1e-4,0.00254
CKV,2017-06-30,0,0
CKV,2017-07-01,0.42,10.668
CKV,2017-07-02,0.02,0.508
CKV,2017-07-03,1.56,39.624
CKV,2017-07-04,0.1704,4.32816
CKV,2017-07-05,2.0201000000000002,51.31054
CKV,2017-07-06,1.6302,41.40708
CKV,2017-07-07,0,0
CKV,2017-07-08,0.57,14.477999999999998
CKV,2017-07-09,0,0
CKV,2017-07-10,0,0
CKV,2017-07-11,0,0
CKV,2017-07-12,0,0
CKV,2017-07-13,0,0
CKV,2017-07-14,0,0
CKV,2017-07-15,1.4103,35.82162
CKV,2017-07-16,0,0
CKV,2017-07-17,0,0
CKV,2017-07-18,0,0
CKV,2017-07-19,0.0301,0.7645399999999999
CKV,2017-07-20,0,0
CKV,2017-07-21,0,0
CKV,2017-07-22,0,0
CKV,2017-07-23,0,0
CKV,2017-07-24,0,0
CKV,2017-07-25,0,0
CKV,2017-07-26,0,0
CKV,2017-07-27,0,0
CKV,2017-07-28,0.1901,4.828539999999999
CKV,2017-07-29,0,0
CKV,2017-07-30,0,0
CKV,2017-07-31,0,0
CKV,2017-08-01,0,0
CKV,2017-08-02,0.0302,0.76708
CKV,2017-08-03,1e-4,0.00254
CKV,2017-08-04,0.2101,5.33654
CKV,2017-08-05,0,0
CKV,2017-08-06,6.5902,167.39108
CKV,2017-08-07,3.4709,88.16085999999999
CKV,2017-08-08,0,0
CKV,2017-08-09,0,0
CKV,2017-08-10,0,0
CKV,2017-08-11,0,0
CKV,2017-08-12,2.7202,69.09308
CKV,2017-08-13,0,0
CKV,2017-08-14,0.4005,10.1727
CKV,2017-08-15,0,0
CKV,2017-08-16,0,0
CKV,2017-08-17,0.1301,3.30454
CKV,2017-08-18,0,0
CKV,2017-08-19,0,0
CKV,2017-08-20,0,0
CKV,2017-08-21,0,0
CKV,2017-08-22,0.38029999999999997,9.659619999999999
CKV,2017-08-23,0,0
CKV,2017-08-24,0,0
CKV,2017-08-25,0,0
CKV,2017-08-26,0,0
CKV,2017-08-27,0,0
CKV,2017-08-28,1.4702,37.34307999999999
CKV,2017-08-29,0,0
CKV,2017-08-30,0.07,1.778
CKV,2017-08-31,0.6103000000000001,15.50162
CKV,2017-09-01,9.8503,250.19762
CKV,2017-09-02,0.0102,0.25908
CKV,2017-09-03,0,0
CKV,2017-09-04,0,0
CKV,2017-09-05,0.9404,23.88616
CKV,2017-09-06,0,0
CKV,2017-09-07,0,0
CKV,2017-09-08,0,0
CKV,2017-09-09,0,0
CKV,2017-09-10,0,0
CKV,2017-09-11,0,0
CKV,2017-09-12,0.3912,9.93648
CKV,2017-09-13,0.671,17.0434
CKV,2017-09-14,0.6203,15.755619999999999
CKV,2017-09-15,0,0
CKV,2017-09-16,0,0
CKV,2017-09-17,0,0
CKV,2017-09-18,1e-4,0.00254
CKV,2017-09-19,0.2604,6.61416
CKV,2017-09-20,0,0
CKV,2017-09-21,0,0
CKV,2017-09-22,0,0
CKV,2017-09-23,0,0
CKV,2017-09-24,1e-4,0.00254
CKV,2017-09-25,0,0
CKV,2017-09-26,0,0
CKV,2017-09-27,0,0
CKV,2017-09-28,0,0
CKV,2017-09-29,0,0
CKV,2017-09-30,0,0
CKV,2017-10-01,0,0
CKV,2017-10-02,0,0
CKV,2017-10-03,0,0
CKV,2017-10-04,0,0
CKV,2017-10-05,0,0
CKV,2017-10-06,0,0
CKV,2017-10-07,0.0102,0.25908
CKV,2017-10-08,5.0902,129.29108
CKV,2017-10-09,0,0
CKV,2017-10-10,4.5111,114.58193999999999
CKV,2017-10-11,0,0
CKV,2017-10-12,0,0
CKV,2017-10-13,0,0
CKV,2017-10-14,0,0
CKV,2017-10-15,2.4202,61.473079999999996
CKV,2017-10-16,0,0
CKV,2017-10-17,0,0
CKV,2017-10-18,0,0
CKV,2017-10-19,0,0
CKV,2017-10-20,0,0
CKV,2017-10-21,0,0
CKV,2017-10-22,2e-4,0.00508
CKV,2017-10-23,8.0411,204.24393999999998
CKV,2017-10-24,0.15000000000000002,3.8100000000000005
CKV,2017-10-25,0,0
CKV,2017-10-26,0,0
CKV,2017-10-27,1.0405,26.4287
CKV,2017-10-28,0.6101,15.496539999999998
CKV,2017-10-29,0,0
CKV,2017-10-30,0,0
CKV,2017-10-31,0,0
CKV,2017-11-01,0.3906,9.92124
CKV,2017-11-02,8e-4,0.02032
CKV,2017-11-03,2.4607,62.50178
CKV,2017-11-04,0,0
CKV,2017-11-05,0,0
CKV,2017-11-06,0.7815,19.850099999999998
CKV,2017-11-07,1.0205,25.920699999999997
CKV,2017-11-08,0.0105,0.2667
CKV,2017-11-09,0,0
CKV,2017-11-10,0,0
CKV,2017-11-11,0,0
CKV,2017-11-12,0.0804,2.04216
CKV,2017-11-13,0,0
CKV,2017-11-14,0,0
CKV,2017-11-15,0.1302,3.30708
CKV,2017-11-16,0,0
CKV,2017-11-17,0,0
CKV,2017-11-18,0.9602,24.38908
CKV,2017-11-19,1e-4,0.00254
CKV,2017-11-20,0,0
CKV,2017-11-21,0,0
CKV,2017-11-22,0,0
CKV,2017-11-23,0,0
CKV,2017-11-24,0,0
CKV,2017-11-25,0,0
CKV,2017-11-26,0,0
CKV,2017-11-27,0,0
CKV,2017-11-28,0,0
CKV,2017-11-29,0,0
CKV,2017-11-30,0.1602,4.06908
CKV,2017-12-01,0,0
CKV,2017-12-02,0,0
CKV,2017-12-03,0,0
CKV,2017-12-04,7e-4,0.017779999999999997
CKV,2017-12-05,3.4102,86.61908
CKV,2017-12-06,0,0
CKV,2017-12-07,0,0
CKV,2017-12-08,0,0
CKV,2017-12-09,0,0
CKV,2017-12-10,0,0
CKV,2017-12-11,0,0
CKV,2017-12-12,0,0
CKV,2017-12-13,0,0
CKV,2017-12-14,0,0
CKV,2017-12-15,0,0
CKV,2017-12-16,0,0
CKV,2017-12-17,0.030600000000000002,0.77724
CKV,2017-12-18,0,0
CKV,2017-12-19,0,0
CKV,2017-12-20,0.2712,6.8884799999999995
CKV,2017-12-21,0,0
CKV,2017-12-22,0.65,16.509999999999998
CKV,2017-12-23,5.8005,147.33270000000002
CKV,2017-12-24,0.0109,0.27686
CKV,2017-12-25,2e-4,0.00508
CKV,2017-12-26,0,0
CKV,2017-12-27,0,0
CKV,2017-12-28,0,0
CKV,2017-12-29,0,0
CKV,2017-12-30,0,0
CKV,2017-12-31,0,0
CKV,2018-01-01,0,0
CKV,2018-01-02,0,0
CKV,2018-01-03,0,0
CKV,2018-01-04,0,0
CKV,2018-01-05,0,0
CKV,2018-01-06,0,0
CKV,2018-01-07,0,0
CKV,2018-01-08,0.8207,20.845779999999998
CKV,2018-01-09,0,0
CKV,2018-01-10,4e-4,0.01016
CKV,2018-01-11,0.02,0.508
CKV,2018-01-12,5.3319,135.43026
CKV,2018-01-13,8e-4,0.02032
CKV,2018-01-14,0,0
CKV,2018-01-15,0.0114,0.28956
CKV,2018-01-16,0.0142,0.36068
CKV,2018-01-17,0.0015,0.0381
CKV,2018-01-18,0,0
CKV,2018-01-19,0,0
CKV,2018-01-20,0,0
CKV,2018-01-21,0,0
CKV,2018-01-22,0.6602,16.76908
CKV,2018-01-23,0,0
CKV,2018-01-24,0,0
CKV,2018-01-25,0,0
CKV,2018-01-26,0,0
CKV,2018-01-27,2.27,57.657999999999994
CKV,2018-01-28,0.1512,3.84048
CKV,2018-01-29,0,0
CKV,2018-01-30,0,0
CKV,2018-01-31,0,0
CKV,2018-02-01,0.1603,4.071619999999999
CKV,2018-02-02,3.0000000000000003e-4,0.00762
CKV,2018-02-03,0,0
CKV,2018-02-04,1.1001,27.94254
CKV,2018-02-05,4e-4,0.01016
CKV,2018-02-06,1e-4,0.00254
CKV,2018-02-07,1.8209,46.250859999999996
CKV,2018-02-08,0,0
CKV,2018-02-09,0,0
CKV,2018-02-10,2.7805,70.62469999999999
CKV,2018-02-11,0.3809,9.67486
CKV,2018-02-12,1e-4,0.00254
CKV,2018-02-13,0,0
CKV,2018-02-14,0.1306,3.3172399999999995
CKV,2018-02-15,1e-4,0.00254
CKV,2018-02-16,1.08,27.432
CKV,2018-02-17,1.8803,47.75962
CKV,2018-02-18,0,0
CKV,2018-02-19,0,0
CKV,2018-02-20,0,0
CKV,2018-02-21,1.5004,38.11015999999999
CKV,2018-02-22,4.8303,122.68962
CKV,2018-02-23,1.1400000000000001,28.956000000000003
CKV,2018-02-24,1.9307,49.03978
CKV,2018-02-25,4.2902000000000005,108.97108
CKV,2018-02-26,0,0
CKV,2018-02-27,0,0
CKV,2018-02-28,0.3811,9.679939999999998
CKV,2018-03-01,1.2701,32.26054
CKV,2018-03-02,0,0
CKV,2018-03-03,0,0
CKV,2018-03-04,0,0
CKV,2018-03-05,0.4301,10.924539999999999
CKV,2018-03-06,1e-4,0.00254
CKV,2018-03-07,4e-4,0.01016
CKV,2018-03-08,4e-4,0.01016
CKV,2018-03-09,0,0
CKV,2018-03-10,0.0603,1.53162
CKV,2018-03-11,1.44,36.57599999999999
CKV,2018-03-12,0.0611,1.5519399999999999
CKV,2018-03-13,0,0
CKV,2018-03-14,0,0
CKV,2018-03-15,0,0
CKV,2018-03-16,0,0
CKV,2018-03-17,0.45,11.43
CKV,2018-03-18,0,0
CKV,2018-03-19,1.651,41.9354
CKV,2018-03-20,0.5519000000000001,14.018260000000001
CKV,2018-03-21,0.0708,1.79832
CKV,2018-03-22,0,0
CKV,2018-03-23,2e-4,0.00508
CKV,2018-03-24,0.15030000000000002,3.8176200000000002
CKV,2018-03-25,0.0103,0.26161999999999996
CKV,2018-03-26,0,0
CKV,2018-03-27,0,0
CKV,2018-03-28,3.7611,95.53193999999999
CKV,2018-03-29,1.2705,32.2707
CKV,2018-03-30,0.9705,24.6507
CKV,2018-03-31,0,0
CKV,2018-04-01,0.23070000000000002,5.85978
CKV,2018-04-02,0.1807,4.589779999999999
CKV,2018-04-03,2e-4,0.00508
CKV,2018-04-04,0.7003,17.78762
CKV,2018-04-05,1e-4,0.00254
CKV,2018-04-06,1e-4,0.00254
CKV,2018-04-07,0.0722,1.83388
CKV,2018-04-08,0,0
CKV,2018-04-09,0,0
CKV,2018-04-10,0,0
CKV,2018-04-11,0,0
CKV,2018-04-12,0,0
CKV,2018-04-13,0,0
CKV,2018-04-14,3.0802,78.23707999999999
CKV,2018-04-15,1.0807,27.449779999999997
CKV,2018-04-16,0.21130000000000002,5.36702
CKV,2018-04-17,0,0
CKV,2018-04-18,0,0
CKV,2018-04-19,0,0
CKV,2018-04-20,0,0
CKV,2018-04-21,0,0
CKV,2018-04-22,1.5403,39.123619999999995
CKV,2018-04-23,3.481,88.41739999999999
CKV,2018-04-24,1e-4,0.00254
CKV,2018-04-25,0.0303,0.76962
CKV,2018-04-26,0.0911,2.3139399999999997
CKV,2018-04-27,2e-4,0.00508
CKV,2018-04-28,0,0
CKV,2018-04-29,0,0
CKV,2018-04-30,0,0
CKV,2018-05-01,0,0
CKV,2018-05-02,2e-4,0.00508
CKV,2018-05-03,0,0
CKV,2018-05-04,0.07,1.778
CKV,2018-05-05,2.0304,51.572160000000004
CKV,2018-05-06,0.0718,1.82372
CKV,2018-05-07,0,0
CKV,2018-05-08,0,0
CKV,2018-05-09,0,0
CKV,2018-05-10,1.1301,28.70454
CKV,2018-05-11,0,0
CKV,2018-05-12,0,0
CKV,2018-05-13,0,0
CKV,2018-05-14,0,0
CKV,2018-05-15,0,0
CKV,2018-05-16,0.0804,2.04216
CKV,2018-05-17,0.2506,6.365239999999999
CKV,2018-05-18,1.9204,48.77816
CKV,2018-05-19,0,0
CKV,2018-05-20,0.17020000000000002,4.32308
CKV,2018-05-21,3.5404,89.92616
CKV,2018-05-22,2.8206,71.64324
CKV,2018-05-23,0,0
CKV,2018-05-24,0,0
CKV,2018-05-25,0.0101,0.25654
CKV,2018-05-26,0.0307,0.77978
CKV,2018-05-27,0.8501000000000001,21.59254
CKV,2018-05-28,0.8202,20.83308
CKV,2018-05-29,0.1213,3.08102
CKV,2018-05-30,7.3408,186.45631999999998
CKV,2018-05-31,0.0403,1.02362
CKV,2018-06-01,0.2213,5.62102
CKV,2018-06-02,0.001,0.0254
CKV,2018-06-03,0.0013000000000000002,0.03302
CKV,2018-06-04,0,0
CKV,2018-06-05,5e-4,0.0127
CKV,2018-06-06,0,0
CKV,2018-06-07,0,0
CKV,2018-06-08,0,0
CKV,2018-06-09,0,0
CKV,2018-06-10,0,0
CKV,2018-06-11,0,0
CKV,2018-06-12,0,0
CKV,2018-06-13,1.3802,35.05708
CKV,2018-06-14,0,0
CKV,2018-06-15,0.04,1.016
CKV,2018-06-16,0.0104,0.26415999999999995
CKV,2018-06-17,0,0
CKV,2018-06-18,0,0
CKV,2018-06-19,0,0
CKV,2018-06-20,0.1401,3.55854
CKV,2018-06-21,1.0608,26.944319999999998
CKV,2018-06-22,0.5805,14.7447
CKV,2018-06-23,0,0
CKV,2018-06-24,0,0
CKV,2018-06-25,1.34,34.036
CKV,2018-06-26,0.030100000000000002,0.76454
CKV,2018-06-27,3.58,90.932
CKV,2018-06-28,0.1502,3.8150799999999996
CKV,2018-06-29,0.15,3.8099999999999996
CKV,2018-06-30,0,0
CKV,2018-07-01,0,0
CKV,2018-07-02,0,0
CKV,2018-07-03,0,0
CKV,2018-07-04,0,0
CKV,2018-07-05,3.0000000000000003e-4,0.00762
CKV,2018-07-06,8e-4,0.02032
CKV,2018-07-07,0,0
CKV,2018-07-08,1e-4,0.00254
CKV,2018-07-09,0,0
CKV,2018-07-10,0,0
CKV,2018-07-11,4e-4,0.01016
CKV,2018-07-12,0,0
CKV,2018-07-13,0,0
CKV,2018-07-14,0,0
CKV,2018-07-15,4e-4,0.01016
CKV,2018-07-16,1e-4,0.00254
CKV,2018-07-17,2e-4,0.00508
CKV,2018-07-18,0,0
CKV,2018-07-19,0,0
CKV,2018-07-20,0,0
CKV,2018-07-21,0,0
CKV,2018-07-22,0.001,0.0254
CKV,2018-07-23,0,0
CKV,2018-07-24,0,0
CKV,2018-07-25,0,0
CKV,2018-07-26,0,0
CKV,2018-07-27,0,0
CKV,2018-07-28,0,0
CKV,2018-07-29,0,0
CKV,2018-07-30,0.6803,17.279619999999998
CKV,2018-07-31,0.2103,5.34162
CKV,2018-08-01,0,0
CKV,2018-08-02,0,0
CKV,2018-08-03,0,0
CKV,2018-08-04,0,0
CKV,2018-08-05,0,0
CKV,2018-08-06,0,0
CKV,2018-08-07,0,0
CKV,2018-08-08,0.0601,1.52654
CKV,2018-08-09,1.7301,43.944539999999996
CKV,2018-08-10,0.0101,0.25654
CKV,2018-08-11,0,0
CKV,2018-08-12,0,0
CKV,2018-08-13,0,0
CKV,2018-08-14,0,0
CKV,2018-08-15,0,0
CKV,2018-08-16,2.8502,72.39508
CKV,2018-08-17,0.36,9.143999999999998
CKV,2018-08-18,0,0
CKV,2018-08-19,0,0
CKV,2018-08-20,0.27,6.858
CKV,2018-08-21,4.2201,107.19054
CKV,2018-08-22,0,0
CKV,2018-08-23,0,0
CKV,2018-08-24,1e-4,0.00254
CKV,2018-08-25,0,0
CKV,2018-08-26,0,0
CKV,2018-08-27,0,0
CKV,2018-08-28,0,0
CKV,2018-08-29,0,0
CKV,2018-08-30,0,0
CKV,2018-08-31,0.19019999999999998,4.831079999999999
CKV,2018-09-01,0,0
CKV,2018-09-02,0,0
CKV,2018-09-03,0,0
CKV,2018-09-04,0,0
CKV,2018-09-05,0,0
CKV,2018-09-06,0.06,1.5239999999999998
CKV,2018-09-07,0.1902,4.83108
CKV,2018-09-08,0.54,13.716
CKV,2018-09-09,2.7914,70.90155999999999
CKV,2018-09-10,0,0
CKV,2018-09-11,0,0
CKV,2018-09-12,0,0
CKV,2018-09-13,0,0
CKV,2018-09-14,0,0
CKV,2018-09-15,2e-4,0.00508
CKV,2018-09-16,0,0
CKV,2018-09-17,1e-4,0.00254
CKV,2018-09-18,0,0
CKV,2018-09-19,0.5700000000000001,14.478000000000002
CKV,2018-09-20,0,0
CKV,2018-09-21,0,0
CKV,2018-09-22,0.7608,19.32432
CKV,2018-09-23,4.8503,123.19761999999999
CKV,2018-09-24,5.2405,133.1087
CKV,2018-09-25,1.24,31.496
CKV,2018-09-26,0.61,15.493999999999998
CKV,2018-09-27,1.4101,35.816539999999996
CKV,2018-09-28,0,0
CKV,2018-09-29,0,0
CKV,2018-09-30,0,0
CKV,2018-10-01,0,0
CKV,2018-10-02,0.2005,5.0927
CKV,2018-10-03,0,0
CKV,2018-10-04,0,0
CKV,2018-10-05,0,0
CKV,2018-10-06,0,0
CKV,2018-10-07,0,0
CKV,2018-10-08,1e-4,0.00254
CKV,2018-10-09,0,0
CKV,2018-10-10,2e-4,0.00508
CKV,2018-10-11,0,0
CKV,2018-10-12,0.0101,0.25654
CKV,2018-10-13,0.0901,2.28854
CKV,2018-10-14,2.701,68.6054
CKV,2018-10-15,7.1405,181.3687
CKV,2018-10-16,0,0
CKV,2018-10-17,0,0
CKV,2018-10-18,0,0
CKV,2018-10-19,0.0101,0.25654
CKV,2018-10-20,0.2605,6.6167
CKV,2018-10-21,0,0
CKV,2018-10-22,0,0
CKV,2018-10-23,0,0
CKV,2018-10-24,0,0
CKV,2018-10-25,0.0102,0.25908
CKV,2018-10-26,0.4714,11.973559999999999
CKV,2018-10-27,0.040100000000000004,1.01854
CKV,2018-10-28,2e-4,0.00508
CKV,2018-10-29,0,0
CKV,2018-10-30,0,0
CKV,2018-10-31,0,0
CKV,2018-11-01,2.1206,53.86324
CKV,2018-11-02,6.000000000000001e-4,0.01524
CKV,2018-11-03,2e-4,0.00508
CKV,2018-11-04,0.0903,2.29362
CKV,2018-11-05,0.6401,16.25854
CKV,2018-11-06,4.7101,119.63653999999998
CKV,2018-11-07,1e-4,0.00254
CKV,2018-11-08,0,0
CKV,2018-11-09,1.1603,29.47162
CKV,2018-11-10,0,0
CKV,2018-11-11,0,0
CKV,2018-11-12,0.32030000000000003,8.13562
CKV,2018-11-13,0.4208,10.68832
CKV,2018-11-14,1.14,28.955999999999996
CKV,2018-11-15,0.311,7.899399999999999
CKV,2018-11-16,0,0
CKV,2018-11-17,0,0
CKV,2018-11-18,0,0
CKV,2018-11-19,0.0102,0.25908
CKV,2018-11-20,0,0
CKV,2018-11-21,0,0
CKV,2018-11-22,0,0
CKV,2018-11-23,5e-4,0.0127
CKV,2018-11-24,0.2218,5.633719999999999
CKV,2018-11-25,1e-4,0.00254
CKV,2018-11-26,0.0629,1.5976599999999999
CKV,2018-11-27,0.0028,0.07111999999999999
CKV,2018-11-28,1e-4,0.00254
CKV,2018-11-29,1e-4,0.00254
CKV,2018-11-30,1.3216,33.56864
CKV,2018-12-01,2.541,64.5414
CKV,2018-12-02,2e-4,0.00508
CKV,2018-12-03,0,0
CKV,2018-12-04,4e-4,0.01016
CKV,2018-12-05,8e-4,0.02032
CKV,2018-12-06,0,0
CKV,2018-12-07,0,0
CKV,2018-12-08,0,0
CKV,2018-12-09,0.7708,19.57832
CKV,2018-12-10,0,0
CKV,2018-12-11,0,0
CKV,2018-12-12,0,0
CKV,2018-12-13,1e-4,0.00254
CKV,2018-12-14,3.8203,97.03562
CKV,2018-12-15,2.6203000000000003,66.55562
CKV,2018-12-16,0,0
CKV,2018-12-17,0,0
CKV,2018-12-18,0,0
CKV,2018-12-19,0,0
CKV,2018-12-20,0.3701,9.40054
CKV,2018-12-21,0.3703,9.40562
CKV,2018-12-22,0,0
CKV,2018-12-23,0.3806,9.66724
CKV,2018-12-24,0,0
CKV,2018-12-25,0,0
CKV,2018-12-26,0,0
CKV,2018-12-27,1.5604,39.63416
CKV,2018-12-28,0.6601,16.76654
CKV,2018-12-29,0,0
CKV,2018-12-30,0,0
CKV,2018-12-31,4.4201,112.27053999999998
CKV,2019-01-01,0,0
CKV,2019-01-02,0,0
CKV,2019-01-03,0.0303,0.76962
CKV,2019-01-04,0.2602,6.60908
CKV,2019-01-05,0.0204,0.51816
CKV,2019-01-06,0,0
CKV,2019-01-07,0.0101,0.25654
CKV,2019-01-08,0,0
CKV,2019-01-09,0,0
CKV,2019-01-10,0,0
CKV,2019-01-11,0,0
CKV,2019-01-12,0.2903,7.37362
CKV,2019-01-13,0.5203,13.21562
CKV,2019-01-14,0,0
CKV,2019-01-15,0,0
CKV,2019-01-16,0,0
CKV,2019-01-17,0.4103,10.421619999999999
CKV,2019-01-18,2e-4,0.00508
CKV,2019-01-19,2.0712,52.60848
CKV,2019-01-20,0.0614,1.55956
CKV,2019-01-21,3.0000000000000003e-4,0.00762
CKV,2019-01-22,0,0
CKV,2019-01-23,1.6905000000000001,42.9387
CKV,2019-01-24,0.06,1.5239999999999998
CKV,2019-01-25,0,0
CKV,2019-01-26,4e-4,0.01016
CKV,2019-01-27,0,0
CKV,2019-01-28,0.03,0.7619999999999999
CKV,2019-01-29,0.0404,1.02616
CKV,2019-01-30,0.0013000000000000002,0.03302
CKV,2019-01-31,0,0
CKV,2019-02-01,0.0105,0.2667
CKV,2019-02-02,2e-4,0.00508
CKV,2019-02-03,0,0
CKV,2019-02-04,0.0502,1.27508
CKV,2019-02-05,0,0
CKV,2019-02-06,3.1502,80.01508
CKV,2019-02-07,2.2209,56.41085999999999
CKV,2019-02-08,0.35,8.889999999999999
CKV,2019-02-09,0,0
CKV,2019-02-10,1.0401,26.41854
CKV,2019-02-11,3.1301,79.50453999999999
CKV,2019-02-12,2.6002,66.04508
CKV,2019-02-13,0,0
CKV,2019-02-14,0,0
CKV,2019-02-15,0.060200000000000004,1.52908
CKV,2019-02-16,0.85,21.59
CKV,2019-02-17,1.2907,32.78378
CKV,2019-02-18,0,0
CKV,2019-02-19,0.04,1.016
CKV,2019-02-20,3.4903,88.65361999999999
CKV,2019-02-21,0,0
CKV,2019-02-22,0.3703,9.40562
CKV,2019-02-23,4.6602,118.36907999999998
CKV,2019-02-24,1.6202,41.15308
CKV,2019-02-25,0,0
CKV,2019-02-26,0,0
CKV,2019-02-27,0,0
CKV,2019-02-28,9.000000000000001e-4,0.022860000000000002
CKV,2019-03-01,0,0
CKV,2019-03-02,0,0
CKV,2019-03-03,0.3309,8.404860000000001
CKV,2019-03-04,0,0
CKV,2019-03-05,0,0
CKV,2019-03-06,0,0
CKV,2019-03-07,0,0
CKV,2019-03-08,0.2506,6.365239999999999
CKV,2019-03-09,3.9901,101.34854
CKV,2019-03-10,0,0
CKV,2019-03-11,0,0
CKV,2019-03-12,0,0
CKV,2019-03-13,0,0
CKV,2019-03-14,0.3106,7.889239999999999
CKV,2019-03-15,0,0
CKV,2019-03-16,0,0
CKV,2019-03-17,0,0
CKV,2019-03-18,0,0
CKV,2019-03-19,0,0
CKV,2019-03-20,0,0
CKV,2019-03-21,6.000000000000001e-4,0.01524
CKV,2019-03-22,0,0
CKV,2019-03-23,0,0
CKV,2019-03-24,0.3301,8.38454
CKV,2019-03-25,1.07,27.178
CKV,2019-03-26,0,0
CKV,2019-03-27,0,0
CKV,2019-03-28,0,0
CKV,2019-03-29,0.04,1.016
CKV,2019-03-30,1.0004,25.410159999999998
CKV,2019-03-31,0.3503,8.89762
CKV,2019-04-01,0,0
CKV,2019-04-02,0,0
CKV,2019-04-03,0,0
CKV,2019-04-04,2e-4,0.00508
CKV,2019-04-05,0.1001,2.54254
CKV,2019-04-06,0,0
CKV,2019-04-07,2.01,51.053999999999995
CKV,2019-04-08,0.75,19.049999999999997
CKV,2019-04-09,0.0101,0.25654
CKV,2019-04-10,0,0
CKV,2019-04-11,0,0
CKV,2019-04-12,0.31,7.874
CKV,2019-04-13,0.1304,3.3121599999999995
CKV,2019-04-14,4.0704,103.38816
CKV,2019-04-15,0,0
CKV,2019-04-16,0,0
CKV,2019-04-17,0,0
CKV,2019-04-18,1.5202,38.61308
CKV,2019-04-19,3.4613,87.91702
CKV,2019-04-20,0.8305,21.0947
CKV,2019-04-21,0,0
CKV,2019-04-22,0,0
CKV,2019-04-23,0,0
CKV,2019-04-24,0,0
CKV,2019-04-25,0.0101,0.25654
CKV,2019-04-26,0.3501,8.89254
CKV,2019-04-27,1e-4,0.00254
CKV,2019-04-28,0,0
CKV,2019-04-29,0,0
CKV,2019-04-30,0,0
CKV,2019-05-01,0,0
CKV,2019-05-02,0,0
CKV,2019-05-03,5.6702,144.02308
CKV,2019-05-04,0.4203,10.67562
CKV,2019-05-05,0.17,4.3180000000000005
CKV,2019-05-06,0,0
CKV,2019-05-07,0,0
CKV,2019-05-08,0,0
CKV,2019-05-09,0.1401,3.55854
CKV,2019-05-10,0,0
CKV,2019-05-11,0.5702,14.483080000000001
CKV,2019-05-12,0.0201,0.51054
CKV,2019-05-13,0,0
CKV,2019-05-14,0,0
CKV,2019-05-15,0.56,14.224
CKV,2019-05-16,0,0
CKV,2019-05-17,0,0
CKV,2019-05-18,0,0
CKV,2019-05-19,0.2407,6.113779999999999
CKV,2019-05-20,0.040100000000000004,1.01854
CKV,2019-05-21,0,0
CKV,2019-05-22,1.9201,48.77054
CKV,2019-05-23,0,0
CKV,2019-05-24,0,0
CKV,2019-05-25,0,0
CKV,2019-05-26,0.9302,23.62708
CKV,2019-05-27,0,0
CKV,2019-05-28,0,0
CKV,2019-05-29,0,0
CKV,2019-05-30,1.21,30.733999999999998
CKV,2019-05-31,0,0
CKV,2019-06-01,0,0
CKV,2019-06-02,0.0201,0.51054
CKV,2019-06-03,0,0
CKV,2019-06-04,0,0
CKV,2019-06-05,0,0
CKV,2019-06-06,0.030100000000000002,0.76454
CKV,2019-06-07,1.8213000000000001,46.26102
CKV,2019-06-08,0.0905,2.2986999999999997
CKV,2019-06-09,3.0205,76.7207
CKV,2019-06-10,0.01,0.254
CKV,2019-06-11,0,0
CKV,2019-06-12,3.0000000000000003e-4,0.00762
CKV,2019-06-13,0,0
CKV,2019-06-14,0,0
CKV,2019-06-15,0,0
CKV,2019-06-16,0,0
CKV,2019-06-17,4e-4,0.01016
CKV,2019-06-18,0.8106,20.58924
CKV,2019-06-19,1.48,37.592
CKV,2019-06-20,0.66,16.764
CKV,2019-06-21,0.1602,4.06908
CKV,2019-06-22,4.7805,121.42469999999999
CKV,2019-06-23,0,0
CKV,2019-06-24,3.2003,81.28761999999999
CKV,2019-06-25,0,0
CKV,2019-06-26,0,0
CKV,2019-06-27,0.38,9.652
CKV,2019-06-28,0,0
CKV,2019-06-29,0.06,1.5239999999999998
CKV,2019-06-30,0,0
CKV,2019-07-01,0.020300000000000002,0.5156200000000001
CKV,2019-07-02,0,0
CKV,2019-07-03,0.86,21.843999999999998
CKV,2019-07-04,7.6101,193.29654
CKV,2019-07-05,0.0103,0.26161999999999996
CKV,2019-07-06,0.030199999999999998,0.7670799999999999
CKV,2019-07-07,0.18,4.571999999999999
CKV,2019-07-08,0,0
CKV,2019-07-09,0,0
CKV,2019-07-10,0,0
CKV,2019-07-11,0,0
CKV,2019-07-12,0,0
CKV,2019-07-13,0.74,18.796
CKV,2019-07-14,6.4802,164.59707999999998
CKV,2019-07-15,0.1002,2.54508
CKV,2019-07-16,0.3402,8.641079999999999
CKV,2019-07-17,6.54,166.11599999999999
CKV,2019-07-18,0.0302,0.76708
CKV,2019-07-19,0,0
CKV,2019-07-20,0,0
CKV,2019-07-21,0,0
CKV,2019-07-22,1.4503000000000001,36.83762
CKV,2019-07-23,0.8302,21.08708
CKV,2019-07-24,0,0
CKV,2019-07-25,0,0
CKV,2019-07-26,0,0
CKV,2019-07-27,0,0
CKV,2019-07-28,0,0
CKV,2019-07-29,0,0
CKV,2019-07-30,0,0
CKV,2019-07-31,0,0
CKV,2019-08-01,0,0
CKV,2019-08-02,0,0
CKV,2019-08-03,1.86,47.244
CKV,2019-08-04,1.0902,27.69108
CKV,2019-08-05,0,0
CKV,2019-08-06,0.0102,0.25908
CKV,2019-08-07,1.25,31.75
CKV,2019-08-08,0,0
CKV,2019-08-09,1.05,26.669999999999998
CKV,2019-08-10,2e-4,0.00508
CKV,2019-08-11,0,0
CKV,2019-08-12,0,0
CKV,2019-08-13,0,0
CKV,2019-08-14,0,0
CKV,2019-08-15,0,0
CKV,2019-08-16,0,0
CKV,2019-08-17,0,0
CKV,2019-08-18,0,0
CKV,2019-08-19,0,0
CKV,2019-08-20,0.5402,13.721079999999999
CKV,2019-08-21,0.05,1.27
CKV,2019-08-22,0.0507,1.28778
CKV,2019-08-23,0.0702,1.7830799999999998
CKV,2019-08-24,0,0
CKV,2019-08-25,0.5005000000000001,12.7127
CKV,2019-08-26,0.5014,12.735559999999998
CKV,2019-08-27,0.03,0.7619999999999999
CKV,2019-08-28,0,0
CKV,2019-08-29,0,0
CKV,2019-08-30,0,0
CKV,2019-08-31,0,0
CKV,2019-09-01,0,0
CKV,2019-09-02,0,0
CKV,2019-09-03,0,0
CKV,2019-09-04,0,0
CKV,2019-09-05,0,0
CKV,2019-09-06,0,0
CKV,2019-09-07,0,0
CKV,2019-09-08,0,0
CKV,2019-09-09,0,0
CKV,2019-09-10,0,0
CKV,2019-09-11,0,0
CKV,2019-09-12,0,0
CKV,2019-09-13,0,0
CKV,2019-09-14,0,0
CKV,2019-09-15,0,0
CKV,2019-09-16,0,0
CKV,2019-09-17,0,0
CKV,2019-09-18,0,0
CKV,2019-09-19,0,0
CKV,2019-09-20,0,0
CKV,2019-09-21,0,0
CKV,2019-09-22,0,0
CKV,2019-09-23,2e-4,0.00508
CKV,2019-09-24,0,0
CKV,2019-09-25,0,0
CKV,2019-09-26,0.8805,22.3647
CKV,2019-09-27,0,0
CKV,2019-09-28,0,0
CKV,2019-09-29,0,0
CKV,2019-09-30,0,0
CKV,2019-10-01,0,0
CKV,2019-10-02,0,0
CKV,2019-10-03,0,0
CKV,2019-10-04,0,0
CKV,2019-10-05,0,0
CKV,2019-10-06,0.08070000000000001,2.04978
CKV,2019-10-07,7.5404,191.52615999999998
CKV,2019-10-08,0,0
CKV,2019-10-09,0,0
CKV,2019-10-10,0,0
CKV,2019-10-11,2.1602,54.86908
CKV,2019-10-12,0.02,0.508
CKV,2019-10-13,0,0
CKV,2019-10-14,0,0
CKV,2019-10-15,0,0
CKV,2019-10-16,5.5102,139.95908
CKV,2019-10-17,0,0
CKV,2019-10-18,0,0
CKV,2019-10-19,0,0
CKV,2019-10-20,0,0
CKV,2019-10-21,0.0907,2.30378
CKV,2019-10-22,0,0
CKV,2019-10-23,0,0
CKV,2019-10-24,0,0
CKV,2019-10-25,0.1301,3.30454
CKV,2019-10-26,2.0704000000000002,52.58816
CKV,2019-10-27,0.01,0.254
CKV,2019-10-28,0,0
CKV,2019-10-29,0,0
CKV,2019-10-30,3.3404,84.84616
CKV,2019-10-31,1.9609,49.80686
CKV,2019-11-01,0,0
CKV,2019-11-02,0,0
CKV,2019-11-03,0,0
CKV,2019-11-04,0,0
CKV,2019-11-05,0,0
CKV,2019-11-06,0.01,0.254
CKV,2019-11-07,1.9802,50.297079999999994
CKV,2019-11-08,0,0
CKV,2019-11-09,0,0
CKV,2019-11-10,0,0
CKV,2019-11-11,0.2301,5.844539999999999
CKV,2019-11-12,0.3718,9.44372
CKV,2019-11-13,0,0
CKV,2019-11-14,0,0
CKV,2019-11-15,0,0
CKV,2019-11-16,0,0
CKV,2019-11-17,0,0
CKV,2019-11-18,0,0
CKV,2019-11-19,0.020300000000000002,0.5156200000000001
CKV,2019-11-20,0,0
CKV,2019-11-21,2e-4,0.00508
CKV,2019-11-22,5.1102,129.79907999999998
CKV,2019-11-23,0.001,0.0254
CKV,2019-11-24,0,0
CKV,2019-11-25,0,0
CKV,2019-11-26,0.9501000000000001,24.13254
CKV,2019-11-27,3.8102,96.77908
CKV,2019-11-28,1e-4,0.00254
CKV,2019-11-29,0.0104,0.26415999999999995
CKV,2019-11-30,1.7601,44.70654
CKV,2019-12-01,0.1101,2.79654
CKV,2019-12-02,0.0414,1.0515599999999998
CKV,2019-12-03,0,0
CKV,2019-12-04,0,0
CKV,2019-12-05,0,0
CKV,2019-12-06,0.0105,0.2667
CKV,2019-12-07,0,0
CKV,2019-12-08,1e-4,0.00254
CKV,2019-12-09,0.1706,4.33324
CKV,2019-12-10,0.10060000000000001,2.55524
CKV,2019-12-11,0,0
CKV,2019-12-12,0,0
CKV,2019-12-13,0.0706,1.7932399999999997
CKV,2019-12-14,0.1504,3.82016
CKV,2019-12-15,3.0000000000000003e-4,0.00762
CKV,2019-12-16,4.4012,111.79048
CKV,2019-12-17,0.4707,11.955779999999999
CKV,2019-12-18,0,0
CKV,2019-12-19,0,0
CKV,2019-12-20,0,0
CKV,2019-12-21,0,0
CKV,2019-12-22,0,0
CKV,2019-12-23,0,0
CKV,2019-12-24,0,0
CKV,2019-12-25,0,0
CKV,2019-12-26,0,0
CKV,2019-12-27,0,0
CKV,2019-12-28,0.0803,2.0396199999999998
CKV,2019-12-29,4.1505,105.42269999999999
CKV,2019-12-30,0.6301000000000001,16.004540000000002
CKV,2019-12-31,0,0
CKV,2020-01-01,0,0
CKV,2020-01-02,1.0701,27.18054
CKV,2020-01-03,1.9412,49.30648
CKV,2020-01-04,0.11030000000000001,2.8016200000000002
CKV,2020-01-05,0,0
CKV,2020-01-06,0,0
CKV,2020-01-07,0,0
CKV,2020-01-08,0,0
CKV,2020-01-09,0,0
CKV,2020-01-10,0,0
CKV,2020-01-11,7.591600000000001,192.82664
CKV,2020-01-12,2e-4,0.00508
CKV,2020-01-13,0,0
CKV,2020-01-14,1.36,34.544000000000004
CKV,2020-01-15,1.0412,26.446479999999998
CKV,2020-01-16,0,0
CKV,2020-01-17,0,0
CKV,2020-01-18,0.4607,11.70178
CKV,2020-01-19,0,0
CKV,2020-01-20,6.000000000000001e-4,0.01524
CKV,2020-01-21,0,0
CKV,2020-01-22,0,0
CKV,2020-01-23,0.1701,4.320539999999999
CKV,2020-01-24,0.3408,8.65632
CKV,2020-01-25,1e-4,0.00254
CKV,2020-01-26,1e-4,0.00254
CKV,2020-01-27,0.0502,1.27508
CKV,2020-01-28,0,0
CKV,2020-01-29,0.001,0.0254
CKV,2020-01-30,0.0204,0.51816
CKV,2020-01-31,0.5505,13.9827
CKV,2020-02-01,0,0
CKV,2020-02-02,0,0
CKV,2020-02-03,0,0
CKV,2020-02-04,1.0208,25.928319999999996
CKV,2020-02-05,0.1407,3.5737799999999997
CKV,2020-02-06,0.6108,15.51432
CKV,2020-02-07,0.013600000000000001,0.34544
CKV,2020-02-08,0,0
CKV,2020-02-09,0,0
CKV,2020-02-10,2.2403,56.90362
CKV,2020-02-11,1.4101,35.816539999999996
CKV,2020-02-12,1.8506,47.00524
CKV,2020-02-13,0.0408,1.03632
CKV,2020-02-14,0,0
CKV,2020-02-15,0,0
CKV,2020-02-16,1e-4,0.00254
CKV,2020-02-17,0,0
CKV,2020-02-18,0.8411,21.36394
CKV,2020-02-19,0,0
CKV,2020-02-20,0,0
CKV,2020-02-21,0,0
CKV,2020-02-22,0,0
CKV,2020-02-23,0,0
CKV,2020-02-24,1.9108,48.53432
CKV,2020-02-25,0.1402,3.5610799999999996
CKV,2020-02-26,0.0207,0.5257799999999999
CKV,2020-02-27,3.0000000000000003e-4,0.00762
CKV,2020-02-28,2e-4,0.00508
CKV,2020-02-29,0.0102,0.25908
CKV,2020-03-01,0,0
CKV,2020-03-02,1.2101,30.736539999999998
CKV,2020-03-03,2.1006,53.355239999999995
CKV,2020-03-04,0,0
CKV,2020-03-05,0,0
CKV,2020-03-06,0,0
CKV,2020-03-07,0,0
CKV,2020-03-08,0,0
CKV,2020-03-09,1e-4,0.00254
CKV,2020-03-10,0.3505,8.9027
CKV,2020-03-11,0.0303,0.76962
CKV,2020-03-12,0.2601,6.60654
CKV,2020-03-13,0,0
CKV,2020-03-14,0.6901,17.52854
CKV,2020-03-15,0.06,1.5239999999999998
CKV,2020-03-16,0.1003,2.5476199999999998
CKV,2020-03-17,2.2303,56.64962
CKV,2020-03-18,2.5402,64.52108
CKV,2020-03-19,0.2202,5.59308
CKV,2020-03-20,2.3901,60.70853999999999
CKV,2020-03-21,0,0
CKV,2020-03-22,0.0402,1.02108
CKV,2020-03-23,0.7401,18.79854
CKV,2020-03-24,2.2006,55.89524
CKV,2020-03-25,0,0
CKV,2020-03-26,0,0
CKV,2020-03-27,0,0
CKV,2020-03-28,0,0
CKV,2020-03-29,3.16,80.264
CKV,2020-03-30,0,0
CKV,2020-03-31,0.5902000000000001,14.99108
CKV,2020-04-01,0,0
CKV,2020-04-02,0,0
CKV,2020-04-03,1e-4,0.00254
CKV,2020-04-04,0.02,0.508
CKV,2020-04-05,2e-4,0.00508
CKV,2020-04-06,0,0
CKV,2020-04-07,0,0
CKV,2020-04-08,0,0
CKV,2020-04-09,2.0002,50.80508
CKV,2020-04-10,0,0
CKV,2020-04-11,0,0
CKV,2020-04-12,1.6707,42.43578
CKV,2020-04-13,0.9500000000000001,24.13
CKV,2020-04-14,0,0
CKV,2020-04-15,0,0
CKV,2020-04-16,0,0
CKV,2020-04-17,0.0101,0.25654
CKV,2020-04-18,0.4607,11.70178
CKV,2020-04-19,0.1702,4.323079999999999
CKV,2020-04-20,0,0
CKV,2020-04-21,0.0101,0.25654
CKV,2020-04-22,0,0
CKV,2020-04-23,0.5405,13.728699999999998
CKV,2020-04-24,0.0303,0.76962
CKV,2020-04-25,1.9203000000000001,48.77562
CKV,2020-04-26,0.25,6.35
CKV,2020-04-27,0,0
CKV,2020-04-28,0.0103,0.26161999999999996
CKV,2020-04-29,1.2101,30.736539999999998
CKV,2020-04-30,2e-4,0.00508
CKV,2020-05-01,0,0
CKV,2020-05-02,0,0
CKV,2020-05-03,2.8701,72.90053999999999
CKV,2020-05-04,0.030100000000000002,0.76454
CKV,2020-05-05,0.5801000000000001,14.73454
CKV,2020-05-06,0.0802,2.0370799999999996
CKV,2020-05-07,0,0
CKV,2020-05-08,2.1201,53.850539999999995
CKV,2020-05-09,0,0
CKV,2020-05-10,0,0
CKV,2020-05-11,0,0
CKV,2020-05-12,0.0501,1.27254
CKV,2020-05-13,1.1704,29.728160000000003
CKV,2020-05-14,0,0
CKV,2020-05-15,0.050100000000000006,1.27254
CKV,2020-05-16,0,0
CKV,2020-05-17,3.0000000000000003e-4,0.00762
CKV,2020-05-18,0.7105,18.046699999999998
CKV,2020-05-19,0.0504,1.28016
CKV,2020-05-20,0,0
CKV,2020-05-21,0.03,0.7619999999999999
CKV,2020-05-22,2e-4,0.00508
CKV,2020-05-23,0.01,0.254
CKV,2020-05-24,0,0
CKV,2020-05-25,0.55,13.97
CKV,2020-05-26,1e-4,0.00254
CKV,2020-05-27,0.4214,10.70356
CKV,2020-05-28,0.1304,3.3121599999999995
CKV,2020-05-29,0.0303,0.76962
CKV,2020-05-30,0,0
CKV,2020-05-31,0,0
CKV,2020-06-01,0,0
CKV,2020-06-02,0,0
CKV,2020-06-03,0,0
CKV,2020-06-04,0.01,0.254
CKV,2020-06-05,4.0501000000000005,102.87254
CKV,2020-06-06,0,0
CKV,2020-06-07,0,0
CKV,2020-06-08,0,0
CKV,2020-06-09,1.3912,35.336479999999995
CKV,2020-06-10,3.0000000000000003e-4,0.00762
CKV,2020-06-11,0,0
CKV,2020-06-12,0,0
CKV,2020-06-13,0,0
CKV,2020-06-14,0.0201,0.51054
CKV,2020-06-15,0,0
CKV,2020-06-16,0,0
CKV,2020-06-17,0,0
CKV,2020-06-18,3.0000000000000003e-4,0.00762
CKV,2020-06-19,0,0
CKV,2020-06-20,0,0
CKV,2020-06-21,1.3505,34.3027
CKV,2020-06-22,0.8306,21.09724
CKV,2020-06-23,0.5001,12.702539999999999
CKV,2020-06-24,0,0
CKV,2020-06-25,0,0
CKV,2020-06-26,0,0
CKV,2020-06-27,1.89,48.00599999999999
CKV,2020-06-28,0,0
CKV,2020-06-29,0.0202,0.51308
CKV,2020-06-30,0.8305,21.0947
CKV,2020-07-01,0.0205,0.5206999999999999
CKV,2020-07-02,0,0
CKV,2020-07-03,0,0
CKV,2020-07-04,0,0
CKV,2020-07-05,1.0102,25.65908
CKV,2020-07-06,0.49,12.446
CKV,2020-07-07,0,0
CKV,2020-07-08,2.1502,54.61507999999999
CKV,2020-07-09,0,0
CKV,2020-07-10,0,0
CKV,2020-07-11,0,0
CKV,2020-07-12,5.3607000000000005,136.16178
CKV,2020-07-13,0,0
CKV,2020-07-14,0,0
CKV,2020-07-15,0,0
CKV,2020-07-16,4.36,110.744
CKV,2020-07-17,0,0
CKV,2020-07-18,0,0
CKV,2020-07-19,0,0
CKV,2020-07-20,1.2203000000000002,30.995620000000002
CKV,2020-07-21,0.2104,5.34416
CKV,2020-07-22,4e-4,0.01016
CKV,2020-07-23,0.1601,4.06654
CKV,2020-07-24,1.1900000000000002,30.226000000000003
CKV,2020-07-25,0.0102,0.25908
CKV,2020-07-26,0.33999999999999997,8.636
CKV,2020-07-27,0,0
CKV,2020-07-28,0,0
CKV,2020-07-29,3.8501999999999996,97.79507999999998
CKV,2020-07-30,4.8802,123.95708
CKV,2020-07-31,0.2902,7.37108
CKV,2020-08-01,3.5212,89.43848
CKV,2020-08-02,0,0
CKV,2020-08-03,0.13,3.302
CKV,2020-08-04,0,0
CKV,2020-08-05,0,0
CKV,2020-08-06,0,0
CKV,2020-08-07,0,0
CKV,2020-08-08,0,0
CKV,2020-08-09,0.03,0.7619999999999999
CKV,2020-08-10,0,0
CKV,2020-08-11,0.1104,2.80416
CKV,2020-08-12,2.6702,67.82307999999999
CKV,2020-08-13,0.7801,19.81454
CKV,2020-08-14,1.7505,44.4627
CKV,2020-08-15,1e-4,0.00254
CKV,2020-08-16,0,0
CKV,2020-08-17,0,0
CKV,2020-08-18,1e-4,0.00254
CKV,2020-08-19,0,0
CKV,2020-08-20,0,0
CKV,2020-08-21,0.4404,11.18616
CKV,2020-08-22,0.0602,1.5290799999999998
CKV,2020-08-23,0,0
CKV,2020-08-24,0,0
CKV,2020-08-25,0,0
CKV,2020-08-26,1e-4,0.00254
CKV,2020-08-27,1e-4,0.00254
CKV,2020-08-28,1.4204,36.078160000000004
CKV,2020-08-29,2.34,59.43599999999999
CKV,2020-08-30,0.1502,3.8150799999999996
CKV,2020-08-31,1.3407,34.053779999999996
CKV,2020-09-01,0.2201,5.59054
CKV,2020-09-02,1.8914,48.04156
CKV,2020-09-03,3.4602999999999997,87.89161999999999
CKV,2020-09-04,0,0
CKV,2020-09-05,0,0
CKV,2020-09-06,0,0
CKV,2020-09-07,0,0
CKV,2020-09-08,0,0
CKV,2020-09-09,0,0
CKV,2020-09-10,0,0
CKV,2020-09-11,0,0
CKV,2020-09-12,0.0204,0.51816
CKV,2020-09-13,1e-4,0.00254
CKV,2020-09-14,0,0
CKV,2020-09-15,0,0
CKV,2020-09-16,0,0
CKV,2020-09-17,0,0
CKV,2020-09-18,0,0
CKV,2020-09-19,0,0
CKV,2020-09-20,0,0
CKV,2020-09-21,0,0
CKV,2020-09-22,0,0
CKV,2020-09-23,0.060200000000000004,1.52908
CKV,2020-09-24,0.4007,10.17778
CKV,2020-09-25,0.0204,0.51816
CKV,2020-09-26,0,0
CKV,2020-09-27,0,0
CKV,2020-09-28,0.6705,17.0307
CKV,2020-09-29,0,0
CKV,2020-09-30,0,0
CKV,2020-10-01,0,0
CKV,2020-10-02,0,0
CKV,2020-10-03,0,0
CKV,2020-10-04,0,0
CKV,2020-10-05,0,0
CKV,2020-10-06,0,0
CKV,2020-10-07,0,0
CKV,2020-10-08,0,0
CKV,2020-10-09,2e-4,0.00508
CKV,2020-10-10,0.5006,12.71524
CKV,2020-10-11,0.5908,15.006319999999999
CKV,2020-10-12,0,0
CKV,2020-10-13,0,0
CKV,2020-10-14,0,0
CKV,2020-10-15,0.2802,7.11708
CKV,2020-10-16,0.04,1.016
CKV,2020-10-17,0,0
CKV,2020-10-18,0.9703,24.64562
CKV,2020-10-19,3.2601,82.80654
CKV,2020-10-20,0,0
CKV,2020-10-21,0,0
CKV,2020-10-22,0,0
CKV,2020-10-23,0.4802,12.19708
CKV,2020-10-24,0.121,3.0734
CKV,2020-10-25,0.1703,4.32562
CKV,2020-10-26,0,0
CKV,2020-10-27,0,0
CKV,2020-10-28,1.8508,47.01032
CKV,2020-10-29,2.9511000000000003,74.95794000000001
CKV,2020-10-30,0.0707,1.79578
CKV,2020-10-31,0,0
CKV,2020-11-01,0,0
CKV,2020-11-02,0,0
CKV,2020-11-03,0,0
CKV,2020-11-04,0,0
CKV,2020-11-05,0,0
CKV,2020-11-06,0,0
CKV,2020-11-07,0,0
CKV,2020-11-08,0,0
CKV,2020-11-09,0,0
CKV,2020-11-10,0.2011,5.10794
CKV,2020-11-11,0.4802,12.19708
CKV,2020-11-12,0,0
CKV,2020-11-13,0,0
CKV,2020-11-14,0.1201,3.05054
CKV,2020-11-15,1.6202,41.15308
CKV,2020-11-16,0,0
CKV,2020-11-17,0,0
CKV,2020-11-18,0,0
CKV,2020-11-19,0,0
CKV,2020-11-20,3.0000000000000003e-4,0.00762
CKV,2020-11-21,0,0
CKV,2020-11-22,0.0819,2.08026
CKV,2020-11-23,2e-4,0.00508
CKV,2020-11-24,0,0
CKV,2020-11-25,0.5408000000000001,13.736320000000001
CKV,2020-11-26,0,0
CKV,2020-11-27,0,0
CKV,2020-11-28,0,0
CKV,2020-11-29,0.0102,0.25908
CKV,2020-11-30,0.7727,19.62658
CKV,2020-12-01,2e-4,0.00508
CKV,2020-12-02,0,0
CKV,2020-12-03,0.0102,0.25908
CKV,2020-12-04,0.1105,2.8066999999999998
CKV,2020-12-05,0,0
CKV,2020-12-06,0,0
CKV,2020-12-07,0,0
CKV,2020-12-08,0,0
CKV,2020-12-09,0,0
CKV,2020-12-10,0,0
CKV,2020-12-11,0,0
CKV,2020-12-12,0.1804,4.58216
CKV,2020-12-13,1e-4,0.00254
CKV,2020-12-14,2.88,73.15199999999999
CKV,2020-12-15,0,0
CKV,2020-12-16,0.2804,7.122159999999999
CKV,2020-12-17,0,0
CKV,2020-12-18,0,0
CKV,2020-12-19,0.0302,0.76708
CKV,2020-12-20,0.5901,14.988539999999999
CKV,2020-12-21,0,0
CKV,2020-12-22,0,0
CKV,2020-12-23,1e-4,0.00254
CKV,2020-12-24,2.0003,50.80762
CKV,2020-12-25,8e-4,0.02032
CKV,2020-12-26,0,0
CKV,2020-12-27,0,0
CKV,2020-12-28,3.0000000000000003e-4,0.00762
CKV,2020-12-29,0,0
CKV,2020-12-30,0.4601,11.686539999999999
CKV,2020-12-31,2.8605,72.6567
CKV,2021-01-01,1.8902,48.01108
CKV,2021-01-02,0,0
CKV,2021-01-03,0.1004,2.55016
CKV,2021-01-04,0,0
CKV,2021-01-05,0,0
CKV,2021-01-06,0,0
CKV,2021-01-07,0,0
CKV,2021-01-08,6.000000000000001e-4,0.01524
CKV,2021-01-09,0,0
CKV,2021-01-10,0,0
CKV,2021-01-11,0,0
CKV,2021-01-12,0,0
CKV,2021-01-13,0,0
CKV,2021-01-14,0,0
CKV,2021-01-15,0.0907,2.30378
CKV,2021-01-16,0.0018000000000000002,0.045720000000000004
CKV,2021-01-17,0,0
CKV,2021-01-18,1e-4,0.00254
CKV,2021-01-19,0,0
CKV,2021-01-20,0,0
CKV,2021-01-21,0.2201,5.59054
CKV,2021-01-22,0,0
CKV,2021-01-23,0,0
CKV,2021-01-24,0.031,0.7874
CKV,2021-01-25,7.2103,183.14162
CKV,2021-01-26,0,0
CKV,2021-01-27,0.0216,0.54864
CKV,2021-01-28,2e-4,0.00508
CKV,2021-01-29,0,0
CKV,2021-01-30,0.0107,0.27177999999999997
CKV,2021-01-31,0.6103,15.501619999999997
CKV,2021-02-01,0.0021000000000000003,0.053340000000000005
CKV,2021-02-02,0,0
CKV,2021-02-03,0,0
CKV,2021-02-04,0.3407,8.65378
CKV,2021-02-05,0.25,6.35
CKV,2021-02-06,0,0
CKV,2021-02-07,0.13040000000000002,3.3121600000000004
CKV,2021-02-08,0,0
CKV,2021-02-09,3.0000000000000003e-4,0.00762
CKV,2021-02-10,0.2515,6.3881
CKV,2021-02-11,0.8012,20.35048
CKV,2021-02-12,0,0
CKV,2021-02-13,0,0
CKV,2021-02-14,0,0
CKV,2021-02-15,0.8034,20.40636
CKV,2021-02-16,0.0134,0.34036
CKV,2021-02-17,0.0211,0.53594
CKV,2021-02-18,0.2324,5.902959999999999
CKV,2021-02-19,0,0
CKV,2021-02-20,0,0
CKV,2021-02-21,0,0
CKV,2021-02-22,0.1805,4.5847
CKV,2021-02-23,0,0
CKV,2021-02-24,1e-4,0.00254
CKV,2021-02-25,2e-4,0.00508
CKV,2021-02-26,0.0302,0.76708
CKV,2021-02-27,0.7903,20.07362
CKV,2021-02-28,3.551,90.19539999999999
CKV,2021-03-01,5.2903,134.37362
CKV,2021-03-02,0,0
CKV,2021-03-03,0,0
CKV,2021-03-04,0,0
CKV,2021-03-05,0,0
CKV,2021-03-06,0,0
CKV,2021-03-07,0,0
CKV,2021-03-08,0,0
CKV,2021-03-09,0,0
CKV,2021-03-10,0,0
CKV,2021-03-11,0,0
CKV,2021-03-12,1.2403,31.503619999999998
CKV,2021-03-13,1.7105000000000001,43.4467
CKV,2021-03-14,0,0
CKV,2021-03-15,1.33,33.782
CKV,2021-03-16,0,0
CKV,2021-03-17,2.9102,73.91908
CKV,2021-03-18,0.6102,15.499079999999998
CKV,2021-03-19,8e-4,0.02032
CKV,2021-03-20,0,0
CKV,2021-03-21,0,0
CKV,2021-03-22,0,0
CKV,2021-03-23,0.08,2.032
CKV,2021-03-24,0,0
CKV,2021-03-25,1.5404,39.12616
CKV,2021-03-26,0.0601,1.52654
CKV,2021-03-27,0.9204,23.378159999999998
CKV,2021-03-28,4.0802000000000005,103.63708000000001
CKV,2021-03-29,0,0
CKV,2021-03-30,0.0101,0.25654
CKV,2021-03-31,2.17,55.117999999999995
CKV,2021-04-01,0,0
CKV,2021-04-02,0,0
CKV,2021-04-03,0,0
CKV,2021-04-04,0,0
CKV,2021-04-05,0,0
CKV,2021-04-06,0,0
CKV,2021-04-07,0,0
CKV,2021-04-08,0.9600000000000001,24.384
CKV,2021-04-09,0,0
CKV,2021-04-10,0.1402,3.5610799999999996
CKV,2021-04-11,0,0
CKV,2021-04-12,0,0
CKV,2021-04-13,0.0204,0.51816
CKV,2021-04-14,0.0102,0.25908
CKV,2021-04-15,0,0
CKV,2021-04-16,0,0
CKV,2021-04-17,0.01,0.254
CKV,2021-04-18,0,0
CKV,2021-04-19,0.0201,0.51054
CKV,2021-04-20,0,0
CKV,2021-04-21,0.26030000000000003,6.61162
CKV,2021-04-22,0,0
CKV,2021-04-23,4e-4,0.01016
CKV,2021-04-24,2.2606,57.41924
CKV,2021-04-25,6.000000000000001e-4,0.01524
CKV,2021-04-26,0,0
CKV,2021-04-27,0,0
CKV,2021-04-28,1.0403,26.42362
CKV,2021-04-29,0.8104,20.58416
CKV,2021-04-30,0,0
CKV,2021-05-01,0,0
CKV,2021-05-02,0.0901,2.28854
CKV,2021-05-03,2.2005,55.8927
CKV,2021-05-04,0.9402,23.88108
CKV,2021-05-05,0.36,9.143999999999998
CKV,2021-05-06,0.8200000000000001,20.828
CKV,2021-05-07,0.1701,4.320539999999999
CKV,2021-05-08,0,0
CKV,2021-05-09,4.4003,111.76761999999998
CKV,2021-05-10,0,0
CKV,2021-05-11,0,0
CKV,2021-05-12,2e-4,0.00508
CKV,2021-05-13,0,0
CKV,2021-05-14,0,0
CKV,2021-05-15,0,0
CKV,2021-05-16,0.0201,0.51054
CKV,2021-05-17,0,0
CKV,2021-05-18,0.0701,1.7805399999999998
CKV,2021-05-19,2e-4,0.00508
CKV,2021-05-20,6.000000000000001e-4,0.01524
CKV,2021-05-21,1e-4,0.00254
CKV,2021-05-22,0,0
CKV,2021-05-23,0,0
CKV,2021-05-24,0,0
CKV,2021-05-25,0,0
CKV,2021-05-26,0.0506,1.28524
CKV,2021-05-27,0,0
CKV,2021-05-28,0.6902,17.53108
CKV,2021-05-29,1e-4,0.00254
CKV,2021-05-30,0,0
CKV,2021-05-31,0,0
CKV,2021-06-01,0.0101,0.25654
CKV,2021-06-02,5.6201,142.75054
CKV,2021-06-03,2.5102,63.759080000000004
CKV,2021-06-04,0,0
CKV,2021-06-05,0,0
CKV,2021-06-06,4.930400000000001,125.23216000000001
CKV,2021-06-07,0.22010000000000002,5.59054
CKV,2021-06-08,0.0206,0.5232399999999999
CKV,2021-06-09,0.040100000000000004,1.01854
CKV,2021-06-10,0.01,0.254
CKV,2021-06-11,1.7901,45.46854
CKV,2021-06-12,0.01,0.254
CKV,2021-06-13,0.0102,0.25908
CKV,2021-06-14,0,0
CKV,2021-06-15,0,0
CKV,2021-06-16,0,0
CKV,2021-06-17,0,0
CKV,2021-06-18,0,0
CKV,2021-06-19,0,0
CKV,2021-06-20,0,0
CKV,2021-06-21,0.2203,5.595619999999999
CKV,2021-06-22,0,0
CKV,2021-06-23,0,0
CKV,2021-06-24,0,0
CKV,2021-06-25,2e-4,0.00508
CKV,2021-06-26,0,0
CKV,2021-06-27,0,0
CKV,2021-06-28,0,0
CKV,2021-06-29,4.1102,104.39907999999998
CKV,2021-06-30,1e-4,0.00254
CKV,2021-07-01,2.9201,74.17054
CKV,2021-07-02,0,0
CKV,2021-07-03,0,0
CKV,2021-07-04,0,0
CKV,2021-07-05,0,0
CKV,2021-07-06,0,0
CKV,2021-07-07,0,0
CKV,2021-07-08,0.51,12.953999999999999
CKV,2021-07-09,0,0
CKV,2021-07-10,4.65,118.11
CKV,2021-07-11,2.1701,55.12054
CKV,2021-07-12,0.031,0.7874
CKV,2021-07-13,0.5504,13.98016
CKV,2021-07-14,0,0
CKV,2021-07-15,0,0
CKV,2021-07-16,0.0101,0.25654
CKV,2021-07-17,1e-4,0.00254
CKV,2021-07-18,0.0804,2.04216
CKV,2021-07-19,0,0
CKV,2021-07-20,0,0
CKV,2021-07-21,0,0
CKV,2021-07-22,0,0
CKV,2021-07-23,0,0
CKV,2021-07-24,0,0
CKV,2021-07-25,0.060200000000000004,1.52908
CKV,2021-07-26,2.24,56.896
CKV,2021-07-27,0,0
CKV,2021-07-28,0,0
CKV,2021-07-29,0,0
CKV,2021-07-30,0,0
CKV,2021-07-31,0,0
CKV,2021-08-01,0.51,12.953999999999999
CKV,2021-08-02,0,0
CKV,2021-08-03,0,0
CKV,2021-08-04,0,0
CKV,2021-08-05,0,0
CKV,2021-08-06,0,0
CKV,2021-08-07,0,0
CKV,2021-08-08,0,0
CKV,2021-08-09,0.08020000000000001,2.03708
CKV,2021-08-10,0,0
CKV,2021-08-11,0,0
CKV,2021-08-12,0,0
CKV,2021-08-13,0,0
CKV,2021-08-14,2.5303,64.26962
CKV,2021-08-15,0,0
CKV,2021-08-16,0,0
CKV,2021-08-17,0,0
CKV,2021-08-18,0.0105,0.2667
CKV,2021-08-19,0.0504,1.28016
CKV,2021-08-20,0,0
CKV,2021-08-21,9.4808,240.81232
CKV,2021-08-22,0.04,1.016
CKV,2021-08-23,0,0
CKV,2021-08-24,0,0
CKV,2021-08-25,0,0
CKV,2021-08-26,0,0
CKV,2021-08-27,1.3502,34.29508
CKV,2021-08-28,0,0
CKV,2021-08-29,0,0
CKV,2021-08-30,0.5301,13.46454
CKV,2021-08-31,6.0603,153.93161999999998
CKV,2021-09-01,0,0
CKV,2021-09-02,0,0
CKV,2021-09-03,0,0
CKV,2021-09-04,0,0
CKV,2021-09-05,0.7708,19.57832
CKV,2021-09-06,0,0
CKV,2021-09-07,0,0
CKV,2021-09-08,0.5704,14.488159999999999
CKV,2021-09-09,0,0
CKV,2021-09-10,0,0
CKV,2021-09-11,0,0
CKV,2021-09-12,0,0
CKV,2021-09-13,0,0
CKV,2021-09-14,1e-4,0.00254
CKV,2021-09-15,1.33,33.782
CKV,2021-09-16,0,0
CKV,2021-09-17,3.2202,81.79308
CKV,2021-09-18,0.1402,3.5610799999999996
CKV,2021-09-19,0.0702,1.7830799999999998
CKV,2021-09-20,0.1203,3.05562
CKV,2021-09-21,0.19,4.826
CKV,2021-09-22,1.7407000000000001,44.21378
CKV,2021-09-23,0,0
CKV,2021-09-24,0,0
CKV,2021-09-25,0.0101,0.25654
CKV,2021-09-26,0,0
CKV,2021-09-27,0,0
CKV,2021-09-28,0,0
CKV,2021-09-29,0,0
CKV,2021-09-30,0,0
CKV,2021-10-01,0,0
CKV,2021-10-02,1.6202,41.15308
CKV,2021-10-03,0.3107,7.891779999999999
CKV,2021-10-04,0,0
CKV,2021-10-05,0.060200000000000004,1.52908
CKV,2021-10-06,2.0803000000000003,52.839620000000004
CKV,2021-10-07,0.0201,0.51054
CKV,2021-10-08,0,0
CKV,2021-10-09,0,0
CKV,2021-10-10,0,0
CKV,2021-10-11,0.01,0.254
CKV,2021-10-12,0.05,1.27
CKV,2021-10-13,0,0
CKV,2021-10-14,0,0
CKV,2021-10-15,0.5001,12.702539999999999
CKV,2021-10-16,0.0305,0.7746999999999999
CKV,2021-10-17,0,0
CKV,2021-10-18,0,0
CKV,2021-10-19,0,0
CKV,2021-10-20,0,0
CKV,2021-10-21,2e-4,0.00508
CKV,2021-10-22,0,0
CKV,2021-10-23,3.0000000000000003e-4,0.00762
CKV,2021-10-24,0,0
CKV,2021-10-25,2.4011,60.987939999999995
CKV,2021-10-26,0,0
CKV,2021-10-27,0,0
CKV,2021-10-28,0.5306,13.477239999999998
CKV,2021-10-29,0.4719,11.98626
CKV,2021-10-30,0.1802,4.57708
CKV,2021-10-31,0,0
CKV,2021-11-01,0,0
CKV,2021-11-02,0.0104,0.26415999999999995
CKV,2021-11-03,0,0
CKV,2021-11-04,0,0
CKV,2021-11-05,0,0
CKV,2021-11-06,0,0
CKV,2021-11-07,0,0
CKV,2021-11-08,0,0
CKV,2021-11-09,0,0
CKV,2021-11-10,0,0
CKV,2021-11-11,0.8005,20.3327
CKV,2021-11-12,2e-4,0.00508
CKV,2021-11-13,4e-4,0.01016
CKV,2021-11-14,0.0101,0.25654
CKV,2021-11-15,0,0
CKV,2021-11-16,0,0
CKV,2021-11-17,1e-4,0.00254
CKV,2021-11-18,1.8203,46.23562
CKV,2021-11-19,0,0
CKV,2021-11-20,0,0
CKV,2021-11-21,2.2002,55.88508
CKV,2021-11-22,0,0
CKV,2021-11-23,0,0
CKV,2021-11-24,0,0
CKV,2021-11-25,0.34,8.636000000000001
CKV,2021-11-26,0,0
CKV,2021-11-27,0,0
CKV,2021-11-28,0,0
CKV,2021-11-29,0,0
CKV,2021-11-30,0,0
CKV,2021-12-01,1e-4,0.00254
CKV,2021-12-02,0,0
CKV,2021-12-03,0,0
CKV,2021-12-04,0,0
CKV,2021-12-05,0.09,2.2859999999999996
CKV,2021-12-06,2.3006,58.43524
CKV,2021-12-07,0,0
CKV,2021-12-08,0,0
CKV,2021-12-09,0,0
CKV,2021-12-10,0.0101,0.25654
CKV,2021-12-11,2.5301,64.26454
CKV,2021-12-12,0,0
CKV,2021-12-13,0,0
CKV,2021-12-14,0,0
CKV,2021-12-15,0,0
CKV,2021-12-16,1.3003,33.02762
CKV,2021-12-17,1.26,32.004
CKV,2021-12-18,0.20070000000000002,5.09778
CKV,2021-12-19,0,0
CKV,2021-12-20,0,0
CKV,2021-12-21,0,0
CKV,2021-12-22,0,0
CKV,2021-12-23,0,0
CKV,2021-12-24,0,0
CKV,2021-12-25,0,0
CKV,2021-12-26,0,0
CKV,2021-12-27,0,0
CKV,2021-12-28,0.5801000000000001,14.73454
CKV,2021-12-29,0.21030000000000001,5.34162
CKV,2021-12-30,0,0
CKV,2021-12-31,0.030100000000000002,0.76454
CKV,2022-01-01,5.9001,149.86254
CKV,2022-01-02,0.442,11.226799999999999
CKV,2022-01-03,0.050300000000000004,1.27762
CKV,2022-01-04,0,0
CKV,2022-01-05,0,0
CKV,2022-01-06,0.0824,2.0929599999999997
CKV,2022-01-07,2e-4,0.00508
CKV,2022-01-08,0,0
CKV,2022-01-09,6.7407,171.21377999999999
CKV,2022-01-10,0,0
CKV,2022-01-11,0,0
CKV,2022-01-12,0,0
CKV,2022-01-13,2e-4,0.00508
CKV,2022-01-14,0,0
CKV,2022-01-15,2e-4,0.00508
CKV,2022-01-16,0.6203,15.755619999999999
CKV,2022-01-17,4e-4,0.01016
CKV,2022-01-18,0,0
CKV,2022-01-19,1.9709,50.06086
CKV,2022-01-20,0.331,8.407399999999999
CKV,2022-01-21,0,0
CKV,2022-01-22,0,0
CKV,2022-01-23,0,0
CKV,2022-01-24,0,0
CKV,2022-01-25,0,0
CKV,2022-01-26,0,0
CKV,2022-01-27,0,0
CKV,2022-01-28,8e-4,0.02032
CKV,2022-01-29,9.000000000000001e-4,0.022860000000000002
CKV,2022-01-30,0,0
CKV,2022-01-31,0,0
CKV,2022-02-01,0,0
CKV,2022-02-02,1.4805,37.604699999999994
CKV,2022-02-03,3.0914,78.52156
CKV,2022-02-04,0.0122,0.30988
CKV,2022-02-05,0,0
CKV,2022-02-06,0,0
CKV,2022-02-07,0,0
CKV,2022-02-08,0,0
CKV,2022-02-09,0,0
CKV,2022-02-10,0,0
CKV,2022-02-11,0,0
CKV,2022-02-12,2e-4,0.00508
CKV,2022-02-13,0,0
CKV,2022-02-14,0,0
CKV,2022-02-15,0,0
CKV,2022-02-16,0,0
CKV,2022-02-17,3.1703,80.52562
CKV,2022-02-18,7e-4,0.017779999999999997
CKV,2022-02-19,0,0
CKV,2022-02-20,0,0
CKV,2022-02-21,3.0000000000000003e-4,0.00762
CKV,2022-02-22,3.2108,81.55431999999999
CKV,2022-02-23,0.07,1.778
CKV,2022-02-24,3.1809000000000003,80.79486
CKV,2022-02-25,0.4906,12.461239999999998
CKV,2022-02-26,0,0
CKV,2022-02-27,0,0
CKV,2022-02-28,0,0
CKV,2022-03-01,0,0
CKV,2022-03-02,0,0
CKV,2022-03-03,5e-4,0.0127
CKV,2022-03-04,0,0
CKV,2022-03-05,2e-4,0.00508
CKV,2022-03-06,0.3406,8.65124
CKV,2022-03-07,2.6604,67.57415999999999
CKV,2022-03-08,0,0
CKV,2022-03-09,0.1602,4.06908
CKV,2022-03-10,0,0
CKV,2022-03-11,5e-4,0.0127
CKV,2022-03-12,0.2008,5.10032
CKV,2022-03-13,0,0
CKV,2022-03-14,0,0
CKV,2022-03-15,2e-4,0.00508
CKV,2022-03-16,0.030100000000000002,0.76454
CKV,2022-03-17,0,0
CKV,2022-03-18,0.11,2.794
CKV,2022-03-19,1e-4,0.00254
CKV,2022-03-20,0,0
CKV,2022-03-21,0,0
CKV,2022-03-22,3.4502,87.63508
CKV,2022-03-23,0.3104,7.88416
CKV,2022-03-24,0.05,1.27
CKV,2022-03-25,0,0
CKV,2022-03-26,0,0
CKV,2022-03-27,0,0
CKV,2022-03-28,0,0
CKV,2022-03-29,0,0
CKV,2022-03-30,0.0101,0.25654
CKV,2022-03-31,3.86,98.044
CKV,2022-04-01,0.03,0.7619999999999999
CKV,2022-04-02,0,0
CKV,2022-04-03,0,0
CKV,2022-04-04,0.0403,1.02362
CKV,2022-04-05,0.5,12.7
CKV,2022-04-06,0.6414,16.291559999999997
CKV,2022-04-07,0,0
CKV,2022-04-08,0.2911,7.393940000000001
CKV,2022-04-09,0,0
CKV,2022-04-10,0,0
CKV,2022-04-11,1.4104,35.82416
CKV,2022-04-12,5.5803,141.73962
CKV,2022-04-13,2.0802,52.83708
CKV,2022-04-14,1.66,42.163999999999994
CKV,2022-04-15,0,0
CKV,2022-04-16,0.55,13.97
CKV,2022-04-17,3.0000000000000003e-4,0.00762
CKV,2022-04-18,0.8004,20.33016
CKV,2022-04-19,0,0
CKV,2022-04-20,0.02,0.508
CKV,2022-04-21,0.1303,3.30962
CKV,2022-04-22,0,0
CKV,2022-04-23,0,0
CKV,2022-04-24,0,0
CKV,2022-04-25,0.5512,14.00048
CKV,2022-04-26,0.01,0.254
CKV,2022-04-27,0,0
CKV,2022-04-28,0,0
CKV,2022-04-29,2e-4,0.00508
CKV,2022-04-30,0,0
CKV,2022-05-01,1.83,46.482
CKV,2022-05-02,0,0
CKV,2022-05-03,0.08,2.032
CKV,2022-05-04,0,0
CKV,2022-05-05,1.2301,31.244539999999997
CKV,2022-05-06,1.4104,35.82416
CKV,2022-05-07,0.0201,0.51054
CKV,2022-05-08,0,0
CKV,2022-05-09,0,0
CKV,2022-05-10,0,0
CKV,2022-05-11,0,0
CKV,2022-05-12,0,0
CKV,2022-05-13,0,0
CKV,2022-05-14,0,0
CKV,2022-05-15,0.29000000000000004,7.3660000000000005
CKV,2022-05-16,0,0
CKV,2022-05-17,0,0
CKV,2022-05-18,0,0
CKV,2022-05-19,0.02,0.508
CKV,2022-05-20,1e-4,0.00254
CKV,2022-05-21,2.56,65.024
CKV,2022-05-22,1.0204,25.918159999999997
CKV,2022-05-23,0.0102,0.25908
CKV,2022-05-24,2e-4,0.00508
CKV,2022-05-25,0.2604,6.61416
CKV,2022-05-26,3.1808,80.79232
CKV,2022-05-27,2e-4,0.00508
CKV,2022-05-28,0,0
CKV,2022-05-29,0,0
CKV,2022-05-30,0,0
CKV,2022-05-31,0,0
CKV,2022-06-01,0,0
CKV,2022-06-02,0.0502,1.27508
CKV,2022-06-03,0,0
CKV,2022-06-04,0,0
CKV,2022-06-05,0,0
CKV,2022-06-06,3.1507,80.02777999999999
CKV,2022-06-07,0.6101,15.496539999999998
CKV,2022-06-08,0,0
CKV,2022-06-09,0,0
CKV,2022-06-10,0,0
CKV,2022-06-11,0,0
CKV,2022-06-12,0,0
CKV,2022-06-13,0,0
CKV,2022-06-14,0,0
CKV,2022-06-15,0,0
CKV,2022-06-16,0,0
CKV,2022-06-17,2e-4,0.00508
CKV,2022-06-18,0,0
CKV,2022-06-19,0,0
CKV,2022-06-20,0,0
CKV,2022-06-21,0,0
CKV,2022-06-22,0,0
CKV,2022-06-23,0,0
CKV,2022-06-24,0,0
CKV,2022-06-25,0,0
CKV,2022-06-26,0,0
CKV,2022-06-27,0,0
CKV,2022-06-28,0,0
CKV,2022-06-29,0,0
CKV,2022-06-30,0,0
CKV,2022-07-01,0,0
CKV,2022-07-02,0.9,22.86
CKV,2022-07-03,2e-4,0.00508
CKV,2022-07-04,0,0
CKV,2022-07-05,0,0
CKV,2022-07-06,0,0
CKV,2022-07-07,0.42010000000000003,10.67054
CKV,2022-07-08,0,0
CKV,2022-07-09,5.0303,127.76962
CKV,2022-07-10,1e-4,0.00254
CKV,2022-07-11,0,0
CKV,2022-07-12,0.4001,10.16254
CKV,2022-07-13,0,0
CKV,2022-07-14,0,0
CKV,2022-07-15,0,0
CKV,2022-07-16,1e-4,0.00254
CKV,2022-07-17,3.0000000000000003e-4,0.00762
CKV,2022-07-18,0.7601,19.30654
CKV,2022-07-19,0,0
CKV,2022-07-20,0,0
CKV,2022-07-21,2e-4,0.00508
CKV,2022-07-22,0,0
CKV,2022-07-23,0,0
CKV,2022-07-24,0,0
CKV,2022-07-25,0.03,0.7619999999999999
CKV,2022-07-26,5.5,139.7
CKV,2022-07-27,1e-4,0.00254
CKV,2022-07-28,2.3704,60.20816
CKV,2022-07-29,0.0601,1.52654
CKV,2022-07-30,0.030100000000000002,0.76454
CKV,2022-07-31,1.7308000000000001,43.96232
CKV,2022-08-01,0,0
CKV,2022-08-02,0,0
CKV,2022-08-03,0,0
CKV,2022-08-04,0.2404,6.10616
CKV,2022-08-05,4.1304,104.91215999999999
CKV,2022-08-06,0,0
CKV,2022-08-07,3.0000000000000003e-4,0.00762
CKV,2022-08-08,0,0
CKV,2022-08-09,2.0602,52.32908
CKV,2022-08-10,4.1203,104.65562
CKV,2022-08-11,0.0105,0.2667
CKV,2022-08-12,0,0
CKV,2022-08-13,0,0
CKV,2022-08-14,0,0
CKV,2022-08-15,0,0
CKV,2022-08-16,0.1201,3.05054
CKV,2022-08-17,0,0
CKV,2022-08-18,0,0
CKV,2022-08-19,0,0
CKV,2022-08-20,0.0303,0.76962
CKV,2022-08-21,0,0
CKV,2022-08-22,1.9102,48.519079999999995
CKV,2022-08-23,0,0
CKV,2022-08-24,0,0
CKV,2022-08-25,1e-4,0.00254
CKV,2022-08-26,1e-4,0.00254
CKV,2022-08-27,0,0
CKV,2022-08-28,0.02,0.508
CKV,2022-08-29,0.8101,20.57654
CKV,2022-08-30,0.12,3.0479999999999996
CKV,2022-08-31,0,0
CKV,2022-09-01,0,0
CKV,2022-09-02,0,0
CKV,2022-09-03,3.0702000000000003,77.98308
CKV,2022-09-04,0.0501,1.27254
CKV,2022-09-05,0,0
CKV,2022-09-06,0,0
CKV,2022-09-07,0,0
CKV,2022-09-08,0,0
CKV,2022-09-09,0.01,0.254
CKV,2022-09-10,0.0103,0.26161999999999996
CKV,2022-09-11,6.9700999999999995,177.04053999999996
CKV,2022-09-12,0,0
CKV,2022-09-13,0,0
CKV,2022-09-14,0,0
CKV,2022-09-15,0,0
CKV,2022-09-16,0,0
CKV,2022-09-17,0,0
CKV,2022-09-18,0,0
CKV,2022-09-19,0,0
CKV,2022-09-20,0,0
CKV,2022-09-21,0,0
CKV,2022-09-22,0,0
CKV,2022-09-23,0,0
CKV,2022-09-24,0.0503,1.2776199999999998
CKV,2022-09-25,0,0
CKV,2022-09-26,0,0
CKV,2022-09-27,0,0
CKV,2022-09-28,0,0
CKV,2022-09-29,0,0
CKV,2022-09-30,0,0
CKV,2022-10-01,0,0
CKV,2022-10-02,0,0
CKV,2022-10-03,0,0
CKV,2022-10-04,0,0
CKV,2022-10-05,0,0
CKV,2022-10-06,0,0
CKV,2022-10-07,0,0
CKV,2022-10-08,0,0
CKV,2022-10-09,0,0
CKV,2022-10-10,0,0
CKV,2022-10-11,0,0
CKV,2022-10-12,0.8203,20.83562
CKV,2022-10-13,0,0
CKV,2022-10-14,0,0
CKV,2022-10-15,0,0
CKV,2022-10-16,0.0104,0.26415999999999995
CKV,2022-10-17,0,0
CKV,2022-10-18,0,0
CKV,2022-10-19,0,0
CKV,2022-10-20,0,0
CKV,2022-10-21,0,0
CKV,2022-10-22,0,0
CKV,2022-10-23,0,0
CKV,2022-10-24,0,0
CKV,2022-10-25,2.7307,69.35978
CKV,2022-10-26,0,0
CKV,2022-10-27,0,0
CKV,2022-10-28,0,0
CKV,2022-10-29,0,0
CKV,2022-10-30,2.5308,64.28232
CKV,2022-10-31,8e-4,0.02032
CKV,2022-11-01,0,0
CKV,2022-11-02,0,0
CKV,2022-11-03,0,0
CKV,2022-11-04,0,0
CKV,2022-11-05,0.5002,12.705079999999999
CKV,2022-11-06,2e-4,0.00508
CKV,2022-11-07,0.12029999999999999,3.05562
CKV,2022-11-08,0.0104,0.26415999999999995
CKV,2022-11-09,0,0
CKV,2022-11-10,0,0
CKV,2022-11-11,0.20049999999999998,5.092699999999999
CKV,2022-11-12,0.5203,13.21562
CKV,2022-11-13,0,0
CKV,2022-11-14,0,0
CKV,2022-11-15,0.06,1.5239999999999998
CKV,2022-11-16,0,0
CKV,2022-11-17,0,0
CKV,2022-11-18,0,0
CKV,2022-11-19,0,0
CKV,2022-11-20,0,0
CKV,2022-11-21,0,0
CKV,2022-11-22,0,0
CKV,2022-11-23,0,0
CKV,2022-11-24,0.0201,0.51054
CKV,2022-11-25,1e-4,0.00254
CKV,2022-11-26,0.0601,1.52654
CKV,2022-11-27,0.4111,10.44194
CKV,2022-11-28,0,0
CKV,2022-11-29,0.3502,8.89508
CKV,2022-11-30,1.4404000000000001,36.58616
CKV,2022-12-01,0,0
CKV,2022-12-02,0.0403,1.02362
CKV,2022-12-03,0.28049999999999997,7.124699999999999
CKV,2022-12-04,0,0
CKV,2022-12-05,0.0011,0.02794
CKV,2022-12-06,0.4813,12.225019999999999
CKV,2022-12-07,3.3304,84.59215999999999
CKV,2022-12-08,3.2807,83.32978
CKV,2022-12-09,0,0
CKV,2022-12-10,0.57,14.477999999999998
CKV,2022-12-11,0,0
CKV,2022-12-12,0,0
CKV,2022-12-13,0,0
CKV,2022-12-14,1.6101,40.89654
CKV,2022-12-15,2.1302,54.107079999999996
CKV,2022-12-16,0,0
CKV,2022-12-17,0,0
CKV,2022-12-18,0,0
CKV,2022-12-19,0,0
CKV,2022-12-20,0,0
CKV,2022-12-21,0,0
CKV,2022-12-22,0.11069999999999999,2.8117799999999997
CKV,2022-12-23,0.043000000000000003,1.0922
CKV,2022-12-24,0,0
CKV,2022-12-25,0,0
CKV,2022-12-26,0.0115,0.29209999999999997
CKV,2022-12-27,3.0000000000000003e-4,0.00762
CKV,2022-12-28,0,0
CKV,2022-12-29,0.0601,1.52654
CKV,2022-12-30,0.06,1.5239999999999998
CKV,2022-12-31,0.5701,14.480540000000001
CKV,2023-01-01,0,0
CKV,2023-01-02,0.1801,4.57454
CKV,2023-01-03,6.4307,163.33978
CKV,2023-01-04,0,0
CKV,2023-01-05,0,0
CKV,2023-01-06,0,0
CKV,2023-01-07,2e-4,0.00508
CKV,2023-01-08,0,0
CKV,2023-01-09,0,0
CKV,2023-01-10,0,0
CKV,2023-01-11,0,0
CKV,2023-01-12,0.9500000000000001,24.13
CKV,2023-01-13,0.002,0.0508
CKV,2023-01-14,0,0
CKV,2023-01-15,0,0
CKV,2023-01-16,0.4204,10.67816
CKV,2023-01-17,4e-4,0.01016
CKV,2023-01-18,2e-4,0.00508
CKV,2023-01-19,1.7701,44.960539999999995
CKV,2023-01-20,0,0
CKV,2023-01-21,0,0
CKV,2023-01-22,1.1404,28.966160000000002
CKV,2023-01-23,0,0
CKV,2023-01-24,0,0
CKV,2023-01-25,0.791,20.0914
CKV,2023-01-26,0.1208,3.06832
CKV,2023-01-27,0,0
CKV,2023-01-28,0,0
CKV,2023-01-29,1.2409000000000001,31.51886
CKV,2023-01-30,3.0000000000000003e-4,0.00762
CKV,2023-01-31,0.511,12.9794
CKV,2023-02-01,0.1212,3.07848
CKV,2023-02-02,0,0
CKV,2023-02-03,0,0
CKV,2023-02-04,0,0
CKV,2023-02-05,0,0
CKV,2023-02-06,0,0
CKV,2023-02-07,0,0
CKV,2023-02-08,0.08120000000000001,2.0624800000000003
CKV,2023-02-09,0.8102,20.57908
CKV,2023-02-10,0,0
CKV,2023-02-11,0,0
CKV,2023-02-12,0,0
CKV,2023-02-13,0,0
CKV,2023-02-14,0.05,1.27
CKV,2023-02-15,0.05,1.27
CKV,2023-02-16,10.3509,262.91285999999997
CKV,2023-02-17,0,0
CKV,2023-02-18,0,0
CKV,2023-02-19,0,0
CKV,2023-02-20,0.0102,0.25908
CKV,2023-02-21,0,0
CKV,2023-02-22,0.3801,9.654539999999999
CKV,2023-02-23,3.6302000000000003,92.20708
CKV,2023-02-24,0.0102,0.25908
CKV,2023-02-25,2e-4,0.00508
CKV,2023-02-26,1e-4,0.00254
CKV,2023-02-27,0.0201,0.51054
CKV,2023-02-28,0,0
CKV,2023-03-01,0.16010000000000002,4.066540000000001
CKV,2023-03-02,0.5501,13.97254
CKV,2023-03-03,3.3412,84.86648
CKV,2023-03-04,0,0
CKV,2023-03-05,0,0
CKV,2023-03-06,0,0
CKV,2023-03-07,0,0
CKV,2023-03-08,0,0
CKV,2023-03-09,0.1105,2.8066999999999998
CKV,2023-03-10,0.32030000000000003,8.13562
CKV,2023-03-11,0.0101,0.25654
CKV,2023-03-12,1.9907000000000001,50.56378
CKV,2023-03-13,0,0
CKV,2023-03-14,0,0
CKV,2023-03-15,0,0
CKV,2023-03-16,0,0
CKV,2023-03-17,1.2003,30.487619999999996
CKV,2023-03-18,0,0
CKV,2023-03-19,0,0
CKV,2023-03-20,0,0
CKV,2023-03-21,0.11,2.794
CKV,2023-03-22,0.4308,10.94232
CKV,2023-03-23,0,0
CKV,2023-03-24,4.3100000000000005,109.474
CKV,2023-03-25,4.54,115.31599999999999
CKV,2023-03-26,0,0
CKV,2023-03-27,0,0
CKV,2023-03-28,0,0
CKV,2023-03-29,0,0
CKV,2023-03-30,0,0
CKV,2023-03-31,2.6107,66.31178
CKV,2023-04-01,2.02,51.308
CKV,2023-04-02,0,0
CKV,2023-04-03,0,0
CKV,2023-04-04,0,0
CKV,2023-04-05,1.0201,25.910539999999997
CKV,2023-04-06,0.5104,12.964159999999998
CKV,2023-04-07,0,0
CKV,2023-04-08,0,0
CKV,2023-04-09,0,0
CKV,2023-04-10,0,0
CKV,2023-04-11,0,0
CKV,2023-04-12,0,0
CKV,2023-04-13,0,0
CKV,2023-04-14,0,0
CKV,2023-04-15,0,0
CKV,2023-04-16,0.0305,0.7746999999999999
CKV,2023-04-17,0,0
CKV,2023-04-18,0,0
CKV,2023-04-19,0,0
CKV,2023-04-20,0,0
CKV,2023-04-21,1.7704,44.96816
CKV,2023-04-22,0.2901,7.36854
CKV,2023-04-23,0,0
CKV,2023-04-24,0,0
CKV,2023-04-25,0,0
CKV,2023-04-26,0,0
CKV,2023-04-27,1.9705000000000001,50.0507
CKV,2023-04-28,0.0605,1.5367
CKV,2023-04-29,0.3102,7.879079999999999
CKV,2023-04-30,0.0704,1.78816
CKV,2023-05-01,0,0
CKV,2023-05-02,0,0
CKV,2023-05-03,0,0
CKV,2023-05-04,0,0
CKV,2023-05-05,2e-4,0.00508
CKV,2023-05-06,0,0
CKV,2023-05-07,0.4901,12.44854
CKV,2023-05-08,1.7709000000000001,44.98086
CKV,2023-05-09,0.2,5.08
CKV,2023-05-10,0,0
CKV,2023-05-11,0.6301,16.00454
CKV,2023-05-12,3.1204,79.25816
CKV,2023-05-13,0.5901,14.988539999999999
CKV,2023-05-14,0,0
CKV,2023-05-15,1.08,27.432
CKV,2023-05-16,1.1002,27.94508
CKV,2023-05-17,0,0
CKV,2023-05-18,0,0
CKV,2023-05-19,1e-4,0.00254
CKV,2023-05-20,1.9102,48.519079999999995
CKV,2023-05-21,0,0
CKV,2023-05-22,0,0
CKV,2023-05-23,0,0
CKV,2023-05-24,0,0
CKV,2023-05-25,0,0
CKV,2023-05-26,0,0
CKV,2023-05-27,2e-4,0.00508
CKV,2023-05-28,0,0
CKV,2023-05-29,0,0
CKV,2023-05-30,0,0
CKV,2023-05-31,0,0
CKV,2023-06-01,0,0
CKV,2023-06-02,0,0
CKV,2023-06-03,0,0
CKV,2023-06-04,0,0
CKV,2023-06-05,0,0
CKV,2023-06-06,0,0
CKV,2023-06-07,1e-4,0.00254
CKV,2023-06-08,0,0
CKV,2023-06-09,0,0
CKV,2023-06-10,0,0
CKV,2023-06-11,2.2404,56.90616
CKV,2023-06-12,0.02,0.508
CKV,2023-06-13,0,0
CKV,2023-06-14,0,0
CKV,2023-06-15,0,0
CKV,2023-06-16,0,0
CKV,2023-06-17,0,0
CKV,2023-06-18,0,0
CKV,2023-06-19,2.4509,62.25285999999999
CKV,2023-06-20,0.8501000000000001,21.59254
CKV,2023-06-21,0.040100000000000004,1.01854
CKV,2023-06-22,0.0601,1.52654
CKV,2023-06-23,0,0
CKV,2023-06-24,0,0
CKV,2023-06-25,1e-4,0.00254
CKV,2023-06-26,0,0
CKV,2023-06-27,0,0
CKV,2023-06-28,0,0
CKV,2023-06-29,0.0109,0.27686
CKV,2023-06-30,0,0
CKV,2023-07-01,0.5301,13.46454
CKV,2023-07-02,1.09,27.686
CKV,2023-07-03,0.5803,14.73962
CKV,2023-07-04,0,0
CKV,2023-07-05,1e-4,0.00254
CKV,2023-07-06,3.0000000000000003e-4,0.00762
CKV,2023-07-07,0,0
CKV,2023-07-08,1.2204,30.998159999999995
CKV,2023-07-09,0.1603,4.071619999999999
CKV,2023-07-10,0,0
CKV,2023-07-11,0,0
CKV,2023-07-12,0,0
CKV,2023-07-13,0,0
CKV,2023-07-14,0,0
CKV,2023-07-15,0.5302,13.46708
CKV,2023-07-16,0,0
CKV,2023-07-17,0,0
CKV,2023-07-18,0.45,11.43
CKV,2023-07-19,0.7804,19.82216
CKV,2023-07-20,0.4003,10.16762
CKV,2023-07-21,0,0
CKV,2023-07-22,2e-4,0.00508
CKV,2023-07-23,0,0
CKV,2023-07-24,0.6505,16.522699999999997
CKV,2023-07-25,0,0
CKV,2023-07-26,0.0101,0.25654
CKV,2023-07-27,0,0
CKV,2023-07-28,0,0
CKV,2023-07-29,0,0
CKV,2023-07-30,0.7503,19.057619999999996
CKV,2023-07-31,0,0
CKV,2023-08-01,0,0
CKV,2023-08-02,3.0000000000000003e-4,0.00762
CKV,2023-08-03,1.08,27.432
CKV,2023-08-04,1.0302,26.16708
CKV,2023-08-05,2.49,63.246
CKV,2023-08-06,0.14020000000000002,3.5610800000000005
CKV,2023-08-07,0,0
CKV,2023-08-08,0,0
CKV,2023-08-09,0.76,19.304
CKV,2023-08-10,1.29,32.766
CKV,2023-08-11,0,0
CKV,2023-08-12,0.39,9.906
CKV,2023-08-13,1.01,25.654
CKV,2023-08-14,0.8802,22.35708
CKV,2023-08-15,0,0
CKV,2023-08-16,0,0
CKV,2023-08-17,0,0
CKV,2023-08-18,0,0
CKV,2023-08-19,0,0
CKV,2023-08-20,0,0
CKV,2023-08-21,0,0
CKV,2023-08-22,0,0
CKV,2023-08-23,0,0
CKV,2023-08-24,0,0
CKV,2023-08-25,0,0
CKV,2023-08-26,0.28,7.112
CKV,2023-08-27,8.3704,212.60816
CKV,2023-08-28,0,0
CKV,2023-08-29,0,0
CKV,2023-08-30,0,0
CKV,2023-08-31,0,0
CKV,2023-09-01,0,0
CKV,2023-09-02,0,0
CKV,2023-09-03,0,0
CKV,2023-09-04,0,0
CKV,2023-09-05,1.5801,40.13454
CKV,2023-09-06,0.0507,1.28778
CKV,2023-09-07,0.62,15.748
CKV,2023-09-08,0,0
CKV,2023-09-09,0,0
CKV,2023-09-10,0,0
CKV,2023-09-11,0,0
CKV,2023-09-12,0.0102,0.25908
CKV,2023-09-13,0,0
CKV,2023-09-14,1e-4,0.00254
CKV,2023-09-15,0,0
CKV,2023-09-16,3.1002,78.74508
CKV,2023-09-17,0.4202,10.67308
CKV,2023-09-18,0,0
CKV,2023-09-19,0,0
CKV,2023-09-20,0,0
CKV,2023-09-21,0,0
CKV,2023-09-22,0,0
CKV,2023-09-23,0,0
CKV,2023-09-24,0,0
CKV,2023-09-25,0,0
CKV,2023-09-26,0,0
CKV,2023-09-27,0,0
CKV,2023-09-28,6.2705,159.2707
CKV,2023-09-29,0.01,0.254
CKV,2023-09-30,0,0
CKV,2023-10-01,0,0
CKV,2023-10-02,0,0
CKV,2023-10-03,0,0
CKV,2023-10-04,0,0
CKV,2023-10-05,0.3803,9.65962
CKV,2023-10-06,0.0201,0.51054
CKV,2023-10-07,0,0
CKV,2023-10-08,0,0
CKV,2023-10-09,0,0
CKV,2023-10-10,0,0
CKV,2023-10-11,0,0
CKV,2023-10-12,0,0
CKV,2023-10-13,0,0
CKV,2023-10-14,0.0902,2.29108
CKV,2023-10-15,2e-4,0.00508
CKV,2023-10-16,0,0
CKV,2023-10-17,0,0
CKV,2023-10-18,0,0
CKV,2023-10-19,0.1,2.54
CKV,2023-10-20,0,0
CKV,2023-10-21,0,0
CKV,2023-10-22,0,0
CKV,2023-10-23,0,0
CKV,2023-10-24,0,0
CKV,2023-10-25,0,0
CKV,2023-10-26,0,0
CKV,2023-10-27,2.2802,57.91707999999999
CKV,2023-10-28,0,0
CKV,2023-10-29,1.4109,35.83686
CKV,2023-10-30,0.8206,20.843239999999998
CKV,2023-10-31,0,0
CKV,2023-11-01,0,0
CKV,2023-11-02,0,0
CKV,2023-11-03,0,0
CKV,2023-11-04,0,0
CKV,2023-11-05,0,0
CKV,2023-11-06,0,0
CKV,2023-11-07,0,0
CKV,2023-11-08,0,0
CKV,2023-11-09,0,0
CKV,2023-11-10,0.0307,0.77978
CKV,2023-11-11,0,0
CKV,2023-11-12,0,0
CKV,2023-11-13,0,0
CKV,2023-11-14,0,0
CKV,2023-11-15,0,0
CKV,2023-11-16,0,0
CKV,2023-11-17,3.0000000000000003e-4,0.00762
CKV,2023-11-18,0,0
CKV,2023-11-19,0,0
CKV,2023-11-20,0.0501,1.27254
CKV,2023-11-21,4.2,106.67999999999999
CKV,2023-11-22,0,0
CKV,2023-11-23,0,0
CKV,2023-11-24,0,0
CKV,2023-11-25,0,0
CKV,2023-11-26,0.0403,1.02362
CKV,2023-11-27,0,0
CKV,2023-11-28,0,0
CKV,2023-11-29,0,0
CKV,2023-11-30,0,0
CKV,2023-12-01,0.3903,9.913619999999998
CKV,2023-12-02,0,0
CKV,2023-12-03,0,0
CKV,2023-12-04,0.01,0.254
CKV,2023-12-05,1e-4,0.00254
CKV,2023-12-06,0,0
CKV,2023-12-07,0,0
CKV,2023-12-08,0,0
CKV,2023-12-09,0.0109,0.27686
CKV,2023-12-10,0.030100000000000002,0.76454
CKV,2023-12-11,0,0
CKV,2023-12-12,0,0
CKV,2023-12-13,0,0
CKV,2023-12-14,0,0
CKV,2023-12-15,0,0
CKV,2023-12-16,0.11,2.794
CKV,2023-12-17,0.5501,13.97254
CKV,2023-12-18,0,0
CKV,2023-12-19,0,0
CKV,2023-12-20,0,0
CKV,2023-12-21,0,0
CKV,2023-12-22,0,0
CKV,2023-12-23,0.2002,5.08508
CKV,2023-12-24,0.0506,1.28524
CKV,2023-12-25,0.9503,24.13762
CKV,2023-12-26,0,0
CKV,2023-12-27,0,0
CKV,2023-12-28,1e-4,0.00254
CKV,2023-12-29,0.0408,1.03632
CKV,2023-12-30,3.0000000000000003e-4,0.00762
CKV,2023-12-31,0,0
CKV,2024-01-01,0,0
CKV,2024-01-02,0,0
CKV,2024-01-03,0,0
CKV,2024-01-04,0,0
CKV,2024-01-05,0,0
CKV,2024-01-06,0.8302,21.08708
CKV,2024-01-07,0.0202,0.51308
CKV,2024-01-08,0.01,0.254
CKV,2024-01-09,3.2712,83.08847999999999
CKV,2024-01-10,0.0101,0.25654
CKV,2024-01-11,0,0
CKV,2024-01-12,2.3306,59.197239999999994
CKV,2024-01-13,0,0
CKV,2024-01-14,8e-4,0.02032
CKV,2024-01-15,0.033800000000000004,0.8585200000000001
CKV,2024-01-16,1e-4,0.00254
CKV,2024-01-17,0,0
CKV,2024-01-18,6.000000000000001e-4,0.01524
CKV,2024-01-19,9.000000000000001e-4,0.022860000000000002
CKV,2024-01-20,4e-4,0.01016
CKV,2024-01-21,0,0
CKV,2024-01-22,0,0
CKV,2024-01-23,0.1913,4.85902
CKV,2024-01-24,2.8306,71.89724
CKV,2024-01-25,0.6103000000000001,15.50162
CKV,2024-01-26,2e-4,0.00508
CKV,2024-01-27,2.8907000000000003,73.42378000000001
CKV,2024-01-28,0.1509,3.83286
CKV,2024-01-29,1e-4,0.00254
CKV,2024-01-30,0,0
CKV,2024-01-31,0,0
CKV,2024-02-01,0,0
CKV,2024-02-02,0,0
CKV,2024-02-03,0,0
CKV,2024-02-04,0,0
CKV,2024-02-05,0,0
CKV,2024-02-06,0,0
CKV,2024-02-07,0,0
CKV,2024-02-08,0,0
CKV,2024-02-09,0,0
CKV,2024-02-10,1.6208,41.16832
CKV,2024-02-11,0.6403,16.26362
CKV,2024-02-12,1.9501000000000002,49.532540000000004
CKV,2024-02-13,0.4302,10.92708
CKV,2024-02-14,0,0
CKV,2024-02-15,0,0
CKV,2024-02-16,0.4004,10.17016
CKV,2024-02-17,0.0501,1.27254
CKV,2024-02-18,0,0
CKV,2024-02-19,0,0
CKV,2024-02-20,0,0
CKV,2024-02-21,0,0
CKV,2024-02-22,0.9902,25.151079999999997
CKV,2024-02-23,1.0505,26.682699999999997
CKV,2024-02-24,0,0
CKV,2024-02-25,0,0
CKV,2024-02-26,0,0
CKV,2024-02-27,1e-4,0.00254
CKV,2024-02-28,0.7201,18.290539999999996
CKV,2024-02-29,0,0
CKV,2024-03-01,0.1617,4.10718
CKV,2024-03-02,0,0
CKV,2024-03-03,0,0
CKV,2024-03-04,0,0
CKV,2024-03-05,0.1809,4.59486
CKV,2024-03-06,0,0
CKV,2024-03-07,0,0
CKV,2024-03-08,0.1504,3.82016
CKV,2024-03-09,0.5404,13.726159999999998
CKV,2024-03-10,0,0
CKV,2024-03-11,0,0
CKV,2024-03-12,0,0
CKV,2024-03-13,0,0
CKV,2024-03-14,0,0
CKV,2024-03-15,1.3001,33.02254
CKV,2024-03-16,0,0
CKV,2024-03-17,0,0
CKV,2024-03-18,0,0
CKV,2024-03-19,0,0
CKV,2024-03-20,0,0
CKV,2024-03-21,0,0
CKV,2024-03-22,0,0
CKV,2024-03-23,0.0102,0.25908
CKV,2024-03-24,0,0
CKV,2024-03-25,0,0
CKV,2024-03-26,1.9002000000000001,48.26508
CKV,2024-03-27,0,0
CKV,2024-03-28,0,0
CKV,2024-03-29,0,0
CKV,2024-03-30,0,0
CKV,2024-03-31,0,0
CKV,2024-04-01,0,0
CKV,2024-04-02,3.5304,89.67216
CKV,2024-04-03,0.0106,0.26924
CKV,2024-04-04,0,0
CKV,2024-04-05,0,0
CKV,2024-04-06,0,0
CKV,2024-04-07,0,0
CKV,2024-04-08,0.2903,7.37362
CKV,2024-04-09,1.5703,39.885619999999996
CKV,2024-04-10,0.0103,0.26161999999999996
CKV,2024-04-11,3.6106000000000003,91.70924000000001
CKV,2024-04-12,1e-4,0.00254
CKV,2024-04-13,0,0
CKV,2024-04-14,0,0
CKV,2024-04-15,0,0
CKV,2024-04-16,0,0
CKV,2024-04-17,0.07010000000000001,1.7805400000000002
CKV,2024-04-18,0,0
CKV,2024-04-19,0.1105,2.8066999999999998
CKV,2024-04-20,3.0000000000000003e-4,0.00762
CKV,2024-04-21,0,0
CKV,2024-04-22,0,0
CKV,2024-04-23,0,0
CKV,2024-04-24,1e-4,0.00254
CKV,2024-04-25,0,0
CKV,2024-04-26,0.3302,8.38708
CKV,2024-04-27,0.03,0.7619999999999999
CKV,2024-04-28,0,0
CKV,2024-04-29,1e-4,0.00254
CKV,2024-04-30,4.2501,107.95253999999998
CKV,2024-05-01,0,0
CKV,2024-05-02,0,0
CKV,2024-05-03,0.7004,17.79016
CKV,2024-05-04,0.6405000000000001,16.268700000000003
CKV,2024-05-05,0.050100000000000006,1.27254
CKV,2024-05-06,3.5008,88.92031999999999
CKV,2024-05-07,1.1003,27.94762
CKV,2024-05-08,8.6408,219.47632
CKV,2024-05-09,11.1003,281.94762000000003
CKV,2024-05-10,0,0
CKV,2024-05-11,0,0
CKV,2024-05-12,0,0
CKV,2024-05-13,0.0106,0.26924
CKV,2024-05-14,2.1503,54.61762
CKV,2024-05-15,0.03,0.7619999999999999
CKV,2024-05-16,0,0
CKV,2024-05-17,0.6803,17.279619999999998
CKV,2024-05-18,0.030100000000000002,0.76454
CKV,2024-05-19,0,0
CKV,2024-05-20,0,0
CKV,2024-05-21,0,0
CKV,2024-05-22,1.6001,40.64254
CKV,2024-05-23,0.5800000000000001,14.732000000000001
CKV,2024-05-24,0,0
CKV,2024-05-25,0.3805,9.6647
CKV,2024-05-26,9.64,244.856
CKV,2024-05-27,4.8401,122.93853999999999
CKV,2024-05-28,0,0
CKV,2024-05-29,0,0
CKV,2024-05-30,0,0
CKV,2024-05-31,0,0
CKV,2024-06-01,1.5108000000000001,38.374320000000004
CKV,2024-06-02,2.34,59.43599999999999
CKV,2024-06-03,0.02,0.508
CKV,2024-06-04,0.22,5.588
CKV,2024-06-05,2.25,57.15
CKV,2024-06-06,0.74,18.796
CKV,2024-06-07,0,0
CKV,2024-06-08,0,0
CKV,2024-06-09,0.2003,5.08762
CKV,2024-06-10,0,0
CKV,2024-06-11,0,0
CKV,2024-06-12,0,0
CKV,2024-06-13,0,0
CKV,2024-06-14,0,0
CKV,2024-06-15,0,0
CKV,2024-06-16,0,0
CKV,2024-06-17,0,0
CKV,2024-06-18,2e-4,0.00508
CKV,2024-06-19,0,0
CKV,2024-06-20,0,0
CKV,2024-06-21,0,0
CKV,2024-06-22,0,0
CKV,2024-06-23,0.0103,0.26161999999999996
CKV,2024-06-24,0,0
CKV,2024-06-25,0,0
CKV,2024-06-26,3.3501,85.09253999999999
CKV,2024-06-27,0.5801999999999999,14.737079999999997
CKV,2024-06-28,0,0
CKV,2024-06-29,0,0
CKV,2024-06-30,0.4401,11.17854
CKV,2024-07-01,0,0
CKV,2024-07-02,0,0
CKV,2024-07-03,0,0
CKV,2024-07-04,1.03,26.162
CKV,2024-07-05,0.8705,22.1107
CKV,2024-07-06,0,0
CKV,2024-07-07,0,0
CKV,2024-07-08,0.31,7.874
CKV,2024-07-09,0.86,21.843999999999998
CKV,2024-07-10,0.0102,0.25908
CKV,2024-07-11,0,0
CKV,2024-07-12,0,0
CKV,2024-07-13,0,0
CKV,2024-07-14,0,0
CKV,2024-07-15,0,0
CKV,2024-07-16,0,0
CKV,2024-07-17,0.1605,4.0767
CKV,2024-07-18,4e-4,0.01016
CKV,2024-07-19,0,0
CKV,2024-07-20,1e-4,0.00254
CKV,2024-07-21,2e-4,0.00508
CKV,2024-07-22,3.6602,92.96907999999999
CKV,2024-07-23,0.0501,1.27254
CKV,2024-07-24,1e-4,0.00254
CKV,2024-07-25,0,0
CKV,2024-07-26,0.11,2.794
CKV,2024-07-27,0,0
CKV,2024-07-28,0.1102,2.79908
CKV,2024-07-29,0.4803,12.19962
CKV,2024-07-30,0,0
CKV,2024-07-31,4.1502,105.41507999999999
CKV,2024-08-01,0,0
CKV,2024-08-02,1.3503,34.29762
CKV,2024-08-03,0,0
CKV,2024-08-04,0,0
CKV,2024-08-05,0,0
CKV,2024-08-06,0,0
CKV,2024-08-07,0,0
CKV,2024-08-08,0,0
CKV,2024-08-09,0,0
CKV,2024-08-10,0,0
CKV,2024-08-11,0,0
CKV,2024-08-12,0,0
CKV,2024-08-13,0,0
CKV,2024-08-14,0,0
CKV,2024-08-15,0,0
CKV,2024-08-16,0.08020000000000001,2.03708
CKV,2024-08-17,0,0
CKV,2024-08-18,0.5103,12.961619999999998
CKV,2024-08-19,0,0
CKV,2024-08-20,0,0
CKV,2024-08-21,0,0
CKV,2024-08-22,0,0
CKV,2024-08-23,0,0
CKV,2024-08-24,0,0
CKV,2024-08-25,0,0
CKV,2024-08-26,0,0
CKV,2024-08-27,0,0
CKV,2024-08-28,0,0
CKV,2024-08-29,0,0
CKV,2024-08-30,0.2203,5.595619999999999
CKV,2024-08-31,0,0
CKV,2024-09-01,0.1602,4.06908
CKV,2024-09-02,0,0
CKV,2024-09-03,0,0
CKV,2024-09-04,1e-4,0.00254
CKV,2024-09-05,0,0
CKV,2024-09-06,0,0
CKV,2024-09-07,0.0601,1.52654
CKV,2024-09-08,0,0
CKV,2024-09-09,0,0
CKV,2024-09-10,0,0
CKV,2024-09-11,0,0
CKV,2024-09-12,0.02,0.508
CKV,2024-09-13,2.4002,60.96507999999999
CKV,2024-09-14,3.0904,78.49615999999999
CKV,2024-09-15,0.12010000000000001,3.0505400000000003
CKV,2024-09-16,0,0
CKV,2024-09-17,0,0
CKV,2024-09-18,0,0
CKV,2024-09-19,0,0
CKV,2024-09-20,0,0
CKV,2024-09-21,0,0
CKV,2024-09-22,0,0
CKV,2024-09-23,0.16010000000000002,4.066540000000001
CKV,2024-09-24,0.0703,1.78562
CKV,2024-09-25,1e-4,0.00254
CKV,2024-09-26,1e-4,0.00254
CKV,2024-09-27,9.3705,238.01069999999999
CKV,2024-09-28,0.8603,21.851619999999997
CKV,2024-09-29,0.1107,2.81178
CKV,2024-09-30,0.0101,0.25654
CKV,2024-10-01,1e-4,0.00254
CKV,2024-10-02,1e-4,0.00254
CKV,2024-10-03,0,0
CKV,2024-10-04,0,0
CKV,2024-10-05,0,0
CKV,2024-10-06,0,0
CKV,2024-10-07,0,0
CKV,2024-10-08,0,0
CKV,2024-10-09,0,0
CKV,2024-10-10,0,0
CKV,2024-10-11,0,0
CKV,2024-10-12,0,0
CKV,2024-10-13,0,0
CKV,2024-10-14,0,0
CKV,2024-10-15,0,0
CKV,2024-10-16,0,0
CKV,2024-10-17,0,0
CKV,2024-10-18,0,0
CKV,2024-10-19,0,0
CKV,2024-10-20,0,0
CKV,2024-10-21,0,0
CKV,2024-10-22,0,0
CKV,2024-10-23,0,0
CKV,2024-10-24,0,0
CKV,2024-10-25,0,0
CKV,2024-10-26,0,0
CKV,2024-10-27,0,0
CKV,2024-10-28,0,0
CKV,2024-10-29,0,0
CKV,2024-10-30,0,0
CKV,2024-10-31,1.1201,28.45054
CKV,2024-11-01,0.1903,4.83362
CKV,2024-11-02,0,0
CKV,2024-11-03,0,0
CKV,2024-11-04,0,0
CKV,2024-11-05,0.0801,2.03454
CKV,2024-11-06,3.9304,99.83216
CKV,2024-11-07,0.5613,14.257019999999999
CKV,2024-11-08,0,0
CKV,2024-11-09,0.0405,1.0287
CKV,2024-11-10,1.0307,26.179779999999997
CKV,2024-11-11,0.0301,0.7645399999999999
CKV,2024-11-12,0,0
CKV,2024-11-13,1.7201,43.69054
CKV,2024-11-14,1.9701000000000002,50.04054
CKV,2024-11-15,0,0
CKV,2024-11-16,0,0
CKV,2024-11-17,0,0
CKV,2024-11-18,0,0
CKV,2024-11-19,1.6506,41.92524
CKV,2024-11-20,0,0
CKV,2024-11-21,0,0
CKV,2024-11-22,0,0
CKV,2024-11-23,0,0
CKV,2024-11-24,0,0
CKV,2024-11-25,0,0
CKV,2024-11-26,0.6900000000000001,17.526
CKV,2024-11-27,0.0202,0.51308
CKV,2024-11-28,0.2802,7.11708
CKV,2024-11-29,0,0
CKV,2024-11-30,0,0
CKV,2024-12-01,0,0
CKV,2024-12-02,9.000000000000001e-4,0.022860000000000002
CKV,2024-12-03,7e-4,0.017779999999999997
CKV,2024-12-04,0,0
CKV,2024-12-05,0,0
CKV,2024-12-06,0,0
CKV,2024-12-07,0,0
CKV,2024-12-08,0.08020000000000001,2.03708
CKV,2024-12-09,2.2901000000000002,58.16854
CKV,2024-12-10,0.0703,1.78562
CKV,2024-12-11,4e-4,0.01016
CKV,2024-12-12,0,0
CKV,2024-12-13,0,0
CKV,2024-12-14,0.0701,1.7805399999999998
CKV,2024-12-15,0.6003,15.247619999999998
CKV,2024-12-16,5.2703,133.86561999999998
CKV,2024-12-17,2.6500999999999997,67.31253999999998
CKV,2024-12-18,4.5203999999999995,114.81815999999998
CKV,2024-12-19,0,0
CKV,2024-12-20,0,0
CKV,2024-12-21,0,0
CKV,2024-12-22,0,0
CKV,2024-12-23,0,0
CKV,2024-12-24,1e-4,0.00254
CKV,2024-12-25,0,0
CKV,2024-12-26,0.0404,1.02616
CKV,2024-12-27,0.7205,18.3007
CKV,2024-12-28,0.8301,21.084539999999997
CKV,2024-12-29,1.2505,31.762699999999995
CKV,2024-12-30,1e-4,0.00254
MRB,2010-09-30,6.5602,166.62908
MRB,2010-10-01,0.9003,22.86762
MRB,2010-10-02,0,0
MRB,2010-10-03,0,0
MRB,2010-10-04,0.4101,10.41654
MRB,2010-10-05,0,0
MRB,2010-10-06,4e-4,0.01016
MRB,2010-10-07,2e-4,0.00508
MRB,2010-10-08,0,0
MRB,2010-10-09,0,0
MRB,2010-10-10,0,0
MRB,2010-10-11,0,0
MRB,2010-10-12,0,0
MRB,2010-10-13,0,0
MRB,2010-10-14,2.3302,59.187079999999995
MRB,2010-10-15,1e-4,0.00254
MRB,2010-10-16,0,0
MRB,2010-10-17,0,0
MRB,2010-10-18,1e-4,0.00254
MRB,2010-10-19,0.1902,4.83108
MRB,2010-10-20,0,0
MRB,2010-10-21,0.01,0.254
MRB,2010-10-22,0,0
MRB,2010-10-23,0,0
MRB,2010-10-24,0,0
MRB,2010-10-25,3.0000000000000003e-4,0.00762
MRB,2010-10-26,0,0
MRB,2010-10-27,1.3507,34.30778
MRB,2010-10-28,0.01,0.254
MRB,2010-10-29,0,0
MRB,2010-10-30,0,0
MRB,2010-10-31,0,0
MRB,2010-11-01,0,0
MRB,2010-11-02,0,0
MRB,2010-11-03,0,0
MRB,2010-11-04,2.0906000000000002,53.101240000000004
MRB,2010-11-05,0.0104,0.26415999999999995
MRB,2010-11-06,0,0
MRB,2010-11-07,0,0
MRB,2010-11-08,0,0
MRB,2010-11-09,0,0
MRB,2010-11-10,0,0
MRB,2010-11-11,0,0
MRB,2010-11-12,0,0
MRB,2010-11-13,0,0
MRB,2010-11-14,0,0
MRB,2010-11-15,0,0
MRB,2010-11-16,1.3212,33.558479999999996
MRB,2010-11-17,1.1104,28.204159999999998
MRB,2010-11-18,0,0
MRB,2010-11-19,0,0
MRB,2010-11-20,0,0
MRB,2010-11-21,0,0
MRB,2010-11-22,0,0
MRB,2010-11-23,0.0105,0.2667
MRB,2010-11-24,4e-4,0.01016
MRB,2010-11-25,0.1601,4.06654
MRB,2010-11-26,0.011000000000000001,0.27940000000000004
MRB,2010-11-27,0.0011,0.02794
MRB,2010-11-28,3.0000000000000003e-4,0.00762
MRB,2010-11-29,0,0
MRB,2010-11-30,0.5006,12.71524
MRB,2010-12-01,4.4809,113.81486
MRB,2010-12-02,1e-4,0.00254
MRB,2010-12-03,0,0
MRB,2010-12-04,0,0
MRB,2010-12-05,9.000000000000001e-4,0.022860000000000002
MRB,2010-12-06,4e-4,0.01016
MRB,2010-12-07,0,0
MRB,2010-12-08,6.000000000000001e-4,0.01524
MRB,2010-12-09,0,0
MRB,2010-12-10,7e-4,0.017779999999999997
MRB,2010-12-11,0,0
MRB,2010-12-12,0.4612,11.71448
MRB,2010-12-13,0.020300000000000002,0.5156200000000001
MRB,2010-12-14,3.0000000000000003e-4,0.00762
MRB,2010-12-15,0,0
MRB,2010-12-16,0.3414,8.67156
MRB,2010-12-17,0,0
MRB,2010-12-18,0,0
MRB,2010-12-19,0,0
MRB,2010-12-20,0,0
MRB,2010-12-21,0,0
MRB,2010-12-22,0,0
MRB,2010-12-23,0,0
MRB,2010-12-24,0,0
MRB,2010-12-25,0.0011,0.02794
MRB,2010-12-26,1e-4,0.00254
MRB,2010-12-27,0,0
MRB,2010-12-28,0,0
MRB,2010-12-29,0,0
MRB,2010-12-30,2e-4,0.00508
MRB,2010-12-31,0,0
MRB,2011-01-01,1e-4,0.00254
MRB,2011-01-02,0.0302,0.76708
MRB,2011-01-03,0,0
MRB,2011-01-04,0,0
MRB,2011-01-05,0,0
MRB,2011-01-06,0,0
MRB,2011-01-07,0,0
MRB,2011-01-08,0.0508,1.29032
MRB,2011-01-09,0,0
MRB,2011-01-10,0,0
MRB,2011-01-11,0.1604,4.074159999999999
MRB,2011-01-12,0.07050000000000001,1.7907000000000002
MRB,2011-01-13,0,0
MRB,2011-01-14,2e-4,0.00508
MRB,2011-01-15,0,0
MRB,2011-01-16,0,0
MRB,2011-01-17,0,0
MRB,2011-01-18,0.3315,8.4201
MRB,2011-01-19,0.0803,2.0396199999999998
MRB,2011-01-20,0,0
MRB,2011-01-21,4e-4,0.01016
MRB,2011-01-22,0,0
MRB,2011-01-23,0,0
MRB,2011-01-24,0,0
MRB,2011-01-25,0,0
MRB,2011-01-26,0.8908,22.62632
MRB,2011-01-27,0.3505,8.9027
MRB,2011-01-28,0.12140000000000001,3.08356
MRB,2011-01-29,0,0
MRB,2011-01-30,0,0
MRB,2011-01-31,0.0101,0.25654
MRB,2011-02-01,4e-4,0.01016
MRB,2011-02-02,1.6703000000000001,42.42562
MRB,2011-02-03,0,0
MRB,2011-02-04,0,0
MRB,2011-02-05,0.45089999999999997,11.45286
MRB,2011-02-06,1e-4,0.00254
MRB,2011-02-07,0,0
MRB,2011-02-08,1e-4,0.00254
MRB,2011-02-09,0,0
MRB,2011-02-10,0,0
MRB,2011-02-11,0,0
MRB,2011-02-12,0,0
MRB,2011-02-13,0,0
MRB,2011-02-14,0,0
MRB,2011-02-15,3.0000000000000003e-4,0.00762
MRB,2011-02-16,0,0
MRB,2011-02-17,1e-4,0.00254
MRB,2011-02-18,0,0
MRB,2011-02-19,0,0
MRB,2011-02-20,0,0
MRB,2011-02-21,0.021,0.5334
MRB,2011-02-22,1.1211,28.475939999999998
MRB,2011-02-23,0,0
MRB,2011-02-24,0.0105,0.2667
MRB,2011-02-25,0.37120000000000003,9.42848
MRB,2011-02-26,0,0
MRB,2011-02-27,0,0
MRB,2011-02-28,0.6109,15.51686
MRB,2011-03-01,0.0102,0.25908
MRB,2011-03-02,0,0
MRB,2011-03-03,0,0
MRB,2011-03-04,0,0
MRB,2011-03-05,0,0
MRB,2011-03-06,1.4806000000000001,37.607240000000004
MRB,2011-03-07,0.7505000000000001,19.0627
MRB,2011-03-08,0,0
MRB,2011-03-09,0.1103,2.8016199999999998
MRB,2011-03-10,1.8103,45.98162
MRB,2011-03-11,0.3203,8.13562
MRB,2011-03-12,0,0
MRB,2011-03-13,0,0
MRB,2011-03-14,0,0
MRB,2011-03-15,0.0103,0.26161999999999996
MRB,2011-03-16,0.22010000000000002,5.59054
MRB,2011-03-17,0,0
MRB,2011-03-18,0.01,0.254
MRB,2011-03-19,2e-4,0.00508
MRB,2011-03-20,0,0
MRB,2011-03-21,0.1603,4.071619999999999
MRB,2011-03-22,0,0
MRB,2011-03-23,1.2104000000000001,30.74416
MRB,2011-03-24,0.4006,10.17524
MRB,2011-03-25,0,0
MRB,2011-03-26,0,0
MRB,2011-03-27,4e-4,0.01016
MRB,2011-03-28,0,0
MRB,2011-03-29,0,0
MRB,2011-03-30,0.1104,2.80416
MRB,2011-03-31,0.2005,5.0927
MRB,2011-04-01,0.27090000000000003,6.88086
MRB,2011-04-02,0.0106,0.26924
MRB,2011-04-03,2e-4,0.00508
MRB,2011-04-04,3.0000000000000003e-4,0.00762
MRB,2011-04-05,0.39080000000000004,9.92632
MRB,2011-04-06,0,0
MRB,2011-04-07,0,0
MRB,2011-04-08,0.8609,21.86686
MRB,2011-04-09,0.0603,1.53162
MRB,2011-04-10,0,0
MRB,2011-04-11,0,0
MRB,2011-04-12,1.9201,48.77054
MRB,2011-04-13,1.2112,30.76448
MRB,2011-04-14,0,0
MRB,2011-04-15,0,0
MRB,2011-04-16,7.6402,194.06108
MRB,2011-04-17,1e-4,0.00254
MRB,2011-04-18,2e-4,0.00508
MRB,2011-04-19,1.99,50.546
MRB,2011-04-20,0,0
MRB,2011-04-21,0,0
MRB,2011-04-22,0.5104,12.964159999999998
MRB,2011-04-23,0.2504,6.36016
MRB,2011-04-24,1.7903,45.47362
MRB,2011-04-25,0.0202,0.51308
MRB,2011-04-26,2e-4,0.00508
MRB,2011-04-27,0,0
MRB,2011-04-28,7.0602,179.32908
MRB,2011-04-29,0,0
MRB,2011-04-30,0,0
MRB,2011-05-01,0.1904,4.8361600000000005
MRB,2011-05-02,0.020300000000000002,0.5156200000000001
MRB,2011-05-03,0,0
MRB,2011-05-04,0.6906,17.54124
MRB,2011-05-05,0,0
MRB,2011-05-06,2e-4,0.00508
MRB,2011-05-07,1e-4,0.00254
MRB,2011-05-08,0,0
MRB,2011-05-09,0,0
MRB,2011-05-10,0,0
MRB,2011-05-11,0,0
MRB,2011-05-12,0,0
MRB,2011-05-13,0.1408,3.57632
MRB,2011-05-14,0.0105,0.2667
MRB,2011-05-15,0.9907,25.16378
MRB,2011-05-16,0.03,0.7619999999999999
MRB,2011-05-17,6.4011000000000005,162.58794
MRB,2011-05-18,1.2907,32.78378
MRB,2011-05-19,0.11030000000000001,2.8016200000000002
MRB,2011-05-20,0.0102,0.25908
MRB,2011-05-21,0,0
MRB,2011-05-22,0.03,0.7619999999999999
MRB,2011-05-23,0.17020000000000002,4.32308
MRB,2011-05-24,0,0
MRB,2011-05-25,0,0
MRB,2011-05-26,0.81,20.574
MRB,2011-05-27,0.03,0.7619999999999999
MRB,2011-05-28,4e-4,0.01016
MRB,2011-05-29,0,0
MRB,2011-05-30,0,0
MRB,2011-05-31,0,0
MRB,2011-06-01,0,0
MRB,2011-06-02,0,0
MRB,2011-06-03,0,0
MRB,2011-06-04,2e-4,0.00508
MRB,2011-06-05,6.000000000000001e-4,0.01524
MRB,2011-06-06,0,0
MRB,2011-06-07,0,0
MRB,2011-06-08,0,0
MRB,2011-06-09,0,0
MRB,2011-06-10,1e-4,0.00254
MRB,2011-06-11,0.2304,5.85216
MRB,2011-06-12,3.1201,79.25053999999999
MRB,2011-06-13,0,0
MRB,2011-06-14,0,0
MRB,2011-06-15,0,0
MRB,2011-06-16,0.1804,4.58216
MRB,2011-06-17,1.1005,27.9527
MRB,2011-06-18,0.4201,10.670539999999999
MRB,2011-06-19,0.0404,1.02616
MRB,2011-06-20,0.2813,7.14502
MRB,2011-06-21,0.5902999999999999,14.993619999999998
MRB,2011-06-22,0.0102,0.25908
MRB,2011-06-23,4e-4,0.01016
MRB,2011-06-24,0.62,15.748
MRB,2011-06-25,0,0
MRB,2011-06-26,0,0
MRB,2011-06-27,0.0103,0.26161999999999996
MRB,2011-06-28,0.0201,0.51054
MRB,2011-06-29,0,0
MRB,2011-06-30,0,0
MRB,2011-07-01,0,0
MRB,2011-07-02,0,0
MRB,2011-07-03,0.2502,6.355079999999999
MRB,2011-07-04,0.06,1.5239999999999998
MRB,2011-07-05,0.3003,7.62762
MRB,2011-07-06,0,0
MRB,2011-07-07,0,0
MRB,2011-07-08,3.1708,80.53831999999998
MRB,2011-07-09,0.03,0.7619999999999999
MRB,2011-07-10,0,0
MRB,2011-07-11,0.24,6.095999999999999
MRB,2011-07-12,0,0
MRB,2011-07-13,0.13,3.302
MRB,2011-07-14,0,0
MRB,2011-07-15,0,0
MRB,2011-07-16,0,0
MRB,2011-07-17,0,0
MRB,2011-07-18,0,0
MRB,2011-07-19,3.0000000000000003e-4,0.00762
MRB,2011-07-20,0,0
MRB,2011-07-21,0,0
MRB,2011-07-22,0.0703,1.78562
MRB,2011-07-23,0,0
MRB,2011-07-24,0,0
MRB,2011-07-25,2e-4,0.00508
MRB,2011-07-26,0,0
MRB,2011-07-27,0,0
MRB,2011-07-28,0,0
MRB,2011-07-29,0,0
MRB,2011-07-30,1e-4,0.00254
MRB,2011-07-31,0,0
MRB,2011-08-01,0.71,18.034
MRB,2011-08-02,0,0
MRB,2011-08-03,0.6408,16.27632
MRB,2011-08-04,0.0103,0.26161999999999996
MRB,2011-08-05,0,0
MRB,2011-08-06,0.9707,24.65578
MRB,2011-08-07,0.0606,1.53924
MRB,2011-08-08,0,0
MRB,2011-08-09,0.2602,6.60908
MRB,2011-08-10,0,0
MRB,2011-08-11,0,0
MRB,2011-08-12,0,0
MRB,2011-08-13,0.5701999999999999,14.483079999999998
MRB,2011-08-14,5.6704,144.02815999999999
MRB,2011-08-15,2.9503000000000004,74.93762000000001
MRB,2011-08-16,0,0
MRB,2011-08-17,0,0
MRB,2011-08-18,0,0
MRB,2011-08-19,0.9500000000000001,24.13
MRB,2011-08-20,0.04,1.016
MRB,2011-08-21,2e-4,0.00508
MRB,2011-08-22,0,0
MRB,2011-08-23,0,0
MRB,2011-08-24,0,0
MRB,2011-08-25,0.45,11.43
MRB,2011-08-26,0,0
MRB,2011-08-27,0.5703,14.485619999999999
MRB,2011-08-28,0.6909,17.548859999999998
MRB,2011-08-29,0,0
MRB,2011-08-30,0,0
MRB,2011-08-31,0,0
MRB,2011-09-01,0.7000000000000001,17.78
MRB,2011-09-02,0.29,7.365999999999999
MRB,2011-09-03,0,0
MRB,2011-09-04,0,0
MRB,2011-09-05,1.6009,40.662859999999995
MRB,2011-09-06,3.0606,77.73924
MRB,2011-09-07,0.7403,18.80362
MRB,2011-09-08,0.4411,11.20394
MRB,2011-09-09,1.0503,26.677619999999997
MRB,2011-09-10,0,0
MRB,2011-09-11,0.02,0.508
MRB,2011-09-12,0.0901,2.28854
MRB,2011-09-13,0,0
MRB,2011-09-14,6.45,163.82999999999998
MRB,2011-09-15,0.2507,6.367779999999999
MRB,2011-09-16,0,0
MRB,2011-09-17,0.0401,1.0185399999999998
MRB,2011-09-18,0.01,0.254
MRB,2011-09-19,0,0
MRB,2011-09-20,0.1602,4.06908
MRB,2011-09-21,0.02,0.508
MRB,2011-09-22,0.04,1.016
MRB,2011-09-23,0.2312,5.8724799999999995
MRB,2011-09-24,0.01,0.254
MRB,2011-09-25,7e-4,0.017779999999999997
MRB,2011-09-26,0,0
MRB,2011-09-27,2.2003,55.88762
MRB,2011-09-28,0.4203,10.67562
MRB,2011-09-29,0.0402,1.02108
MRB,2011-09-30,0,0
MRB,2011-10-01,0.5802,14.73708
MRB,2011-10-02,0.2712,6.8884799999999995
MRB,2011-10-03,0.2006,5.0952399999999995
MRB,2011-10-04,0.3401,8.638539999999999
MRB,2011-10-05,0,0
MRB,2011-10-06,0,0
MRB,2011-10-07,0.01,0.254
MRB,2011-10-08,0,0
MRB,2011-10-09,0.02,0.508
MRB,2011-10-10,0,0
MRB,2011-10-11,0.02,0.508
MRB,2011-10-12,1.1509,29.23286
MRB,2011-10-13,0.4305,10.9347
MRB,2011-10-14,1.4706,37.35323999999999
MRB,2011-10-15,0,0
MRB,2011-10-16,0,0
MRB,2011-10-17,2e-4,0.00508
MRB,2011-10-18,0,0
MRB,2011-10-19,0.1601,4.06654
MRB,2011-10-20,0.2701,6.860539999999999
MRB,2011-10-21,0,0
MRB,2011-10-22,0,0
MRB,2011-10-23,0,0
MRB,2011-10-24,0.0202,0.51308
MRB,2011-10-25,0,0
MRB,2011-10-26,2e-4,0.00508
MRB,2011-10-27,0.0307,0.77978
MRB,2011-10-28,0.01,0.254
MRB,2011-10-29,2.2402,56.90108
MRB,2011-10-30,0.01,0.254
MRB,2011-10-31,0,0
MRB,2011-11-01,0,0
MRB,2011-11-02,0,0
MRB,2011-11-03,0,0
MRB,2011-11-04,0,0
MRB,2011-11-05,0,0
MRB,2011-11-06,0,0
MRB,2011-11-07,0,0
MRB,2011-11-08,0,0
MRB,2011-11-09,0,0
MRB,2011-11-10,0.060200000000000004,1.52908
MRB,2011-11-11,1e-4,0.00254
MRB,2011-11-12,0,0
MRB,2011-11-13,0,0
MRB,2011-11-14,0,0
MRB,2011-11-15,0.01,0.254
MRB,2011-11-16,1.2111,30.76194
MRB,2011-11-17,0.0201,0.51054
MRB,2011-11-18,0,0
MRB,2011-11-19,0,0
MRB,2011-11-20,1e-4,0.00254
MRB,2011-11-21,0.7403,18.80362
MRB,2011-11-22,2.4702,62.74308
MRB,2011-11-23,1.3305,33.7947
MRB,2011-11-24,0,0
MRB,2011-11-25,0,0
MRB,2011-11-26,0,0
MRB,2011-11-27,0,0
MRB,2011-11-28,0,0
MRB,2011-11-29,1.3302,33.787079999999996
MRB,2011-11-30,0,0
MRB,2011-12-01,0,0
MRB,2011-12-02,0,0
MRB,2011-12-03,0,0
MRB,2011-12-04,0,0
MRB,2011-12-05,0,0
MRB,2011-12-06,0.1916,4.866639999999999
MRB,2011-12-07,2.1103,53.60162
MRB,2011-12-08,0.3501,8.89254
MRB,2011-12-09,0,0
MRB,2011-12-10,0,0
MRB,2011-12-11,0,0
MRB,2011-12-12,0,0
MRB,2011-12-13,0,0
MRB,2011-12-14,0,0
MRB,2011-12-15,1e-4,0.00254
MRB,2011-12-16,0,0
MRB,2011-12-17,2e-4,0.00508
MRB,2011-12-18,1e-4,0.00254
MRB,2011-12-19,0,0
MRB,2011-12-20,1e-4,0.00254
MRB,2011-12-21,0.1108,2.81432
MRB,2011-12-22,0,0
MRB,2011-12-23,2.1405,54.36869999999999
MRB,2011-12-24,3.0000000000000003e-4,0.00762
MRB,2011-12-25,0,0
MRB,2011-12-26,0,0
MRB,2011-12-27,1.0002,25.405079999999998
MRB,2011-12-28,0,0
MRB,2011-12-29,0,0
MRB,2011-12-30,1e-4,0.00254
MRB,2011-12-31,2e-4,0.00508
MRB,2012-01-01,0.0104,0.26415999999999995
MRB,2012-01-02,2e-4,0.00508
MRB,2012-01-03,6.000000000000001e-4,0.01524
MRB,2012-01-04,0,0
MRB,2012-01-05,0,0
MRB,2012-01-06,0,0
MRB,2012-01-07,0,0
MRB,2012-01-08,0,0
MRB,2012-01-09,0,0
MRB,2012-01-10,0,0
MRB,2012-01-11,0.5004,12.710159999999998
MRB,2012-01-12,1.7803,45.21962
MRB,2012-01-13,0.1803,4.579619999999999
MRB,2012-01-14,0,0
MRB,2012-01-15,0,0
MRB,2012-01-16,0,0
MRB,2012-01-17,0.16040000000000001,4.07416
MRB,2012-01-18,4e-4,0.01016
MRB,2012-01-19,0,0
MRB,2012-01-20,4e-4,0.01016
MRB,2012-01-21,0.7515000000000001,19.0881
MRB,2012-01-22,5e-4,0.0127
MRB,2012-01-23,0.0609,1.54686
MRB,2012-01-24,0,0
MRB,2012-01-25,0,0
MRB,2012-01-26,0.3006,7.635239999999999
MRB,2012-01-27,1.0803,27.439619999999998
MRB,2012-01-28,0,0
MRB,2012-01-29,0,0
MRB,2012-01-30,0.12,3.0479999999999996
MRB,2012-01-31,0,0
MRB,2012-02-01,0,0
MRB,2012-02-02,1e-4,0.00254
MRB,2012-02-03,0,0
MRB,2012-02-04,0.4701,11.94054
MRB,2012-02-05,0.2021,5.13334
MRB,2012-02-06,0,0
MRB,2012-02-07,0,0
MRB,2012-02-08,0.3108,7.8943200000000004
MRB,2012-02-09,0,0
MRB,2012-02-10,0.060200000000000004,1.52908
MRB,2012-02-11,0.3615,9.182099999999998
MRB,2012-02-12,4e-4,0.01016
MRB,2012-02-13,0,0
MRB,2012-02-14,0,0
MRB,2012-02-15,0,0
MRB,2012-02-16,0.2504,6.36016
MRB,2012-02-17,0.0104,0.26415999999999995
MRB,2012-02-18,0,0
MRB,2012-02-19,0,0
MRB,2012-02-20,0,0
MRB,2012-02-21,0,0
MRB,2012-02-22,0,0
MRB,2012-02-23,0,0
MRB,2012-02-24,0.7905,20.078699999999998
MRB,2012-02-25,1e-4,0.00254
MRB,2012-02-26,0,0
MRB,2012-02-27,0,0
MRB,2012-02-28,0,0
MRB,2012-02-29,3.3602,85.34907999999999
MRB,2012-03-01,0.2901,7.36854
MRB,2012-03-02,0.13,3.302
MRB,2012-03-03,0.7101000000000001,18.036540000000002
MRB,2012-03-04,0,0
MRB,2012-03-05,0.001,0.0254
MRB,2012-03-06,0,0
MRB,2012-03-07,0,0
MRB,2012-03-08,0,0
MRB,2012-03-09,0.06,1.5239999999999998
MRB,2012-03-10,0,0
MRB,2012-03-11,0,0
MRB,2012-03-12,0,0
MRB,2012-03-13,2e-4,0.00508
MRB,2012-03-14,0,0
MRB,2012-03-15,0.06,1.5239999999999998
MRB,2012-03-16,0.17,4.3180000000000005
MRB,2012-03-17,0,0
MRB,2012-03-18,0,0
MRB,2012-03-19,0.16040000000000001,4.07416
MRB,2012-03-20,0.02,0.508
MRB,2012-03-21,0.04,1.016
MRB,2012-03-22,0,0
MRB,2012-03-23,0,0
MRB,2012-03-24,1.3503,34.29762
MRB,2012-03-25,0.1502,3.8150799999999996
MRB,2012-03-26,0,0
MRB,2012-03-27,0,0
MRB,2012-03-28,3.0000000000000003e-4,0.00762
MRB,2012-03-29,0,0
MRB,2012-03-30,3.0000000000000003e-4,0.00762
MRB,2012-03-31,0.0302,0.76708
MRB,2012-04-01,1e-4,0.00254
MRB,2012-04-02,0.1803,4.579619999999999
MRB,2012-04-03,0,0
MRB,2012-04-04,0,0
MRB,2012-04-05,0,0
MRB,2012-04-06,0,0
MRB,2012-04-07,0,0
MRB,2012-04-08,0,0
MRB,2012-04-09,0,0
MRB,2012-04-10,1e-4,0.00254
MRB,2012-04-11,5e-4,0.0127
MRB,2012-04-12,0,0
MRB,2012-04-13,0,0
MRB,2012-04-14,0,0
MRB,2012-04-15,0.0304,0.77216
MRB,2012-04-16,0,0
MRB,2012-04-17,0,0
MRB,2012-04-18,0.3406,8.65124
MRB,2012-04-19,0.0507,1.28778
MRB,2012-04-20,0,0
MRB,2012-04-21,1.2,30.479999999999997
MRB,2012-04-22,0.9404,23.88616
MRB,2012-04-23,0.591,15.011399999999998
MRB,2012-04-24,0,0
MRB,2012-04-25,0,0
MRB,2012-04-26,0.0303,0.76962
MRB,2012-04-27,0,0
MRB,2012-04-28,0.0202,0.51308
MRB,2012-04-29,0.0602,1.5290799999999998
MRB,2012-04-30,0,0
MRB,2012-05-01,0.15,3.8099999999999996
MRB,2012-05-02,0.0207,0.5257799999999999
MRB,2012-05-03,1.99,50.546
MRB,2012-05-04,0.0101,0.25654
MRB,2012-05-05,0,0
MRB,2012-05-06,0,0
MRB,2012-05-07,1e-4,0.00254
MRB,2012-05-08,0.4208,10.68832
MRB,2012-05-09,0.0803,2.0396199999999998
MRB,2012-05-10,3.0000000000000003e-4,0.00762
MRB,2012-05-11,0,0
MRB,2012-05-12,0,0
MRB,2012-05-13,1e-4,0.00254
MRB,2012-05-14,1.4806,37.60724
MRB,2012-05-15,0.5007,12.71778
MRB,2012-05-16,0,0
MRB,2012-05-17,0,0
MRB,2012-05-18,0,0
MRB,2012-05-19,0,0
MRB,2012-05-20,0,0
MRB,2012-05-21,0.8918,22.65172
MRB,2012-05-22,1.1407,28.973779999999998
MRB,2012-05-23,1.8201,46.23054
MRB,2012-05-24,0.0704,1.78816
MRB,2012-05-25,1e-4,0.00254
MRB,2012-05-26,0,0
MRB,2012-05-27,0,0
MRB,2012-05-28,0.5303,13.469619999999999
MRB,2012-05-29,3,76.19999999999999
MRB,2012-05-30,0.0602,1.5290799999999998
MRB,2012-05-31,0,0
MRB,2012-06-01,2.6004,66.05015999999999
MRB,2012-06-02,0.09010000000000001,2.2885400000000002
MRB,2012-06-03,0,0
MRB,2012-06-04,0.0502,1.27508
MRB,2012-06-05,0,0
MRB,2012-06-06,1e-4,0.00254
MRB,2012-06-07,6.000000000000001e-4,0.01524
MRB,2012-06-08,0,0
MRB,2012-06-09,0,0
MRB,2012-06-10,0,0
MRB,2012-06-11,0,0
MRB,2012-06-12,2.2804,57.922160000000005
MRB,2012-06-13,0.4202,10.67308
MRB,2012-06-14,0,0
MRB,2012-06-15,0,0
MRB,2012-06-16,0,0
MRB,2012-06-17,0,0
MRB,2012-06-18,0.1104,2.80416
MRB,2012-06-19,1e-4,0.00254
MRB,2012-06-20,0,0
MRB,2012-06-21,1e-4,0.00254
MRB,2012-06-22,0.0306,0.7772399999999999
MRB,2012-06-23,0,0
MRB,2012-06-24,0,0
MRB,2012-06-25,0.01,0.254
MRB,2012-06-26,0,0
MRB,2012-06-27,0,0
MRB,2012-06-28,0,0
MRB,2012-06-29,0,0
MRB,2012-06-30,0,0
MRB,2012-07-01,0,0
MRB,2012-07-02,0.8401,21.33854
MRB,2012-07-03,0.28,7.112
MRB,2012-07-04,0.0102,0.25908
MRB,2012-07-05,0,0
MRB,2012-07-06,0,0
MRB,2012-07-07,0,0
MRB,2012-07-08,0.1701,4.320539999999999
MRB,2012-07-09,1.5402,39.12108
MRB,2012-07-10,0,0
MRB,2012-07-11,0,0
MRB,2012-07-12,0,0
MRB,2012-07-13,4e-4,0.01016
MRB,2012-07-14,0.1404,3.5661599999999996
MRB,2012-07-15,3.0000000000000003e-4,0.00762
MRB,2012-07-16,2e-4,0.00508
MRB,2012-07-17,0,0
MRB,2012-07-18,0.1004,2.55016
MRB,2012-07-19,0.3601,9.146539999999998
MRB,2012-07-20,2.4706,62.75324
MRB,2012-07-21,1.3806,35.06724
MRB,2012-07-22,0,0
MRB,2012-07-23,0,0
MRB,2012-07-24,0.0104,0.26415999999999995
MRB,2012-07-25,0,0
MRB,2012-07-26,0.2302,5.847079999999999
MRB,2012-07-27,0.9208000000000001,23.38832
MRB,2012-07-28,0,0
MRB,2012-07-29,0,0
MRB,2012-07-30,0,0
MRB,2012-07-31,1e-4,0.00254
MRB,2012-08-01,1.2604,32.01416
MRB,2012-08-02,0.01,0.254
MRB,2012-08-03,0,0
MRB,2012-08-04,0,0
MRB,2012-08-05,1.5701,39.880539999999996
MRB,2012-08-06,0.2001,5.08254
MRB,2012-08-07,0,0
MRB,2012-08-08,0,0
MRB,2012-08-09,0.4,10.16
MRB,2012-08-10,0.7502,19.055079999999997
MRB,2012-08-11,0,0
MRB,2012-08-12,0,0
MRB,2012-08-13,0,0
MRB,2012-08-14,0.5708,14.498319999999998
MRB,2012-08-15,0.0102,0.25908
MRB,2012-08-16,0.01,0.254
MRB,2012-08-17,1.1500000000000001,29.21
MRB,2012-08-18,3.0000000000000003e-4,0.00762
MRB,2012-08-19,0.341,8.6614
MRB,2012-08-20,0.5102,12.959079999999998
MRB,2012-08-21,0.01,0.254
MRB,2012-08-22,0.01,0.254
MRB,2012-08-23,0,0
MRB,2012-08-24,0,0
MRB,2012-08-25,2e-4,0.00508
MRB,2012-08-26,0.1608,4.08432
MRB,2012-08-27,0.0703,1.78562
MRB,2012-08-28,0.020300000000000002,0.5156200000000001
MRB,2012-08-29,0,0
MRB,2012-08-30,0,0
MRB,2012-08-31,0,0
MRB,2012-09-01,0.3305,8.3947
MRB,2012-09-02,0.1106,2.80924
MRB,2012-09-03,0.6304000000000001,16.01216
MRB,2012-09-04,3.0000000000000003e-4,0.00762
MRB,2012-09-05,0.0101,0.25654
MRB,2012-09-06,1e-4,0.00254
MRB,2012-09-07,0,0
MRB,2012-09-08,3.9001,99.06254
MRB,2012-09-09,0.01,0.254
MRB,2012-09-10,0,0
MRB,2012-09-11,0,0
MRB,2012-09-12,0,0
MRB,2012-09-13,0.01,0.254
MRB,2012-09-14,0,0
MRB,2012-09-15,0,0
MRB,2012-09-16,0,0
MRB,2012-09-17,0,0
MRB,2012-09-18,5.2906,134.38124
MRB,2012-09-19,0.0202,0.51308
MRB,2012-09-20,0.01,0.254
MRB,2012-09-21,0,0
MRB,2012-09-22,0,0
MRB,2012-09-23,0,0
MRB,2012-09-24,0,0
MRB,2012-09-25,0,0
MRB,2012-09-26,0.0202,0.51308
MRB,2012-09-27,0.2603,6.611619999999999
MRB,2012-09-28,0.44020000000000004,11.18108
MRB,2012-09-29,0.01,0.254
MRB,2012-09-30,0.1202,3.05308
MRB,2012-10-01,0.02,0.508
MRB,2012-10-02,1.0006,25.415239999999997
MRB,2012-10-03,0.03,0.7619999999999999
MRB,2012-10-04,0.0603,1.53162
MRB,2012-10-05,0,0
MRB,2012-10-06,0,0
MRB,2012-10-07,0.020900000000000002,0.53086
MRB,2012-10-08,0.1702,4.323079999999999
MRB,2012-10-09,1e-4,0.00254
MRB,2012-10-10,0,0
MRB,2012-10-11,0,0
MRB,2012-10-12,0,0
MRB,2012-10-13,0,0
MRB,2012-10-14,0,0
MRB,2012-10-15,0.3502,8.89508
MRB,2012-10-16,0,0
MRB,2012-10-17,0,0
MRB,2012-10-18,0.08,2.032
MRB,2012-10-19,2.3303,59.18961999999999
MRB,2012-10-20,0,0
MRB,2012-10-21,0,0
MRB,2012-10-22,0,0
MRB,2012-10-23,2e-4,0.00508
MRB,2012-10-24,0,0
MRB,2012-10-25,0,0
MRB,2012-10-26,0,0
MRB,2012-10-27,2e-4,0.00508
MRB,2012-10-28,0.0311,0.78994
MRB,2012-10-29,4.6,116.83999999999999
MRB,2012-10-30,1.6604,42.17416
MRB,2012-10-31,0.0513,1.3030199999999998
MRB,2012-11-01,3.0000000000000003e-4,0.00762
MRB,2012-11-02,0,0
MRB,2012-11-03,0,0
MRB,2012-11-04,0,0
MRB,2012-11-05,0,0
MRB,2012-11-06,0,0
MRB,2012-11-07,0,0
MRB,2012-11-08,0,0
MRB,2012-11-09,0,0
MRB,2012-11-10,0,0
MRB,2012-11-11,0,0
MRB,2012-11-12,0,0
MRB,2012-11-13,0.5501,13.97254
MRB,2012-11-14,0,0
MRB,2012-11-15,0,0
MRB,2012-11-16,0,0
MRB,2012-11-17,0,0
MRB,2012-11-18,0,0
MRB,2012-11-19,0,0
MRB,2012-11-20,0,0
MRB,2012-11-21,0,0
MRB,2012-11-22,0,0
MRB,2012-11-23,0,0
MRB,2012-11-24,0,0
MRB,2012-11-25,0,0
MRB,2012-11-26,0,0
MRB,2012-11-27,0.321,8.1534
MRB,2012-11-28,0,0
MRB,2012-11-29,0,0
MRB,2012-11-30,0,0
MRB,2012-12-01,0,0
MRB,2012-12-02,4e-4,0.01016
MRB,2012-12-03,1e-4,0.00254
MRB,2012-12-04,0,0
MRB,2012-12-05,0,0
MRB,2012-12-06,0,0
MRB,2012-12-07,0.1307,3.31978
MRB,2012-12-08,0,0
MRB,2012-12-09,0.7208,18.30832
MRB,2012-12-10,0.2116,5.37464
MRB,2012-12-11,0.0304,0.77216
MRB,2012-12-12,0,0
MRB,2012-12-13,0,0
MRB,2012-12-14,0,0
MRB,2012-12-15,0,0
MRB,2012-12-16,2e-4,0.00508
MRB,2012-12-17,0,0
MRB,2012-12-18,0.2407,6.113779999999999
MRB,2012-12-19,1e-4,0.00254
MRB,2012-12-20,0.1401,3.55854
MRB,2012-12-21,0.6202,15.753079999999999
MRB,2012-12-22,0,0
MRB,2012-12-23,0,0
MRB,2012-12-24,0.6906,17.54124
MRB,2012-12-25,1e-4,0.00254
MRB,2012-12-26,2.1108000000000002,53.614320000000006
MRB,2012-12-27,0.37020000000000003,9.403080000000001
MRB,2012-12-28,0,0
MRB,2012-12-29,0.3411,8.66394
MRB,2012-12-30,0,0
MRB,2012-12-31,0,0
MRB,2013-01-01,0,0
MRB,2013-01-02,0,0
MRB,2013-01-03,0,0
MRB,2013-01-04,0,0
MRB,2013-01-05,0,0
MRB,2013-01-06,0,0
MRB,2013-01-07,0,0
MRB,2013-01-08,0,0
MRB,2013-01-09,0,0
MRB,2013-01-10,0,0
MRB,2013-01-11,0.1302,3.30708
MRB,2013-01-12,1e-4,0.00254
MRB,2013-01-13,0,0
MRB,2013-01-14,0.0502,1.27508
MRB,2013-01-15,0.22999999999999998,5.842
MRB,2013-01-16,2.0004,50.810159999999996
MRB,2013-01-17,0,0
MRB,2013-01-18,0,0
MRB,2013-01-19,0,0
MRB,2013-01-20,0,0
MRB,2013-01-21,0,0
MRB,2013-01-22,1e-4,0.00254
MRB,2013-01-23,0,0
MRB,2013-01-24,0.0318,0.80772
MRB,2013-01-25,0.0915,2.3240999999999996
MRB,2013-01-26,0.0621,1.57734
MRB,2013-01-27,0,0
MRB,2013-01-28,0.2513,6.38302
MRB,2013-01-29,0,0
MRB,2013-01-30,1.97,50.038
MRB,2013-01-31,2.0605,52.3367
MRB,2013-02-01,0.021,0.5334
MRB,2013-02-02,0,0
MRB,2013-02-03,0.0026000000000000003,0.06604
MRB,2013-02-04,7e-4,0.017779999999999997
MRB,2013-02-05,0.042,1.0668
MRB,2013-02-06,3.0000000000000003e-4,0.00762
MRB,2013-02-07,0,0
MRB,2013-02-08,0.0315,0.8000999999999999
MRB,2013-02-09,0,0
MRB,2013-02-10,0,0
MRB,2013-02-11,0.30010000000000003,7.622540000000001
MRB,2013-02-12,0,0
MRB,2013-02-13,0.0402,1.02108
MRB,2013-02-14,0.2102,5.33908
MRB,2013-02-15,0.1804,4.58216
MRB,2013-02-16,0.0403,1.02362
MRB,2013-02-17,1e-4,0.00254
MRB,2013-02-18,0,0
MRB,2013-02-19,0.0702,1.7830799999999998
MRB,2013-02-20,0,0
MRB,2013-02-21,0,0
MRB,2013-02-22,0.0307,0.77978
MRB,2013-02-23,0,0
MRB,2013-02-24,0,0
MRB,2013-02-25,0,0
MRB,2013-02-26,0.6202,15.753079999999999
MRB,2013-02-27,0.8502,21.59508
MRB,2013-02-28,0,0
MRB,2013-03-01,0,0
MRB,2013-03-02,5e-4,0.0127
MRB,2013-03-03,1e-4,0.00254
MRB,2013-03-04,0,0
MRB,2013-03-05,0,0
MRB,2013-03-06,0.8613000000000001,21.87702
MRB,2013-03-07,0,0
MRB,2013-03-08,0,0
MRB,2013-03-09,0,0
MRB,2013-03-10,0,0
MRB,2013-03-11,0,0
MRB,2013-03-12,1.0405,26.4287
MRB,2013-03-13,3.0000000000000003e-4,0.00762
MRB,2013-03-14,2e-4,0.00508
MRB,2013-03-15,0,0
MRB,2013-03-16,5e-4,0.0127
MRB,2013-03-17,0,0
MRB,2013-03-18,0.6006,15.25524
MRB,2013-03-19,0.0302,0.76708
MRB,2013-03-20,0,0
MRB,2013-03-21,0,0
MRB,2013-03-22,0,0
MRB,2013-03-23,0,0
MRB,2013-03-24,0.0804,2.04216
MRB,2013-03-25,1.0919,27.734260000000003
MRB,2013-03-26,0.3504,8.90016
MRB,2013-03-27,0,0
MRB,2013-03-28,2e-4,0.00508
MRB,2013-03-29,0,0
MRB,2013-03-30,0,0
MRB,2013-03-31,0.2805,7.124700000000001
MRB,2013-04-01,0.0403,1.02362
MRB,2013-04-02,0,0
MRB,2013-04-03,0,0
MRB,2013-04-04,0,0
MRB,2013-04-05,0,0
MRB,2013-04-06,0,0
MRB,2013-04-07,0,0
MRB,2013-04-08,1e-4,0.00254
MRB,2013-04-09,0,0
MRB,2013-04-10,0,0
MRB,2013-04-11,0,0
MRB,2013-04-12,1.2706,32.273239999999994
MRB,2013-04-13,0,0
MRB,2013-04-14,0,0
MRB,2013-04-15,5e-4,0.0127
MRB,2013-04-16,0,0
MRB,2013-04-17,0.1201,3.05054
MRB,2013-04-18,2e-4,0.00508
MRB,2013-04-19,1.4102999999999999,35.821619999999996
MRB,2013-04-20,2e-4,0.00508
MRB,2013-04-21,0,0
MRB,2013-04-22,0,0
MRB,2013-04-23,0,0
MRB,2013-04-24,0.35,8.889999999999999
MRB,2013-04-25,2e-4,0.00508
MRB,2013-04-26,0,0
MRB,2013-04-27,0,0
MRB,2013-04-28,0.1701,4.320539999999999
MRB,2013-04-29,0.2506,6.365239999999999
MRB,2013-04-30,0.1212,3.07848
MRB,2013-05-01,0,0
MRB,2013-05-02,0,0
MRB,2013-05-03,0,0
MRB,2013-05-04,0,0
MRB,2013-05-05,0,0
MRB,2013-05-06,0.0702,1.7830799999999998
MRB,2013-05-07,1.7304,43.95216
MRB,2013-05-08,1.1604,29.47416
MRB,2013-05-09,0.0403,1.02362
MRB,2013-05-10,0.0106,0.26924
MRB,2013-05-11,0.0611,1.5519399999999999
MRB,2013-05-12,0.02,0.508
MRB,2013-05-13,0.01,0.254
MRB,2013-05-14,0,0
MRB,2013-05-15,0,0
MRB,2013-05-16,0.0201,0.51054
MRB,2013-05-17,0,0
MRB,2013-05-18,0,0
MRB,2013-05-19,2e-4,0.00508
MRB,2013-05-20,2e-4,0.00508
MRB,2013-05-21,0,0
MRB,2013-05-22,0.2801,7.11454
MRB,2013-05-23,0.5803,14.73962
MRB,2013-05-24,0.1405,3.5687
MRB,2013-05-25,0,0
MRB,2013-05-26,0,0
MRB,2013-05-27,2e-4,0.00508
MRB,2013-05-28,0.0606,1.53924
MRB,2013-05-29,0,0
MRB,2013-05-30,0,0
MRB,2013-05-31,0,0
MRB,2013-06-01,0,0
MRB,2013-06-02,0.4601,11.686539999999999
MRB,2013-06-03,0.4203,10.67562
MRB,2013-06-04,0,0
MRB,2013-06-05,0,0
MRB,2013-06-06,1.2604,32.01416
MRB,2013-06-07,0.3508,8.910319999999999
MRB,2013-06-08,0.0101,0.25654
MRB,2013-06-09,0,0
MRB,2013-06-10,1.9305,49.0347
MRB,2013-06-11,0.0103,0.26161999999999996
MRB,2013-06-12,1e-4,0.00254
MRB,2013-06-13,0.6003000000000001,15.247620000000001
MRB,2013-06-14,0,0
MRB,2013-06-15,0,0
MRB,2013-06-16,2e-4,0.00508
MRB,2013-06-17,0,0
MRB,2013-06-18,0.0202,0.51308
MRB,2013-06-19,0.020300000000000002,0.5156200000000001
MRB,2013-06-20,0,0
MRB,2013-06-21,0,0
MRB,2013-06-22,0,0
MRB,2013-06-23,1e-4,0.00254
MRB,2013-06-24,0.5502,13.97508
MRB,2013-06-25,0,0
MRB,2013-06-26,0.0303,0.76962
MRB,2013-06-27,0.54,13.716
MRB,2013-06-28,0.0101,0.25654
MRB,2013-06-29,1.0101,25.65654
MRB,2013-06-30,0.07,1.778
MRB,2013-07-01,5e-4,0.0127
MRB,2013-07-02,0.02,0.508
MRB,2013-07-03,0.20070000000000002,5.09778
MRB,2013-07-04,0,0
MRB,2013-07-05,0,0
MRB,2013-07-06,0,0
MRB,2013-07-07,2.1401,54.35853999999999
MRB,2013-07-08,0.01,0.254
MRB,2013-07-09,0.2703,6.865619999999999
MRB,2013-07-10,1.1502000000000001,29.21508
MRB,2013-07-11,2e-4,0.00508
MRB,2013-07-12,0.4,10.16
MRB,2013-07-13,0.0205,0.5206999999999999
MRB,2013-07-14,0.01,0.254
MRB,2013-07-15,0,0
MRB,2013-07-16,0.06,1.5239999999999998
MRB,2013-07-17,0,0
MRB,2013-07-18,0,0
MRB,2013-07-19,0,0
MRB,2013-07-20,1e-4,0.00254
MRB,2013-07-21,0.3501,8.89254
MRB,2013-07-22,0.040100000000000004,1.01854
MRB,2013-07-23,2.3107,58.69178
MRB,2013-07-24,0.0101,0.25654
MRB,2013-07-25,0,0
MRB,2013-07-26,0,0
MRB,2013-07-27,0.0801,2.03454
MRB,2013-07-28,3.0000000000000003e-4,0.00762
MRB,2013-07-29,1.49,37.846
MRB,2013-07-30,0,0
MRB,2013-07-31,1e-4,0.00254
MRB,2013-08-01,0.4003,10.16762
MRB,2013-08-02,0.0202,0.51308
MRB,2013-08-03,0.3406,8.65124
MRB,2013-08-04,0,0
MRB,2013-08-05,0,0
MRB,2013-08-06,4.4502,113.03507999999998
MRB,2013-08-07,0,0
MRB,2013-08-08,0.7602,19.309079999999998
MRB,2013-08-09,0.5906,15.00124
MRB,2013-08-10,2e-4,0.00508
MRB,2013-08-11,0,0
MRB,2013-08-12,0,0
MRB,2013-08-13,0.7403,18.80362
MRB,2013-08-14,0,0
MRB,2013-08-15,0,0
MRB,2013-08-16,0,0
MRB,2013-08-17,0,0
MRB,2013-08-18,0.1805,4.5847
MRB,2013-08-19,0.0903,2.29362
MRB,2013-08-20,0,0
MRB,2013-08-21,2e-4,0.00508
MRB,2013-08-22,0.060000000000000005,1.524
MRB,2013-08-23,0.8203,20.83562
MRB,2013-08-24,0.02,0.508
MRB,2013-08-25,0,0
MRB,2013-08-26,0,0
MRB,2013-08-27,1e-4,0.00254
MRB,2013-08-28,0.2107,5.35178
MRB,2013-08-29,0,0
MRB,2013-08-30,0,0
MRB,2013-08-31,0.7701,19.56054
MRB,2013-09-01,1.6,40.64
MRB,2013-09-02,0.01,0.254
MRB,2013-09-03,0,0
MRB,2013-09-04,0,0
MRB,2013-09-05,0,0
MRB,2013-09-06,0,0
MRB,2013-09-07,0,0
MRB,2013-09-08,1e-4,0.00254
MRB,2013-09-09,0,0
MRB,2013-09-10,0,0
MRB,2013-09-11,0.13,3.302
MRB,2013-09-12,0,0
MRB,2013-09-13,7e-4,0.017779999999999997
MRB,2013-09-14,0,0
MRB,2013-09-15,0,0
MRB,2013-09-16,0.3705,9.410699999999999
MRB,2013-09-17,0,0
MRB,2013-09-18,0,0
MRB,2013-09-19,0,0
MRB,2013-09-20,0,0
MRB,2013-09-21,1.7303,43.949619999999996
MRB,2013-09-22,0.0303,0.76962
MRB,2013-09-23,0,0
MRB,2013-09-24,0,0
MRB,2013-09-25,0,0
MRB,2013-09-26,0,0
MRB,2013-09-27,0,0
MRB,2013-09-28,0,0
MRB,2013-09-29,0,0
MRB,2013-09-30,0,0
MRB,2013-10-01,0,0
MRB,2013-10-02,0,0
MRB,2013-10-03,0,0
MRB,2013-10-04,0,0
MRB,2013-10-05,0,0
MRB,2013-10-06,0,0
MRB,2013-10-07,1.4501,36.832539999999995
MRB,2013-10-08,0,0
MRB,2013-10-09,0,0
MRB,2013-10-10,4.4209,112.29085999999998
MRB,2013-10-11,2.5704000000000002,65.28816
MRB,2013-10-12,3.1609000000000003,80.28686
MRB,2013-10-13,1.2315,31.2801
MRB,2013-10-14,0,0
MRB,2013-10-15,0,0
MRB,2013-10-16,0,0
MRB,2013-10-17,0.0206,0.5232399999999999
MRB,2013-10-18,0.07,1.778
MRB,2013-10-19,0.02,0.508
MRB,2013-10-20,0,0
MRB,2013-10-21,0,0
MRB,2013-10-22,0,0
MRB,2013-10-23,4e-4,0.01016
MRB,2013-10-24,0.0204,0.51816
MRB,2013-10-25,1e-4,0.00254
MRB,2013-10-26,0,0
MRB,2013-10-27,0,0
MRB,2013-10-28,0,0
MRB,2013-10-29,0,0
MRB,2013-10-30,0.050100000000000006,1.27254
MRB,2013-10-31,0.0305,0.7746999999999999
MRB,2013-11-01,0.5603,14.23162
MRB,2013-11-02,0,0
MRB,2013-11-03,0,0
MRB,2013-11-04,0,0
MRB,2013-11-05,0,0
MRB,2013-11-06,0,0
MRB,2013-11-07,0.4501,11.43254
MRB,2013-11-08,0,0
MRB,2013-11-09,0,0
MRB,2013-11-10,0,0
MRB,2013-11-11,0,0
MRB,2013-11-12,3.0000000000000003e-4,0.00762
MRB,2013-11-13,0,0
MRB,2013-11-14,0,0
MRB,2013-11-15,0,0
MRB,2013-11-16,0.0103,0.26161999999999996
MRB,2013-11-17,1e-4,0.00254
MRB,2013-11-18,0.2202,5.59308
MRB,2013-11-19,0,0
MRB,2013-11-20,0,0
MRB,2013-11-21,0,0
MRB,2013-11-22,2e-4,0.00508
MRB,2013-11-23,2e-4,0.00508
MRB,2013-11-24,1e-4,0.00254
MRB,2013-11-25,0,0
MRB,2013-11-26,1.2803,32.519619999999996
MRB,2013-11-27,2.101,53.365399999999994
MRB,2013-11-28,1e-4,0.00254
MRB,2013-11-29,0,0
MRB,2013-11-30,0,0
MRB,2013-12-01,0,0
MRB,2013-12-02,0,0
MRB,2013-12-03,0,0
MRB,2013-12-04,0,0
MRB,2013-12-05,0,0
MRB,2013-12-06,4.1407,105.17378
MRB,2013-12-07,1.4301000000000001,36.32454
MRB,2013-12-08,0.062,1.5748
MRB,2013-12-09,0.3222,8.183879999999998
MRB,2013-12-10,0.2913,7.399019999999999
MRB,2013-12-11,0,0
MRB,2013-12-12,0,0
MRB,2013-12-13,0,0
MRB,2013-12-14,0.6414,16.291559999999997
MRB,2013-12-15,0.2401,6.09854
MRB,2013-12-16,0,0
MRB,2013-12-17,0.001,0.0254
MRB,2013-12-18,0,0
MRB,2013-12-19,0,0
MRB,2013-12-20,0,0
MRB,2013-12-21,1e-4,0.00254
MRB,2013-12-22,0.1504,3.82016
MRB,2013-12-23,0.7401,18.79854
MRB,2013-12-24,2e-4,0.00508
MRB,2013-12-25,0,0
MRB,2013-12-26,0,0
MRB,2013-12-27,0,0
MRB,2013-12-28,0,0
MRB,2013-12-29,2.5605,65.0367
MRB,2013-12-30,0,0
MRB,2013-12-31,0,0
MRB,2014-01-01,0,0
MRB,2014-01-02,0.0914,2.32156
MRB,2014-01-03,0.1611,4.091939999999999
MRB,2014-01-04,0,0
MRB,2014-01-05,0.321,8.1534
MRB,2014-01-06,0.4005,10.1727
MRB,2014-01-07,0,0
MRB,2014-01-08,0,0
MRB,2014-01-09,0,0
MRB,2014-01-10,0.1109,2.8168599999999997
MRB,2014-01-11,0.9304,23.63216
MRB,2014-01-12,0.01,0.254
MRB,2014-01-13,0,0
MRB,2014-01-14,0.2409,6.11886
MRB,2014-01-15,0,0
MRB,2014-01-16,4e-4,0.01016
MRB,2014-01-17,0,0
MRB,2014-01-18,0.0311,0.78994
MRB,2014-01-19,0,0
MRB,2014-01-20,0,0
MRB,2014-01-21,0.1827,4.64058
MRB,2014-01-22,0.0108,0.27432
MRB,2014-01-23,0.0012000000000000001,0.03048
MRB,2014-01-24,5e-4,0.0127
MRB,2014-01-25,0,0
MRB,2014-01-26,0.0024000000000000002,0.06096
MRB,2014-01-27,0,0
MRB,2014-01-28,1e-4,0.00254
MRB,2014-01-29,4e-4,0.01016
MRB,2014-01-30,0,0
MRB,2014-01-31,0,0
MRB,2014-02-01,0,0
MRB,2014-02-02,0,0
MRB,2014-02-03,1.5303,38.86962
MRB,2014-02-04,0,0
MRB,2014-02-05,2.4706,62.75324
MRB,2014-02-06,0,0
MRB,2014-02-07,0,0
MRB,2014-02-08,3.0000000000000003e-4,0.00762
MRB,2014-02-09,0.0712,1.8084799999999999
MRB,2014-02-10,0,0
MRB,2014-02-11,0,0
MRB,2014-02-12,0,0
MRB,2014-02-13,0.3831,9.730739999999999
MRB,2014-02-14,0.0301,0.7645399999999999
MRB,2014-02-15,0.0811,2.05994
MRB,2014-02-16,0.0011,0.02794
MRB,2014-02-17,5e-4,0.0127
MRB,2014-02-18,0.011600000000000001,0.29464
MRB,2014-02-19,0.19,4.826
MRB,2014-02-20,0,0
MRB,2014-02-21,1.0002,25.405079999999998
MRB,2014-02-22,0,0
MRB,2014-02-23,1e-4,0.00254
MRB,2014-02-24,0.0403,1.02362
MRB,2014-02-25,1e-4,0.00254
MRB,2014-02-26,6.000000000000001e-4,0.01524
MRB,2014-02-27,0,0
MRB,2014-02-28,0,0
MRB,2014-03-01,0,0
MRB,2014-03-02,0.43010000000000004,10.92454
MRB,2014-03-03,0.301,7.6453999999999995
MRB,2014-03-04,0,0
MRB,2014-03-05,0,0
MRB,2014-03-06,0,0
MRB,2014-03-07,0,0
MRB,2014-03-08,0,0
MRB,2014-03-09,0,0
MRB,2014-03-10,0,0
MRB,2014-03-11,0,0
MRB,2014-03-12,0.1402,3.5610799999999996
MRB,2014-03-13,0,0
MRB,2014-03-14,0,0
MRB,2014-03-15,0,0
MRB,2014-03-16,0.001,0.0254
MRB,2014-03-17,0.2152,5.46608
MRB,2014-03-18,0,0
MRB,2014-03-19,0.0803,2.0396199999999998
MRB,2014-03-20,0.0204,0.51816
MRB,2014-03-21,0.0102,0.25908
MRB,2014-03-22,0,0
MRB,2014-03-23,0,0
MRB,2014-03-24,0,0
MRB,2014-03-25,0.2812,7.14248
MRB,2014-03-26,2e-4,0.00508
MRB,2014-03-27,0,0
MRB,2014-03-28,0.0805,2.0446999999999997
MRB,2014-03-29,0.3806,9.66724
MRB,2014-03-30,1.7903,45.47362
MRB,2014-03-31,0,0
MRB,2014-04-01,0,0
MRB,2014-04-02,0,0
MRB,2014-04-03,0.0204,0.51816
MRB,2014-04-04,0.020300000000000002,0.5156200000000001
MRB,2014-04-05,0.31,7.874
MRB,2014-04-06,0,0
MRB,2014-04-07,0.7102,18.039080000000002
MRB,2014-04-08,0,0
MRB,2014-04-09,0,0
MRB,2014-04-10,0,0
MRB,2014-04-11,0.2501,6.352539999999999
MRB,2014-04-12,0,0
MRB,2014-04-13,0,0
MRB,2014-04-14,0,0
MRB,2014-04-15,0.9009,22.88286
MRB,2014-04-16,1e-4,0.00254
MRB,2014-04-17,0,0
MRB,2014-04-18,0,0
MRB,2014-04-19,0,0
MRB,2014-04-20,0,0
MRB,2014-04-21,0,0
MRB,2014-04-22,0.2402,6.10108
MRB,2014-04-23,0.0101,0.25654
MRB,2014-04-24,0,0
MRB,2014-04-25,3.0402,77.22108
MRB,2014-04-26,0.0701,1.7805399999999998
MRB,2014-04-27,0.01,0.254
MRB,2014-04-28,0.3101,7.876539999999999
MRB,2014-04-29,1.3504,34.30016
MRB,2014-04-30,1.7412,44.22648
MRB,2014-05-01,0.0905,2.2986999999999997
MRB,2014-05-02,0,0
MRB,2014-05-03,0,0
MRB,2014-05-04,1e-4,0.00254
MRB,2014-05-05,0.04,1.016
MRB,2014-05-06,0.1501,3.8125400000000003
MRB,2014-05-07,0.8601,21.846539999999997
MRB,2014-05-08,0,0
MRB,2014-05-09,0,0
MRB,2014-05-10,1.5403,39.123619999999995
MRB,2014-05-11,0.05,1.27
MRB,2014-05-12,2e-4,0.00508
MRB,2014-05-13,1.59,40.386
MRB,2014-05-14,0.0202,0.51308
MRB,2014-05-15,0.32030000000000003,8.13562
MRB,2014-05-16,5.970000000000001,151.638
MRB,2014-05-17,0,0
MRB,2014-05-18,0,0
MRB,2014-05-19,0,0
MRB,2014-05-20,0,0
MRB,2014-05-21,2e-4,0.00508
MRB,2014-05-22,0.1406,3.57124
MRB,2014-05-23,0,0
MRB,2014-05-24,0,0
MRB,2014-05-25,1e-4,0.00254
MRB,2014-05-26,0,0
MRB,2014-05-27,1.2801,32.51454
MRB,2014-05-28,0.0204,0.51816
MRB,2014-05-29,0.4116,10.45464
MRB,2014-05-30,0,0
MRB,2014-05-31,0,0
MRB,2014-06-01,0,0
MRB,2014-06-02,1e-4,0.00254
MRB,2014-06-03,2e-4,0.00508
MRB,2014-06-04,0,0
MRB,2014-06-05,1.0905,27.6987
MRB,2014-06-06,0,0
MRB,2014-06-07,0,0
MRB,2014-06-08,0.030199999999999998,0.7670799999999999
MRB,2014-06-09,0.1002,2.54508
MRB,2014-06-10,4e-4,0.01016
MRB,2014-06-11,0.54,13.716
MRB,2014-06-12,4.281,108.73739999999998
MRB,2014-06-13,0.0402,1.02108
MRB,2014-06-14,2e-4,0.00508
MRB,2014-06-15,0,0
MRB,2014-06-16,0,0
MRB,2014-06-17,0,0
MRB,2014-06-18,1e-4,0.00254
MRB,2014-06-19,0.5608,14.244319999999998
MRB,2014-06-20,2e-4,0.00508
MRB,2014-06-21,0.2606,6.61924
MRB,2014-06-22,0,0
MRB,2014-06-23,0,0
MRB,2014-06-24,0,0
MRB,2014-06-25,0.09,2.2859999999999996
MRB,2014-06-26,0,0
MRB,2014-06-27,0,0
MRB,2014-06-28,0,0
MRB,2014-06-29,0,0
MRB,2014-06-30,0.020300000000000002,0.5156200000000001
MRB,2014-07-01,0.07010000000000001,1.7805400000000002
MRB,2014-07-02,3.0702000000000003,77.98308
MRB,2014-07-03,0.1201,3.05054
MRB,2014-07-04,2e-4,0.00508
MRB,2014-07-05,0,0
MRB,2014-07-06,1e-4,0.00254
MRB,2014-07-07,0,0
MRB,2014-07-08,0.89,22.605999999999998
MRB,2014-07-09,0.0102,0.25908
MRB,2014-07-10,2e-4,0.00508
MRB,2014-07-11,0,0
MRB,2014-07-12,0.15000000000000002,3.8100000000000005
MRB,2014-07-13,0.62,15.748
MRB,2014-07-14,8.3905,213.11869999999996
MRB,2014-07-15,0.0106,0.26924
MRB,2014-07-16,0,0
MRB,2014-07-17,0,0
MRB,2014-07-18,0,0
MRB,2014-07-19,0.1012,2.57048
MRB,2014-07-20,1e-4,0.00254
MRB,2014-07-21,0,0
MRB,2014-07-22,0,0
MRB,2014-07-23,2.33,59.181999999999995
MRB,2014-07-24,0.060399999999999995,1.5341599999999997
MRB,2014-07-25,0,0
MRB,2014-07-26,1e-4,0.00254
MRB,2014-07-27,0.7802,19.81708
MRB,2014-07-28,0.6307,16.01978
MRB,2014-07-29,0,0
MRB,2014-07-30,0,0
MRB,2014-07-31,0,0
MRB,2014-08-01,2e-4,0.00508
MRB,2014-08-02,0,0
MRB,2014-08-03,1.4602,37.089079999999996
MRB,2014-08-04,0,0
MRB,2014-08-05,0,0
MRB,2014-08-06,0.1702,4.323079999999999
MRB,2014-08-07,0.01,0.254
MRB,2014-08-08,0,0
MRB,2014-08-09,0,0
MRB,2014-08-10,0,0
MRB,2014-08-11,0.49,12.446
MRB,2014-08-12,1.4109,35.83686
MRB,2014-08-13,0.060000000000000005,1.524
MRB,2014-08-14,0,0
MRB,2014-08-15,0,0
MRB,2014-08-16,0,0
MRB,2014-08-17,0,0
MRB,2014-08-18,0,0
MRB,2014-08-19,0,0
MRB,2014-08-20,1.37,34.798
MRB,2014-08-21,0.19,4.826
MRB,2014-08-22,3.0000000000000003e-4,0.00762
MRB,2014-08-23,0.6506000000000001,16.52524
MRB,2014-08-24,0.1615,4.1021
MRB,2014-08-25,0,0
MRB,2014-08-26,0,0
MRB,2014-08-27,0,0
MRB,2014-08-28,0,0
MRB,2014-08-29,0,0
MRB,2014-08-30,0,0
MRB,2014-08-31,2e-4,0.00508
MRB,2014-09-01,0.0103,0.26161999999999996
MRB,2014-09-02,0.71,18.034
MRB,2014-09-03,0,0
MRB,2014-09-04,0,0
MRB,2014-09-05,0.92,23.368
MRB,2014-09-06,1.8102000000000003,45.97908
MRB,2014-09-07,0.0601,1.52654
MRB,2014-09-08,0,0
MRB,2014-09-09,0,0
MRB,2014-09-10,0,0
MRB,2014-09-11,0,0
MRB,2014-09-12,0,0
MRB,2014-09-13,0.2904,7.37616
MRB,2014-09-14,0,0
MRB,2014-09-15,0,0
MRB,2014-09-16,0.01,0.254
MRB,2014-09-17,0,0
MRB,2014-09-18,0,0
MRB,2014-09-19,0,0
MRB,2014-09-20,0,0
MRB,2014-09-21,2e-4,0.00508
MRB,2014-09-22,0,0
MRB,2014-09-23,0,0
MRB,2014-09-24,0,0
MRB,2014-09-25,0.7104,18.04416
MRB,2014-09-26,0,0
MRB,2014-09-27,0,0
MRB,2014-09-28,0,0
MRB,2014-09-29,0,0
MRB,2014-09-30,0.31010000000000004,7.87654
MRB,2014-10-01,0.28090000000000004,7.134860000000001
MRB,2014-10-02,0,0
MRB,2014-10-03,0.2402,6.10108
MRB,2014-10-04,0.1308,3.32232
MRB,2014-10-05,0,0
MRB,2014-10-06,1e-4,0.00254
MRB,2014-10-07,0.1307,3.31978
MRB,2014-10-08,0.18,4.571999999999999
MRB,2014-10-09,0,0
MRB,2014-10-10,0.0206,0.5232399999999999
MRB,2014-10-11,1.5603,39.63162
MRB,2014-10-12,1e-4,0.00254
MRB,2014-10-13,3.0000000000000003e-4,0.00762
MRB,2014-10-14,0.0106,0.26924
MRB,2014-10-15,5.7612,146.33447999999999
MRB,2014-10-16,2e-4,0.00508
MRB,2014-10-17,1e-4,0.00254
MRB,2014-10-18,0,0
MRB,2014-10-19,1e-4,0.00254
MRB,2014-10-20,2e-4,0.00508
MRB,2014-10-21,0.0405,1.0287
MRB,2014-10-22,0.030600000000000002,0.77724
MRB,2014-10-23,0,0
MRB,2014-10-24,0,0
MRB,2014-10-25,0,0
MRB,2014-10-26,0,0
MRB,2014-10-27,0,0
MRB,2014-10-28,0,0
MRB,2014-10-29,0.1002,2.54508
MRB,2014-10-30,0,0
MRB,2014-10-31,0,0
MRB,2014-11-01,9.000000000000001e-4,0.022860000000000002
MRB,2014-11-02,0,0
MRB,2014-11-03,1e-4,0.00254
MRB,2014-11-04,0,0
MRB,2014-11-05,2e-4,0.00508
MRB,2014-11-06,0.9703,24.64562
MRB,2014-11-07,6.000000000000001e-4,0.01524
MRB,2014-11-08,0,0
MRB,2014-11-09,0,0
MRB,2014-11-10,0,0
MRB,2014-11-11,0,0
MRB,2014-11-12,0,0
MRB,2014-11-13,3.0000000000000003e-4,0.00762
MRB,2014-11-14,2e-4,0.00508
MRB,2014-11-15,0,0
MRB,2014-11-16,0.0201,0.51054
MRB,2014-11-17,0.7913,20.09902
MRB,2014-11-18,0,0
MRB,2014-11-19,0,0
MRB,2014-11-20,0,0
MRB,2014-11-21,0,0
MRB,2014-11-22,0,0
MRB,2014-11-23,0,0
MRB,2014-11-24,0.6901,17.52854
MRB,2014-11-25,0,0
MRB,2014-11-26,1.7902,45.47108
MRB,2014-11-27,0,0
MRB,2014-11-28,4e-4,0.01016
MRB,2014-11-29,0.0304,0.77216
MRB,2014-11-30,0,0
MRB,2014-12-01,0.0105,0.2667
MRB,2014-12-02,0.4215,10.7061
MRB,2014-12-03,0.2203,5.595619999999999
MRB,2014-12-04,1e-4,0.00254
MRB,2014-12-05,0.1806,4.58724
MRB,2014-12-06,1.121,28.473399999999998
MRB,2014-12-07,0.0501,1.27254
MRB,2014-12-08,2e-4,0.00508
MRB,2014-12-09,1.3009,33.04286
MRB,2014-12-10,0,0
MRB,2014-12-11,0,0
MRB,2014-12-12,0,0
MRB,2014-12-13,0,0
MRB,2014-12-14,0,0
MRB,2014-12-15,0,0
MRB,2014-12-16,0.1206,3.06324
MRB,2014-12-17,2e-4,0.00508
MRB,2014-12-18,0,0
MRB,2014-12-19,0,0
MRB,2014-12-20,0,0
MRB,2014-12-21,0,0
MRB,2014-12-22,0.3906,9.92124
MRB,2014-12-23,0.1009,2.56286
MRB,2014-12-24,1.3307,33.79978
MRB,2014-12-25,0.030100000000000002,0.76454
MRB,2014-12-26,0,0
MRB,2014-12-27,0,0
MRB,2014-12-28,1e-4,0.00254
MRB,2014-12-29,0,0
MRB,2014-12-30,0,0
MRB,2014-12-31,0,0
MRB,2015-01-01,0,0
MRB,2015-01-02,0,0
MRB,2015-01-03,0.4606,11.69924
MRB,2015-01-04,0.4313,10.95502
MRB,2015-01-05,0,0
MRB,2015-01-06,0.1722,4.37388
MRB,2015-01-07,7e-4,0.017779999999999997
MRB,2015-01-08,0,0
MRB,2015-01-09,0,0
MRB,2015-01-10,0,0
MRB,2015-01-11,0,0
MRB,2015-01-12,0.5312,13.492479999999999
MRB,2015-01-13,1e-4,0.00254
MRB,2015-01-14,0.020900000000000002,0.53086
MRB,2015-01-15,0,0
MRB,2015-01-16,0,0
MRB,2015-01-17,0,0
MRB,2015-01-18,2e-4,0.00508
MRB,2015-01-19,0,0
MRB,2015-01-20,0,0
MRB,2015-01-21,0.1606,4.0792399999999995
MRB,2015-01-22,0.01,0.254
MRB,2015-01-23,0.0501,1.27254
MRB,2015-01-24,1.9303000000000001,49.02962
MRB,2015-01-25,0.0201,0.51054
MRB,2015-01-26,0.0236,0.59944
MRB,2015-01-27,0.1826,4.63804
MRB,2015-01-28,0,0
MRB,2015-01-29,8e-4,0.02032
MRB,2015-01-30,0.0205,0.5206999999999999
MRB,2015-01-31,0,0
MRB,2015-02-01,3.0000000000000003e-4,0.00762
MRB,2015-02-02,0.2405,6.1087
MRB,2015-02-03,0,0
MRB,2015-02-04,0,0
MRB,2015-02-05,0,0
MRB,2015-02-06,0,0
MRB,2015-02-07,0,0
MRB,2015-02-08,0,0
MRB,2015-02-09,0.060700000000000004,1.54178
MRB,2015-02-10,0.0302,0.76708
MRB,2015-02-11,0,0
MRB,2015-02-12,0.0809,2.0548599999999997
MRB,2015-02-13,0,0
MRB,2015-02-14,0.0015,0.0381
MRB,2015-02-15,4e-4,0.01016
MRB,2015-02-16,8e-4,0.02032
MRB,2015-02-17,0.004200000000000001,0.10668000000000001
MRB,2015-02-18,0.0011,0.02794
MRB,2015-02-19,0,0
MRB,2015-02-20,7e-4,0.017779999999999997
MRB,2015-02-21,0.0036000000000000003,0.09144000000000001
MRB,2015-02-22,5e-4,0.0127
MRB,2015-02-23,0,0
MRB,2015-02-24,0,0
MRB,2015-02-25,0,0
MRB,2015-02-26,0.0017000000000000001,0.04318
MRB,2015-02-27,0,0
MRB,2015-02-28,0,0
MRB,2015-03-01,0.14250000000000002,3.6195000000000004
MRB,2015-03-02,0,0
MRB,2015-03-03,6.000000000000001e-4,0.01524
MRB,2015-03-04,0.47,11.937999999999999
MRB,2015-03-05,0.7531,19.128739999999997
MRB,2015-03-06,0.0208,0.5283199999999999
MRB,2015-03-07,0,0
MRB,2015-03-08,0,0
MRB,2015-03-09,0,0
MRB,2015-03-10,0.4703,11.94562
MRB,2015-03-11,0.0704,1.78816
MRB,2015-03-12,0,0
MRB,2015-03-13,0,0
MRB,2015-03-14,0.5406,13.731239999999998
MRB,2015-03-15,0,0
MRB,2015-03-16,0,0
MRB,2015-03-17,1e-4,0.00254
MRB,2015-03-18,0,0
MRB,2015-03-19,0,0
MRB,2015-03-20,1.1501000000000001,29.21254
MRB,2015-03-21,0,0
MRB,2015-03-22,0,0
MRB,2015-03-23,0,0
MRB,2015-03-24,0,0
MRB,2015-03-25,0.0302,0.76708
MRB,2015-03-26,0.030100000000000002,0.76454
MRB,2015-03-27,0.1306,3.3172399999999995
MRB,2015-03-28,0,0
MRB,2015-03-29,0,0
MRB,2015-03-30,0,0
MRB,2015-03-31,0.0205,0.5206999999999999
MRB,2015-04-01,0,0
MRB,2015-04-02,1e-4,0.00254
MRB,2015-04-03,0.3304,8.39216
MRB,2015-04-04,6.000000000000001e-4,0.01524
MRB,2015-04-05,0,0
MRB,2015-04-06,0,0
MRB,2015-04-07,0.0305,0.7746999999999999
MRB,2015-04-08,0.26080000000000003,6.624320000000001
MRB,2015-04-09,0.0903,2.29362
MRB,2015-04-10,0.08020000000000001,2.03708
MRB,2015-04-11,0,0
MRB,2015-04-12,0,0
MRB,2015-04-13,0,0
MRB,2015-04-14,0.6509,16.53286
MRB,2015-04-15,0.0102,0.25908
MRB,2015-04-16,2e-4,0.00508
MRB,2015-04-17,0.0703,1.78562
MRB,2015-04-18,0,0
MRB,2015-04-19,0.04,1.016
MRB,2015-04-20,3.5201000000000002,89.41054
MRB,2015-04-21,0.0803,2.0396199999999998
MRB,2015-04-22,0.0303,0.76962
MRB,2015-04-23,0,0
MRB,2015-04-24,0,0
MRB,2015-04-25,0.04,1.016
MRB,2015-04-26,0.3001,7.622539999999999
MRB,2015-04-27,0,0
MRB,2015-04-28,0,0
MRB,2015-04-29,0,0
MRB,2015-04-30,0.5702,14.483080000000001
MRB,2015-05-01,0.47000000000000003,11.938
MRB,2015-05-02,2e-4,0.00508
MRB,2015-05-03,0,0
MRB,2015-05-04,0,0
MRB,2015-05-05,1e-4,0.00254
MRB,2015-05-06,0.0101,0.25654
MRB,2015-05-07,0.2902,7.37108
MRB,2015-05-08,0,0
MRB,2015-05-09,0,0
MRB,2015-05-10,0,0
MRB,2015-05-11,0,0
MRB,2015-05-12,0.09,2.2859999999999996
MRB,2015-05-13,0,0
MRB,2015-05-14,0,0
MRB,2015-05-15,1e-4,0.00254
MRB,2015-05-16,1.6702,42.42308
MRB,2015-05-17,0.011000000000000001,0.27940000000000004
MRB,2015-05-18,2e-4,0.00508
MRB,2015-05-19,3.8407,97.55377999999999
MRB,2015-05-20,0,0
MRB,2015-05-21,0.0706,1.7932399999999997
MRB,2015-05-22,0.0405,1.0287
MRB,2015-05-23,0,0
MRB,2015-05-24,0,0
MRB,2015-05-25,0,0
MRB,2015-05-26,0,0
MRB,2015-05-27,0.8301000000000001,21.08454
MRB,2015-05-28,0,0
MRB,2015-05-29,0,0
MRB,2015-05-30,0.0101,0.25654
MRB,2015-05-31,2.2501,57.15254
MRB,2015-06-01,2.2205,56.40069999999999
MRB,2015-06-02,0.7613,19.33702
MRB,2015-06-03,0,0
MRB,2015-06-04,0.7202000000000001,18.29308
MRB,2015-06-05,0.0609,1.54686
MRB,2015-06-06,0,0
MRB,2015-06-07,0,0
MRB,2015-06-08,0.6401,16.25854
MRB,2015-06-09,0.0103,0.26161999999999996
MRB,2015-06-10,0,0
MRB,2015-06-11,0,0
MRB,2015-06-12,1e-4,0.00254
MRB,2015-06-13,0,0
MRB,2015-06-14,0.22030000000000002,5.59562
MRB,2015-06-15,0.7202999999999999,18.295619999999996
MRB,2015-06-16,0.0102,0.25908
MRB,2015-06-17,0.4205,10.6807
MRB,2015-06-18,0.3901,9.90854
MRB,2015-06-19,0.0206,0.5232399999999999
MRB,2015-06-20,3.1404,79.76616
MRB,2015-06-21,1.1901,30.228539999999995
MRB,2015-06-22,0,0
MRB,2015-06-23,0.2601,6.60654
MRB,2015-06-24,0,0
MRB,2015-06-25,0.0505,1.2827
MRB,2015-06-26,1e-4,0.00254
MRB,2015-06-27,1.2702,32.263079999999995
MRB,2015-06-28,0.1202,3.05308
MRB,2015-06-29,0,0
MRB,2015-06-30,3.0000000000000003e-4,0.00762
MRB,2015-07-01,1e-4,0.00254
MRB,2015-07-02,0,0
MRB,2015-07-03,1e-4,0.00254
MRB,2015-07-04,1.6415,41.6941
MRB,2015-07-05,0,0
MRB,2015-07-06,0.1801,4.57454
MRB,2015-07-07,0,0
MRB,2015-07-08,0.0208,0.5283199999999999
MRB,2015-07-09,0.2202,5.59308
MRB,2015-07-10,0.02,0.508
MRB,2015-07-11,0.0106,0.26924
MRB,2015-07-12,0,0
MRB,2015-07-13,0.060200000000000004,1.52908
MRB,2015-07-14,4.4401,112.77853999999999
MRB,2015-07-15,1.2701,32.26054
MRB,2015-07-16,0,0
MRB,2015-07-17,0,0
MRB,2015-07-18,1.1004,27.95016
MRB,2015-07-19,0,0
MRB,2015-07-20,0,0
MRB,2015-07-21,2e-4,0.00508
MRB,2015-07-22,0,0
MRB,2015-07-23,0,0
MRB,2015-07-24,0,0
MRB,2015-07-25,0,0
MRB,2015-07-26,0,0
MRB,2015-07-27,1e-4,0.00254
MRB,2015-07-28,0,0
MRB,2015-07-29,0,0
MRB,2015-07-30,0.9102,23.11908
MRB,2015-07-31,0,0
MRB,2015-08-01,0,0
MRB,2015-08-02,0,0
MRB,2015-08-03,0,0
MRB,2015-08-04,0.08,2.032
MRB,2015-08-05,0,0
MRB,2015-08-06,0.060200000000000004,1.52908
MRB,2015-08-07,0.0505,1.2827
MRB,2015-08-08,0,0
MRB,2015-08-09,0.0202,0.51308
MRB,2015-08-10,0,0
MRB,2015-08-11,0.4202,10.67308
MRB,2015-08-12,0,0
MRB,2015-08-13,0,0
MRB,2015-08-14,0,0
MRB,2015-08-15,0,0
MRB,2015-08-16,0,0
MRB,2015-08-17,0,0
MRB,2015-08-18,2e-4,0.00508
MRB,2015-08-19,0.0102,0.25908
MRB,2015-08-20,4.9204,124.97815999999999
MRB,2015-08-21,0,0
MRB,2015-08-22,0,0
MRB,2015-08-23,0,0
MRB,2015-08-24,2e-4,0.00508
MRB,2015-08-25,0,0
MRB,2015-08-26,0,0
MRB,2015-08-27,0,0
MRB,2015-08-28,0,0
MRB,2015-08-29,0,0
MRB,2015-08-30,0,0
MRB,2015-08-31,2e-4,0.00508
MRB,2015-09-01,0,0
MRB,2015-09-02,0,0
MRB,2015-09-03,0,0
MRB,2015-09-04,0,0
MRB,2015-09-05,0.0101,0.25654
MRB,2015-09-06,0,0
MRB,2015-09-07,0,0
MRB,2015-09-08,0,0
MRB,2015-09-09,0,0
MRB,2015-09-10,1.6104,40.90416
MRB,2015-09-11,0,0
MRB,2015-09-12,2.58,65.532
MRB,2015-09-13,0,0
MRB,2015-09-14,0,0
MRB,2015-09-15,0,0
MRB,2015-09-16,0,0
MRB,2015-09-17,0,0
MRB,2015-09-18,0,0
MRB,2015-09-19,0,0
MRB,2015-09-20,0,0
MRB,2015-09-21,0.1005,2.5527
MRB,2015-09-22,0.0103,0.26161999999999996
MRB,2015-09-23,0,0
MRB,2015-09-24,0,0
MRB,2015-09-25,0,0
MRB,2015-09-26,0,0
MRB,2015-09-27,0.0309,0.78486
MRB,2015-09-28,2e-4,0.00508
MRB,2015-09-29,3.3608000000000002,85.36432
MRB,2015-09-30,0.4416,11.21664
MRB,2015-10-01,0.5312,13.492479999999999
MRB,2015-10-02,0.5901,14.988539999999999
MRB,2015-10-03,1.0506,26.685239999999997
MRB,2015-10-04,0.020300000000000002,0.5156200000000001
MRB,2015-10-05,0,0
MRB,2015-10-06,0,0
MRB,2015-10-07,0,0
MRB,2015-10-08,0,0
MRB,2015-10-09,0.25,6.35
MRB,2015-10-10,0,0
MRB,2015-10-11,0,0
MRB,2015-10-12,0,0
MRB,2015-10-13,0.05,1.27
MRB,2015-10-14,0,0
MRB,2015-10-15,0,0
MRB,2015-10-16,2e-4,0.00508
MRB,2015-10-17,0,0
MRB,2015-10-18,1e-4,0.00254
MRB,2015-10-19,0,0
MRB,2015-10-20,0,0
MRB,2015-10-21,0,0
MRB,2015-10-22,0,0
MRB,2015-10-23,0,0
MRB,2015-10-24,0,0
MRB,2015-10-25,0.0103,0.26161999999999996
MRB,2015-10-26,0,0
MRB,2015-10-27,0,0
MRB,2015-10-28,2.2105,56.1467
MRB,2015-10-29,0.4003,10.16762
MRB,2015-10-30,0,0
MRB,2015-10-31,0,0
MRB,2015-11-01,5e-4,0.0127
MRB,2015-11-02,0,0
MRB,2015-11-03,0,0
MRB,2015-11-04,0,0
MRB,2015-11-05,0,0
MRB,2015-11-06,0,0
MRB,2015-11-07,0,0
MRB,2015-11-08,0,0
MRB,2015-11-09,0.01,0.254
MRB,2015-11-10,1.4909000000000001,37.86886
MRB,2015-11-11,0,0
MRB,2015-11-12,0.3501,8.89254
MRB,2015-11-13,0,0
MRB,2015-11-14,0,0
MRB,2015-11-15,0,0
MRB,2015-11-16,0,0
MRB,2015-11-17,0,0
MRB,2015-11-18,1e-4,0.00254
MRB,2015-11-19,0.7804,19.82216
MRB,2015-11-20,0,0
MRB,2015-11-21,0,0
MRB,2015-11-22,0.0016,0.04064
MRB,2015-11-23,0.001,0.0254
MRB,2015-11-24,0,0
MRB,2015-11-25,0,0
MRB,2015-11-26,0,0
MRB,2015-11-27,0,0
MRB,2015-11-28,6.000000000000001e-4,0.01524
MRB,2015-11-29,0.4708,11.958319999999999
MRB,2015-11-30,0.0605,1.5367
MRB,2015-12-01,1.1307,28.71978
MRB,2015-12-02,0.4607,11.70178
MRB,2015-12-03,0,0
MRB,2015-12-04,0,0
MRB,2015-12-05,0,0
MRB,2015-12-06,0,0
MRB,2015-12-07,0,0
MRB,2015-12-08,0,0
MRB,2015-12-09,0,0
MRB,2015-12-10,0.0905,2.2986999999999997
MRB,2015-12-11,0,0
MRB,2015-12-12,2e-4,0.00508
MRB,2015-12-13,0,0
MRB,2015-12-14,0.1001,2.54254
MRB,2015-12-15,0.020300000000000002,0.5156200000000001
MRB,2015-12-16,0,0
MRB,2015-12-17,1.0203,25.915619999999997
MRB,2015-12-18,0,0
MRB,2015-12-19,2e-4,0.00508
MRB,2015-12-20,0,0
MRB,2015-12-21,2e-4,0.00508
MRB,2015-12-22,0.0805,2.0446999999999997
MRB,2015-12-23,0.4012,10.190479999999999
MRB,2015-12-24,0.0201,0.51054
MRB,2015-12-25,0.74,18.796
MRB,2015-12-26,0.03,0.7619999999999999
MRB,2015-12-27,4e-4,0.01016
MRB,2015-12-28,9.000000000000001e-4,0.022860000000000002
MRB,2015-12-29,1.6806,42.68724
MRB,2015-12-30,0.0503,1.2776199999999998
MRB,2015-12-31,2e-4,0.00508
MRB,2016-01-01,0,0
MRB,2016-01-02,0,0
MRB,2016-01-03,0,0
MRB,2016-01-04,1e-4,0.00254
MRB,2016-01-05,1e-4,0.00254
MRB,2016-01-06,0,0
MRB,2016-01-07,0,0
MRB,2016-01-08,0,0
MRB,2016-01-09,0.0101,0.25654
MRB,2016-01-10,2.3005,58.4327
MRB,2016-01-11,0,0
MRB,2016-01-12,7e-4,0.017779999999999997
MRB,2016-01-13,2e-4,0.00508
MRB,2016-01-14,0,0
MRB,2016-01-15,0.03,0.7619999999999999
MRB,2016-01-16,0.4501,11.43254
MRB,2016-01-17,0.0012000000000000001,0.03048
MRB,2016-01-18,5e-4,0.0127
MRB,2016-01-19,0,0
MRB,2016-01-20,0,0
MRB,2016-01-21,0,0
MRB,2016-01-22,0.0026000000000000003,0.06604
MRB,2016-01-23,0.0029000000000000002,0.07366
MRB,2016-01-24,0.0508,1.29032
MRB,2016-01-25,0.01,0.254
MRB,2016-01-26,0,0
MRB,2016-01-27,0,0
MRB,2016-01-28,0,0
MRB,2016-01-29,3.0000000000000003e-4,0.00762
MRB,2016-01-30,0,0
MRB,2016-01-31,0,0
MRB,2016-02-01,0.2001,5.08254
MRB,2016-02-02,0,0
MRB,2016-02-03,1.7207000000000001,43.70578
MRB,2016-02-04,0,0
MRB,2016-02-05,0,0
MRB,2016-02-06,0,0
MRB,2016-02-07,0,0
MRB,2016-02-08,0,0
MRB,2016-02-09,0.1223,3.10642
MRB,2016-02-10,3.0000000000000003e-4,0.00762
MRB,2016-02-11,0,0
MRB,2016-02-12,3.0000000000000003e-4,0.00762
MRB,2016-02-13,0.001,0.0254
MRB,2016-02-14,0,0
MRB,2016-02-15,0.004200000000000001,0.10668000000000001
MRB,2016-02-16,2.1817,55.41518
MRB,2016-02-17,0,0
MRB,2016-02-18,0,0
MRB,2016-02-19,0,0
MRB,2016-02-20,0,0
MRB,2016-02-21,0.2201,5.59054
MRB,2016-02-22,0,0
MRB,2016-02-23,0.2802,7.11708
MRB,2016-02-24,1.681,42.6974
MRB,2016-02-25,0.17020000000000002,4.32308
MRB,2016-02-26,1e-4,0.00254
MRB,2016-02-27,0,0
MRB,2016-02-28,0,0
MRB,2016-02-29,2e-4,0.00508
MRB,2016-03-01,0,0
MRB,2016-03-02,2e-4,0.00508
MRB,2016-03-03,0,0
MRB,2016-03-04,0.0915,2.3240999999999996
MRB,2016-03-05,0,0
MRB,2016-03-06,0.0608,1.54432
MRB,2016-03-07,0,0
MRB,2016-03-08,0,0
MRB,2016-03-09,0,0
MRB,2016-03-10,0,0
MRB,2016-03-11,0.0102,0.25908
MRB,2016-03-12,2e-4,0.00508
MRB,2016-03-13,0.8007,20.33778
MRB,2016-03-14,1.3601,34.54654
MRB,2016-03-15,0.020300000000000002,0.5156200000000001
MRB,2016-03-16,0,0
MRB,2016-03-17,0,0
MRB,2016-03-18,0,0
MRB,2016-03-19,0.7303000000000001,18.54962
MRB,2016-03-20,0.0103,0.26161999999999996
MRB,2016-03-21,0,0
MRB,2016-03-22,0,0
MRB,2016-03-23,0,0
MRB,2016-03-24,0,0
MRB,2016-03-25,2e-4,0.00508
MRB,2016-03-26,0,0
MRB,2016-03-27,0,0
MRB,2016-03-28,0.41050000000000003,10.4267
MRB,2016-03-29,0,0
MRB,2016-03-30,0,0
MRB,2016-03-31,0,0
MRB,2016-04-01,3.0000000000000003e-4,0.00762
MRB,2016-04-02,0.0104,0.26415999999999995
MRB,2016-04-03,0.3413,8.66902
MRB,2016-04-04,0.0305,0.7746999999999999
MRB,2016-04-05,1e-4,0.00254
MRB,2016-04-06,0,0
MRB,2016-04-07,0.1705,4.3307
MRB,2016-04-08,1e-4,0.00254
MRB,2016-04-09,0.0105,0.2667
MRB,2016-04-10,0,0
MRB,2016-04-11,0.0603,1.53162
MRB,2016-04-12,0.02,0.508
MRB,2016-04-13,0,0
MRB,2016-04-14,0,0
MRB,2016-04-15,0,0
MRB,2016-04-16,0,0
MRB,2016-04-17,0,0
MRB,2016-04-18,0,0
MRB,2016-04-19,0,0
MRB,2016-04-20,0,0
MRB,2016-04-21,0.020300000000000002,0.5156200000000001
MRB,2016-04-22,0.0202,0.51308
MRB,2016-04-23,0.361,9.1694
MRB,2016-04-24,0,0
MRB,2016-04-25,0,0
MRB,2016-04-26,0,0
MRB,2016-04-27,0.020300000000000002,0.5156200000000001
MRB,2016-04-28,0.6003000000000001,15.247620000000001
MRB,2016-04-29,3.0000000000000003e-4,0.00762
MRB,2016-04-30,0.0208,0.5283199999999999
MRB,2016-05-01,1.2805,32.524699999999996
MRB,2016-05-02,0.4505,11.4427
MRB,2016-05-03,0.5407000000000001,13.733780000000001
MRB,2016-05-04,0.6703,17.02562
MRB,2016-05-05,0.0907,2.30378
MRB,2016-05-06,0.8709,22.12086
MRB,2016-05-07,0.0609,1.54686
MRB,2016-05-08,0.0902,2.29108
MRB,2016-05-09,0.0205,0.5206999999999999
MRB,2016-05-10,0.1006,2.5552399999999995
MRB,2016-05-11,0.26030000000000003,6.61162
MRB,2016-05-12,0,0
MRB,2016-05-13,0.3103,7.88162
MRB,2016-05-14,0.0901,2.28854
MRB,2016-05-15,2e-4,0.00508
MRB,2016-05-16,0,0
MRB,2016-05-17,0.08020000000000001,2.03708
MRB,2016-05-18,0.0407,1.03378
MRB,2016-05-19,0.01,0.254
MRB,2016-05-20,0,0
MRB,2016-05-21,0.8712,22.12848
MRB,2016-05-22,0.9608,24.40432
MRB,2016-05-23,0.0604,1.53416
MRB,2016-05-24,0.0402,1.02108
MRB,2016-05-25,0,0
MRB,2016-05-26,3.0000000000000003e-4,0.00762
MRB,2016-05-27,1e-4,0.00254
MRB,2016-05-28,0,0
MRB,2016-05-29,0.0301,0.7645399999999999
MRB,2016-05-30,0.1704,4.32816
MRB,2016-05-31,1e-4,0.00254
MRB,2016-06-01,0,0
MRB,2016-06-02,0.0102,0.25908
MRB,2016-06-03,0.3002,7.6250800000000005
MRB,2016-06-04,1e-4,0.00254
MRB,2016-06-05,0.6411,16.283939999999998
MRB,2016-06-06,3.0000000000000003e-4,0.00762
MRB,2016-06-07,0.030100000000000002,0.76454
MRB,2016-06-08,0.05,1.27
MRB,2016-06-09,0,0
MRB,2016-06-10,0,0
MRB,2016-06-11,0,0
MRB,2016-06-12,0,0
MRB,2016-06-13,0,0
MRB,2016-06-14,0,0
MRB,2016-06-15,0.0101,0.25654
MRB,2016-06-16,1.9304000000000001,49.03216
MRB,2016-06-17,1.0407,26.43378
MRB,2016-06-18,0,0
MRB,2016-06-19,0,0
MRB,2016-06-20,0,0
MRB,2016-06-21,0.2604,6.61416
MRB,2016-06-22,0.0103,0.26161999999999996
MRB,2016-06-23,1e-4,0.00254
MRB,2016-06-24,0.0104,0.26415999999999995
MRB,2016-06-25,2e-4,0.00508
MRB,2016-06-26,0,0
MRB,2016-06-27,5e-4,0.0127
MRB,2016-06-28,0.0201,0.51054
MRB,2016-06-29,0,0
MRB,2016-06-30,0,0
MRB,2016-07-01,0.10010000000000001,2.5425400000000002
MRB,2016-07-02,0,0
MRB,2016-07-03,0,0
MRB,2016-07-04,0.8107,20.59178
MRB,2016-07-05,0.0309,0.78486
MRB,2016-07-06,0,0
MRB,2016-07-07,0,0
MRB,2016-07-08,1e-4,0.00254
MRB,2016-07-09,0,0
MRB,2016-07-10,0,0
MRB,2016-07-11,0,0
MRB,2016-07-12,0,0
MRB,2016-07-13,1e-4,0.00254
MRB,2016-07-14,1e-4,0.00254
MRB,2016-07-15,0,0
MRB,2016-07-16,0,0
MRB,2016-07-17,0,0
MRB,2016-07-18,1.11,28.194000000000003
MRB,2016-07-19,0.03,0.7619999999999999
MRB,2016-07-20,0,0
MRB,2016-07-21,0,0
MRB,2016-07-22,0,0
MRB,2016-07-23,0,0
MRB,2016-07-24,0,0
MRB,2016-07-25,1e-4,0.00254
MRB,2016-07-26,0,0
MRB,2016-07-27,0,0
MRB,2016-07-28,0.11,2.794
MRB,2016-07-29,0.46,11.684
MRB,2016-07-30,0.0302,0.76708
MRB,2016-07-31,0.0108,0.27432
MRB,2016-08-01,0,0
MRB,2016-08-02,0,0
MRB,2016-08-03,0,0
MRB,2016-08-04,0,0
MRB,2016-08-05,0.0602,1.5290799999999998
MRB,2016-08-06,0.0806,2.04724
MRB,2016-08-07,0,0
MRB,2016-08-08,0,0
MRB,2016-08-09,0,0
MRB,2016-08-10,0,0
MRB,2016-08-11,1e-4,0.00254
MRB,2016-08-12,0.96,24.383999999999997
MRB,2016-08-13,0.0902,2.29108
MRB,2016-08-14,1e-4,0.00254
MRB,2016-08-15,0.4501,11.43254
MRB,2016-08-16,0.46030000000000004,11.69162
MRB,2016-08-17,4.6001,116.84254
MRB,2016-08-18,0.0202,0.51308
MRB,2016-08-19,1e-4,0.00254
MRB,2016-08-20,0,0
MRB,2016-08-21,0.0202,0.51308
MRB,2016-08-22,0,0
MRB,2016-08-23,0,0
MRB,2016-08-24,0,0
MRB,2016-08-25,0,0
MRB,2016-08-26,0,0
MRB,2016-08-27,0,0
MRB,2016-08-28,0,0
MRB,2016-08-29,0,0
MRB,2016-08-30,0,0
MRB,2016-08-31,0,0
MRB,2016-09-01,0.4105,10.426699999999999
MRB,2016-09-02,0,0
MRB,2016-09-03,0,0
MRB,2016-09-04,0,0
MRB,2016-09-05,0,0
MRB,2016-09-06,0,0
MRB,2016-09-07,1.2903,32.77362
MRB,2016-09-08,0,0
MRB,2016-09-09,0,0
MRB,2016-09-10,0.62,15.748
MRB,2016-09-11,0,0
MRB,2016-09-12,0,0
MRB,2016-09-13,0,0
MRB,2016-09-14,0,0
MRB,2016-09-15,3.0000000000000003e-4,0.00762
MRB,2016-09-16,0,0
MRB,2016-09-17,0,0
MRB,2016-09-18,1e-4,0.00254
MRB,2016-09-19,0.2607,6.621779999999999
MRB,2016-09-20,0,0
MRB,2016-09-21,0,0
MRB,2016-09-22,0,0
MRB,2016-09-23,0,0
MRB,2016-09-24,0,0
MRB,2016-09-25,0,0
MRB,2016-09-26,0.03,0.7619999999999999
MRB,2016-09-27,0.030100000000000002,0.76454
MRB,2016-09-28,0.3401,8.638539999999999
MRB,2016-09-29,7.4206,188.48324
MRB,2016-09-30,2.391,60.731399999999994
MRB,2016-10-01,0.8109999999999999,20.599399999999996
MRB,2016-10-02,0,0
MRB,2016-10-03,2e-4,0.00508
MRB,2016-10-04,0,0
MRB,2016-10-05,0,0
MRB,2016-10-06,0,0
MRB,2016-10-07,0,0
MRB,2016-10-08,0.47050000000000003,11.9507
MRB,2016-10-09,1e-4,0.00254
MRB,2016-10-10,0,0
MRB,2016-10-11,0,0
MRB,2016-10-12,0,0
MRB,2016-10-13,1e-4,0.00254
MRB,2016-10-14,0,0
MRB,2016-10-15,0,0
MRB,2016-10-16,0,0
MRB,2016-10-17,0,0
MRB,2016-10-18,0,0
MRB,2016-10-19,0,0
MRB,2016-10-20,0,0
MRB,2016-10-21,0.0603,1.53162
MRB,2016-10-22,1e-4,0.00254
MRB,2016-10-23,0,0
MRB,2016-10-24,0,0
MRB,2016-10-25,0,0
MRB,2016-10-26,0,0
MRB,2016-10-27,0.1905,4.8387
MRB,2016-10-28,0,0
MRB,2016-10-29,0,0
MRB,2016-10-30,0.9401,23.87854
MRB,2016-10-31,0,0
MRB,2016-11-01,0,0
MRB,2016-11-02,0,0
MRB,2016-11-03,1e-4,0.00254
MRB,2016-11-04,0.01,0.254
MRB,2016-11-05,0,0
MRB,2016-11-06,0,0
MRB,2016-11-07,0,0
MRB,2016-11-08,0,0
MRB,2016-11-09,0.2404,6.10616
MRB,2016-11-10,0,0
MRB,2016-11-11,0,0
MRB,2016-11-12,0,0
MRB,2016-11-13,0,0
MRB,2016-11-14,0,0
MRB,2016-11-15,4e-4,0.01016
MRB,2016-11-16,1e-4,0.00254
MRB,2016-11-17,0,0
MRB,2016-11-18,0,0
MRB,2016-11-19,0.0102,0.25908
MRB,2016-11-20,0.001,0.0254
MRB,2016-11-21,7e-4,0.017779999999999997
MRB,2016-11-22,0,0
MRB,2016-11-23,2e-4,0.00508
MRB,2016-11-24,2e-4,0.00508
MRB,2016-11-25,0,0
MRB,2016-11-26,0,0
MRB,2016-11-27,0,0
MRB,2016-11-28,0,0
MRB,2016-11-29,0.5509000000000001,13.99286
MRB,2016-11-30,1.2805,32.524699999999996
MRB,2016-12-01,0.41,10.413999999999998
MRB,2016-12-02,0,0
MRB,2016-12-03,0,0
MRB,2016-12-04,0,0
MRB,2016-12-05,0.2105,5.346699999999999
MRB,2016-12-06,1.7402,44.20108
MRB,2016-12-07,0.03,0.7619999999999999
MRB,2016-12-08,0,0
MRB,2016-12-09,0,0
MRB,2016-12-10,0,0
MRB,2016-12-11,6.000000000000001e-4,0.01524
MRB,2016-12-12,0.21020000000000003,5.33908
MRB,2016-12-13,0,0
MRB,2016-12-14,0,0
MRB,2016-12-15,0,0
MRB,2016-12-16,0,0
MRB,2016-12-17,0.5108,12.97432
MRB,2016-12-18,0.0311,0.78994
MRB,2016-12-19,0,0
MRB,2016-12-20,0,0
MRB,2016-12-21,0,0
MRB,2016-12-22,0,0
MRB,2016-12-23,0,0
MRB,2016-12-24,0.1506,3.82524
MRB,2016-12-25,0,0
MRB,2016-12-26,0,0
MRB,2016-12-27,2e-4,0.00508
MRB,2016-12-28,0,0
MRB,2016-12-29,0.1905,4.8387
MRB,2016-12-30,0.002,0.0508
MRB,2016-12-31,0,0
MRB,2017-01-01,0,0
MRB,2017-01-02,0.4804,12.20216
MRB,2017-01-03,1.4005,35.5727
MRB,2017-01-04,0.14,3.556
MRB,2017-01-05,0,0
MRB,2017-01-06,0.0018000000000000002,0.045720000000000004
MRB,2017-01-07,1e-4,0.00254
MRB,2017-01-08,0,0
MRB,2017-01-09,0.02,0.508
MRB,2017-01-10,8e-4,0.02032
MRB,2017-01-11,0.17020000000000002,4.32308
MRB,2017-01-12,0.1701,4.320539999999999
MRB,2017-01-13,3.0000000000000003e-4,0.00762
MRB,2017-01-14,0.5005,12.712699999999998
MRB,2017-01-15,0.0104,0.26415999999999995
MRB,2017-01-16,1e-4,0.00254
MRB,2017-01-17,0.3403,8.643619999999999
MRB,2017-01-18,0.0107,0.27177999999999997
MRB,2017-01-19,0,0
MRB,2017-01-20,0.11030000000000001,2.8016200000000002
MRB,2017-01-21,0,0
MRB,2017-01-22,1e-4,0.00254
MRB,2017-01-23,4.1304,104.91215999999999
MRB,2017-01-24,0.1706,4.33324
MRB,2017-01-25,0,0
MRB,2017-01-26,0,0
MRB,2017-01-27,7e-4,0.017779999999999997
MRB,2017-01-28,0,0
MRB,2017-01-29,0,0
MRB,2017-01-30,0.0026000000000000003,0.06604
MRB,2017-01-31,0,0
MRB,2017-02-01,0,0
MRB,2017-02-02,0,0
MRB,2017-02-03,0,0
MRB,2017-02-04,0,0
MRB,2017-02-05,0,0
MRB,2017-02-06,0,0
MRB,2017-02-07,0.0302,0.76708
MRB,2017-02-08,0,0
MRB,2017-02-09,1.042,26.4668
MRB,2017-02-10,4e-4,0.01016
MRB,2017-02-11,0,0
MRB,2017-02-12,0.5805,14.7447
MRB,2017-02-13,0.060200000000000004,1.52908
MRB,2017-02-14,0,0
MRB,2017-02-15,8e-4,0.02032
MRB,2017-02-16,4e-4,0.01016
MRB,2017-02-17,0,0
MRB,2017-02-18,0,0
MRB,2017-02-19,0,0
MRB,2017-02-20,0,0
MRB,2017-02-21,0,0
MRB,2017-02-22,0,0
MRB,2017-02-23,0,0
MRB,2017-02-24,0,0
MRB,2017-02-25,3.0000000000000003e-4,0.00762
MRB,2017-02-26,0,0
MRB,2017-02-27,0,0
MRB,2017-02-28,0.1201,3.05054
MRB,2017-03-01,0.5504,13.98016
MRB,2017-03-02,0.02,0.508
MRB,2017-03-03,0.0015,0.0381
MRB,2017-03-04,0,0
MRB,2017-03-05,0,0
MRB,2017-03-06,0.0204,0.51816
MRB,2017-03-07,0.1108,2.81432
MRB,2017-03-08,0.0202,0.51308
MRB,2017-03-09,0,0
MRB,2017-03-10,0.391,9.9314
MRB,2017-03-11,0,0
MRB,2017-03-12,0,0
MRB,2017-03-13,0,0
MRB,2017-03-14,0.2837,7.205979999999999
MRB,2017-03-15,2e-4,0.00508
MRB,2017-03-16,2e-4,0.00508
MRB,2017-03-17,1e-4,0.00254
MRB,2017-03-18,0.4007,10.17778
MRB,2017-03-19,0.05,1.27
MRB,2017-03-20,0,0
MRB,2017-03-21,2e-4,0.00508
MRB,2017-03-22,0,0
MRB,2017-03-23,0,0
MRB,2017-03-24,0.4501,11.43254
MRB,2017-03-25,0,0
MRB,2017-03-26,0,0
MRB,2017-03-27,0.3614,9.179559999999999
MRB,2017-03-28,1.6106,40.90924
MRB,2017-03-29,0,0
MRB,2017-03-30,0,0
MRB,2017-03-31,2.1604,54.874159999999996
MRB,2017-04-01,0.0506,1.28524
MRB,2017-04-02,0,0
MRB,2017-04-03,0.0102,0.25908
MRB,2017-04-04,0.1409,3.5788599999999997
MRB,2017-04-05,0,0
MRB,2017-04-06,2.7112,68.86447999999999
MRB,2017-04-07,2e-4,0.00508
MRB,2017-04-08,0,0
MRB,2017-04-09,0,0
MRB,2017-04-10,0,0
MRB,2017-04-11,0,0
MRB,2017-04-12,0.01,0.254
MRB,2017-04-13,0,0
MRB,2017-04-14,0,0
MRB,2017-04-15,0,0
MRB,2017-04-16,0,0
MRB,2017-04-17,0.6206,15.76324
MRB,2017-04-18,0,0
MRB,2017-04-19,4e-4,0.01016
MRB,2017-04-20,0.37010000000000004,9.400540000000001
MRB,2017-04-21,0.11040000000000001,2.80416
MRB,2017-04-22,0.4006,10.17524
MRB,2017-04-23,0,0
MRB,2017-04-24,0.3004,7.630159999999999
MRB,2017-04-25,0.4407,11.193779999999999
MRB,2017-04-26,0,0
MRB,2017-04-27,0,0
MRB,2017-04-28,1e-4,0.00254
MRB,2017-04-29,0.1201,3.05054
MRB,2017-04-30,0.9302,23.62708
MRB,2017-05-01,0.01,0.254
MRB,2017-05-02,0,0
MRB,2017-05-03,0,0
MRB,2017-05-04,1e-4,0.00254
MRB,2017-05-05,7.9903,202.95362
MRB,2017-05-06,0.2305,5.8547
MRB,2017-05-07,0.0013000000000000002,0.03302
MRB,2017-05-08,2e-4,0.00508
MRB,2017-05-09,0,0
MRB,2017-05-10,0,0
MRB,2017-05-11,2.9305000000000003,74.4347
MRB,2017-05-12,0.0605,1.5367
MRB,2017-05-13,0.6205,15.7607
MRB,2017-05-14,0.0106,0.26924
MRB,2017-05-15,0,0
MRB,2017-05-16,0,0
MRB,2017-05-17,1e-4,0.00254
MRB,2017-05-18,0,0
MRB,2017-05-19,1e-4,0.00254
MRB,2017-05-20,1e-4,0.00254
MRB,2017-05-21,0,0
MRB,2017-05-22,0.0105,0.2667
MRB,2017-05-23,0.0101,0.25654
MRB,2017-05-24,0.4605,11.6967
MRB,2017-05-25,4.2105,106.94669999999999
MRB,2017-05-26,0.2001,5.08254
MRB,2017-05-27,0.0507,1.28778
MRB,2017-05-28,1.1601,29.466539999999995
MRB,2017-05-29,0.0208,0.5283199999999999
MRB,2017-05-30,0.42,10.668
MRB,2017-05-31,1e-4,0.00254
MRB,2017-06-01,0.06,1.5239999999999998
MRB,2017-06-02,0,0
MRB,2017-06-03,0,0
MRB,2017-06-04,0,0
MRB,2017-06-05,0.0602,1.5290799999999998
MRB,2017-06-06,0,0
MRB,2017-06-07,4e-4,0.01016
MRB,2017-06-08,0,0
MRB,2017-06-09,0,0
MRB,2017-06-10,0,0
MRB,2017-06-11,0,0
MRB,2017-06-12,0,0
MRB,2017-06-13,1e-4,0.00254
MRB,2017-06-14,0,0
MRB,2017-06-15,0,0
MRB,2017-06-16,3.0000000000000003e-4,0.00762
MRB,2017-06-17,1e-4,0.00254
MRB,2017-06-18,2e-4,0.00508
MRB,2017-06-19,0.43019999999999997,10.927079999999998
MRB,2017-06-20,1e-4,0.00254
MRB,2017-06-21,0,0
MRB,2017-06-22,0.0101,0.25654
MRB,2017-06-23,0.28,7.112
MRB,2017-06-24,1.2503,31.757619999999996
MRB,2017-06-25,0,0
MRB,2017-06-26,0,0
MRB,2017-06-27,0,0
MRB,2017-06-28,0,0
MRB,2017-06-29,1e-4,0.00254
MRB,2017-06-30,0,0
MRB,2017-07-01,0.2101,5.33654
MRB,2017-07-02,0,0
MRB,2017-07-03,0,0
MRB,2017-07-04,0.01,0.254
MRB,2017-07-05,0.2106,5.34924
MRB,2017-07-06,4.9915,126.7841
MRB,2017-07-07,3.8007000000000004,96.53778000000001
MRB,2017-07-08,2e-4,0.00508
MRB,2017-07-09,0,0
MRB,2017-07-10,0,0
MRB,2017-07-11,0.1303,3.30962
MRB,2017-07-12,0.0101,0.25654
MRB,2017-07-13,0,0
MRB,2017-07-14,1e-4,0.00254
MRB,2017-07-15,0,0
MRB,2017-07-16,0,0
MRB,2017-07-17,3.0000000000000003e-4,0.00762
MRB,2017-07-18,0,0
MRB,2017-07-19,0,0
MRB,2017-07-20,0,0
MRB,2017-07-21,0.3301,8.38454
MRB,2017-07-22,3.1502000000000003,80.01508
MRB,2017-07-23,0.51,12.953999999999999
MRB,2017-07-24,0.3501,8.89254
MRB,2017-07-25,0,0
MRB,2017-07-26,0,0
MRB,2017-07-27,0,0
MRB,2017-07-28,0.3507,8.907779999999999
MRB,2017-07-29,5.6311,143.02993999999998
MRB,2017-07-30,0,0
MRB,2017-07-31,0,0
MRB,2017-08-01,0,0
MRB,2017-08-02,0,0
MRB,2017-08-03,0.0201,0.51054
MRB,2017-08-04,0.06,1.5239999999999998
MRB,2017-08-05,0.5202,13.21308
MRB,2017-08-06,0,0
MRB,2017-08-07,0.6613,16.79702
MRB,2017-08-08,6.000000000000001e-4,0.01524
MRB,2017-08-09,0,0
MRB,2017-08-10,0,0
MRB,2017-08-11,1.03,26.162
MRB,2017-08-12,1.4802,37.59708
MRB,2017-08-13,0,0
MRB,2017-08-14,0.2508,6.37032
MRB,2017-08-15,0.061200000000000004,1.55448
MRB,2017-08-16,0,0
MRB,2017-08-17,0,0
MRB,2017-08-18,0.0901,2.28854
MRB,2017-08-19,0,0
MRB,2017-08-20,0.69,17.525999999999996
MRB,2017-08-21,0,0
MRB,2017-08-22,0,0
MRB,2017-08-23,0.3704,9.40816
MRB,2017-08-24,0,0
MRB,2017-08-25,0,0
MRB,2017-08-26,0,0
MRB,2017-08-27,0,0
MRB,2017-08-28,0,0
MRB,2017-08-29,0.1902,4.83108
MRB,2017-08-30,3.0000000000000003e-4,0.00762
MRB,2017-08-31,0,0
MRB,2017-09-01,1e-4,0.00254
MRB,2017-09-02,0.6702,17.02308
MRB,2017-09-03,0.0707,1.79578
MRB,2017-09-04,0,0
MRB,2017-09-05,1.5902,40.39108
MRB,2017-09-06,0.8911,22.63394
MRB,2017-09-07,2e-4,0.00508
MRB,2017-09-08,0,0
MRB,2017-09-09,0,0
MRB,2017-09-10,0,0
MRB,2017-09-11,0,0
MRB,2017-09-12,0,0
MRB,2017-09-13,0.0309,0.78486
MRB,2017-09-14,0.0401,1.0185399999999998
MRB,2017-09-15,0,0
MRB,2017-09-16,0,0
MRB,2017-09-17,0,0
MRB,2017-09-18,0,0
MRB,2017-09-19,0,0
MRB,2017-09-20,0,0
MRB,2017-09-21,0,0
MRB,2017-09-22,0,0
MRB,2017-09-23,0,0
MRB,2017-09-24,0,0
MRB,2017-09-25,0,0
MRB,2017-09-26,0,0
MRB,2017-09-27,0,0
MRB,2017-09-28,0,0
MRB,2017-09-29,0,0
MRB,2017-09-30,2e-4,0.00508
MRB,2017-10-01,0,0
MRB,2017-10-02,0,0
MRB,2017-10-03,0,0
MRB,2017-10-04,0,0
MRB,2017-10-05,1e-4,0.00254
MRB,2017-10-06,2e-4,0.00508
MRB,2017-10-07,0,0
MRB,2017-10-08,0.1305,3.3146999999999998
MRB,2017-10-09,2.66,67.564
MRB,2017-10-10,0,0
MRB,2017-10-11,1.2909,32.78886
MRB,2017-10-12,1.6609,42.186859999999996
MRB,2017-10-13,0,0
MRB,2017-10-14,0,0
MRB,2017-10-15,0,0
MRB,2017-10-16,0.0405,1.0287
MRB,2017-10-17,0,0
MRB,2017-10-18,0,0
MRB,2017-10-19,0,0
MRB,2017-10-20,0,0
MRB,2017-10-21,0,0
MRB,2017-10-22,0,0
MRB,2017-10-23,0,0
MRB,2017-10-24,1.8202,46.23308
MRB,2017-10-25,0,0
MRB,2017-10-26,0,0
MRB,2017-10-27,0,0
MRB,2017-10-28,0,0
MRB,2017-10-29,3.2112,81.56447999999999
MRB,2017-10-30,0.5902000000000001,14.99108
MRB,2017-10-31,0,0
MRB,2017-11-01,2e-4,0.00508
MRB,2017-11-02,0,0
MRB,2017-11-03,0,0
MRB,2017-11-04,0.36,9.143999999999998
MRB,2017-11-05,0.5502,13.97508
MRB,2017-11-06,0.030100000000000002,0.76454
MRB,2017-11-07,0.8505,21.6027
MRB,2017-11-08,5e-4,0.0127
MRB,2017-11-09,0.1306,3.3172399999999995
MRB,2017-11-10,0,0
MRB,2017-11-11,0,0
MRB,2017-11-12,0,0
MRB,2017-11-13,0.0506,1.28524
MRB,2017-11-14,0,0
MRB,2017-11-15,0,0
MRB,2017-11-16,0.0303,0.76962
MRB,2017-11-17,0,0
MRB,2017-11-18,0.1505,3.8226999999999998
MRB,2017-11-19,0.0304,0.77216
MRB,2017-11-20,1e-4,0.00254
MRB,2017-11-21,0,0
MRB,2017-11-22,0,0
MRB,2017-11-23,0,0
MRB,2017-11-24,0,0
MRB,2017-11-25,0,0
MRB,2017-11-26,0,0
MRB,2017-11-27,0,0
MRB,2017-11-28,0,0
MRB,2017-11-29,0,0
MRB,2017-11-30,0,0
MRB,2017-12-01,2e-4,0.00508
MRB,2017-12-02,0,0
MRB,2017-12-03,2e-4,0.00508
MRB,2017-12-04,0,0
MRB,2017-12-05,0.2202,5.59308
MRB,2017-12-06,0.0205,0.5206999999999999
MRB,2017-12-07,0,0
MRB,2017-12-08,0,0
MRB,2017-12-09,0.0015,0.0381
MRB,2017-12-10,0,0
MRB,2017-12-11,0,0
MRB,2017-12-12,3.0000000000000003e-4,0.00762
MRB,2017-12-13,2e-4,0.00508
MRB,2017-12-14,5e-4,0.0127
MRB,2017-12-15,2e-4,0.00508
MRB,2017-12-16,0,0
MRB,2017-12-17,0,0
MRB,2017-12-18,0,0
MRB,2017-12-19,0,0
MRB,2017-12-20,0,0
MRB,2017-12-21,0,0
MRB,2017-12-22,0,0
MRB,2017-12-23,1.2603,32.01162
MRB,2017-12-24,0,0
MRB,2017-12-25,0.0201,0.51054
MRB,2017-12-26,0,0
MRB,2017-12-27,5e-4,0.0127
MRB,2017-12-28,0,0
MRB,2017-12-29,0,0
MRB,2017-12-30,0.0019,0.04826
MRB,2017-12-31,6.000000000000001e-4,0.01524
MRB,2018-01-01,0,0
MRB,2018-01-02,0,0
MRB,2018-01-03,0,0
MRB,2018-01-04,1e-4,0.00254
MRB,2018-01-05,0,0
MRB,2018-01-06,0,0
MRB,2018-01-07,0,0
MRB,2018-01-08,0.0105,0.2667
MRB,2018-01-09,0,0
MRB,2018-01-10,0,0
MRB,2018-01-11,0,0
MRB,2018-01-12,1.3305,33.7947
MRB,2018-01-13,2.6807,68.08977999999999
MRB,2018-01-14,0,0
MRB,2018-01-15,0,0
MRB,2018-01-16,3.0000000000000003e-4,0.00762
MRB,2018-01-17,7e-4,0.017779999999999997
MRB,2018-01-18,0,0
MRB,2018-01-19,0,0
MRB,2018-01-20,0,0
MRB,2018-01-21,0,0
MRB,2018-01-22,0,0
MRB,2018-01-23,1.5908,40.40632
MRB,2018-01-24,0,0
MRB,2018-01-25,0,0
MRB,2018-01-26,0,0
MRB,2018-01-27,0,0
MRB,2018-01-28,0.2411,6.12394
MRB,2018-01-29,0,0
MRB,2018-01-30,0.0303,0.76962
MRB,2018-01-31,0,0
MRB,2018-02-01,1e-4,0.00254
MRB,2018-02-02,0.0606,1.53924
MRB,2018-02-03,0,0
MRB,2018-02-04,1.791,45.4914
MRB,2018-02-05,0.0303,0.76962
MRB,2018-02-06,0,0
MRB,2018-02-07,1.6703000000000001,42.42562
MRB,2018-02-08,0,0
MRB,2018-02-09,0,0
MRB,2018-02-10,0.1308,3.32232
MRB,2018-02-11,0.7903,20.07362
MRB,2018-02-12,4e-4,0.01016
MRB,2018-02-13,0,0
MRB,2018-02-14,0,0
MRB,2018-02-15,0.0704,1.78816
MRB,2018-02-16,0.3811,9.679939999999998
MRB,2018-02-17,0.0513,1.3030199999999998
MRB,2018-02-18,0.060200000000000004,1.52908
MRB,2018-02-19,0.0202,0.51308
MRB,2018-02-20,0,0
MRB,2018-02-21,0.03,0.7619999999999999
MRB,2018-02-22,0.0408,1.03632
MRB,2018-02-23,0.0904,2.2961599999999995
MRB,2018-02-24,0.5619,14.272259999999998
MRB,2018-02-25,0.6706,17.03324
MRB,2018-02-26,0,0
MRB,2018-02-27,0,0
MRB,2018-02-28,0,0
MRB,2018-03-01,0.1302,3.30708
MRB,2018-03-02,0.5805,14.7447
MRB,2018-03-03,0,0
MRB,2018-03-04,0,0
MRB,2018-03-05,0,0
MRB,2018-03-06,5e-4,0.0127
MRB,2018-03-07,0.10010000000000001,2.5425400000000002
MRB,2018-03-08,4e-4,0.01016
MRB,2018-03-09,1e-4,0.00254
MRB,2018-03-10,0,0
MRB,2018-03-11,0,0
MRB,2018-03-12,0.0504,1.28016
MRB,2018-03-13,0,0
MRB,2018-03-14,0,0
MRB,2018-03-15,0,0
MRB,2018-03-16,7e-4,0.017779999999999997
MRB,2018-03-17,1e-4,0.00254
MRB,2018-03-18,0,0
MRB,2018-03-19,0,0
MRB,2018-03-20,0.0935,2.3749
MRB,2018-03-21,0.3743,9.50722
MRB,2018-03-22,0.0201,0.51054
MRB,2018-03-23,0,0
MRB,2018-03-24,0,0
MRB,2018-03-25,0,0
MRB,2018-03-26,0,0
MRB,2018-03-27,0.2005,5.0927
MRB,2018-03-28,0.2515,6.3881
MRB,2018-03-29,0.0211,0.53594
MRB,2018-03-30,0.0111,0.28194
MRB,2018-03-31,0,0
MRB,2018-04-01,0,0
MRB,2018-04-02,0.7102,18.039080000000002
MRB,2018-04-03,0.18080000000000002,4.59232
MRB,2018-04-04,0.0501,1.27254
MRB,2018-04-05,0,0
MRB,2018-04-06,0,0
MRB,2018-04-07,0,0
MRB,2018-04-08,0,0
MRB,2018-04-09,0.0115,0.29209999999999997
MRB,2018-04-10,0,0
MRB,2018-04-11,0,0
MRB,2018-04-12,2e-4,0.00508
MRB,2018-04-13,4e-4,0.01016
MRB,2018-04-14,0,0
MRB,2018-04-15,2e-4,0.00508
MRB,2018-04-16,5.6404,143.26615999999999
MRB,2018-04-17,1e-4,0.00254
MRB,2018-04-18,0,0
MRB,2018-04-19,0.0105,0.2667
MRB,2018-04-20,0,0
MRB,2018-04-21,0,0
MRB,2018-04-22,0,0
MRB,2018-04-23,0,0
MRB,2018-04-24,0.3403,8.643619999999999
MRB,2018-04-25,0.3111,7.901939999999999
MRB,2018-04-26,0,0
MRB,2018-04-27,0.7402,18.80108
MRB,2018-04-28,4e-4,0.01016
MRB,2018-04-29,0,0
MRB,2018-04-30,0,0
MRB,2018-05-01,0,0
MRB,2018-05-02,0,0
MRB,2018-05-03,0,0
MRB,2018-05-04,1e-4,0.00254
MRB,2018-05-05,0.1004,2.55016
MRB,2018-05-06,2.2606,57.41924
MRB,2018-05-07,0,0
MRB,2018-05-08,0,0
MRB,2018-05-09,0,0
MRB,2018-05-10,0.2007,5.097779999999999
MRB,2018-05-11,0,0
MRB,2018-05-12,0,0
MRB,2018-05-13,1.8401,46.73854
MRB,2018-05-14,2.7805,70.62469999999999
MRB,2018-05-15,6.000000000000001e-4,0.01524
MRB,2018-05-16,1.2923,32.824419999999996
MRB,2018-05-17,3.6408,92.47632
MRB,2018-05-18,0.7322,18.597879999999996
MRB,2018-05-19,1.3105,33.286699999999996
MRB,2018-05-20,4e-4,0.01016
MRB,2018-05-21,0,0
MRB,2018-05-22,0.3807,9.66978
MRB,2018-05-23,0,0
MRB,2018-05-24,0,0
MRB,2018-05-25,0,0
MRB,2018-05-26,0,0
MRB,2018-05-27,0.32030000000000003,8.13562
MRB,2018-05-28,0.0402,1.02108
MRB,2018-05-29,0,0
MRB,2018-05-30,2e-4,0.00508
MRB,2018-05-31,5.5503,140.97762
MRB,2018-06-01,0.020300000000000002,0.5156200000000001
MRB,2018-06-02,3.1907,81.04378
MRB,2018-06-03,1.3408,34.05632
MRB,2018-06-04,0.03,0.7619999999999999
MRB,2018-06-05,1e-4,0.00254
MRB,2018-06-06,0.0102,0.25908
MRB,2018-06-07,0,0
MRB,2018-06-08,0,0
MRB,2018-06-09,0.030199999999999998,0.7670799999999999
MRB,2018-06-10,0.2202,5.59308
MRB,2018-06-11,1.2706,32.273239999999994
MRB,2018-06-12,0,0
MRB,2018-06-13,0.0403,1.02362
MRB,2018-06-14,1e-4,0.00254
MRB,2018-06-15,0,0
MRB,2018-06-16,0,0
MRB,2018-06-17,0,0
MRB,2018-06-18,0,0
MRB,2018-06-19,0.6203000000000001,15.75562
MRB,2018-06-20,1.8603,47.251619999999996
MRB,2018-06-21,0.0404,1.02616
MRB,2018-06-22,1.8108,45.994319999999995
MRB,2018-06-23,1.1714,29.753559999999997
MRB,2018-06-24,0,0
MRB,2018-06-25,0,0
MRB,2018-06-26,0,0
MRB,2018-06-27,0.2407,6.113779999999999
MRB,2018-06-28,0.0204,0.51816
MRB,2018-06-29,0,0
MRB,2018-06-30,0,0
MRB,2018-07-01,0,0
MRB,2018-07-02,0,0
MRB,2018-07-03,0,0
MRB,2018-07-04,0.1902,4.83108
MRB,2018-07-05,0,0
MRB,2018-07-06,0.0103,0.26161999999999996
MRB,2018-07-07,0,0
MRB,2018-07-08,0,0
MRB,2018-07-09,0,0
MRB,2018-07-10,0,0
MRB,2018-07-11,0,0
MRB,2018-07-12,0,0
MRB,2018-07-13,0,0
MRB,2018-07-14,0,0
MRB,2018-07-15,0.42,10.668
MRB,2018-07-16,0,0
MRB,2018-07-17,0.0905,2.2986999999999997
MRB,2018-07-18,2.42,61.467999999999996
MRB,2018-07-19,0,0
MRB,2018-07-20,0,0
MRB,2018-07-21,2.52,64.008
MRB,2018-07-22,0.4104,10.424159999999999
MRB,2018-07-23,2.781,70.6374
MRB,2018-07-24,2.8411,72.16394
MRB,2018-07-25,6.7908,172.48631999999998
MRB,2018-07-26,0,0
MRB,2018-07-27,0.2401,6.09854
MRB,2018-07-28,0,0
MRB,2018-07-29,0,0
MRB,2018-07-30,1.66,42.163999999999994
MRB,2018-07-31,0.0507,1.28778
MRB,2018-08-01,1.5109,38.37685999999999
MRB,2018-08-02,2.2704,57.66815999999999
MRB,2018-08-03,3.6009,91.46286
MRB,2018-08-04,0.4801,12.19454
MRB,2018-08-05,0,0
MRB,2018-08-06,0,0
MRB,2018-08-07,0.0204,0.51816
MRB,2018-08-08,0.0303,0.76962
MRB,2018-08-09,0.0103,0.26161999999999996
MRB,2018-08-10,0,0
MRB,2018-08-11,0.9802,24.89708
MRB,2018-08-12,0.0304,0.77216
MRB,2018-08-13,0.0304,0.77216
MRB,2018-08-14,0.20020000000000002,5.0850800000000005
MRB,2018-08-15,0.0202,0.51308
MRB,2018-08-16,0,0
MRB,2018-08-17,2.5105,63.76669999999999
MRB,2018-08-18,0.3301,8.38454
MRB,2018-08-19,0,0
MRB,2018-08-20,0,0
MRB,2018-08-21,4.8505,123.2027
MRB,2018-08-22,1.6199999999999999,41.147999999999996
MRB,2018-08-23,0,0
MRB,2018-08-24,0,0
MRB,2018-08-25,0,0
MRB,2018-08-26,0,0
MRB,2018-08-27,0.0101,0.25654
MRB,2018-08-28,0,0
MRB,2018-08-29,0,0
MRB,2018-08-30,0,0
MRB,2018-08-31,0.9300999999999999,23.624539999999996
MRB,2018-09-01,0.5805,14.7447
MRB,2018-09-02,0,0
MRB,2018-09-03,0,0
MRB,2018-09-04,0,0
MRB,2018-09-05,0,0
MRB,2018-09-06,0,0
MRB,2018-09-07,0.42,10.668
MRB,2018-09-08,2.7405,69.6087
MRB,2018-09-09,6.01,152.654
MRB,2018-09-10,0.981,24.917399999999997
MRB,2018-09-11,0.0206,0.5232399999999999
MRB,2018-09-12,0,0
MRB,2018-09-13,1.3203,33.53562
MRB,2018-09-14,0.0508,1.29032
MRB,2018-09-15,0,0
MRB,2018-09-16,2e-4,0.00508
MRB,2018-09-17,0.6106,15.50924
MRB,2018-09-18,0.0905,2.2986999999999997
MRB,2018-09-19,0,0
MRB,2018-09-20,0,0
MRB,2018-09-21,0,0
MRB,2018-09-22,0.4302,10.92708
MRB,2018-09-23,0.9408000000000001,23.89632
MRB,2018-09-24,0.6915,17.5641
MRB,2018-09-25,1.0505,26.682699999999997
MRB,2018-09-26,0.43060000000000004,10.937240000000001
MRB,2018-09-27,1.3306,33.797239999999995
MRB,2018-09-28,1.9803,50.29962
MRB,2018-09-29,0,0
MRB,2018-09-30,0,0
MRB,2018-10-01,0,0
MRB,2018-10-02,3.0000000000000003e-4,0.00762
MRB,2018-10-03,2e-4,0.00508
MRB,2018-10-04,0,0
MRB,2018-10-05,0.1602,4.06908
MRB,2018-10-06,0,0
MRB,2018-10-07,0,0
MRB,2018-10-08,0,0
MRB,2018-10-09,0,0
MRB,2018-10-10,0,0
MRB,2018-10-11,2.1008,53.360319999999994
MRB,2018-10-12,0,0
MRB,2018-10-13,0.1403,3.56362
MRB,2018-10-14,0.04,1.016
MRB,2018-10-15,0.1103,2.8016199999999998
MRB,2018-10-16,2e-4,0.00508
MRB,2018-10-17,1e-4,0.00254
MRB,2018-10-18,0,0
MRB,2018-10-19,0,0
MRB,2018-10-20,0.0104,0.26415999999999995
MRB,2018-10-21,0.0804,2.04216
MRB,2018-10-22,0,0
MRB,2018-10-23,0,0
MRB,2018-10-24,0,0
MRB,2018-10-25,0,0
MRB,2018-10-26,0.060700000000000004,1.54178
MRB,2018-10-27,1.9203000000000001,48.77562
MRB,2018-10-28,0.0105,0.2667
MRB,2018-10-29,0.0202,0.51308
MRB,2018-10-30,0,0
MRB,2018-10-31,0,0
MRB,2018-11-01,0,0
MRB,2018-11-02,2.4001,60.96254
MRB,2018-11-03,0.13040000000000002,3.3121600000000004
MRB,2018-11-04,0,0
MRB,2018-11-05,1.8605,47.256699999999995
MRB,2018-11-06,1.4806,37.60724
MRB,2018-11-07,0,0
MRB,2018-11-08,0,0
MRB,2018-11-09,1.4609,37.10686
MRB,2018-11-10,0.0501,1.27254
MRB,2018-11-11,0,0
MRB,2018-11-12,0.0601,1.52654
MRB,2018-11-13,1.1201,28.45054
MRB,2018-11-14,0,0
MRB,2018-11-15,0.0025,0.0635
MRB,2018-11-16,1e-4,0.00254
MRB,2018-11-17,0,0
MRB,2018-11-18,0,0
MRB,2018-11-19,0,0
MRB,2018-11-20,0.0104,0.26415999999999995
MRB,2018-11-21,0,0
MRB,2018-11-22,0,0
MRB,2018-11-23,0,0
MRB,2018-11-24,2.3103,58.68161999999999
MRB,2018-11-25,0,0
MRB,2018-11-26,0.0103,0.26161999999999996
MRB,2018-11-27,0,0
MRB,2018-11-28,0,0
MRB,2018-11-29,0,0
MRB,2018-11-30,3.0000000000000003e-4,0.00762
MRB,2018-12-01,0.5204,13.21816
MRB,2018-12-02,0.1703,4.32562
MRB,2018-12-03,0,0
MRB,2018-12-04,0,0
MRB,2018-12-05,2e-4,0.00508
MRB,2018-12-06,0,0
MRB,2018-12-07,2e-4,0.00508
MRB,2018-12-08,0,0
MRB,2018-12-09,0,0
MRB,2018-12-10,0,0
MRB,2018-12-11,0,0
MRB,2018-12-12,0,0
MRB,2018-12-13,0,0
MRB,2018-12-14,0.0702,1.7830799999999998
MRB,2018-12-15,2.6303,66.80962
MRB,2018-12-16,2.0602,52.32908
MRB,2018-12-17,0,0
MRB,2018-12-18,0,0
MRB,2018-12-19,0,0
MRB,2018-12-20,0.3101,7.876539999999999
MRB,2018-12-21,1.0314,26.19756
MRB,2018-12-22,0.0604,1.53416
MRB,2018-12-23,0,0
MRB,2018-12-24,0.1801,4.57454
MRB,2018-12-25,0,0
MRB,2018-12-26,0,0
MRB,2018-12-27,0,0
MRB,2018-12-28,2.4505,62.24269999999999
MRB,2018-12-29,0,0
MRB,2018-12-30,0,0
MRB,2018-12-31,1.1601,29.466539999999995
MRB,2019-01-01,0.1101,2.79654
MRB,2019-01-02,0,0
MRB,2019-01-03,0,0
MRB,2019-01-04,2e-4,0.00508
MRB,2019-01-05,1.0207,25.925779999999996
MRB,2019-01-06,0,0
MRB,2019-01-07,0,0
MRB,2019-01-08,0.020300000000000002,0.5156200000000001
MRB,2019-01-09,0.0509,1.29286
MRB,2019-01-10,0,0
MRB,2019-01-11,0,0
MRB,2019-01-12,0.0015,0.0381
MRB,2019-01-13,0.007200000000000001,0.18288000000000001
MRB,2019-01-14,0.3328,8.453119999999998
MRB,2019-01-15,0,0
MRB,2019-01-16,0,0
MRB,2019-01-17,0.001,0.0254
MRB,2019-01-18,0.0023,0.05841999999999999
MRB,2019-01-19,0.1503,3.8176199999999993
MRB,2019-01-20,1.6603,42.17162
MRB,2019-01-21,1e-4,0.00254
MRB,2019-01-22,0,0
MRB,2019-01-23,0,0
MRB,2019-01-24,0.8608,21.86432
MRB,2019-01-25,0,0
MRB,2019-01-26,0,0
MRB,2019-01-27,0,0
MRB,2019-01-28,0,0
MRB,2019-01-29,0.0018000000000000002,0.045720000000000004
MRB,2019-01-30,0,0
MRB,2019-01-31,0,0
MRB,2019-02-01,0.0024000000000000002,0.06096
MRB,2019-02-02,0,0
MRB,2019-02-03,0,0
MRB,2019-02-04,0,0
MRB,2019-02-05,2e-4,0.00508
MRB,2019-02-06,0.1202,3.05308
MRB,2019-02-07,0.1108,2.81432
MRB,2019-02-08,0.2301,5.844539999999999
MRB,2019-02-09,0,0
MRB,2019-02-10,0,0
MRB,2019-02-11,0.5142,13.06068
MRB,2019-02-12,2.8509,72.41286
MRB,2019-02-13,0.2402,6.10108
MRB,2019-02-14,0,0
MRB,2019-02-15,0,0
MRB,2019-02-16,0,0
MRB,2019-02-17,0.030100000000000002,0.76454
MRB,2019-02-18,0.1602,4.06908
MRB,2019-02-19,0,0
MRB,2019-02-20,0.0037,0.09398
MRB,2019-02-21,0.0118,0.29972
MRB,2019-02-22,0,0
MRB,2019-02-23,0.0102,0.25908
MRB,2019-02-24,1.4703,37.34562
MRB,2019-02-25,0,0
MRB,2019-02-26,0,0
MRB,2019-02-27,0,0
MRB,2019-02-28,0,0
MRB,2019-03-01,0.0645,1.6382999999999999
MRB,2019-03-02,0.1307,3.31978
MRB,2019-03-03,0.082,2.0827999999999998
MRB,2019-03-04,0.0011,0.02794
MRB,2019-03-05,0,0
MRB,2019-03-06,1e-4,0.00254
MRB,2019-03-07,0,0
MRB,2019-03-08,0.012,0.3048
MRB,2019-03-09,4e-4,0.01016
MRB,2019-03-10,1.0602,26.92908
MRB,2019-03-11,0,0
MRB,2019-03-12,0,0
MRB,2019-03-13,0,0
MRB,2019-03-14,0,0
MRB,2019-03-15,0,0
MRB,2019-03-16,3.0000000000000003e-4,0.00762
MRB,2019-03-17,0,0
MRB,2019-03-18,0,0
MRB,2019-03-19,0,0
MRB,2019-03-20,0,0
MRB,2019-03-21,2.5803000000000003,65.53962
MRB,2019-03-22,0.4305,10.9347
MRB,2019-03-23,0,0
MRB,2019-03-24,0,0
MRB,2019-03-25,0.1203,3.05562
MRB,2019-03-26,2e-4,0.00508
MRB,2019-03-27,0,0
MRB,2019-03-28,0,0
MRB,2019-03-29,0.0501,1.27254
MRB,2019-03-30,2e-4,0.00508
MRB,2019-03-31,6.000000000000001e-4,0.01524
MRB,2019-04-01,0,0
MRB,2019-04-02,0,0
MRB,2019-04-03,0,0
MRB,2019-04-04,0,0
MRB,2019-04-05,0.8703,22.10562
MRB,2019-04-06,0.050300000000000004,1.27762
MRB,2019-04-07,1e-4,0.00254
MRB,2019-04-08,0.0804,2.04216
MRB,2019-04-09,0,0
MRB,2019-04-10,0,0
MRB,2019-04-11,0,0
MRB,2019-04-12,0.2702,6.863079999999999
MRB,2019-04-13,1.0908,27.706319999999998
MRB,2019-04-14,0.3203,8.13562
MRB,2019-04-15,0.2202,5.59308
MRB,2019-04-16,0,0
MRB,2019-04-17,0,0
MRB,2019-04-18,0,0
MRB,2019-04-19,5.08,129.03199999999998
MRB,2019-04-20,0.2,5.08
MRB,2019-04-21,3.0000000000000003e-4,0.00762
MRB,2019-04-22,0.01,0.254
MRB,2019-04-23,0,0
MRB,2019-04-24,3.0000000000000003e-4,0.00762
MRB,2019-04-25,6.000000000000001e-4,0.01524
MRB,2019-04-26,0.4308,10.94232
MRB,2019-04-27,0.0101,0.25654
MRB,2019-04-28,0.1306,3.3172399999999995
MRB,2019-04-29,0,0
MRB,2019-04-30,2e-4,0.00508
MRB,2019-05-01,0,0
MRB,2019-05-02,0,0
MRB,2019-05-03,1.3209,33.55086
MRB,2019-05-04,5.0002,127.00508
MRB,2019-05-05,4.3512,110.52048
MRB,2019-05-06,0.0502,1.27508
MRB,2019-05-07,0,0
MRB,2019-05-08,0,0
MRB,2019-05-09,0,0
MRB,2019-05-10,4e-4,0.01016
MRB,2019-05-11,2e-4,0.00508
MRB,2019-05-12,1.8913,48.039019999999994
MRB,2019-05-13,0.9911,25.173939999999998
MRB,2019-05-14,1e-4,0.00254
MRB,2019-05-15,0,0
MRB,2019-05-16,0.0201,0.51054
MRB,2019-05-17,0,0
MRB,2019-05-18,2e-4,0.00508
MRB,2019-05-19,0,0
MRB,2019-05-20,0.3504,8.90016
MRB,2019-05-21,0,0
MRB,2019-05-22,0,0
MRB,2019-05-23,0.06,1.5239999999999998
MRB,2019-05-24,0,0
MRB,2019-05-25,1.2704,32.268159999999995
MRB,2019-05-26,0.0201,0.51054
MRB,2019-05-27,0.08020000000000001,2.03708
MRB,2019-05-28,0.0302,0.76708
MRB,2019-05-29,0,0
MRB,2019-05-30,0.1502,3.8150799999999996
MRB,2019-05-31,2e-4,0.00508
MRB,2019-06-01,0,0
MRB,2019-06-02,1.5904,40.39616
MRB,2019-06-03,0,0
MRB,2019-06-04,0,0
MRB,2019-06-05,0.020300000000000002,0.5156200000000001
MRB,2019-06-06,0.01,0.254
MRB,2019-06-07,0,0
MRB,2019-06-08,0,0
MRB,2019-06-09,0.3504,8.90016
MRB,2019-06-10,0.2817,7.15518
MRB,2019-06-11,0.3004,7.630159999999999
MRB,2019-06-12,0,0
MRB,2019-06-13,3.6113999999999997,91.72955999999999
MRB,2019-06-14,0,0
MRB,2019-06-15,0,0
MRB,2019-06-16,3.0000000000000003e-4,0.00762
MRB,2019-06-17,2e-4,0.00508
MRB,2019-06-18,6.000000000000001e-4,0.01524
MRB,2019-06-19,0.0404,1.02616
MRB,2019-06-20,0,0
MRB,2019-06-21,2e-4,0.00508
MRB,2019-06-22,0,0
MRB,2019-06-23,0,0
MRB,2019-06-24,0.1601,4.06654
MRB,2019-06-25,0.42019999999999996,10.673079999999999
MRB,2019-06-26,0,0
MRB,2019-06-27,2.3102,58.67908
MRB,2019-06-28,4e-4,0.01016
MRB,2019-06-29,2e-4,0.00508
MRB,2019-06-30,0.2111,5.36194
MRB,2019-07-01,0,0
MRB,2019-07-02,0,0
MRB,2019-07-03,1e-4,0.00254
MRB,2019-07-04,9.000000000000001e-4,0.022860000000000002
MRB,2019-07-05,0.0012000000000000001,0.03048
MRB,2019-07-06,0.0103,0.26161999999999996
MRB,2019-07-07,0,0
MRB,2019-07-08,0.1412,3.5864799999999994
MRB,2019-07-09,0,0
MRB,2019-07-10,0,0
MRB,2019-07-11,1.2903,32.77362
MRB,2019-07-12,0,0
MRB,2019-07-13,0,0
MRB,2019-07-14,0,0
MRB,2019-07-15,0,0
MRB,2019-07-16,2e-4,0.00508
MRB,2019-07-17,0.18059999999999998,4.5872399999999995
MRB,2019-07-18,2e-4,0.00508
MRB,2019-07-19,0,0
MRB,2019-07-20,0,0
MRB,2019-07-21,0.0901,2.28854
MRB,2019-07-22,0.2116,5.37464
MRB,2019-07-23,5.3804,136.66216
MRB,2019-07-24,0,0
MRB,2019-07-25,0,0
MRB,2019-07-26,0,0
MRB,2019-07-27,0,0
MRB,2019-07-28,0,0
MRB,2019-07-29,0,0
MRB,2019-07-30,1e-4,0.00254
MRB,2019-07-31,3.0000000000000003e-4,0.00762
MRB,2019-08-01,0,0
MRB,2019-08-02,1e-4,0.00254
MRB,2019-08-03,0.9503,24.13762
MRB,2019-08-04,0,0
MRB,2019-08-05,0,0
MRB,2019-08-06,6.000000000000001e-4,0.01524
MRB,2019-08-07,0,0
MRB,2019-08-08,0,0
MRB,2019-08-09,0,0
MRB,2019-08-10,0,0
MRB,2019-08-11,0,0
MRB,2019-08-12,0,0
MRB,2019-08-13,0.030600000000000002,0.77724
MRB,2019-08-14,0,0
MRB,2019-08-15,8e-4,0.02032
MRB,2019-08-16,1e-4,0.00254
MRB,2019-08-17,1e-4,0.00254
MRB,2019-08-18,4e-4,0.01016
MRB,2019-08-19,0,0
MRB,2019-08-20,0,0
MRB,2019-08-21,5e-4,0.0127
MRB,2019-08-22,4e-4,0.01016
MRB,2019-08-23,0.002,0.0508
MRB,2019-08-24,0,0
MRB,2019-08-25,0,0
MRB,2019-08-26,0,0
MRB,2019-08-27,5e-4,0.0127
MRB,2019-08-28,0.04,1.016
MRB,2019-08-29,0,0
MRB,2019-08-30,0,0
MRB,2019-08-31,0,0
MRB,2019-09-01,0,0
MRB,2019-09-02,0,0
MRB,2019-09-03,0,0
MRB,2019-09-04,0,0
MRB,2019-09-05,0,0
MRB,2019-09-06,0,0
MRB,2019-09-07,0,0
MRB,2019-09-08,0,0
MRB,2019-09-09,0,0
MRB,2019-09-10,0,0
MRB,2019-09-11,0.48,12.191999999999998
MRB,2019-09-12,1e-4,0.00254
MRB,2019-09-13,0.0711,1.8059399999999999
MRB,2019-09-14,0.01,0.254
MRB,2019-09-15,0,0
MRB,2019-09-16,0,0
MRB,2019-09-17,0,0
MRB,2019-09-18,0,0
MRB,2019-09-19,0,0
MRB,2019-09-20,0,0
MRB,2019-09-21,1.4000000000000001,35.56
MRB,2019-09-22,0.09,2.2859999999999996
MRB,2019-09-23,0.1401,3.55854
MRB,2019-09-24,0,0
MRB,2019-09-25,0,0
MRB,2019-09-26,2e-4,0.00508
MRB,2019-09-27,0,0
MRB,2019-09-28,0,0
MRB,2019-09-29,0,0
MRB,2019-09-30,0.8907,22.62378
MRB,2019-10-01,0,0
MRB,2019-10-02,0,0
MRB,2019-10-03,0,0
MRB,2019-10-04,5e-4,0.0127
MRB,2019-10-05,0,0
MRB,2019-10-06,0.6103000000000001,15.50162
MRB,2019-10-07,1.4604000000000001,37.09416
MRB,2019-10-08,0.5812,14.76248
MRB,2019-10-09,0.1605,4.0767
MRB,2019-10-10,0,0
MRB,2019-10-11,0,0
MRB,2019-10-12,3.0000000000000003e-4,0.00762
MRB,2019-10-13,0,0
MRB,2019-10-14,0,0
MRB,2019-10-15,0,0
MRB,2019-10-16,0.9802,24.89708
MRB,2019-10-17,0,0
MRB,2019-10-18,0,0
MRB,2019-10-19,0,0
MRB,2019-10-20,0.2616,6.64464
MRB,2019-10-21,1e-4,0.00254
MRB,2019-10-22,2.3404,59.44615999999999
MRB,2019-10-23,0,0
MRB,2019-10-24,0,0
MRB,2019-10-25,0,0
MRB,2019-10-26,5e-4,0.0127
MRB,2019-10-27,2.0704000000000002,52.58816
MRB,2019-10-28,0,0
MRB,2019-10-29,0,0
MRB,2019-10-30,0.3402,8.641079999999999
MRB,2019-10-31,2.8308,71.90231999999999
MRB,2019-11-01,0.4802,12.19708
MRB,2019-11-02,0,0
MRB,2019-11-03,0,0
MRB,2019-11-04,0,0
MRB,2019-11-05,0,0
MRB,2019-11-06,0,0
MRB,2019-11-07,0.2304,5.85216
MRB,2019-11-08,3.0000000000000003e-4,0.00762
MRB,2019-11-09,0,0
MRB,2019-11-10,0,0
MRB,2019-11-11,0,0
MRB,2019-11-12,0.0405,1.0287
MRB,2019-11-13,3.0000000000000003e-4,0.00762
MRB,2019-11-14,0,0
MRB,2019-11-15,0,0
MRB,2019-11-16,0,0
MRB,2019-11-17,0,0
MRB,2019-11-18,0.0101,0.25654
MRB,2019-11-19,0,0
MRB,2019-11-20,0,0
MRB,2019-11-21,0,0
MRB,2019-11-22,3.0000000000000003e-4,0.00762
MRB,2019-11-23,0.0202,0.51308
MRB,2019-11-24,0.7007,17.79778
MRB,2019-11-25,0,0
MRB,2019-11-26,0,0
MRB,2019-11-27,2e-4,0.00508
MRB,2019-11-28,0,0
MRB,2019-11-29,0,0
MRB,2019-11-30,0,0
MRB,2019-12-01,0.9206,23.383239999999997
MRB,2019-12-02,0.0316,0.80264
MRB,2019-12-03,0,0
MRB,2019-12-04,0.0303,0.76962
MRB,2019-12-05,3.0000000000000003e-4,0.00762
MRB,2019-12-06,1e-4,0.00254
MRB,2019-12-07,0,0
MRB,2019-12-08,0,0
MRB,2019-12-09,0.24080000000000001,6.11632
MRB,2019-12-10,0.2106,5.34924
MRB,2019-12-11,0.0804,2.04216
MRB,2019-12-12,0,0
MRB,2019-12-13,0.3805,9.6647
MRB,2019-12-14,0.9904000000000001,25.15616
MRB,2019-12-15,0,0
MRB,2019-12-16,0.9031,22.93874
MRB,2019-12-17,1.4309,36.34486
MRB,2019-12-18,2e-4,0.00508
MRB,2019-12-19,1e-4,0.00254
MRB,2019-12-20,0,0
MRB,2019-12-21,0,0
MRB,2019-12-22,0,0
MRB,2019-12-23,0,0
MRB,2019-12-24,0,0
MRB,2019-12-25,0,0
MRB,2019-12-26,0,0
MRB,2019-12-27,0,0
MRB,2019-12-28,0,0
MRB,2019-12-29,0.8708,22.11832
MRB,2019-12-30,0.13169999999999998,3.3451799999999996
MRB,2019-12-31,0,0
MRB,2020-01-01,0.0101,0.25654
MRB,2020-01-02,0,0
MRB,2020-01-03,0.1519,3.85826
MRB,2020-01-04,0.1519,3.85826
MRB,2020-01-05,2e-4,0.00508
MRB,2020-01-06,0,0
MRB,2020-01-07,0.0222,0.56388
MRB,2020-01-08,0,0
MRB,2020-01-09,0,0
MRB,2020-01-10,0,0
MRB,2020-01-11,0,0
MRB,2020-01-12,1.6602,42.169079999999994
MRB,2020-01-13,0,0
MRB,2020-01-14,0.1106,2.80924
MRB,2020-01-15,2e-4,0.00508
MRB,2020-01-16,2e-4,0.00508
MRB,2020-01-17,0,0
MRB,2020-01-18,3.0000000000000003e-4,0.00762
MRB,2020-01-19,0.0205,0.5206999999999999
MRB,2020-01-20,0,0
MRB,2020-01-21,0,0
MRB,2020-01-22,0,0
MRB,2020-01-23,0,0
MRB,2020-01-24,7e-4,0.017779999999999997
MRB,2020-01-25,2.6903,68.33362
MRB,2020-01-26,0,0
MRB,2020-01-27,0,0
MRB,2020-01-28,0,0
MRB,2020-01-29,0,0
MRB,2020-01-30,0,0
MRB,2020-01-31,2e-4,0.00508
MRB,2020-02-01,0.0904,2.2961599999999995
MRB,2020-02-02,7e-4,0.017779999999999997
MRB,2020-02-03,0,0
MRB,2020-02-04,1e-4,0.00254
MRB,2020-02-05,0.1008,2.56032
MRB,2020-02-06,0.801,20.3454
MRB,2020-02-07,1.7214,43.72356
MRB,2020-02-08,0.0011,0.02794
MRB,2020-02-09,1e-4,0.00254
MRB,2020-02-10,0.1108,2.81432
MRB,2020-02-11,0.2603,6.611619999999999
MRB,2020-02-12,0.07010000000000001,1.7805400000000002
MRB,2020-02-13,0.1305,3.3146999999999998
MRB,2020-02-14,0,0
MRB,2020-02-15,0,0
MRB,2020-02-16,0,0
MRB,2020-02-17,0,0
MRB,2020-02-18,1e-4,0.00254
MRB,2020-02-19,1e-4,0.00254
MRB,2020-02-20,0,0
MRB,2020-02-21,0,0
MRB,2020-02-22,0,0
MRB,2020-02-23,0,0
MRB,2020-02-24,0,0
MRB,2020-02-25,0.1007,2.5577799999999997
MRB,2020-02-26,0,0
MRB,2020-02-27,0.5706,14.493239999999998
MRB,2020-02-28,0,0
MRB,2020-02-29,0,0
MRB,2020-03-01,0,0
MRB,2020-03-02,3.0000000000000003e-4,0.00762
MRB,2020-03-03,0.9206,23.383239999999997
MRB,2020-03-04,0.0403,1.02362
MRB,2020-03-05,0,0
MRB,2020-03-06,0.0102,0.25908
MRB,2020-03-07,0,0
MRB,2020-03-08,0,0
MRB,2020-03-09,0,0
MRB,2020-03-10,0.0305,0.7746999999999999
MRB,2020-03-11,0.05,1.27
MRB,2020-03-12,0,0
MRB,2020-03-13,0.38,9.652
MRB,2020-03-14,0.030100000000000002,0.76454
MRB,2020-03-15,0.3802,9.657079999999999
MRB,2020-03-16,0,0
MRB,2020-03-17,0.0101,0.25654
MRB,2020-03-18,0.0301,0.7645399999999999
MRB,2020-03-19,0.5805,14.7447
MRB,2020-03-20,0.02,0.508
MRB,2020-03-21,0,0
MRB,2020-03-22,0,0
MRB,2020-03-23,0.0714,1.81356
MRB,2020-03-24,0,0
MRB,2020-03-25,0.7003,17.78762
MRB,2020-03-26,0,0
MRB,2020-03-27,0.0104,0.26415999999999995
MRB,2020-03-28,1.581,40.157399999999996
MRB,2020-03-29,0.0702,1.7830799999999998
MRB,2020-03-30,0,0
MRB,2020-03-31,0,0
MRB,2020-04-01,0.4504,11.44016
MRB,2020-04-02,0,0
MRB,2020-04-03,0,0
MRB,2020-04-04,0,0
MRB,2020-04-05,1e-4,0.00254
MRB,2020-04-06,2e-4,0.00508
MRB,2020-04-07,0.2006,5.0952399999999995
MRB,2020-04-08,0.19010000000000002,4.82854
MRB,2020-04-09,0.5506,13.98524
MRB,2020-04-10,0.10010000000000001,2.5425400000000002
MRB,2020-04-11,0,0
MRB,2020-04-12,3.0000000000000003e-4,0.00762
MRB,2020-04-13,1.311,33.2994
MRB,2020-04-14,0.0102,0.25908
MRB,2020-04-15,0.18030000000000002,4.57962
MRB,2020-04-16,0,0
MRB,2020-04-17,1e-4,0.00254
MRB,2020-04-18,0.1104,2.80416
MRB,2020-04-19,0,0
MRB,2020-04-20,0,0
MRB,2020-04-21,4e-4,0.01016
MRB,2020-04-22,0,0
MRB,2020-04-23,0.2901,7.36854
MRB,2020-04-24,0.6011,15.267939999999998
MRB,2020-04-25,0,0
MRB,2020-04-26,1.1217,28.491179999999996
MRB,2020-04-27,0.1108,2.81432
MRB,2020-04-28,0.1902,4.83108
MRB,2020-04-29,1e-4,0.00254
MRB,2020-04-30,2.1409,54.37885999999999
MRB,2020-05-01,0.03,0.7619999999999999
MRB,2020-05-02,0,0
MRB,2020-05-03,2e-4,0.00508
MRB,2020-05-04,0.6901,17.52854
MRB,2020-05-05,2e-4,0.00508
MRB,2020-05-06,0.721,18.313399999999998
MRB,2020-05-07,0.0103,0.26161999999999996
MRB,2020-05-08,1.5402,39.12108
MRB,2020-05-09,3.0000000000000003e-4,0.00762
MRB,2020-05-10,0,0
MRB,2020-05-11,7e-4,0.017779999999999997
MRB,2020-05-12,0,0
MRB,2020-05-13,0,0
MRB,2020-05-14,0.01,0.254
MRB,2020-05-15,0.02,0.508
MRB,2020-05-16,0,0
MRB,2020-05-17,0.2301,5.844539999999999
MRB,2020-05-18,0,0
MRB,2020-05-19,0,0
MRB,2020-05-20,0,0
MRB,2020-05-21,0,0
MRB,2020-05-22,1.0605,26.9367
MRB,2020-05-23,0.1706,4.33324
MRB,2020-05-24,0,0
MRB,2020-05-25,0,0
MRB,2020-05-26,0,0
MRB,2020-05-27,0,0
MRB,2020-05-28,0.191,4.8514
MRB,2020-05-29,0.09,2.2859999999999996
MRB,2020-05-30,0,0
MRB,2020-05-31,0,0
MRB,2020-06-01,0,0
MRB,2020-06-02,4e-4,0.01016
MRB,2020-06-03,0,0
MRB,2020-06-04,3.0000000000000003e-4,0.00762
MRB,2020-06-05,0.8605,21.8567
MRB,2020-06-06,0,0
MRB,2020-06-07,0.0101,0.25654
MRB,2020-06-08,0,0
MRB,2020-06-09,0,0
MRB,2020-06-10,3.0000000000000003e-4,0.00762
MRB,2020-06-11,0.1203,3.05562
MRB,2020-06-12,0,0
MRB,2020-06-13,0,0
MRB,2020-06-14,0.0103,0.26161999999999996
MRB,2020-06-15,0,0
MRB,2020-06-16,0,0
MRB,2020-06-17,0.3201,8.13054
MRB,2020-06-18,0.6706,17.03324
MRB,2020-06-19,2e-4,0.00508
MRB,2020-06-20,0.65,16.509999999999998
MRB,2020-06-21,0,0
MRB,2020-06-22,4e-4,0.01016
MRB,2020-06-23,3.6502,92.71507999999999
MRB,2020-06-24,3.0000999999999998,76.20253999999998
MRB,2020-06-25,1.04,26.416
MRB,2020-06-26,0.44,11.176
MRB,2020-06-27,0,0
MRB,2020-06-28,2e-4,0.00508
MRB,2020-06-29,0,0
MRB,2020-06-30,0,0
MRB,2020-07-01,0.84,21.336
MRB,2020-07-02,0,0
MRB,2020-07-03,0,0
MRB,2020-07-04,0,0
MRB,2020-07-05,0,0
MRB,2020-07-06,4e-4,0.01016
MRB,2020-07-07,0.03,0.7619999999999999
MRB,2020-07-08,0,0
MRB,2020-07-09,0,0
MRB,2020-07-10,0,0
MRB,2020-07-11,0.0304,0.77216
MRB,2020-07-12,0.15030000000000002,3.8176200000000002
MRB,2020-07-13,5e-4,0.0127
MRB,2020-07-14,0.01,0.254
MRB,2020-07-15,0,0
MRB,2020-07-16,0.030100000000000002,0.76454
MRB,2020-07-17,0.0104,0.26415999999999995
MRB,2020-07-18,0,0
MRB,2020-07-19,0,0
MRB,2020-07-20,0,0
MRB,2020-07-21,0.0803,2.0396199999999998
MRB,2020-07-22,0.5203000000000001,13.215620000000001
MRB,2020-07-23,2e-4,0.00508
MRB,2020-07-24,0.6704,17.02816
MRB,2020-07-25,1e-4,0.00254
MRB,2020-07-26,0,0
MRB,2020-07-27,0,0
MRB,2020-07-28,0,0
MRB,2020-07-29,0,0
MRB,2020-07-30,1e-4,0.00254
MRB,2020-07-31,0.42110000000000003,10.69594
MRB,2020-08-01,0.0102,0.25908
MRB,2020-08-02,4e-4,0.01016
MRB,2020-08-03,0.08020000000000001,2.03708
MRB,2020-08-04,1.1405,28.968700000000002
MRB,2020-08-05,0,0
MRB,2020-08-06,0.0304,0.77216
MRB,2020-08-07,0.2505,6.362699999999999
MRB,2020-08-08,2e-4,0.00508
MRB,2020-08-09,0,0
MRB,2020-08-10,0,0
MRB,2020-08-11,1e-4,0.00254
MRB,2020-08-12,0.9501000000000001,24.13254
MRB,2020-08-13,0.1907,4.84378
MRB,2020-08-14,0,0
MRB,2020-08-15,0.0911,2.3139399999999997
MRB,2020-08-16,0.2106,5.34924
MRB,2020-08-17,0,0
MRB,2020-08-18,0,0
MRB,2020-08-19,1e-4,0.00254
MRB,2020-08-20,0,0
MRB,2020-08-21,0,0
MRB,2020-08-22,0.49060000000000004,12.46124
MRB,2020-08-23,0.22000000000000003,5.588
MRB,2020-08-24,0.08020000000000001,2.03708
MRB,2020-08-25,0.1003,2.5476199999999998
MRB,2020-08-26,0,0
MRB,2020-08-27,0,0
MRB,2020-08-28,0.0204,0.51816
MRB,2020-08-29,0.9814,24.92756
MRB,2020-08-30,0,0
MRB,2020-08-31,1.8002,45.72508
MRB,2020-09-01,0.08070000000000001,2.04978
MRB,2020-09-02,0.2604,6.61416
MRB,2020-09-03,0.2804,7.122159999999999
MRB,2020-09-04,2e-4,0.00508
MRB,2020-09-05,0,0
MRB,2020-09-06,0,0
MRB,2020-09-07,0,0
MRB,2020-09-08,0,0
MRB,2020-09-09,0,0
MRB,2020-09-10,0.321,8.1534
MRB,2020-09-11,0,0
MRB,2020-09-12,2e-4,0.00508
MRB,2020-09-13,5e-4,0.0127
MRB,2020-09-14,0,0
MRB,2020-09-15,0,0
MRB,2020-09-16,0,0
MRB,2020-09-17,0,0
MRB,2020-09-18,0,0
MRB,2020-09-19,0,0
MRB,2020-09-20,0,0
MRB,2020-09-21,0,0
MRB,2020-09-22,0,0
MRB,2020-09-23,0,0
MRB,2020-09-24,0,0
MRB,2020-09-25,0,0
MRB,2020-09-26,0.0402,1.02108
MRB,2020-09-27,0,0
MRB,2020-09-28,0,0
MRB,2020-09-29,1.4403,36.583619999999996
MRB,2020-09-30,0.5700000000000001,14.478000000000002
MRB,2020-10-01,0,0
MRB,2020-10-02,0.0103,0.26161999999999996
MRB,2020-10-03,1e-4,0.00254
MRB,2020-10-04,0,0
MRB,2020-10-05,0.0101,0.25654
MRB,2020-10-06,0,0
MRB,2020-10-07,0,0
MRB,2020-10-08,0,0
MRB,2020-10-09,0,0
MRB,2020-10-10,0,0
MRB,2020-10-11,0.3503,8.89762
MRB,2020-10-12,2.8804,73.16215999999999
MRB,2020-10-13,0.1201,3.05054
MRB,2020-10-14,0,0
MRB,2020-10-15,0,0
MRB,2020-10-16,0,0
MRB,2020-10-17,0,0
MRB,2020-10-18,0,0
MRB,2020-10-19,0,0
MRB,2020-10-20,0,0
MRB,2020-10-21,0,0
MRB,2020-10-22,0,0
MRB,2020-10-23,0,0
MRB,2020-10-24,0.0101,0.25654
MRB,2020-10-25,0.0913,2.31902
MRB,2020-10-26,0.02,0.508
MRB,2020-10-27,0,0
MRB,2020-10-28,0,0
MRB,2020-10-29,2.3009,58.442859999999996
MRB,2020-10-30,0.12090000000000001,3.07086
MRB,2020-10-31,0,0
MRB,2020-11-01,2e-4,0.00508
MRB,2020-11-02,0,0
MRB,2020-11-03,0,0
MRB,2020-11-04,0,0
MRB,2020-11-05,0,0
MRB,2020-11-06,0,0
MRB,2020-11-07,0,0
MRB,2020-11-08,0,0
MRB,2020-11-09,0,0
MRB,2020-11-10,0,0
MRB,2020-11-11,2.8807,73.16978
MRB,2020-11-12,0.522,13.258799999999999
MRB,2020-11-13,0,0
MRB,2020-11-14,0,0
MRB,2020-11-15,0.5102,12.959079999999998
MRB,2020-11-16,0,0
MRB,2020-11-17,3.0000000000000003e-4,0.00762
MRB,2020-11-18,1e-4,0.00254
MRB,2020-11-19,0,0
MRB,2020-11-20,0,0
MRB,2020-11-21,1e-4,0.00254
MRB,2020-11-22,0,0
MRB,2020-11-23,0.8403,21.34362
MRB,2020-11-24,0,0
MRB,2020-11-25,0,0
MRB,2020-11-26,6.000000000000001e-4,0.01524
MRB,2020-11-27,0,0
MRB,2020-11-28,0,0
MRB,2020-11-29,0,0
MRB,2020-11-30,2.02,51.308
MRB,2020-12-01,2e-4,0.00508
MRB,2020-12-02,0,0
MRB,2020-12-03,0,0
MRB,2020-12-04,0.2805,7.124700000000001
MRB,2020-12-05,0.5604,14.23416
MRB,2020-12-06,0,0
MRB,2020-12-07,0,0
MRB,2020-12-08,0,0
MRB,2020-12-09,0,0
MRB,2020-12-10,0,0
MRB,2020-12-11,0,0
MRB,2020-12-12,0,0
MRB,2020-12-13,0,0
MRB,2020-12-14,1.4802,37.59708
MRB,2020-12-15,0,0
MRB,2020-12-16,0.0031000000000000003,0.07874
MRB,2020-12-17,0,0
MRB,2020-12-18,0.001,0.0254
MRB,2020-12-19,0,0
MRB,2020-12-20,0,0
MRB,2020-12-21,0,0
MRB,2020-12-22,0.040799999999999996,1.03632
MRB,2020-12-23,0,0
MRB,2020-12-24,0.0107,0.27177999999999997
MRB,2020-12-25,0,0
MRB,2020-12-26,0,0
MRB,2020-12-27,0,0
MRB,2020-12-28,0,0
MRB,2020-12-29,0,0
MRB,2020-12-30,0,0
MRB,2020-12-31,0.0204,0.51816
MRB,2021-01-01,2.0802,52.83708
MRB,2021-01-02,0.5029,12.77366
MRB,2021-01-03,0.3407,8.65378
MRB,2021-01-04,0,0
MRB,2021-01-05,0.1606,4.0792399999999995
MRB,2021-01-06,0,0
MRB,2021-01-07,0,0
MRB,2021-01-08,0,0
MRB,2021-01-09,0,0
MRB,2021-01-10,0,0
MRB,2021-01-11,0,0
MRB,2021-01-12,0,0
MRB,2021-01-13,0,0
MRB,2021-01-14,1e-4,0.00254
MRB,2021-01-15,0.13010000000000002,3.3045400000000003
MRB,2021-01-16,0.0304,0.77216
MRB,2021-01-17,0,0
MRB,2021-01-18,0,0
MRB,2021-01-19,0,0
MRB,2021-01-20,2e-4,0.00508
MRB,2021-01-21,0,0
MRB,2021-01-22,0,0
MRB,2021-01-23,1e-4,0.00254
MRB,2021-01-24,0,0
MRB,2021-01-25,0.0601,1.52654
MRB,2021-01-26,0.3905,9.9187
MRB,2021-01-27,0,0
MRB,2021-01-28,0,0
MRB,2021-01-29,2e-4,0.00508
MRB,2021-01-30,0,0
MRB,2021-01-31,0.9812000000000001,24.92248
MRB,2021-02-01,0.265,6.731
MRB,2021-02-02,0.0122,0.30988
MRB,2021-02-03,9.000000000000001e-4,0.022860000000000002
MRB,2021-02-04,0,0
MRB,2021-02-05,2e-4,0.00508
MRB,2021-02-06,0,0
MRB,2021-02-07,0.2813,7.14502
MRB,2021-02-08,0,0
MRB,2021-02-09,0,0
MRB,2021-02-10,0.0507,1.28778
MRB,2021-02-11,0.5922000000000001,15.04188
MRB,2021-02-12,0,0
MRB,2021-02-13,0.0407,1.03378
MRB,2021-02-14,0,0
MRB,2021-02-15,0.0106,0.26924
MRB,2021-02-16,0.6004,15.250160000000001
MRB,2021-02-17,0,0
MRB,2021-02-18,1.2015,30.518099999999997
MRB,2021-02-19,0.0319,0.8102599999999999
MRB,2021-02-20,4e-4,0.01016
MRB,2021-02-21,0,0
MRB,2021-02-22,0.391,9.9314
MRB,2021-02-23,0,0
MRB,2021-02-24,0,0
MRB,2021-02-25,0,0
MRB,2021-02-26,1e-4,0.00254
MRB,2021-02-27,0.4809,12.21486
MRB,2021-02-28,1.8307,46.499779999999994
MRB,2021-03-01,0.4603,11.691619999999999
MRB,2021-03-02,0,0
MRB,2021-03-03,0,0
MRB,2021-03-04,0,0
MRB,2021-03-05,0,0
MRB,2021-03-06,0,0
MRB,2021-03-07,0,0
MRB,2021-03-08,0,0
MRB,2021-03-09,0,0
MRB,2021-03-10,0,0
MRB,2021-03-11,2e-4,0.00508
MRB,2021-03-12,0.0104,0.26415999999999995
MRB,2021-03-13,0,0
MRB,2021-03-14,0,0
MRB,2021-03-15,0,0
MRB,2021-03-16,0.0103,0.26161999999999996
MRB,2021-03-17,0,0
MRB,2021-03-18,1.0905,27.6987
MRB,2021-03-19,0.0304,0.77216
MRB,2021-03-20,0,0
MRB,2021-03-21,0,0
MRB,2021-03-22,0,0
MRB,2021-03-23,0,0
MRB,2021-03-24,0.2202,5.59308
MRB,2021-03-25,2e-4,0.00508
MRB,2021-03-26,1e-4,0.00254
MRB,2021-03-27,0,0
MRB,2021-03-28,1.0506,26.685239999999997
MRB,2021-03-29,0,0
MRB,2021-03-30,0,0
MRB,2021-03-31,0.9902,25.151079999999997
MRB,2021-04-01,0.5707,14.495779999999998
MRB,2021-04-02,0,0
MRB,2021-04-03,0,0
MRB,2021-04-04,0,0
MRB,2021-04-05,0,0
MRB,2021-04-06,0,0
MRB,2021-04-07,0,0
MRB,2021-04-08,0,0
MRB,2021-04-09,0.5703,14.485619999999999
MRB,2021-04-10,0,0
MRB,2021-04-11,3.1701,80.52054
MRB,2021-04-12,0.1303,3.30962
MRB,2021-04-13,0.07,1.778
MRB,2021-04-14,0.1203,3.05562
MRB,2021-04-15,0.020300000000000002,0.5156200000000001
MRB,2021-04-16,0,0
MRB,2021-04-17,0,0
MRB,2021-04-18,0,0
MRB,2021-04-19,0,0
MRB,2021-04-20,0,0
MRB,2021-04-21,2e-4,0.00508
MRB,2021-04-22,0,0
MRB,2021-04-23,1e-4,0.00254
MRB,2021-04-24,0.0103,0.26161999999999996
MRB,2021-04-25,0.8604,21.85416
MRB,2021-04-26,0,0
MRB,2021-04-27,0,0
MRB,2021-04-28,0,0
MRB,2021-04-29,0.2104,5.34416
MRB,2021-04-30,0.0802,2.0370799999999996
MRB,2021-05-01,0,0
MRB,2021-05-02,0,0
MRB,2021-05-03,3.9104,99.32415999999999
MRB,2021-05-04,0.13040000000000002,3.3121600000000004
MRB,2021-05-05,0.6304,16.012159999999998
MRB,2021-05-06,0,0
MRB,2021-05-07,0.0104,0.26415999999999995
MRB,2021-05-08,0.3801,9.654539999999999
MRB,2021-05-09,0.0202,0.51308
MRB,2021-05-10,0.0104,0.26415999999999995
MRB,2021-05-11,0,0
MRB,2021-05-12,0,0
MRB,2021-05-13,0,0
MRB,2021-05-14,0,0
MRB,2021-05-15,0,0
MRB,2021-05-16,2e-4,0.00508
MRB,2021-05-17,0,0
MRB,2021-05-18,0,0
MRB,2021-05-19,0,0
MRB,2021-05-20,0,0
MRB,2021-05-21,0,0
MRB,2021-05-22,0,0
MRB,2021-05-23,0,0
MRB,2021-05-24,0.851,21.615399999999998
MRB,2021-05-25,2e-4,0.00508
MRB,2021-05-26,0.4101,10.41654
MRB,2021-05-27,1e-4,0.00254
MRB,2021-05-28,0.9003,22.86762
MRB,2021-05-29,0.4114,10.44956
MRB,2021-05-30,0.0103,0.26161999999999996
MRB,2021-05-31,0,0
MRB,2021-06-01,0,0
MRB,2021-06-02,0,0
MRB,2021-06-03,0.1106,2.80924
MRB,2021-06-04,0,0
MRB,2021-06-05,0,0
MRB,2021-06-06,0,0
MRB,2021-06-07,0,0
MRB,2021-06-08,1e-4,0.00254
MRB,2021-06-09,0.0105,0.2667
MRB,2021-06-10,3.0000000000000003e-4,0.00762
MRB,2021-06-11,1.9416000000000002,49.31664
MRB,2021-06-12,0.0404,1.02616
MRB,2021-06-13,2.6502,67.31508
MRB,2021-06-14,0,0
MRB,2021-06-15,0.1302,3.30708
MRB,2021-06-16,0,0
MRB,2021-06-17,0,0
MRB,2021-06-18,0,0
MRB,2021-06-19,0.0102,0.25908
MRB,2021-06-20,0,0
MRB,2021-06-21,3.7203,94.49561999999999
MRB,2021-06-22,1.7007,43.19778
MRB,2021-06-23,0,0
MRB,2021-06-24,0,0
MRB,2021-06-25,0,0
MRB,2021-06-26,0,0
MRB,2021-06-27,0,0
MRB,2021-06-28,0,0
MRB,2021-06-29,0,0
MRB,2021-06-30,0.7405,18.8087
MRB,2021-07-01,1.8208,46.24832
MRB,2021-07-02,0.1201,3.05054
MRB,2021-07-03,0,0
MRB,2021-07-04,0.54,13.716
MRB,2021-07-05,0,0
MRB,2021-07-06,0,0
MRB,2021-07-07,2e-4,0.00508
MRB,2021-07-08,0.0405,1.0287
MRB,2021-07-09,0.33,8.382
MRB,2021-07-10,0,0
MRB,2021-07-11,0.0701,1.7805399999999998
MRB,2021-07-12,0.0903,2.29362
MRB,2021-07-13,0,0
MRB,2021-07-14,0,0
MRB,2021-07-15,0,0
MRB,2021-07-16,0,0
MRB,2021-07-17,3.4003,86.36762
MRB,2021-07-18,0.0101,0.25654
MRB,2021-07-19,0,0
MRB,2021-07-20,0,0
MRB,2021-07-21,0.0502,1.27508
MRB,2021-07-22,0,0
MRB,2021-07-23,0,0
MRB,2021-07-24,0,0
MRB,2021-07-25,2e-4,0.00508
MRB,2021-07-26,0,0
MRB,2021-07-27,0,0
MRB,2021-07-28,0,0
MRB,2021-07-29,2e-4,0.00508
MRB,2021-07-30,0,0
MRB,2021-07-31,0,0
MRB,2021-08-01,0.0105,0.2667
MRB,2021-08-02,0.01,0.254
MRB,2021-08-03,0,0
MRB,2021-08-04,0,0
MRB,2021-08-05,0,0
MRB,2021-08-06,0,0
MRB,2021-08-07,0,0
MRB,2021-08-08,0,0
MRB,2021-08-09,1e-4,0.00254
MRB,2021-08-10,0.2804,7.122159999999999
MRB,2021-08-11,0.3102,7.879079999999999
MRB,2021-08-12,0,0
MRB,2021-08-13,0.1404,3.5661599999999996
MRB,2021-08-14,0.08020000000000001,2.03708
MRB,2021-08-15,1e-4,0.00254
MRB,2021-08-16,0.9903,25.153619999999997
MRB,2021-08-17,0.2809,7.134859999999999
MRB,2021-08-18,0.46040000000000003,11.69416
MRB,2021-08-19,0,0
MRB,2021-08-20,1.1208,28.46832
MRB,2021-08-21,0,0
MRB,2021-08-22,2e-4,0.00508
MRB,2021-08-23,1e-4,0.00254
MRB,2021-08-24,0,0
MRB,2021-08-25,4e-4,0.01016
MRB,2021-08-26,3.0000000000000003e-4,0.00762
MRB,2021-08-27,0,0
MRB,2021-08-28,11.270199999999999,286.26307999999995
MRB,2021-08-29,0.0206,0.5232399999999999
MRB,2021-08-30,1e-4,0.00254
MRB,2021-08-31,4e-4,0.01016
MRB,2021-09-01,6.6606000000000005,169.17924
MRB,2021-09-02,0,0
MRB,2021-09-03,0,0
MRB,2021-09-04,0,0
MRB,2021-09-05,0.0706,1.7932399999999997
MRB,2021-09-06,0.0205,0.5206999999999999
MRB,2021-09-07,0,0
MRB,2021-09-08,0,0
MRB,2021-09-09,0.6714,17.053559999999997
MRB,2021-09-10,0,0
MRB,2021-09-11,0,0
MRB,2021-09-12,0,0
MRB,2021-09-13,0,0
MRB,2021-09-14,0,0
MRB,2021-09-15,0.0801,2.03454
MRB,2021-09-16,0.7309,18.56486
MRB,2021-09-17,0,0
MRB,2021-09-18,2e-4,0.00508
MRB,2021-09-19,0,0
MRB,2021-09-20,0,0
MRB,2021-09-21,4e-4,0.01016
MRB,2021-09-22,0.6716,17.058639999999997
MRB,2021-09-23,6.2503,158.75762
MRB,2021-09-24,0,0
MRB,2021-09-25,0,0
MRB,2021-09-26,1e-4,0.00254
MRB,2021-09-27,0,0
MRB,2021-09-28,0.0204,0.51816
MRB,2021-09-29,0,0
MRB,2021-09-30,0,0
MRB,2021-10-01,0,0
MRB,2021-10-02,0,0
MRB,2021-10-03,2e-4,0.00508
MRB,2021-10-04,0.0405,1.0287
MRB,2021-10-05,1e-4,0.00254
MRB,2021-10-06,5e-4,0.0127
MRB,2021-10-07,0.05,1.27
MRB,2021-10-08,0,0
MRB,2021-10-09,0,0
MRB,2021-10-10,0.2208,5.60832
MRB,2021-10-11,4e-4,0.01016
MRB,2021-10-12,0,0
MRB,2021-10-13,0,0
MRB,2021-10-14,0,0
MRB,2021-10-15,0,0
MRB,2021-10-16,0.84,21.336
MRB,2021-10-17,0,0
MRB,2021-10-18,0,0
MRB,2021-10-19,0,0
MRB,2021-10-20,0,0
MRB,2021-10-21,0,0
MRB,2021-10-22,0.2701,6.860539999999999
MRB,2021-10-23,0.0104,0.26415999999999995
MRB,2021-10-24,1e-4,0.00254
MRB,2021-10-25,0.0402,1.02108
MRB,2021-10-26,0.0803,2.0396199999999998
MRB,2021-10-27,2e-4,0.00508
MRB,2021-10-28,0,0
MRB,2021-10-29,3.7811,96.03993999999999
MRB,2021-10-30,0.020900000000000002,0.53086
MRB,2021-10-31,4e-4,0.01016
MRB,2021-11-01,0,0
MRB,2021-11-02,0.0805,2.0446999999999997
MRB,2021-11-03,0,0
MRB,2021-11-04,0,0
MRB,2021-11-05,0,0
MRB,2021-11-06,0,0
MRB,2021-11-07,0,0
MRB,2021-11-08,0,0
MRB,2021-11-09,0,0
MRB,2021-11-10,0,0
MRB,2021-11-11,0,0
MRB,2021-11-12,4.5601,115.82654
MRB,2021-11-13,2e-4,0.00508
MRB,2021-11-14,0,0
MRB,2021-11-15,0,0
MRB,2021-11-16,0,0
MRB,2021-11-17,0,0
MRB,2021-11-18,0.0103,0.26161999999999996
MRB,2021-11-19,2e-4,0.00508
MRB,2021-11-20,0,0
MRB,2021-11-21,0,0
MRB,2021-11-22,0.0402,1.02108
MRB,2021-11-23,0,0
MRB,2021-11-24,0,0
MRB,2021-11-25,0,0
MRB,2021-11-26,0.0101,0.25654
MRB,2021-11-27,0,0
MRB,2021-11-28,0,0
MRB,2021-11-29,0,0
MRB,2021-11-30,1e-4,0.00254
MRB,2021-12-01,2e-4,0.00508
MRB,2021-12-02,0.0205,0.5206999999999999
MRB,2021-12-03,0,0
MRB,2021-12-04,0,0
MRB,2021-12-05,0,0
MRB,2021-12-06,2e-4,0.00508
MRB,2021-12-07,0,0
MRB,2021-12-08,1e-4,0.00254
MRB,2021-12-09,0,0
MRB,2021-12-10,0,0
MRB,2021-12-11,6.000000000000001e-4,0.01524
MRB,2021-12-12,0.03,0.7619999999999999
MRB,2021-12-13,0,0
MRB,2021-12-14,0,0
MRB,2021-12-15,0,0
MRB,2021-12-16,0,0
MRB,2021-12-17,0,0
MRB,2021-12-18,0.09040000000000001,2.29616
MRB,2021-12-19,2e-4,0.00508
MRB,2021-12-20,0,0
MRB,2021-12-21,0,0
MRB,2021-12-22,1e-4,0.00254
MRB,2021-12-23,0,0
MRB,2021-12-24,0,0
MRB,2021-12-25,0.3905,9.9187
MRB,2021-12-26,0.03,0.7619999999999999
MRB,2021-12-27,0.020300000000000002,0.5156200000000001
MRB,2021-12-28,3.0000000000000003e-4,0.00762
MRB,2021-12-29,0.0405,1.0287
MRB,2021-12-30,0.8415,21.3741
MRB,2021-12-31,1e-4,0.00254
MRB,2022-01-01,0.6416000000000001,16.29664
MRB,2022-01-02,1.1108,28.214319999999997
MRB,2022-01-03,0,0
MRB,2022-01-04,0,0
MRB,2022-01-05,0,0
MRB,2022-01-06,0,0
MRB,2022-01-07,0,0
MRB,2022-01-08,0,0
MRB,2022-01-09,0,0
MRB,2022-01-10,0,0
MRB,2022-01-11,0,0
MRB,2022-01-12,0,0
MRB,2022-01-13,0,0
MRB,2022-01-14,0,0
MRB,2022-01-15,0,0
MRB,2022-01-16,0.4306,10.93724
MRB,2022-01-17,1.2515,31.7881
MRB,2022-01-18,0,0
MRB,2022-01-19,0,0
MRB,2022-01-20,0.1005,2.5527
MRB,2022-01-21,0,0
MRB,2022-01-22,0,0
MRB,2022-01-23,0,0
MRB,2022-01-24,0,0
MRB,2022-01-25,0,0
MRB,2022-01-26,0,0
MRB,2022-01-27,0,0
MRB,2022-01-28,0.1316,3.34264
MRB,2022-01-29,0.0019,0.04826
MRB,2022-01-30,0,0
MRB,2022-01-31,0,0
MRB,2022-02-01,0,0
MRB,2022-02-02,0,0
MRB,2022-02-03,1.0203,25.915619999999997
MRB,2022-02-04,0.6413,16.289019999999997
MRB,2022-02-05,1e-4,0.00254
MRB,2022-02-06,0,0
MRB,2022-02-07,0,0
MRB,2022-02-08,0,0
MRB,2022-02-09,0,0
MRB,2022-02-10,1e-4,0.00254
MRB,2022-02-11,0,0
MRB,2022-02-12,0,0
MRB,2022-02-13,0.0222,0.56388
MRB,2022-02-14,2e-4,0.00508
MRB,2022-02-15,0,0
MRB,2022-02-16,0,0
MRB,2022-02-17,0.2301,5.844539999999999
MRB,2022-02-18,0.1504,3.82016
MRB,2022-02-19,0,0
MRB,2022-02-20,0,0
MRB,2022-02-21,0,0
MRB,2022-02-22,0.1404,3.5661599999999996
MRB,2022-02-23,0,0
MRB,2022-02-24,0.0206,0.5232399999999999
MRB,2022-02-25,1.2012,30.51048
MRB,2022-02-26,0,0
MRB,2022-02-27,0,0
MRB,2022-02-28,0,0
MRB,2022-03-01,0,0
MRB,2022-03-02,0,0
MRB,2022-03-03,4e-4,0.01016
MRB,2022-03-04,0,0
MRB,2022-03-05,0,0
MRB,2022-03-06,0.0101,0.25654
MRB,2022-03-07,0.020300000000000002,0.5156200000000001
MRB,2022-03-08,0.0201,0.51054
MRB,2022-03-09,0.6708000000000001,17.038320000000002
MRB,2022-03-10,0,0
MRB,2022-03-11,0,0
MRB,2022-03-12,0.28350000000000003,7.200900000000001
MRB,2022-03-13,6.000000000000001e-4,0.01524
MRB,2022-03-14,0,0
MRB,2022-03-15,0,0
MRB,2022-03-16,0,0
MRB,2022-03-17,0.0613,1.5570199999999998
MRB,2022-03-18,0,0
MRB,2022-03-19,0.0804,2.04216
MRB,2022-03-20,2e-4,0.00508
MRB,2022-03-21,0,0
MRB,2022-03-22,0,0
MRB,2022-03-23,0.2405,6.1087
MRB,2022-03-24,0.12,3.0479999999999996
MRB,2022-03-25,0,0
MRB,2022-03-26,0.050300000000000004,1.27762
MRB,2022-03-27,5e-4,0.0127
MRB,2022-03-28,7e-4,0.017779999999999997
MRB,2022-03-29,0,0
MRB,2022-03-30,4e-4,0.01016
MRB,2022-03-31,1.1905000000000001,30.2387
MRB,2022-04-01,0.0207,0.5257799999999999
MRB,2022-04-02,0,0
MRB,2022-04-03,1e-4,0.00254
MRB,2022-04-04,0,0
MRB,2022-04-05,0.050300000000000004,1.27762
MRB,2022-04-06,2.1306,54.117239999999995
MRB,2022-04-07,1.9211,48.795939999999995
MRB,2022-04-08,4e-4,0.01016
MRB,2022-04-09,0.0205,0.5206999999999999
MRB,2022-04-10,1e-4,0.00254
MRB,2022-04-11,0,0
MRB,2022-04-12,0,0
MRB,2022-04-13,0,0
MRB,2022-04-14,0,0
MRB,2022-04-15,0,0
MRB,2022-04-16,0,0
MRB,2022-04-17,1e-4,0.00254
MRB,2022-04-18,1.3504,34.30016
MRB,2022-04-19,0.2605,6.6167
MRB,2022-04-20,1e-4,0.00254
MRB,2022-04-21,0.0603,1.53162
MRB,2022-04-22,0,0
MRB,2022-04-23,0,0
MRB,2022-04-24,0,0
MRB,2022-04-25,0,0
MRB,2022-04-26,0.060200000000000004,1.52908
MRB,2022-04-27,0,0
MRB,2022-04-28,0,0
MRB,2022-04-29,0,0
MRB,2022-04-30,0,0
MRB,2022-05-01,1.26,32.004
MRB,2022-05-02,0.48000000000000004,12.192
MRB,2022-05-03,0,0
MRB,2022-05-04,2.2806,57.927240000000005
MRB,2022-05-05,0,0
MRB,2022-05-06,1.8403,46.74362
MRB,2022-05-07,2.6418,67.10172
MRB,2022-05-08,0.0605,1.5367
MRB,2022-05-09,0,0
MRB,2022-05-10,0,0
MRB,2022-05-11,0,0
MRB,2022-05-12,0,0
MRB,2022-05-13,0.5908,15.006319999999999
MRB,2022-05-14,0.0713,1.8110199999999999
MRB,2022-05-15,7.32,185.928
MRB,2022-05-16,1e-4,0.00254
MRB,2022-05-17,0,0
MRB,2022-05-18,0,0
MRB,2022-05-19,1.7602,44.70908
MRB,2022-05-20,0.0501,1.27254
MRB,2022-05-21,0,0
MRB,2022-05-22,5e-4,0.0127
MRB,2022-05-23,6.000000000000001e-4,0.01524
MRB,2022-05-24,0.101,2.5654
MRB,2022-05-25,0,0
MRB,2022-05-26,0,0
MRB,2022-05-27,3.28,83.31199999999998
MRB,2022-05-28,3.6603000000000003,92.97162
MRB,2022-05-29,0,0
MRB,2022-05-30,0,0
MRB,2022-05-31,0,0
MRB,2022-06-01,0,0
MRB,2022-06-02,1.0901,27.68854
MRB,2022-06-03,0,0
MRB,2022-06-04,0,0
MRB,2022-06-05,0,0
MRB,2022-06-06,0,0
MRB,2022-06-07,0.1302,3.30708
MRB,2022-06-08,0.5802,14.73708
MRB,2022-06-09,0.4002,10.16508
MRB,2022-06-10,0,0
MRB,2022-06-11,0.10060000000000001,2.55524
MRB,2022-06-12,0.6906,17.54124
MRB,2022-06-13,0,0
MRB,2022-06-14,0.0902,2.29108
MRB,2022-06-15,0,0
MRB,2022-06-16,0.8307,21.09978
MRB,2022-06-17,0,0
MRB,2022-06-18,0,0
MRB,2022-06-19,0,0
MRB,2022-06-20,0,0
MRB,2022-06-21,0.0101,0.25654
MRB,2022-06-22,2.4906,63.26124
MRB,2022-06-23,1.7812000000000001,45.24248
MRB,2022-06-24,0,0
MRB,2022-06-25,0,0
MRB,2022-06-26,1.7303,43.949619999999996
MRB,2022-06-27,0.0302,0.76708
MRB,2022-06-28,0,0
MRB,2022-06-29,0,0
MRB,2022-06-30,0,0
MRB,2022-07-01,1.2,30.479999999999997
MRB,2022-07-02,1.0302,26.16708
MRB,2022-07-03,0.02,0.508
MRB,2022-07-04,0,0
MRB,2022-07-05,0.2501,6.352539999999999
MRB,2022-07-06,0,0
MRB,2022-07-07,0.2602,6.60908
MRB,2022-07-08,0.75,19.049999999999997
MRB,2022-07-09,2.1412,54.38648
MRB,2022-07-10,0,0
MRB,2022-07-11,0,0
MRB,2022-07-12,0.2605,6.6167
MRB,2022-07-13,0,0
MRB,2022-07-14,0,0
MRB,2022-07-15,0,0
MRB,2022-07-16,3.0000000000000003e-4,0.00762
MRB,2022-07-17,1e-4,0.00254
MRB,2022-07-18,0,0
MRB,2022-07-19,0,0
MRB,2022-07-20,0,0
MRB,2022-07-21,0,0
MRB,2022-07-22,0,0
MRB,2022-07-23,0.3102,7.879079999999999
MRB,2022-07-24,0.03,0.7619999999999999
MRB,2022-07-25,0.0405,1.0287
MRB,2022-07-26,1e-4,0.00254
MRB,2022-07-27,3.0000000000000003e-4,0.00762
MRB,2022-07-28,2e-4,0.00508
MRB,2022-07-29,1.2205000000000001,31.000700000000002
MRB,2022-07-30,0.0102,0.25908
MRB,2022-07-31,0.3904,9.91616
MRB,2022-08-01,0.1108,2.81432
MRB,2022-08-02,0.0601,1.52654
MRB,2022-08-03,0,0
MRB,2022-08-04,0.030199999999999998,0.7670799999999999
MRB,2022-08-05,2.1001,53.34253999999999
MRB,2022-08-06,0,0
MRB,2022-08-07,0.5606,14.239239999999999
MRB,2022-08-08,0,0
MRB,2022-08-09,0.18,4.571999999999999
MRB,2022-08-10,2.9702,75.44308
MRB,2022-08-11,0.7002,17.78508
MRB,2022-08-12,0.0502,1.27508
MRB,2022-08-13,0,0
MRB,2022-08-14,0.020300000000000002,0.5156200000000001
MRB,2022-08-15,0.20070000000000002,5.09778
MRB,2022-08-16,0.0103,0.26161999999999996
MRB,2022-08-17,2e-4,0.00508
MRB,2022-08-18,0,0
MRB,2022-08-19,0,0
MRB,2022-08-20,0,0
MRB,2022-08-21,0,0
MRB,2022-08-22,0.041,1.0413999999999999
MRB,2022-08-23,0,0
MRB,2022-08-24,2e-4,0.00508
MRB,2022-08-25,0,0
MRB,2022-08-26,0.2001,5.08254
MRB,2022-08-27,0,0
MRB,2022-08-28,0,0
MRB,2022-08-29,0,0
MRB,2022-08-30,4.4202,112.27308000000001
MRB,2022-08-31,0,0
MRB,2022-09-01,0,0
MRB,2022-09-02,0,0
MRB,2022-09-03,0,0
MRB,2022-09-04,0,0
MRB,2022-09-05,0.5505,13.9827
MRB,2022-09-06,2.6409,67.07885999999999
MRB,2022-09-07,0.9709,24.66086
MRB,2022-09-08,0.001,0.0254
MRB,2022-09-09,0,0
MRB,2022-09-10,3.0000000000000003e-4,0.00762
MRB,2022-09-11,0.621,15.773399999999999
MRB,2022-09-12,1.8001,45.722539999999995
MRB,2022-09-13,0,0
MRB,2022-09-14,0,0
MRB,2022-09-15,0,0
MRB,2022-09-16,0,0
MRB,2022-09-17,0,0
MRB,2022-09-18,0,0
MRB,2022-09-19,0,0
MRB,2022-09-20,1e-4,0.00254
MRB,2022-09-21,0,0
MRB,2022-09-22,4e-4,0.01016
MRB,2022-09-23,0,0
MRB,2022-09-24,0,0
MRB,2022-09-25,0.5302,13.46708
MRB,2022-09-26,0.0303,0.76962
MRB,2022-09-27,0,0
MRB,2022-09-28,0,0
MRB,2022-09-29,0,0
MRB,2022-09-30,0.04,1.016
MRB,2022-10-01,1.2405,31.508699999999997
MRB,2022-10-02,2.3808000000000002,60.47232
MRB,2022-10-03,0.0207,0.5257799999999999
MRB,2022-10-04,0.1205,3.0606999999999998
MRB,2022-10-05,4e-4,0.01016
MRB,2022-10-06,0,0
MRB,2022-10-07,0,0
MRB,2022-10-08,0,0
MRB,2022-10-09,0,0
MRB,2022-10-10,0,0
MRB,2022-10-11,0,0
MRB,2022-10-12,0,0
MRB,2022-10-13,0.0503,1.2776199999999998
MRB,2022-10-14,0.0601,1.52654
MRB,2022-10-15,0,0
MRB,2022-10-16,0,0
MRB,2022-10-17,0,0
MRB,2022-10-18,0,0
MRB,2022-10-19,0,0
MRB,2022-10-20,0,0
MRB,2022-10-21,0,0
MRB,2022-10-22,0,0
MRB,2022-10-23,0,0
MRB,2022-10-24,0,0
MRB,2022-10-25,0,0
MRB,2022-10-26,0.0405,1.0287
MRB,2022-10-27,0,0
MRB,2022-10-28,0,0
MRB,2022-10-29,0,0
MRB,2022-10-30,0,0
MRB,2022-10-31,0.1504,3.82016
MRB,2022-11-01,0.7509,19.07286
MRB,2022-11-02,0,0
MRB,2022-11-03,0,0
MRB,2022-11-04,0,0
MRB,2022-11-05,0,0
MRB,2022-11-06,0.0602,1.5290799999999998
MRB,2022-11-07,0,0
MRB,2022-11-08,0,0
MRB,2022-11-09,0,0
MRB,2022-11-10,0,0
MRB,2022-11-11,3.411,86.6394
MRB,2022-11-12,1.1803000000000001,29.97962
MRB,2022-11-13,0.0402,1.02108
MRB,2022-11-14,0,0
MRB,2022-11-15,1.3606,34.559239999999996
MRB,2022-11-16,0.32,8.128
MRB,2022-11-17,2e-4,0.00508
MRB,2022-11-18,0,0
MRB,2022-11-19,0,0
MRB,2022-11-20,0,0
MRB,2022-11-21,0,0
MRB,2022-11-22,0,0
MRB,2022-11-23,0,0
MRB,2022-11-24,0,0
MRB,2022-11-25,0.0202,0.51308
MRB,2022-11-26,0,0
MRB,2022-11-27,0.2102,5.33908
MRB,2022-11-28,2e-4,0.00508
MRB,2022-11-29,0,0
MRB,2022-11-30,0.3005,7.632699999999999
MRB,2022-12-01,0,0
MRB,2022-12-02,0,0
MRB,2022-12-03,0.2605,6.6167
MRB,2022-12-04,0,0
MRB,2022-12-05,0,0
MRB,2022-12-06,0.1406,3.57124
MRB,2022-12-07,0.1708,4.3383199999999995
MRB,2022-12-08,0,0
MRB,2022-12-09,1e-4,0.00254
MRB,2022-12-10,4e-4,0.01016
MRB,2022-12-11,4e-4,0.01016
MRB,2022-12-12,0,0
MRB,2022-12-13,0,0
MRB,2022-12-14,0,0
MRB,2022-12-15,3.0805000000000002,78.2447
MRB,2022-12-16,0.0903,2.29362
MRB,2022-12-17,1e-4,0.00254
MRB,2022-12-18,2e-4,0.00508
MRB,2022-12-19,0,0
MRB,2022-12-20,1e-4,0.00254
MRB,2022-12-21,0,0
MRB,2022-12-22,1.2525,31.813499999999998
MRB,2022-12-23,1.631,41.4274
MRB,2022-12-24,0,0
MRB,2022-12-25,0,0
MRB,2022-12-26,0,0
MRB,2022-12-27,0,0
MRB,2022-12-28,0,0
MRB,2022-12-29,0,0
MRB,2022-12-30,0,0
MRB,2022-12-31,0.1204,3.0581599999999995
MRB,2023-01-01,1.081,27.457399999999996
MRB,2023-01-02,1e-4,0.00254
MRB,2023-01-03,0.0709,1.8008600000000001
MRB,2023-01-04,0,0
MRB,2023-01-05,1e-4,0.00254
MRB,2023-01-06,2e-4,0.00508
MRB,2023-01-07,0,0
MRB,2023-01-08,0,0
MRB,2023-01-09,1e-4,0.00254
MRB,2023-01-10,0,0
MRB,2023-01-11,0,0
MRB,2023-01-12,0.0303,0.76962
MRB,2023-01-13,0.0902,2.29108
MRB,2023-01-14,3.0000000000000003e-4,0.00762
MRB,2023-01-15,0,0
MRB,2023-01-16,0,0
MRB,2023-01-17,0.14049999999999999,3.5686999999999993
MRB,2023-01-18,1e-4,0.00254
MRB,2023-01-19,0.6905,17.5387
MRB,2023-01-20,0,0
MRB,2023-01-21,0,0
MRB,2023-01-22,0.4,10.16
MRB,2023-01-23,0.2811,7.13994
MRB,2023-01-24,0,0
MRB,2023-01-25,0.3608,9.16432
MRB,2023-01-26,4e-4,0.01016
MRB,2023-01-27,1e-4,0.00254
MRB,2023-01-28,0,0
MRB,2023-01-29,3.0000000000000003e-4,0.00762
MRB,2023-01-30,1e-4,0.00254
MRB,2023-01-31,1e-4,0.00254
MRB,2023-02-01,7e-4,0.017779999999999997
MRB,2023-02-02,0,0
MRB,2023-02-03,1e-4,0.00254
MRB,2023-02-04,0,0
MRB,2023-02-05,0,0
MRB,2023-02-06,0,0
MRB,2023-02-07,0,0
MRB,2023-02-08,0,0
MRB,2023-02-09,3.0000000000000003e-4,0.00762
MRB,2023-02-10,0,0
MRB,2023-02-11,0,0
MRB,2023-02-12,0.050300000000000004,1.27762
MRB,2023-02-13,0.12000000000000001,3.048
MRB,2023-02-14,0,0
MRB,2023-02-15,0,0
MRB,2023-02-16,1.1506,29.22524
MRB,2023-02-17,0.4812,12.22248
MRB,2023-02-18,0,0
MRB,2023-02-19,0,0
MRB,2023-02-20,0,0
MRB,2023-02-21,0.0704,1.78816
MRB,2023-02-22,0.2902,7.37108
MRB,2023-02-23,1e-4,0.00254
MRB,2023-02-24,2e-4,0.00508
MRB,2023-02-25,4e-4,0.01016
MRB,2023-02-26,0,0
MRB,2023-02-27,0.3601,9.146539999999998
MRB,2023-02-28,0.6701,17.02054
MRB,2023-03-01,0,0
MRB,2023-03-02,0.030100000000000002,0.76454
MRB,2023-03-03,0.3603,9.15162
MRB,2023-03-04,1.31,33.274
MRB,2023-03-05,0,0
MRB,2023-03-06,0,0
MRB,2023-03-07,3.0000000000000003e-4,0.00762
MRB,2023-03-08,0,0
MRB,2023-03-09,0,0
MRB,2023-03-10,0.2509,6.37286
MRB,2023-03-11,2e-4,0.00508
MRB,2023-03-12,0.0917,2.32918
MRB,2023-03-13,0.111,2.8194
MRB,2023-03-14,0,0
MRB,2023-03-15,0,0
MRB,2023-03-16,0,0
MRB,2023-03-17,0.0403,1.02362
MRB,2023-03-18,0.0802,2.0370799999999996
MRB,2023-03-19,0,0
MRB,2023-03-20,0,0
MRB,2023-03-21,0,0
MRB,2023-03-22,0,0
MRB,2023-03-23,0.050300000000000004,1.27762
MRB,2023-03-24,0.6407,16.27378
MRB,2023-03-25,1.0107,25.67178
MRB,2023-03-26,0,0
MRB,2023-03-27,0,0
MRB,2023-03-28,0,0
MRB,2023-03-29,0,0
MRB,2023-03-30,0.0102,0.25908
MRB,2023-03-31,1e-4,0.00254
MRB,2023-04-01,0.1308,3.32232
MRB,2023-04-02,0.0103,0.26161999999999996
MRB,2023-04-03,0,0
MRB,2023-04-04,0,0
MRB,2023-04-05,0,0
MRB,2023-04-06,0.1003,2.5476199999999998
MRB,2023-04-07,0,0
MRB,2023-04-08,0,0
MRB,2023-04-09,0,0
MRB,2023-04-10,0,0
MRB,2023-04-11,0,0
MRB,2023-04-12,0,0
MRB,2023-04-13,0,0
MRB,2023-04-14,0,0
MRB,2023-04-15,0.0102,0.25908
MRB,2023-04-16,0,0
MRB,2023-04-17,0.1003,2.5476199999999998
MRB,2023-04-18,0,0
MRB,2023-04-19,0,0
MRB,2023-04-20,0,0
MRB,2023-04-21,0,0
MRB,2023-04-22,1.1808,29.99232
MRB,2023-04-23,1e-4,0.00254
MRB,2023-04-24,0,0
MRB,2023-04-25,0,0
MRB,2023-04-26,2e-4,0.00508
MRB,2023-04-27,0,0
MRB,2023-04-28,1.9803,50.29962
MRB,2023-04-29,0.1302,3.30708
MRB,2023-04-30,1.2907,32.78378
MRB,2023-05-01,0.0104,0.26415999999999995
MRB,2023-05-02,0.041,1.0413999999999999
MRB,2023-05-03,0.011000000000000001,0.27940000000000004
MRB,2023-05-04,0.36050000000000004,9.1567
MRB,2023-05-05,1e-4,0.00254
MRB,2023-05-06,0,0
MRB,2023-05-07,0.1404,3.5661599999999996
MRB,2023-05-08,3.0000000000000003e-4,0.00762
MRB,2023-05-09,0.7203,18.29562
MRB,2023-05-10,0,0
MRB,2023-05-11,0,0
MRB,2023-05-12,0,0
MRB,2023-05-13,0.2405,6.1087
MRB,2023-05-14,0,0
MRB,2023-05-15,0,0
MRB,2023-05-16,0.0102,0.25908
MRB,2023-05-17,0,0
MRB,2023-05-18,0,0
MRB,2023-05-19,0,0
MRB,2023-05-20,0.1202,3.05308
MRB,2023-05-21,0,0
MRB,2023-05-22,0,0
MRB,2023-05-23,0,0
MRB,2023-05-24,0,0
MRB,2023-05-25,0,0
MRB,2023-05-26,0,0
MRB,2023-05-27,0,0
MRB,2023-05-28,0,0
MRB,2023-05-29,0.0101,0.25654
MRB,2023-05-30,1e-4,0.00254
MRB,2023-05-31,0,0
MRB,2023-06-01,0,0
MRB,2023-06-02,0,0
MRB,2023-06-03,1e-4,0.00254
MRB,2023-06-04,0.030600000000000002,0.77724
MRB,2023-06-05,0,0
MRB,2023-06-06,0,0
MRB,2023-06-07,0,0
MRB,2023-06-08,0,0
MRB,2023-06-09,3.0000000000000003e-4,0.00762
MRB,2023-06-10,0,0
MRB,2023-06-11,0,0
MRB,2023-06-12,0.8505,21.6027
MRB,2023-06-13,0,0
MRB,2023-06-14,0.0206,0.5232399999999999
MRB,2023-06-15,0,0
MRB,2023-06-16,1.2005,30.492699999999996
MRB,2023-06-17,0.02,0.508
MRB,2023-06-18,0,0
MRB,2023-06-19,1e-4,0.00254
MRB,2023-06-20,1.4004,35.57016
MRB,2023-06-21,0.2301,5.844539999999999
MRB,2023-06-22,0.5606,14.239239999999999
MRB,2023-06-23,0.4903,12.453619999999999
MRB,2023-06-24,0.1506,3.82524
MRB,2023-06-25,0.0301,0.7645399999999999
MRB,2023-06-26,0.11,2.794
MRB,2023-06-27,0.3703,9.40562
MRB,2023-06-28,0,0
MRB,2023-06-29,0,0
MRB,2023-06-30,0,0
MRB,2023-07-01,0.0602,1.5290799999999998
MRB,2023-07-02,0.27,6.858
MRB,2023-07-03,0.0104,0.26415999999999995
MRB,2023-07-04,0,0
MRB,2023-07-05,0,0
MRB,2023-07-06,5e-4,0.0127
MRB,2023-07-07,0,0
MRB,2023-07-08,0,0
MRB,2023-07-09,4.2701,108.46054
MRB,2023-07-10,0,0
MRB,2023-07-11,0,0
MRB,2023-07-12,0,0
MRB,2023-07-13,1e-4,0.00254
MRB,2023-07-14,2.0002,50.80508
MRB,2023-07-15,0,0
MRB,2023-07-16,8e-4,0.02032
MRB,2023-07-17,0,0
MRB,2023-07-18,0.27,6.858
MRB,2023-07-19,0,0
MRB,2023-07-20,0,0
MRB,2023-07-21,0.7301000000000001,18.54454
MRB,2023-07-22,0,0
MRB,2023-07-23,0,0
MRB,2023-07-24,3.0000000000000003e-4,0.00762
MRB,2023-07-25,0.1003,2.5476199999999998
MRB,2023-07-26,0,0
MRB,2023-07-27,0.0101,0.25654
MRB,2023-07-28,1.13,28.701999999999995
MRB,2023-07-29,0.0201,0.51054
MRB,2023-07-30,0,0
MRB,2023-07-31,3.0000000000000003e-4,0.00762
MRB,2023-08-01,0,0
MRB,2023-08-02,0,0
MRB,2023-08-03,0,0
MRB,2023-08-04,3.0000000000000003e-4,0.00762
MRB,2023-08-05,1e-4,0.00254
MRB,2023-08-06,0,0
MRB,2023-08-07,11.5802,294.13707999999997
MRB,2023-08-08,0,0
MRB,2023-08-09,1e-4,0.00254
MRB,2023-08-10,0.0804,2.04216
MRB,2023-08-11,0,0
MRB,2023-08-12,0,0
MRB,2023-08-13,0.0903,2.29362
MRB,2023-08-14,0.3104,7.88416
MRB,2023-08-15,0.0101,0.25654
MRB,2023-08-16,0,0
MRB,2023-08-17,0,0
MRB,2023-08-18,3.0000000000000003e-4,0.00762
MRB,2023-08-19,0,0
MRB,2023-08-20,0,0
MRB,2023-08-21,0,0
MRB,2023-08-22,0,0
MRB,2023-08-23,1e-4,0.00254
MRB,2023-08-24,1e-4,0.00254
MRB,2023-08-25,0.6602,16.76908
MRB,2023-08-26,0,0
MRB,2023-08-27,2e-4,0.00508
MRB,2023-08-28,1e-4,0.00254
MRB,2023-08-29,2e-4,0.00508
MRB,2023-08-30,2e-4,0.00508
MRB,2023-08-31,0,0
MRB,2023-09-01,0,0
MRB,2023-09-02,0,0
MRB,2023-09-03,0,0
MRB,2023-09-04,0,0
MRB,2023-09-05,0,0
MRB,2023-09-06,0,0
MRB,2023-09-07,0.2705,6.8707
MRB,2023-09-08,0.0305,0.7746999999999999
MRB,2023-09-09,1.9509,49.55286
MRB,2023-09-10,0.0104,0.26415999999999995
MRB,2023-09-11,2.2502,57.15508
MRB,2023-09-12,1e-4,0.00254
MRB,2023-09-13,0.1,2.54
MRB,2023-09-14,0,0
MRB,2023-09-15,0,0
MRB,2023-09-16,0,0
MRB,2023-09-17,0.9102,23.11908
MRB,2023-09-18,0.37010000000000004,9.400540000000001
MRB,2023-09-19,0,0
MRB,2023-09-20,0,0
MRB,2023-09-21,0,0
MRB,2023-09-22,0,0
MRB,2023-09-23,1.9604,49.79416
MRB,2023-09-24,1.6509,41.93286
MRB,2023-09-25,4e-4,0.01016
MRB,2023-09-26,0.0507,1.28778
MRB,2023-09-27,0,0
MRB,2023-09-28,0,0
MRB,2023-09-29,4e-4,0.01016
MRB,2023-09-30,0,0
MRB,2023-10-01,0,0
MRB,2023-10-02,0,0
MRB,2023-10-03,0,0
MRB,2023-10-04,0,0
MRB,2023-10-05,0,0
MRB,2023-10-06,0,0
MRB,2023-10-07,1.3705,34.8107
MRB,2023-10-08,0,0
MRB,2023-10-09,0.1101,2.79654
MRB,2023-10-10,0,0
MRB,2023-10-11,0,0
MRB,2023-10-12,0,0
MRB,2023-10-13,0,0
MRB,2023-10-14,0.401,10.1854
MRB,2023-10-15,0.0813,2.0650199999999996
MRB,2023-10-16,0,0
MRB,2023-10-17,0,0
MRB,2023-10-18,0,0
MRB,2023-10-19,0,0
MRB,2023-10-20,0.1704,4.32816
MRB,2023-10-21,0.0201,0.51054
MRB,2023-10-22,1e-4,0.00254
MRB,2023-10-23,0,0
MRB,2023-10-24,0,0
MRB,2023-10-25,0,0
MRB,2023-10-26,1e-4,0.00254
MRB,2023-10-27,0,0
MRB,2023-10-28,0,0
MRB,2023-10-29,0.0606,1.53924
MRB,2023-10-30,0.0208,0.5283199999999999
MRB,2023-10-31,0,0
MRB,2023-11-01,0,0
MRB,2023-11-02,0,0
MRB,2023-11-03,0,0
MRB,2023-11-04,0,0
MRB,2023-11-05,0,0
MRB,2023-11-06,0,0
MRB,2023-11-07,0,0
MRB,2023-11-08,0,0
MRB,2023-11-09,0.37000000000000005,9.398000000000001
MRB,2023-11-10,0.3002,7.6250800000000005
MRB,2023-11-11,0,0
MRB,2023-11-12,0,0
MRB,2023-11-13,0,0
MRB,2023-11-14,0,0
MRB,2023-11-15,0,0
MRB,2023-11-16,0,0
MRB,2023-11-17,1e-4,0.00254
MRB,2023-11-18,0.030100000000000002,0.76454
MRB,2023-11-19,0,0
MRB,2023-11-20,0,0
MRB,2023-11-21,3.5004,88.91015999999999
MRB,2023-11-22,2.31,58.674
MRB,2023-11-23,0,0
MRB,2023-11-24,0,0
MRB,2023-11-25,0,0
MRB,2023-11-26,0,0
MRB,2023-11-27,1e-4,0.00254
MRB,2023-11-28,2e-4,0.00508
MRB,2023-11-29,0,0
MRB,2023-11-30,0,0
MRB,2023-12-01,0.1202,3.05308
MRB,2023-12-02,0,0
MRB,2023-12-03,0.6708000000000001,17.038320000000002
MRB,2023-12-04,0,0
MRB,2023-12-05,2e-4,0.00508
MRB,2023-12-06,0.08070000000000001,2.04978
MRB,2023-12-07,0,0
MRB,2023-12-08,0,0
MRB,2023-12-09,0,0
MRB,2023-12-10,1.0109,25.676859999999998
MRB,2023-12-11,0.6601,16.76654
MRB,2023-12-12,0,0
MRB,2023-12-13,0,0
MRB,2023-12-14,0,0
MRB,2023-12-15,0,0
MRB,2023-12-16,0,0
MRB,2023-12-17,0.5802,14.73708
MRB,2023-12-18,1.77,44.958
MRB,2023-12-19,1e-4,0.00254
MRB,2023-12-20,0,0
MRB,2023-12-21,0,0
MRB,2023-12-22,0,0
MRB,2023-12-23,0,0
MRB,2023-12-24,0.0302,0.76708
MRB,2023-12-25,0,0
MRB,2023-12-26,0.1607,4.08178
MRB,2023-12-27,0.7715,19.596099999999996
MRB,2023-12-28,2e-4,0.00508
MRB,2023-12-29,0,0
MRB,2023-12-30,0,0
MRB,2023-12-31,1e-4,0.00254
MRB,2024-01-01,5e-4,0.0127
MRB,2024-01-02,0,0
MRB,2024-01-03,0,0
MRB,2024-01-04,0,0
MRB,2024-01-05,0,0
MRB,2024-01-06,0.6336,16.09344
MRB,2024-01-07,0.14,3.556
MRB,2024-01-08,0,0
MRB,2024-01-09,3.8201,97.03054
MRB,2024-01-10,0.3301,8.38454
MRB,2024-01-11,0,0
MRB,2024-01-12,0.040100000000000004,1.01854
MRB,2024-01-13,1.12,28.448
MRB,2024-01-14,4e-4,0.01016
MRB,2024-01-15,0.0015,0.0381
MRB,2024-01-16,0.0518,1.31572
MRB,2024-01-17,0,0
MRB,2024-01-18,0,0
MRB,2024-01-19,0.43170000000000003,10.96518
MRB,2024-01-20,0,0
MRB,2024-01-21,0,0
MRB,2024-01-22,0,0
MRB,2024-01-23,0,0
MRB,2024-01-24,1e-4,0.00254
MRB,2024-01-25,0.071,1.8033999999999997
MRB,2024-01-26,0.0304,0.77216
MRB,2024-01-27,0,0
MRB,2024-01-28,2.6608,67.58431999999999
MRB,2024-01-29,0.0108,0.27432
MRB,2024-01-30,0,0
MRB,2024-01-31,2e-4,0.00508
MRB,2024-02-01,0,0
MRB,2024-02-02,2e-4,0.00508
MRB,2024-02-03,0,0
MRB,2024-02-04,0,0
MRB,2024-02-05,0,0
MRB,2024-02-06,0,0
MRB,2024-02-07,0,0
MRB,2024-02-08,0,0
MRB,2024-02-09,0,0
MRB,2024-02-10,0.01,0.254
MRB,2024-02-11,0.0106,0.26924
MRB,2024-02-12,0.2606,6.61924
MRB,2024-02-13,2.8206,71.64324
MRB,2024-02-14,0,0
MRB,2024-02-15,2e-4,0.00508
MRB,2024-02-16,0,0
MRB,2024-02-17,0.0716,1.8186399999999998
MRB,2024-02-18,0,0
MRB,2024-02-19,0,0
MRB,2024-02-20,0,0
MRB,2024-02-21,0,0
MRB,2024-02-22,0.6805,17.284699999999997
MRB,2024-02-23,0.0411,1.0439399999999999
MRB,2024-02-24,0.040600000000000004,1.0312400000000002
MRB,2024-02-25,0,0
MRB,2024-02-26,0,0
MRB,2024-02-27,1e-4,0.00254
MRB,2024-02-28,0.3102,7.879079999999999
MRB,2024-02-29,0,0
MRB,2024-03-01,0,0
MRB,2024-03-02,1.6305,41.414699999999996
MRB,2024-03-03,0,0
MRB,2024-03-04,0,0
MRB,2024-03-05,0.2805,7.124700000000001
MRB,2024-03-06,0.0305,0.7746999999999999
MRB,2024-03-07,0.2809,7.134859999999999
MRB,2024-03-08,0,0
MRB,2024-03-09,3.3205,84.3407
MRB,2024-03-10,6.000000000000001e-4,0.01524
MRB,2024-03-11,7e-4,0.017779999999999997
MRB,2024-03-12,0,0
MRB,2024-03-13,0,0
MRB,2024-03-14,0,0
MRB,2024-03-15,0.1404,3.5661599999999996
MRB,2024-03-16,0,0
MRB,2024-03-17,0,0
MRB,2024-03-18,0,0
MRB,2024-03-19,0,0
MRB,2024-03-20,0,0
MRB,2024-03-21,0,0
MRB,2024-03-22,0,0
MRB,2024-03-23,1.3803,35.05962
MRB,2024-03-24,0,0
MRB,2024-03-25,0,0
MRB,2024-03-26,0.03,0.7619999999999999
MRB,2024-03-27,0.0304,0.77216
MRB,2024-03-28,0,0
MRB,2024-03-29,0,0
MRB,2024-03-30,0.0103,0.26161999999999996
MRB,2024-03-31,0.06,1.5239999999999998
MRB,2024-04-01,2.8604000000000003,72.65416
MRB,2024-04-02,2.0905,53.0987
MRB,2024-04-03,2.1213,53.88102
MRB,2024-04-04,0.0201,0.51054
MRB,2024-04-05,0.0305,0.7746999999999999
MRB,2024-04-06,0,0
MRB,2024-04-07,0,0
MRB,2024-04-08,0,0
MRB,2024-04-09,0,0
MRB,2024-04-10,2e-4,0.00508
MRB,2024-04-11,0.11019999999999999,2.7990799999999996
MRB,2024-04-12,1.2108,30.75432
MRB,2024-04-13,5e-4,0.0127
MRB,2024-04-14,0,0
MRB,2024-04-15,0.2808,7.132319999999999
MRB,2024-04-16,0,0
MRB,2024-04-17,0.0504,1.28016
MRB,2024-04-18,1e-4,0.00254
MRB,2024-04-19,3.0000000000000003e-4,0.00762
MRB,2024-04-20,3.0000000000000003e-4,0.00762
MRB,2024-04-21,0,0
MRB,2024-04-22,0,0
MRB,2024-04-23,0,0
MRB,2024-04-24,0,0
MRB,2024-04-25,0,0
MRB,2024-04-26,0,0
MRB,2024-04-27,0.7202,18.293079999999996
MRB,2024-04-28,0.01,0.254
MRB,2024-04-29,0,0
MRB,2024-04-30,0.62,15.748
MRB,2024-05-01,0.0102,0.25908
MRB,2024-05-02,0,0
MRB,2024-05-03,0,0
MRB,2024-05-04,0.2008,5.10032
MRB,2024-05-05,0.4912,12.47648
MRB,2024-05-06,0,0
MRB,2024-05-07,1e-4,0.00254
MRB,2024-05-08,2e-4,0.00508
MRB,2024-05-09,0.1804,4.58216
MRB,2024-05-10,1.3415,34.074099999999994
MRB,2024-05-11,0.4911,12.473939999999999
MRB,2024-05-12,0.3702,9.40308
MRB,2024-05-13,0,0
MRB,2024-05-14,0.0407,1.03378
MRB,2024-05-15,0.1911,4.85394
MRB,2024-05-16,0,0
MRB,2024-05-17,5e-4,0.0127
MRB,2024-05-18,0.5105,12.966699999999998
MRB,2024-05-19,0,0
MRB,2024-05-20,0,0
MRB,2024-05-21,0,0
MRB,2024-05-22,0.0205,0.5206999999999999
MRB,2024-05-23,4e-4,0.01016
MRB,2024-05-24,0.0201,0.51054
MRB,2024-05-25,0.22,5.588
MRB,2024-05-26,0.03,0.7619999999999999
MRB,2024-05-27,0.2705,6.8707
MRB,2024-05-28,0,0
MRB,2024-05-29,3.0000000000000003e-4,0.00762
MRB,2024-05-30,0,0
MRB,2024-05-31,0,0
MRB,2024-06-01,0,0
MRB,2024-06-02,0.0103,0.26161999999999996
MRB,2024-06-03,0,0
MRB,2024-06-04,0,0
MRB,2024-06-05,0.6104,15.50416
MRB,2024-06-06,0.07,1.778
MRB,2024-06-07,0,0
MRB,2024-06-08,0,0
MRB,2024-06-09,2e-4,0.00508
MRB,2024-06-10,1e-4,0.00254
MRB,2024-06-11,0,0
MRB,2024-06-12,0,0
MRB,2024-06-13,0,0
MRB,2024-06-14,3.0000000000000003e-4,0.00762
MRB,2024-06-15,3.0000000000000003e-4,0.00762
MRB,2024-06-16,0,0
MRB,2024-06-17,0,0
MRB,2024-06-18,0,0
MRB,2024-06-19,0,0
MRB,2024-06-20,0,0
MRB,2024-06-21,0,0
MRB,2024-06-22,0,0
MRB,2024-06-23,0.0104,0.26415999999999995
MRB,2024-06-24,0.0102,0.25908
MRB,2024-06-25,0,0
MRB,2024-06-26,1e-4,0.00254
MRB,2024-06-27,0.4702,11.94308
MRB,2024-06-28,0,0
MRB,2024-06-29,2e-4,0.00508
MRB,2024-06-30,0.0011,0.02794
MRB,2024-07-01,0,0
MRB,2024-07-02,0,0
MRB,2024-07-03,0,0
MRB,2024-07-04,0,0
MRB,2024-07-05,0,0
MRB,2024-07-06,0,0
MRB,2024-07-07,0,0
MRB,2024-07-08,0,0
MRB,2024-07-09,1e-4,0.00254
MRB,2024-07-10,2.4,60.959999999999994
MRB,2024-07-11,0.02,0.508
MRB,2024-07-12,0,0
MRB,2024-07-13,0,0
MRB,2024-07-14,0,0
MRB,2024-07-15,0,0
MRB,2024-07-16,0,0
MRB,2024-07-17,1.2402,31.501079999999998
MRB,2024-07-18,3.0000000000000003e-4,0.00762
MRB,2024-07-19,0,0
MRB,2024-07-20,4e-4,0.01016
MRB,2024-07-21,0,0
MRB,2024-07-22,5e-4,0.0127
MRB,2024-07-23,0.09,2.2859999999999996
MRB,2024-07-24,0.6413,16.289019999999997
MRB,2024-07-25,2e-4,0.00508
MRB,2024-07-26,2e-4,0.00508
MRB,2024-07-27,0,0
MRB,2024-07-28,0,0
MRB,2024-07-29,0,0
MRB,2024-07-30,2.7204,69.09816
MRB,2024-07-31,0,0
MRB,2024-08-01,0.01,0.254
MRB,2024-08-02,0,0
MRB,2024-08-03,2.151,54.63539999999999
MRB,2024-08-04,2e-4,0.00508
MRB,2024-08-05,0,0
MRB,2024-08-06,0,0
MRB,2024-08-07,6.5803,167.13962
MRB,2024-08-08,11.9114,302.54956
MRB,2024-08-09,9.8704,250.70816
MRB,2024-08-10,0,0
MRB,2024-08-11,0,0
MRB,2024-08-12,0,0
MRB,2024-08-13,0,0
MRB,2024-08-14,0,0
MRB,2024-08-15,0,0
MRB,2024-08-16,0,0
MRB,2024-08-17,0.24029999999999999,6.103619999999999
MRB,2024-08-18,2.0406,51.831239999999994
MRB,2024-08-19,0,0
MRB,2024-08-20,1e-4,0.00254
MRB,2024-08-21,0,0
MRB,2024-08-22,0,0
MRB,2024-08-23,0,0
MRB,2024-08-24,0,0
MRB,2024-08-25,0,0
MRB,2024-08-26,0.030699999999999998,0.7797799999999999
MRB,2024-08-27,0,0
MRB,2024-08-28,0.04,1.016
MRB,2024-08-29,6.000000000000001e-4,0.01524
MRB,2024-08-30,0.7601,19.30654
MRB,2024-08-31,1.32,33.528
MRB,2024-09-01,1e-4,0.00254
MRB,2024-09-02,0,0
MRB,2024-09-03,0,0
MRB,2024-09-04,0,0
MRB,2024-09-05,0,0
MRB,2024-09-06,0,0
MRB,2024-09-07,0.6204,15.758159999999998
MRB,2024-09-08,0,0
MRB,2024-09-09,0,0
MRB,2024-09-10,0,0
MRB,2024-09-11,0,0
MRB,2024-09-12,0,0
MRB,2024-09-13,0,0
MRB,2024-09-14,0,0
MRB,2024-09-15,0,0
MRB,2024-09-16,0,0
MRB,2024-09-17,0.1003,2.5476199999999998
MRB,2024-09-18,0.7508,19.07032
MRB,2024-09-19,0,0
MRB,2024-09-20,0,0
MRB,2024-09-21,0.2202,5.59308
MRB,2024-09-22,0,0
MRB,2024-09-23,0.2306,5.85724
MRB,2024-09-24,0.4406,11.191239999999999
MRB,2024-09-25,0.0102,0.25908
MRB,2024-09-26,0.8603000000000001,21.85162
MRB,2024-09-27,0.3012,7.65048
MRB,2024-09-28,0.0412,1.0464799999999999
MRB,2024-09-29,0.0313,0.79502
MRB,2024-09-30,0.8214,20.86356
MRB,2024-10-01,0.6513,16.54302
MRB,2024-10-02,0.46040000000000003,11.69416
MRB,2024-10-03,0,0
MRB,2024-10-04,0,0
MRB,2024-10-05,0,0
MRB,2024-10-06,0,0
MRB,2024-10-07,0.0501,1.27254
MRB,2024-10-08,0,0
MRB,2024-10-09,0,0
MRB,2024-10-10,0,0
MRB,2024-10-11,0,0
MRB,2024-10-12,0,0
MRB,2024-10-13,0,0
MRB,2024-10-14,2e-4,0.00508
MRB,2024-10-15,1e-4,0.00254
MRB,2024-10-16,0,0
MRB,2024-10-17,0,0
MRB,2024-10-18,0,0
MRB,2024-10-19,0,0
MRB,2024-10-20,0,0
MRB,2024-10-21,0,0
MRB,2024-10-22,0,0
MRB,2024-10-23,0,0
MRB,2024-10-24,0,0
MRB,2024-10-25,0,0
MRB,2024-10-26,0,0
MRB,2024-10-27,0,0
MRB,2024-10-28,0,0
MRB,2024-10-29,0,0
MRB,2024-10-30,0,0
MRB,2024-10-31,0,0
MRB,2024-11-01,1e-4,0.00254
MRB,2024-11-02,0,0
MRB,2024-11-03,0,0
MRB,2024-11-04,0,0
MRB,2024-11-05,0,0
MRB,2024-11-06,0,0
MRB,2024-11-07,0,0
MRB,2024-11-08,0,0
MRB,2024-11-09,0,0
MRB,2024-11-10,0.10020000000000001,2.54508
MRB,2024-11-11,0.0702,1.7830799999999998
MRB,2024-11-12,0,0
MRB,2024-11-13,0,0
MRB,2024-11-14,0.0901,2.28854
MRB,2024-11-15,0.12040000000000001,3.05816
MRB,2024-11-16,0,0
MRB,2024-11-17,0,0
MRB,2024-11-18,0,0
MRB,2024-11-19,3.0000000000000003e-4,0.00762
MRB,2024-11-20,0.020300000000000002,0.5156200000000001
MRB,2024-11-21,0.0106,0.26924
MRB,2024-11-22,0.0307,0.77978
MRB,2024-11-23,0.0103,0.26161999999999996
MRB,2024-11-24,0,0
MRB,2024-11-25,0,0
MRB,2024-11-26,0.0502,1.27508
MRB,2024-11-27,0,0
MRB,2024-11-28,0.6009,15.262859999999998
MRB,2024-11-29,1e-4,0.00254
MRB,2024-11-30,0,0
MRB,2024-12-01,3.0000000000000003e-4,0.00762
MRB,2024-12-02,0,0
MRB,2024-12-03,0,0
MRB,2024-12-04,1e-4,0.00254
MRB,2024-12-05,0.0103,0.26161999999999996
MRB,2024-12-06,0,0
MRB,2024-12-07,0,0
MRB,2024-12-08,0,0
MRB,2024-12-09,0.5508,13.990319999999999
MRB,2024-12-10,0.0102,0.25908
MRB,2024-12-11,4.2805,108.7247
MRB,2024-12-12,0,0
MRB,2024-12-13,0,0
MRB,2024-12-14,0,0
MRB,2024-12-15,0.0414,1.0515599999999998
MRB,2024-12-16,1.1708,29.73832
MRB,2024-12-17,3.0000000000000003e-4,0.00762
MRB,2024-12-18,0.0805,2.0446999999999997
MRB,2024-12-19,3.0000000000000003e-4,0.00762
MRB,2024-12-20,7e-4,0.017779999999999997
MRB,2024-12-21,1e-4,0.00254
MRB,2024-12-22,0,0
MRB,2024-12-23,0,0
MRB,2024-12-24,0,0
MRB,2024-12-25,1e-4,0.00254
MRB,2024-12-26,0,0
MRB,2024-12-27,0,0
MRB,2024-12-28,0.3212,8.158479999999999
MRB,2024-12-29,0.0305,0.7746999999999999
MRB,2024-12-30,3.0000000000000003e-4,0.00762
SCX,2017-10-23,0.53,13.462
SCX,2017-10-24,0,0
SCX,2017-10-25,0,0
SCX,2017-10-26,0,0
SCX,2017-10-27,0,0
SCX,2017-10-28,0.79,20.066
SCX,2017-10-29,0,0
SCX,2017-10-30,0,0
SCX,2017-10-31,0,0
SCX,2017-11-01,0.02,0.508
SCX,2017-11-02,0,0
SCX,2017-11-03,0.18,4.571999999999999
SCX,2017-11-04,0,0
SCX,2017-11-05,0,0
SCX,2017-11-06,0.26,6.604
SCX,2017-11-07,0.36,9.143999999999998
SCX,2017-11-08,0,0
SCX,2017-11-09,0,0
SCX,2017-11-10,0,0
SCX,2017-11-11,0,0
SCX,2017-11-12,0,0
SCX,2017-11-13,0,0
SCX,2017-11-14,0,0
SCX,2017-11-15,0.03,0.7619999999999999
SCX,2017-11-16,0,0
SCX,2017-11-17,0,0
SCX,2017-11-18,0.01,0.254
SCX,2017-11-19,0.44999999999999996,11.429999999999998
SCX,2017-11-20,0,0
SCX,2017-11-21,0,0
SCX,2017-11-22,0,0
SCX,2017-11-23,0,0
SCX,2017-11-24,0,0
SCX,2017-11-25,0,0
SCX,2017-11-26,0,0
SCX,2017-11-27,0,0
SCX,2017-11-28,0,0
SCX,2017-11-29,0,0
SCX,2017-11-30,0.01,0.254
SCX,2017-12-01,0,0
SCX,2017-12-02,0,0
SCX,2017-12-03,0,0
SCX,2017-12-04,0,0
SCX,2017-12-05,0.52,13.208
SCX,2017-12-06,0,0
SCX,2017-12-07,0,0
SCX,2017-12-08,0,0
SCX,2017-12-09,0,0
SCX,2017-12-10,0,0
SCX,2017-12-11,0,0
SCX,2017-12-12,0,0
SCX,2017-12-13,0,0
SCX,2017-12-14,0,0
SCX,2017-12-15,0,0
SCX,2017-12-16,0,0
SCX,2017-12-17,0.01,0.254
SCX,2017-12-18,0,0
SCX,2017-12-19,0,0
SCX,2017-12-20,0.24,6.095999999999999
SCX,2017-12-21,0,0
SCX,2017-12-22,0.45,11.43
SCX,2017-12-23,1.47,37.337999999999994
SCX,2017-12-24,0.03,0.7619999999999999
SCX,2017-12-25,0.01,0.254
SCX,2017-12-26,0,0
SCX,2017-12-27,0,0
SCX,2017-12-28,0,0
SCX,2017-12-29,0,0
SCX,2017-12-30,0,0
SCX,2017-12-31,0,0
SCX,2018-01-01,0,0
SCX,2018-01-02,0,0
SCX,2018-01-03,0,0
SCX,2018-01-04,0,0
SCX,2018-01-05,0,0
SCX,2018-01-06,0,0
SCX,2018-01-07,0,0
SCX,2018-01-08,0.19,4.826
SCX,2018-01-09,0.07,1.778
SCX,2018-01-10,0,0
SCX,2018-01-11,0,0
SCX,2018-01-12,0.13,3.302
SCX,2018-01-13,0,0
SCX,2018-01-14,0,0
SCX,2018-01-15,0,0
SCX,2018-01-16,0.01,0.254
SCX,2018-01-17,0,0
SCX,2018-01-18,0,0
SCX,2018-01-19,0,0
SCX,2018-01-20,0,0
SCX,2018-01-21,0,0
SCX,2018-01-22,0.1,2.54
SCX,2018-01-23,0.01,0.254
SCX,2018-01-24,0,0
SCX,2018-01-25,0,0
SCX,2018-01-26,0,0
SCX,2018-01-27,0.01,0.254
SCX,2018-01-28,0.58,14.731999999999998
SCX,2018-01-29,0,0
SCX,2018-01-30,0,0
SCX,2018-01-31,0,0
SCX,2018-02-01,0.16999999999999998,4.318
SCX,2018-02-02,0.1,2.54
SCX,2018-02-03,0,0
SCX,2018-02-04,0.42,10.668
SCX,2018-02-05,0,0
SCX,2018-02-06,0.02,0.508
SCX,2018-02-07,1.1600000000000001,29.464000000000002
SCX,2018-02-08,0,0
SCX,2018-02-09,0,0
SCX,2018-02-10,2.11,53.593999999999994
SCX,2018-02-11,0.84,21.336
SCX,2018-02-12,0,0
SCX,2018-02-13,0,0
SCX,2018-02-14,0.16,4.064
SCX,2018-02-15,0.16999999999999998,4.318
SCX,2018-02-16,0.23,5.842
SCX,2018-02-17,1.1300000000000001,28.702
SCX,2018-02-18,0,0
SCX,2018-02-19,0,0
SCX,2018-02-20,0,0
SCX,2018-02-21,0.02,0.508
SCX,2018-02-22,0.27,6.858
SCX,2018-02-23,0,0
SCX,2018-02-24,0.47000000000000003,11.938
SCX,2018-02-25,1.22,30.987999999999996
SCX,2018-02-26,0.24,6.095999999999999
SCX,2018-02-27,0,0
SCX,2018-02-28,0.13,3.302
SCX,2018-03-01,0.97,24.637999999999998
SCX,2018-03-02,0.01,0.254
SCX,2018-03-03,0,0
SCX,2018-03-04,0,0
SCX,2018-03-05,0,0
SCX,2018-03-06,0.13,3.302
SCX,2018-03-07,0.03,0.7619999999999999
SCX,2018-03-08,0,0
SCX,2018-03-09,0,0
SCX,2018-03-10,0,0
SCX,2018-03-11,0.01,0.254
SCX,2018-03-12,1.09,27.686
SCX,2018-03-13,0,0
SCX,2018-03-14,0,0
SCX,2018-03-15,0,0
SCX,2018-03-16,0,0
SCX,2018-03-17,0.04,1.016
SCX,2018-03-18,0,0
SCX,2018-03-19,0.12,3.0479999999999996
SCX,2018-03-20,0.43,10.921999999999999
SCX,2018-03-21,0.08,2.032
SCX,2018-03-22,0,0
SCX,2018-03-23,0,0
SCX,2018-03-24,0.65,16.509999999999998
SCX,2018-03-25,0.35,8.889999999999999
SCX,2018-03-26,0,0
SCX,2018-03-27,0,0
SCX,2018-03-28,0,0
SCX,2018-03-29,0.64,16.256
SCX,2018-03-30,0.07,1.778
SCX,2018-03-31,0,0
SCX,2018-04-01,0.01,0.254
SCX,2018-04-02,0.1,2.54
SCX,2018-04-03,0,0
SCX,2018-04-04,0.66,16.764
SCX,2018-04-05,0,0
SCX,2018-04-06,0.02,0.508
SCX,2018-04-07,0.26,6.604
SCX,2018-04-08,0,0
SCX,2018-04-09,0.06,1.5239999999999998
SCX,2018-04-10,0,0
SCX,2018-04-11,0,0
SCX,2018-04-12,0,0
SCX,2018-04-13,0,0
SCX,2018-04-14,0.56,14.224
SCX,2018-04-15,1.77,44.958
SCX,2018-04-16,0.08,2.032
SCX,2018-04-17,0,0
SCX,2018-04-18,0,0
SCX,2018-04-19,0.17,4.3180000000000005
SCX,2018-04-20,0,0
SCX,2018-04-21,0,0
SCX,2018-04-22,0,0
SCX,2018-04-23,0.39,9.906
SCX,2018-04-24,1.07,27.178
SCX,2018-04-25,0.08,2.032
SCX,2018-04-26,0,0
SCX,2018-04-27,0.02,0.508
SCX,2018-04-28,0,0
SCX,2018-04-29,0,0
SCX,2018-04-30,0,0
SCX,2018-05-01,0,0
SCX,2018-05-02,0,0
SCX,2018-05-03,0,0
SCX,2018-05-04,0,0
SCX,2018-05-05,0.16,4.064
SCX,2018-05-06,0.05,1.27
SCX,2018-05-07,0.03,0.7619999999999999
SCX,2018-05-08,0,0
SCX,2018-05-09,0.01,0.254
SCX,2018-05-10,0.02,0.508
SCX,2018-05-11,0.02,0.508
SCX,2018-05-12,0,0
SCX,2018-05-13,0,0
SCX,2018-05-14,0,0
SCX,2018-05-15,0,0
SCX,2018-05-16,0.01,0.254
SCX,2018-05-17,0,0
SCX,2018-05-18,0.04,1.016
SCX,2018-05-19,0.19,4.826
SCX,2018-05-20,0,0
SCX,2018-05-21,0,0
SCX,2018-05-22,0.22,5.588
SCX,2018-05-23,0,0
SCX,2018-05-24,0,0
SCX,2018-05-25,0,0
SCX,2018-05-26,0.96,24.383999999999997
SCX,2018-05-27,0.01,0.254
SCX,2018-05-28,0.06,1.5239999999999998
SCX,2018-05-29,0.08,2.032
SCX,2018-05-30,0.33,8.382
SCX,2018-05-31,0.35000000000000003,8.89
SCX,2018-06-01,1.33,33.782
SCX,2018-06-02,0,0
SCX,2018-06-03,0.01,0.254
SCX,2018-06-04,0,0
SCX,2018-06-05,0,0
SCX,2018-06-06,0,0
SCX,2018-06-07,0,0
SCX,2018-06-08,0,0
SCX,2018-06-09,1.16,29.463999999999995
SCX,2018-06-10,0,0
SCX,2018-06-11,0,0
SCX,2018-06-12,0,0
SCX,2018-06-13,0,0
SCX,2018-06-14,0,0
SCX,2018-06-15,0,0
SCX,2018-06-16,0,0
SCX,2018-06-17,0,0
SCX,2018-06-18,0.25,6.35
SCX,2018-06-19,0,0
SCX,2018-06-20,0,0
SCX,2018-06-21,0.01,0.254
SCX,2018-06-22,0,0
SCX,2018-06-23,0,0
SCX,2018-06-24,0.16,4.064
SCX,2018-06-25,0.41000000000000003,10.414
SCX,2018-06-26,0.59,14.985999999999999
SCX,2018-06-27,1.77,44.958
SCX,2018-06-28,0.33,8.382
SCX,2018-06-29,0,0
SCX,2018-06-30,0,0
SCX,2018-07-01,0.47,11.937999999999999
SCX,2018-07-02,0.1,2.54
SCX,2018-07-03,0,0
SCX,2018-07-04,0,0
SCX,2018-07-05,0,0
SCX,2018-07-06,0.29000000000000004,7.3660000000000005
SCX,2018-07-07,0,0
SCX,2018-07-08,0,0
SCX,2018-07-09,0.01,0.254
SCX,2018-07-10,0.1,2.54
SCX,2018-07-11,0,0
SCX,2018-07-12,0,0
SCX,2018-07-13,0,0
SCX,2018-07-14,0,0
SCX,2018-07-15,0.63,16.002
SCX,2018-07-16,0.07,1.778
SCX,2018-07-17,0.06,1.5239999999999998
SCX,2018-07-18,0,0
SCX,2018-07-19,0,0
SCX,2018-07-20,0,0
SCX,2018-07-21,0.9,22.86
SCX,2018-07-22,0.58,14.731999999999998
SCX,2018-07-23,0.33,8.382
SCX,2018-07-24,0,0
SCX,2018-07-25,0,0
SCX,2018-07-26,0,0
SCX,2018-07-27,0,0
SCX,2018-07-28,0,0
SCX,2018-07-29,0,0
SCX,2018-07-30,0.06,1.5239999999999998
SCX,2018-07-31,0.07,1.778
SCX,2018-08-01,0.1,2.54
SCX,2018-08-02,0.01,0.254
SCX,2018-08-03,0,0
SCX,2018-08-04,0,0
SCX,2018-08-05,0.13,3.302
SCX,2018-08-06,0,0
SCX,2018-08-07,0,0
SCX,2018-08-08,0.01,0.254
SCX,2018-08-09,0.03,0.7619999999999999
SCX,2018-08-10,0.32,8.128
SCX,2018-08-11,0,0
SCX,2018-08-12,0,0
SCX,2018-08-13,0,0
SCX,2018-08-14,0,0
SCX,2018-08-15,0.05,1.27
SCX,2018-08-16,0.45999999999999996,11.684
SCX,2018-08-17,0.07,1.778
SCX,2018-08-18,0.88,22.352
SCX,2018-08-19,0,0
SCX,2018-08-20,0,0
SCX,2018-08-21,0.060000000000000005,1.524
SCX,2018-08-22,0.09999999999999999,2.5399999999999996
SCX,2018-08-23,0,0
SCX,2018-08-24,0,0
SCX,2018-08-25,0,0
SCX,2018-08-26,0,0
SCX,2018-08-27,0,0
SCX,2018-08-28,0,0
SCX,2018-08-29,0,0
SCX,2018-08-30,0.02,0.508
SCX,2018-08-31,0.03,0.7619999999999999
SCX,2018-09-01,0,0
SCX,2018-09-02,0,0
SCX,2018-09-03,0,0
SCX,2018-09-04,0,0
SCX,2018-09-05,0.13,3.302
SCX,2018-09-06,0.1,2.54
SCX,2018-09-07,0,0
SCX,2018-09-08,0.02,0.508
SCX,2018-09-09,1.98,50.291999999999994
SCX,2018-09-10,0.63,16.002
SCX,2018-09-11,0,0
SCX,2018-09-12,0,0
SCX,2018-09-13,0,0
SCX,2018-09-14,0,0
SCX,2018-09-15,0,0
SCX,2018-09-16,0.16,4.064
SCX,2018-09-17,0.03,0.7619999999999999
SCX,2018-09-18,0,0
SCX,2018-09-19,0,0
SCX,2018-09-20,0,0
SCX,2018-09-21,0,0
SCX,2018-09-22,0.22,5.588
SCX,2018-09-23,1.57,39.878
SCX,2018-09-24,0.61,15.493999999999998
SCX,2018-09-25,0.67,17.018
SCX,2018-09-26,0.51,12.953999999999999
SCX,2018-09-27,1.27,32.257999999999996
SCX,2018-09-28,0,0
SCX,2018-09-29,0,0
SCX,2018-09-30,0,0
SCX,2018-10-01,0,0
SCX,2018-10-02,0.16999999999999998,4.318
SCX,2018-10-03,0.02,0.508
SCX,2018-10-04,0,0
SCX,2018-10-05,0,0
SCX,2018-10-06,0,0
SCX,2018-10-07,0,0
SCX,2018-10-08,0,0
SCX,2018-10-09,0,0
SCX,2018-10-10,0,0
SCX,2018-10-11,0.45,11.43
SCX,2018-10-12,0,0
SCX,2018-10-13,0,0
SCX,2018-10-14,0.14,3.556
SCX,2018-10-15,0,0
SCX,2018-10-16,0.03,0.7619999999999999
SCX,2018-10-17,0.08,2.032
SCX,2018-10-18,0,0
SCX,2018-10-19,0,0
SCX,2018-10-20,0.06,1.5239999999999998
SCX,2018-10-21,0,0
SCX,2018-10-22,0,0
SCX,2018-10-23,0,0
SCX,2018-10-24,0,0
SCX,2018-10-25,0,0
SCX,2018-10-26,0.55,13.97
SCX,2018-10-27,0.03,0.7619999999999999
SCX,2018-10-28,0,0
SCX,2018-10-29,0,0
SCX,2018-10-30,0,0
SCX,2018-10-31,0,0
SCX,2018-11-01,0.77,19.558
SCX,2018-11-02,0.16999999999999998,4.318
SCX,2018-11-03,0,0
SCX,2018-11-04,0,0
SCX,2018-11-05,0.19,4.826
SCX,2018-11-06,0.78,19.812
SCX,2018-11-07,0,0
SCX,2018-11-08,0,0
SCX,2018-11-09,0,0
SCX,2018-11-10,0,0
SCX,2018-11-11,0,0
SCX,2018-11-12,0.45,11.43
SCX,2018-11-13,0.09,2.2859999999999996
SCX,2018-11-14,0.23,5.842
SCX,2018-11-15,0.8200000000000001,20.828
SCX,2018-11-16,0,0
SCX,2018-11-17,0,0
SCX,2018-11-18,0,0
SCX,2018-11-19,0,0
SCX,2018-11-20,0.01,0.254
SCX,2018-11-21,0,0
SCX,2018-11-22,0,0
SCX,2018-11-23,0,0
SCX,2018-11-24,0.21,5.334
SCX,2018-11-25,0.01,0.254
SCX,2018-11-26,0.12,3.0479999999999996
SCX,2018-11-27,0,0
SCX,2018-11-28,0,0
SCX,2018-11-29,0.01,0.254
SCX,2018-11-30,0.18,4.571999999999999
SCX,2018-12-01,0.21,5.334
SCX,2018-12-02,0.31,7.874
SCX,2018-12-03,0,0
SCX,2018-12-04,0,0
SCX,2018-12-05,0.07,1.778
SCX,2018-12-06,0,0
SCX,2018-12-07,0,0
SCX,2018-12-08,0,0
SCX,2018-12-09,0.85,21.59
SCX,2018-12-10,0.01,0.254
SCX,2018-12-11,0,0
SCX,2018-12-12,0,0
SCX,2018-12-13,0.01,0.254
SCX,2018-12-14,0.84,21.336
SCX,2018-12-15,0.45,11.43
SCX,2018-12-16,0.43,10.921999999999999
SCX,2018-12-17,0,0
SCX,2018-12-18,0,0
SCX,2018-12-19,0,0
SCX,2018-12-20,0.84,21.336
SCX,2018-12-21,0.44,11.176
SCX,2018-12-22,0.01,0.254
SCX,2018-12-23,0.22,5.588
SCX,2018-12-24,0,0
SCX,2018-12-25,0,0
SCX,2018-12-26,0,0
SCX,2018-12-27,0.07,1.778
SCX,2018-12-28,1.64,41.65599999999999
SCX,2018-12-29,0,0
SCX,2018-12-30,0,0
SCX,2018-12-31,1.3699999999999999,34.797999999999995
SCX,2019-01-01,0.24,6.095999999999999
SCX,2019-01-02,0,0
SCX,2019-01-03,0.59,14.985999999999999
SCX,2019-01-04,0.94,23.875999999999998
SCX,2019-01-05,0.14,3.556
SCX,2019-01-06,0,0
SCX,2019-01-07,0,0
SCX,2019-01-08,0,0
SCX,2019-01-09,0,0
SCX,2019-01-10,0,0
SCX,2019-01-11,0,0
SCX,2019-01-12,0.06999999999999999,1.7779999999999998
SCX,2019-01-13,0.18,4.571999999999999
SCX,2019-01-14,0,0
SCX,2019-01-15,0,0
SCX,2019-01-16,0,0
SCX,2019-01-17,0.33,8.382
SCX,2019-01-18,0.01,0.254
SCX,2019-01-19,1.1400000000000001,28.956000000000003
SCX,2019-01-20,0.060000000000000005,1.524
SCX,2019-01-21,0,0
SCX,2019-01-22,0,0
SCX,2019-01-23,0.65,16.509999999999998
SCX,2019-01-24,0.76,19.304
SCX,2019-01-25,0,0
SCX,2019-01-26,0,0
SCX,2019-01-27,0,0
SCX,2019-01-28,0,0
SCX,2019-01-29,0.05,1.27
SCX,2019-01-30,0,0
SCX,2019-01-31,0,0
SCX,2019-02-01,0,0
SCX,2019-02-02,0,0
SCX,2019-02-03,0,0
SCX,2019-02-04,0,0
SCX,2019-02-05,0,0
SCX,2019-02-06,0.77,19.558
SCX,2019-02-07,1.25,31.75
SCX,2019-02-08,0.69,17.525999999999996
SCX,2019-02-09,0,0
SCX,2019-02-10,0.4,10.16
SCX,2019-02-11,0.14,3.556
SCX,2019-02-12,0.9,22.86
SCX,2019-02-13,0,0
SCX,2019-02-14,0,0
SCX,2019-02-15,0.04,1.016
SCX,2019-02-16,0.36,9.143999999999998
SCX,2019-02-17,0.9400000000000001,23.876
SCX,2019-02-18,0.33,8.382
SCX,2019-02-19,0.05,1.27
SCX,2019-02-20,2.51,63.75399999999999
SCX,2019-02-21,0.01,0.254
SCX,2019-02-22,0.63,16.002
SCX,2019-02-23,1.31,33.274
SCX,2019-02-24,0.5,12.7
SCX,2019-02-25,0,0
SCX,2019-02-26,0,0
SCX,2019-02-27,0,0
SCX,2019-02-28,0.12,3.0479999999999996
SCX,2019-03-01,0.08,2.032
SCX,2019-03-02,0,0
SCX,2019-03-03,0.86,21.843999999999998
SCX,2019-03-04,0,0
SCX,2019-03-05,0,0
SCX,2019-03-06,0,0
SCX,2019-03-07,0,0
SCX,2019-03-08,0.4,10.16
SCX,2019-03-09,0.42,10.668
SCX,2019-03-10,0.48,12.191999999999998
SCX,2019-03-11,0,0
SCX,2019-03-12,0,0
SCX,2019-03-13,0,0
SCX,2019-03-14,0.03,0.7619999999999999
SCX,2019-03-15,0.52,13.208
SCX,2019-03-16,0,0
SCX,2019-03-17,0,0
SCX,2019-03-18,0,0
SCX,2019-03-19,0,0
SCX,2019-03-20,0,0
SCX,2019-03-21,0,0
SCX,2019-03-22,0,0
SCX,2019-03-23,0,0
SCX,2019-03-24,0,0
SCX,2019-03-25,0.31,7.874
SCX,2019-03-26,0,0
SCX,2019-03-27,0,0
SCX,2019-03-28,0,0
SCX,2019-03-29,0,0
SCX,2019-03-30,0,0
SCX,2019-03-31,0.45,11.43
SCX,2019-04-01,0,0
SCX,2019-04-02,0.01,0.254
SCX,2019-04-03,0,0
SCX,2019-04-04,0,0
SCX,2019-04-05,0.27,6.858
SCX,2019-04-06,0,0
SCX,2019-04-07,0.32,8.128
SCX,2019-04-08,1.79,45.466
SCX,2019-04-09,0,0
SCX,2019-04-10,0,0
SCX,2019-04-11,0,0
SCX,2019-04-12,0.57,14.477999999999998
SCX,2019-04-13,0,0
SCX,2019-04-14,0.45,11.43
SCX,2019-04-15,0,0
SCX,2019-04-16,0,0
SCX,2019-04-17,0,0
SCX,2019-04-18,0,0
SCX,2019-04-19,1.19,30.225999999999996
SCX,2019-04-20,0.05,1.27
SCX,2019-04-21,0,0
SCX,2019-04-22,0,0
SCX,2019-04-23,0,0
SCX,2019-04-24,0,0
SCX,2019-04-25,0,0
SCX,2019-04-26,0.18,4.571999999999999
SCX,2019-04-27,0,0
SCX,2019-04-28,0,0
SCX,2019-04-29,0,0
SCX,2019-04-30,0,0
SCX,2019-05-01,0,0
SCX,2019-05-02,0.07,1.778
SCX,2019-05-03,0.25,6.35
SCX,2019-05-04,0.19,4.826
SCX,2019-05-05,0.53,13.462
SCX,2019-05-06,0,0
SCX,2019-05-07,0,0
SCX,2019-05-08,0,0
SCX,2019-05-09,0,0
SCX,2019-05-10,0,0
SCX,2019-05-11,1.48,37.592
SCX,2019-05-12,0.3,7.619999999999999
SCX,2019-05-13,0,0
SCX,2019-05-14,0,0
SCX,2019-05-15,0,0
SCX,2019-05-16,0,0
SCX,2019-05-17,0.31,7.874
SCX,2019-05-18,0,0
SCX,2019-05-19,0,0
SCX,2019-05-20,0,0
SCX,2019-05-21,0,0
SCX,2019-05-22,0,0
SCX,2019-05-23,0,0
SCX,2019-05-24,0,0
SCX,2019-05-25,0,0
SCX,2019-05-26,0,0
SCX,2019-05-27,0.01,0.254
SCX,2019-05-28,0,0
SCX,2019-05-29,0,0
SCX,2019-05-30,0.01,0.254
SCX,2019-05-31,0.03,0.7619999999999999
SCX,2019-06-01,0,0
SCX,2019-06-02,0,0
SCX,2019-06-03,0,0
SCX,2019-06-04,0,0
SCX,2019-06-05,0.7999999999999999,20.319999999999997
SCX,2019-06-06,0.08,2.032
SCX,2019-06-07,0.56,14.224
SCX,2019-06-08,0.02,0.508
SCX,2019-06-09,0.01,0.254
SCX,2019-06-10,0,0
SCX,2019-06-11,0,0
SCX,2019-06-12,0.02,0.508
SCX,2019-06-13,0.3,7.619999999999999
SCX,2019-06-14,0,0
SCX,2019-06-15,0,0
SCX,2019-06-16,0,0
SCX,2019-06-17,0.27,6.858
SCX,2019-06-18,0.25,6.35
SCX,2019-06-19,0.18000000000000002,4.572
SCX,2019-06-20,0.36,9.143999999999998
SCX,2019-06-21,0,0
SCX,2019-06-22,1.08,27.432
SCX,2019-06-23,0.21000000000000002,5.3340000000000005
SCX,2019-06-24,0.17,4.3180000000000005
SCX,2019-06-25,0,0
SCX,2019-06-26,0,0
SCX,2019-06-27,0,0
SCX,2019-06-28,0,0
SCX,2019-06-29,0,0
SCX,2019-06-30,0,0
SCX,2019-07-01,0,0
SCX,2019-07-02,0,0
SCX,2019-07-03,0.01,0.254
SCX,2019-07-04,0,0
SCX,2019-07-05,0,0
SCX,2019-07-06,0,0
SCX,2019-07-07,0,0
SCX,2019-07-08,0,0
SCX,2019-07-09,0,0
SCX,2019-07-10,0,0
SCX,2019-07-11,2.54,64.51599999999999
SCX,2019-07-12,0.01,0.254
SCX,2019-07-13,0.03,0.7619999999999999
SCX,2019-07-14,0.23,5.842
SCX,2019-07-15,0,0
SCX,2019-07-16,0,0
SCX,2019-07-17,0.08,2.032
SCX,2019-07-18,0,0
SCX,2019-07-19,0,0
SCX,2019-07-20,0.55,13.97
SCX,2019-07-21,0.26,6.604
SCX,2019-07-22,0.07,1.778
SCX,2019-07-23,0.81,20.574
SCX,2019-07-24,0,0
SCX,2019-07-25,0,0
SCX,2019-07-26,0,0
SCX,2019-07-27,0,0
SCX,2019-07-28,0,0
SCX,2019-07-29,0,0
SCX,2019-07-30,0.25,6.35
SCX,2019-07-31,0.04,1.016
SCX,2019-08-01,0.02,0.508
SCX,2019-08-02,0.21000000000000002,5.3340000000000005
SCX,2019-08-03,0.02,0.508
SCX,2019-08-05,0,0
SCX,2019-08-06,0,0
SCX,2019-08-07,0.12,3.0479999999999996
SCX,2019-08-08,0,0
SCX,2019-08-09,0,0
SCX,2019-08-10,0,0
SCX,2019-08-11,0,0
SCX,2019-08-12,0,0
SCX,2019-08-13,0.11,2.794
SCX,2019-08-14,0,0
SCX,2019-08-15,0,0
SCX,2019-08-16,0,0
SCX,2019-08-17,0,0
SCX,2019-08-18,0.15,3.8099999999999996
SCX,2019-08-19,0,0
SCX,2019-08-20,0,0
SCX,2019-08-21,0.01,0.254
SCX,2019-08-22,0.15,3.8099999999999996
SCX,2019-08-23,0.24,6.095999999999999
SCX,2019-08-24,0,0
SCX,2019-08-25,0,0
SCX,2019-08-26,0.2,5.08
SCX,2019-08-27,0.03,0.7619999999999999
SCX,2019-08-28,0.34,8.636000000000001
SCX,2019-08-29,0,0
SCX,2019-08-30,0,0
SCX,2019-08-31,0,0
SCX,2019-09-01,0,0
SCX,2019-09-02,0,0
SCX,2019-09-03,0,0
SCX,2019-09-04,0,0
SCX,2019-09-05,0,0
SCX,2019-09-06,0,0
SCX,2019-09-07,0,0
SCX,2019-09-08,0,0
SCX,2019-09-09,0,0
SCX,2019-09-10,0.02,0.508
SCX,2019-09-11,0,0
SCX,2019-09-12,0,0
SCX,2019-09-13,0.02,0.508
SCX,2019-09-14,0,0
SCX,2019-09-15,0,0
SCX,2019-09-16,0,0
SCX,2019-09-17,0,0
SCX,2019-09-18,0,0
SCX,2019-09-19,0,0
SCX,2019-09-20,0,0
SCX,2019-09-21,0,0
SCX,2019-09-22,0,0
SCX,2019-09-23,0.03,0.7619999999999999
SCX,2019-09-24,0,0
SCX,2019-09-25,0,0
SCX,2019-09-26,0.02,0.508
SCX,2019-09-27,0.08,2.032
SCX,2019-09-28,0,0
SCX,2019-09-29,0,0
SCX,2019-09-30,0,0
SCX,2019-10-01,0,0
SCX,2019-10-02,0,0
SCX,2019-10-03,0,0
SCX,2019-10-04,0,0
SCX,2019-10-05,0,0
SCX,2019-10-06,0.1,2.54
SCX,2019-10-07,0.19,4.826
SCX,2019-10-08,0,0
SCX,2019-10-09,0,0
SCX,2019-10-10,0,0
SCX,2019-10-11,0,0
SCX,2019-10-12,0.03,0.7619999999999999
SCX,2019-10-13,0,0
SCX,2019-10-14,0,0
SCX,2019-10-15,0,0
SCX,2019-10-16,0.53,13.462
SCX,2019-10-17,0.02,0.508
SCX,2019-10-18,0,0
SCX,2019-10-19,0.02,0.508
SCX,2019-10-20,0.1,2.54
SCX,2019-10-21,0.36,9.143999999999998
SCX,2019-10-22,0.84,21.336
SCX,2019-10-23,0,0
SCX,2019-10-24,0,0
SCX,2019-10-25,0.19,4.826
SCX,2019-10-26,0.67,17.018
SCX,2019-10-27,0.37,9.398
SCX,2019-10-28,0,0
SCX,2019-10-29,0,0
SCX,2019-10-30,0.17,4.3180000000000005
SCX,2019-10-31,1.5899999999999999,40.385999999999996
SCX,2019-11-01,0,0
SCX,2019-11-02,0,0
SCX,2019-11-03,0,0
SCX,2019-11-04,0,0
SCX,2019-11-05,0,0
SCX,2019-11-06,0,0
SCX,2019-11-07,0.5,12.7
SCX,2019-11-08,0.01,0.254
SCX,2019-11-09,0,0
SCX,2019-11-10,0,0
SCX,2019-11-11,0,0
SCX,2019-11-12,0.26,6.604
SCX,2019-11-13,0,0
SCX,2019-11-14,0,0
SCX,2019-11-15,0,0
SCX,2019-11-16,0,0
SCX,2019-11-17,0,0
SCX,2019-11-18,0,0
SCX,2019-11-19,0,0
SCX,2019-11-20,0,0
SCX,2019-11-21,0,0
SCX,2019-11-22,0.68,17.272000000000002
SCX,2019-11-23,0.48,12.191999999999998
SCX,2019-11-24,0.02,0.508
SCX,2019-11-25,0,0
SCX,2019-11-26,0,0
SCX,2019-11-27,0.6799999999999999,17.272
SCX,2019-11-28,0,0
SCX,2019-11-29,0,0
SCX,2019-11-30,0.74,18.796
SCX,2019-12-01,1.02,25.907999999999998
SCX,2019-12-02,0.02,0.508
SCX,2019-12-03,0,0
SCX,2019-12-04,0,0
SCX,2019-12-05,0,0
SCX,2019-12-06,0,0
SCX,2019-12-07,0,0
SCX,2019-12-08,0,0
SCX,2019-12-09,0,0
SCX,2019-12-10,0.59,14.985999999999999
SCX,2019-12-11,0.02,0.508
SCX,2019-12-12,0,0
SCX,2019-12-13,0.11,2.794
SCX,2019-12-14,0.21,5.334
SCX,2019-12-15,0,0
SCX,2019-12-16,0.48,12.191999999999998
SCX,2019-12-17,0.5,12.7
SCX,2019-12-18,0,0
SCX,2019-12-19,0,0
SCX,2019-12-20,0,0
SCX,2019-12-21,0,0
SCX,2019-12-22,0,0
SCX,2019-12-23,0.02,0.508
SCX,2019-12-24,0,0
SCX,2019-12-25,0,0
SCX,2019-12-26,0,0
SCX,2019-12-27,0,0
SCX,2019-12-28,0,0
SCX,2019-12-29,1.3599999999999999,34.544
SCX,2019-12-30,1.12,28.448
SCX,2019-12-31,0,0
SCX,2020-01-01,0,0
SCX,2020-01-02,0.5900000000000001,14.986
SCX,2020-01-03,0.89,22.605999999999998
SCX,2020-01-04,0.22,5.588
SCX,2020-01-05,0,0
SCX,2020-01-06,0,0
SCX,2020-01-07,0.06,1.5239999999999998
SCX,2020-01-08,0,0
SCX,2020-01-09,0,0
SCX,2020-01-10,0,0
SCX,2020-01-11,0.91,23.114
SCX,2020-01-12,0.12,3.0479999999999996
SCX,2020-01-13,0,0
SCX,2020-01-14,0.72,18.287999999999997
SCX,2020-01-15,0,0
SCX,2020-01-16,0.13,3.302
SCX,2020-01-17,0,0
SCX,2020-01-18,0.43,10.921999999999999
SCX,2020-01-19,0,0
SCX,2020-01-20,0,0
SCX,2020-01-21,0,0
SCX,2020-01-22,0,0
SCX,2020-01-23,0.01,0.254
SCX,2020-01-24,0.67,17.018
SCX,2020-01-25,0.01,0.254
SCX,2020-01-26,0,0
SCX,2020-01-27,0.2,5.08
SCX,2020-01-28,0,0
SCX,2020-01-29,0,0
SCX,2020-01-30,0.02,0.508
SCX,2020-01-31,0,0
SCX,2020-02-01,0.09,2.2859999999999996
SCX,2020-02-02,0,0
SCX,2020-02-03,0,0
SCX,2020-02-04,0.43000000000000005,10.922
SCX,2020-02-05,1.78,45.211999999999996
SCX,2020-02-06,3.67,93.21799999999999
SCX,2020-02-07,0.07,1.778
SCX,2020-02-08,0,0
SCX,2020-02-09,0,0
SCX,2020-02-10,0.8300000000000001,21.082
SCX,2020-02-11,0.69,17.525999999999996
SCX,2020-02-12,0.08,2.032
SCX,2020-02-13,0.8,20.32
SCX,2020-02-14,0,0
SCX,2020-02-15,0,0
SCX,2020-02-16,0,0
SCX,2020-02-17,0,0
SCX,2020-02-18,0.39,9.906
SCX,2020-02-19,0.05,1.27
SCX,2020-02-20,0,0
SCX,2020-02-21,0,0
SCX,2020-02-22,0,0
SCX,2020-02-23,0,0
SCX,2020-02-24,0.28,7.112
SCX,2020-02-25,0.13,3.302
SCX,2020-02-26,0.1,2.54
SCX,2020-02-27,0,0
SCX,2020-02-28,0.01,0.254
SCX,2020-02-29,0.05,1.27
SCX,2020-03-01,0,0
SCX,2020-03-02,0.33999999999999997,8.636
SCX,2020-03-03,1.05,26.669999999999998
SCX,2020-03-04,0,0
SCX,2020-03-05,0,0
SCX,2020-03-06,0,0
SCX,2020-03-07,0,0
SCX,2020-03-08,0,0
SCX,2020-03-09,0,0
SCX,2020-03-10,0.18,4.571999999999999
SCX,2020-03-11,0,0
SCX,2020-03-12,0,0
SCX,2020-03-13,0.41000000000000003,10.414
SCX,2020-03-14,0.15,3.8099999999999996
SCX,2020-03-15,0.14,3.556
SCX,2020-03-16,0,0
SCX,2020-03-17,0.31,7.874
SCX,2020-03-18,0.08,2.032
SCX,2020-03-19,0.08,2.032
SCX,2020-03-20,1.06,26.924
SCX,2020-03-21,0.16999999999999998,4.318
SCX,2020-03-22,0,0
SCX,2020-03-23,0.46,11.684
SCX,2020-03-24,0.44,11.176
SCX,2020-03-25,0.56,14.224
SCX,2020-03-26,0,0
SCX,2020-03-27,0,0
SCX,2020-03-28,0,0
SCX,2020-03-29,0.6799999999999999,17.272
SCX,2020-03-30,0,0
SCX,2020-03-31,0.9500000000000001,24.13
SCX,2020-04-01,0.02,0.508
SCX,2020-04-02,0,0
SCX,2020-04-03,0,0
SCX,2020-04-04,0,0
SCX,2020-04-05,0,0
SCX,2020-04-06,0,0
SCX,2020-04-07,0,0
SCX,2020-04-08,0,0
SCX,2020-04-09,0,0
SCX,2020-04-10,0,0
SCX,2020-04-11,0,0
SCX,2020-04-12,1.3,33.019999999999996
SCX,2020-04-13,1.04,26.416
SCX,2020-04-14,0,0
SCX,2020-04-15,0,0
SCX,2020-04-16,0,0
SCX,2020-04-17,0,0
SCX,2020-04-18,0.35000000000000003,8.89
SCX,2020-04-19,0,0
SCX,2020-04-20,0.28,7.112
SCX,2020-04-21,0,0
SCX,2020-04-22,0,0
SCX,2020-04-23,0.19,4.826
SCX,2020-04-24,0.43,10.921999999999999
SCX,2020-04-25,0.26,6.604
SCX,2020-04-26,0.22,5.588
SCX,2020-04-27,0,0
SCX,2020-04-28,0,0
SCX,2020-04-29,1.1,27.94
SCX,2020-04-30,0.04,1.016
SCX,2020-05-01,0.01,0.254
SCX,2020-05-02,0,0
SCX,2020-05-03,0.07,1.778
SCX,2020-05-04,0.2,5.08
SCX,2020-05-05,0.14,3.556
SCX,2020-05-06,0.02,0.508
SCX,2020-05-07,0,0
SCX,2020-05-08,0.37,9.398
SCX,2020-05-09,0.02,0.508
SCX,2020-05-10,0,0
SCX,2020-05-11,0,0
SCX,2020-05-12,0,0
SCX,2020-05-13,0.08,2.032
SCX,2020-05-14,0,0
SCX,2020-05-15,0,0
SCX,2020-05-16,0,0
SCX,2020-05-17,0,0
SCX,2020-05-18,0.04,1.016
SCX,2020-05-19,3.08,78.232
SCX,2020-05-20,0.14,3.556
SCX,2020-05-21,0,0
SCX,2020-05-22,0.02,0.508
SCX,2020-05-23,0.02,0.508
SCX,2020-05-24,0,0
SCX,2020-05-25,0.05,1.27
SCX,2020-05-26,0.51,12.953999999999999
SCX,2020-05-27,0.04,1.016
SCX,2020-05-28,0.03,0.7619999999999999
SCX,2020-05-29,0,0
SCX,2020-05-30,0,0
SCX,2020-05-31,0,0
SCX,2020-06-01,0,0
SCX,2020-06-02,0,0
SCX,2020-06-03,0,0
SCX,2020-06-04,0,0
SCX,2020-06-05,0.28,7.112
SCX,2020-06-06,0,0
SCX,2020-06-07,0,0
SCX,2020-06-08,0,0
SCX,2020-06-09,0.04,1.016
SCX,2020-06-10,0.01,0.254
SCX,2020-06-11,0,0
SCX,2020-06-12,0,0
SCX,2020-06-13,0,0
SCX,2020-06-14,0.09,2.2859999999999996
SCX,2020-06-15,0,0
SCX,2020-06-16,0,0
SCX,2020-06-17,0,0
SCX,2020-06-18,0,0
SCX,2020-06-19,0.43000000000000005,10.922
SCX,2020-06-20,0,0
SCX,2020-06-21,0.44,11.176
SCX,2020-06-22,0.15,3.8099999999999996
SCX,2020-06-23,0.32,8.128
SCX,2020-06-24,0,0
SCX,2020-06-25,0,0
SCX,2020-06-26,0,0
SCX,2020-06-27,0,0
SCX,2020-06-28,1.59,40.386
SCX,2020-06-29,0.06999999999999999,1.7779999999999998
SCX,2020-06-30,0.14,3.556
SCX,2020-07-01,0.01,0.254
SCX,2020-07-02,0.01,0.254
SCX,2020-07-03,0,0
SCX,2020-07-04,0,0
SCX,2020-07-05,0.79,20.066
SCX,2020-07-06,0,0
SCX,2020-07-07,0,0
SCX,2020-07-08,0,0
SCX,2020-07-09,0.11,2.794
SCX,2020-07-10,0,0
SCX,2020-07-11,0,0
SCX,2020-07-12,0,0
SCX,2020-07-13,0,0
SCX,2020-07-14,0,0
SCX,2020-07-15,0,0
SCX,2020-07-16,0.01,0.254
SCX,2020-07-17,0,0
SCX,2020-07-18,0,0
SCX,2020-07-19,0,0
SCX,2020-07-20,0.16,4.064
SCX,2020-07-21,0,0
SCX,2020-07-22,0.24000000000000002,6.096
SCX,2020-07-23,0.05,1.27
SCX,2020-07-24,0,0
SCX,2020-07-25,0,0
SCX,2020-07-26,0.02,0.508
SCX,2020-07-27,0,0
SCX,2020-07-28,0,0
SCX,2020-07-29,0.03,0.7619999999999999
SCX,2020-07-30,0.29,7.365999999999999
SCX,2020-07-31,0.51,12.953999999999999
SCX,2020-08-02,0,0
SCX,2020-08-03,0,0
SCX,2020-08-04,0,0
SCX,2020-08-05,0.02,0.508
SCX,2020-08-06,0.63,16.002
SCX,2020-08-07,0,0
SCX,2020-08-08,0,0
SCX,2020-08-09,0,0
SCX,2020-08-10,1.35,34.29
SCX,2020-08-11,0.31,7.874
SCX,2020-08-12,0,0
SCX,2020-08-13,0.12,3.0479999999999996
SCX,2020-08-14,0.060000000000000005,1.524
SCX,2020-08-15,0.34,8.636000000000001
SCX,2020-08-16,0,0
SCX,2020-08-17,0,0
SCX,2020-08-18,0,0
SCX,2020-08-19,0.02,0.508
SCX,2020-08-20,0.77,19.558
SCX,2020-08-21,0.11,2.794
SCX,2020-08-22,0.29,7.365999999999999
SCX,2020-08-23,0,0
SCX,2020-08-24,0.02,0.508
SCX,2020-08-25,0,0
SCX,2020-08-26,0,0
SCX,2020-08-27,0,0
SCX,2020-08-28,0.08,2.032
SCX,2020-08-29,0.36,9.143999999999998
SCX,2020-08-30,0,0
SCX,2020-08-31,0.29,7.365999999999999
SCX,2020-09-01,0,0
SCX,2020-09-02,0.17,4.3180000000000005
SCX,2020-09-03,0.04,1.016
SCX,2020-09-04,0,0
SCX,2020-09-05,0,0
SCX,2020-09-06,0,0
SCX,2020-09-07,0,0
SCX,2020-09-08,0,0
SCX,2020-09-09,0,0
SCX,2020-09-10,0,0
SCX,2020-09-11,0,0
SCX,2020-09-12,0,0
SCX,2020-09-13,0.4,10.16
SCX,2020-09-14,0,0
SCX,2020-09-15,0,0
SCX,2020-09-16,0,0
SCX,2020-09-17,0,0
SCX,2020-09-18,0,0
SCX,2020-09-19,0,0
SCX,2020-09-20,0,0
SCX,2020-09-21,0,0
SCX,2020-09-22,0,0
SCX,2020-09-23,0,0
SCX,2020-09-24,0.17,4.3180000000000005
SCX,2020-09-25,0.46,11.684
SCX,2020-09-26,0,0
SCX,2020-09-27,0,0
SCX,2020-09-28,0.78,19.812
SCX,2020-09-29,0.31,7.874
SCX,2020-09-30,0.02,0.508
SCX,2020-10-01,0,0
SCX,2020-10-02,0,0
SCX,2020-10-03,0,0
SCX,2020-10-04,0,0
SCX,2020-10-05,0,0
SCX,2020-10-06,0,0
SCX,2020-10-07,0,0
SCX,2020-10-08,0,0
SCX,2020-10-09,0,0
SCX,2020-10-10,0.41000000000000003,10.414
SCX,2020-10-11,0.67,17.018
SCX,2020-10-12,0,0
SCX,2020-10-13,0.16,4.064
SCX,2020-10-14,0,0
SCX,2020-10-15,0,0
SCX,2020-10-16,0.09,2.2859999999999996
SCX,2020-10-17,0,0
SCX,2020-10-18,0,0
SCX,2020-10-19,0,0
SCX,2020-10-20,0,0
SCX,2020-10-21,0,0
SCX,2020-10-22,0,0
SCX,2020-10-23,0,0
SCX,2020-10-24,0.25,6.35
SCX,2020-10-25,0,0
SCX,2020-10-26,0,0
SCX,2020-10-27,0,0
SCX,2020-10-28,0.9400000000000001,23.876
SCX,2020-10-29,0.39,9.906
SCX,2020-10-30,0,0
SCX,2020-10-31,0,0
SCX,2020-11-01,0,0
SCX,2020-11-02,0,0
SCX,2020-11-03,0,0
SCX,2020-11-04,0,0
SCX,2020-11-05,0,0
SCX,2020-11-06,0,0
SCX,2020-11-07,0,0
SCX,2020-11-08,0,0
SCX,2020-11-09,0,0
SCX,2020-11-10,0,0
SCX,2020-11-11,0.93,23.622
SCX,2020-11-12,0,0
SCX,2020-11-13,0,0
SCX,2020-11-14,0,0
SCX,2020-11-15,0.19,4.826
SCX,2020-11-16,0,0
SCX,2020-11-17,0,0
SCX,2020-11-18,0,0
SCX,2020-11-19,0,0
SCX,2020-11-20,0,0
SCX,2020-11-21,0,0
SCX,2020-11-22,0,0
SCX,2020-11-23,0.14,3.556
SCX,2020-11-24,0,0
SCX,2020-11-25,0.21000000000000002,5.3340000000000005
SCX,2020-11-26,0,0
SCX,2020-11-27,0,0
SCX,2020-11-28,0,0
SCX,2020-11-29,0,0
SCX,2020-11-30,0.71,18.034
SCX,2020-12-01,0.02,0.508
SCX,2020-12-02,0,0
SCX,2020-12-03,0,0
SCX,2020-12-04,1.12,28.448
SCX,2020-12-05,0,0
SCX,2020-12-06,0,0
SCX,2020-12-07,0.02,0.508
SCX,2020-12-08,0,0
SCX,2020-12-09,0,0
SCX,2020-12-10,0,0
SCX,2020-12-11,0,0
SCX,2020-12-12,0.15,3.8099999999999996
SCX,2020-12-13,0,0
SCX,2020-12-14,1.02,25.907999999999998
SCX,2020-12-15,0,0
SCX,2020-12-16,0.31,7.874
SCX,2020-12-17,0,0
SCX,2020-12-18,0,0
SCX,2020-12-19,0,0
SCX,2020-12-20,0.14,3.556
SCX,2020-12-21,0,0
SCX,2020-12-22,0,0
SCX,2020-12-23,0,0
SCX,2020-12-24,0.79,20.066
SCX,2020-12-25,0,0
SCX,2020-12-26,0,0
SCX,2020-12-27,0,0
SCX,2020-12-28,0,0
SCX,2020-12-29,0,0
SCX,2020-12-30,0,0
SCX,2020-12-31,0.29,7.365999999999999
SCX,2021-01-01,0.09,2.2859999999999996
SCX,2021-01-02,0,0
SCX,2021-01-03,0.03,0.7619999999999999
SCX,2021-01-04,0,0
SCX,2021-01-05,0,0
SCX,2021-01-06,0,0
SCX,2021-01-07,0,0
SCX,2021-01-08,0.06,1.5239999999999998
SCX,2021-01-09,0,0
SCX,2021-01-10,0,0
SCX,2021-01-11,0.05,1.27
SCX,2021-01-12,0,0
SCX,2021-01-13,0,0
SCX,2021-01-14,0,0
SCX,2021-01-15,0.05,1.27
SCX,2021-01-16,0.04,1.016
SCX,2021-01-17,0,0
SCX,2021-01-18,0,0
SCX,2021-01-19,0,0
SCX,2021-01-20,0,0
SCX,2021-01-21,0.12,3.0479999999999996
SCX,2021-01-22,0,0
SCX,2021-01-23,0,0
SCX,2021-01-24,0,0
SCX,2021-01-25,0.6,15.239999999999998
SCX,2021-01-26,0.32,8.128
SCX,2021-01-27,0,0
SCX,2021-01-28,0,0
SCX,2021-01-29,0,0
SCX,2021-01-30,0.05,1.27
SCX,2021-01-31,0.27,6.858
SCX,2021-02-01,0.01,0.254
SCX,2021-02-02,0,0
SCX,2021-02-03,0,0
SCX,2021-02-04,0,0
SCX,2021-02-05,0.21,5.334
SCX,2021-02-06,0,0
SCX,2021-02-07,0.3,7.619999999999999
SCX,2021-02-08,0.05,1.27
SCX,2021-02-09,0,0
SCX,2021-02-10,0,0
SCX,2021-02-11,0.47000000000000003,11.938
SCX,2021-02-12,0,0
SCX,2021-02-13,0,0
SCX,2021-02-14,0,0
SCX,2021-02-15,0.37,9.398
SCX,2021-02-16,0.19,4.826
SCX,2021-02-17,0,0
SCX,2021-02-18,0.43,10.921999999999999
SCX,2021-02-19,0,0
SCX,2021-02-20,0,0
SCX,2021-02-21,0,0
SCX,2021-02-22,0.5,12.7
SCX,2021-02-23,0,0
SCX,2021-02-24,0,0
SCX,2021-02-25,0,0
SCX,2021-02-26,0.2,5.08
SCX,2021-02-27,0.56,14.224
SCX,2021-02-28,0.8200000000000001,20.828
SCX,2021-03-01,1.57,39.878
SCX,2021-03-02,0,0
SCX,2021-03-03,0,0
SCX,2021-03-04,0,0
SCX,2021-03-05,0,0
SCX,2021-03-06,0,0
SCX,2021-03-07,0,0
SCX,2021-03-08,0,0
SCX,2021-03-09,0,0
SCX,2021-03-10,0,0
SCX,2021-03-11,0,0
SCX,2021-03-12,0.17,4.3180000000000005
SCX,2021-03-13,0.02,0.508
SCX,2021-03-14,0,0
SCX,2021-03-15,0.1,2.54
SCX,2021-03-16,0,0
SCX,2021-03-17,0.31,7.874
SCX,2021-03-18,0.67,17.018
SCX,2021-03-19,0.08,2.032
SCX,2021-03-20,0,0
SCX,2021-03-21,0,0
SCX,2021-03-22,0,0
SCX,2021-03-23,0,0
SCX,2021-03-24,0,0
SCX,2021-03-25,0.9400000000000001,23.876
SCX,2021-03-26,0.13999999999999999,3.5559999999999996
SCX,2021-03-27,1.9300000000000002,49.022
SCX,2021-03-28,3.22,81.788
SCX,2021-03-29,0,0
SCX,2021-03-30,0,0
SCX,2021-03-31,0.98,24.892
SCX,2021-04-01,0,0
SCX,2021-04-02,0,0
SCX,2021-04-03,0,0
SCX,2021-04-04,0,0
SCX,2021-04-05,0,0
SCX,2021-04-06,0,0
SCX,2021-04-07,0,0
SCX,2021-04-08,0.46,11.684
SCX,2021-04-09,0.01,0.254
SCX,2021-04-10,0.13,3.302
SCX,2021-04-11,0,0
SCX,2021-04-12,0,0
SCX,2021-04-13,0.01,0.254
SCX,2021-04-14,0.02,0.508
SCX,2021-04-15,0,0
SCX,2021-04-16,0,0
SCX,2021-04-17,0,0
SCX,2021-04-18,0,0
SCX,2021-04-19,0,0
SCX,2021-04-20,0,0
SCX,2021-04-21,0.02,0.508
SCX,2021-04-22,0,0
SCX,2021-04-23,0,0
SCX,2021-04-24,0.52,13.208
SCX,2021-04-25,0.12,3.0479999999999996
SCX,2021-04-26,0,0
SCX,2021-04-27,0,0
SCX,2021-04-28,0,0
SCX,2021-04-29,0.39,9.906
SCX,2021-04-30,0.33999999999999997,8.636
SCX,2021-05-01,0,0
SCX,2021-05-02,0,0
SCX,2021-05-03,0.12,3.0479999999999996
SCX,2021-05-04,0.9400000000000001,23.876
SCX,2021-05-05,0.03,0.7619999999999999
SCX,2021-05-06,0,0
SCX,2021-05-07,0.01,0.254
SCX,2021-05-08,0,0
SCX,2021-05-09,0.91,23.114
SCX,2021-05-10,0.7000000000000001,17.78
SCX,2021-05-11,0,0
SCX,2021-05-12,0,0
SCX,2021-05-13,0,0
SCX,2021-05-14,0,0
SCX,2021-05-15,0,0
SCX,2021-05-16,0,0
SCX,2021-05-17,0,0
SCX,2021-05-18,0,0
SCX,2021-05-19,0,0
SCX,2021-05-20,0,0
SCX,2021-05-21,0,0
SCX,2021-05-22,0,0
SCX,2021-05-23,0,0
SCX,2021-05-24,0,0
SCX,2021-05-25,0,0
SCX,2021-05-26,0,0
SCX,2021-05-27,0.06,1.5239999999999998
SCX,2021-05-28,1.4400000000000002,36.576
SCX,2021-05-29,0.04,1.016
SCX,2021-05-30,0,0
SCX,2021-05-31,0,0
SCX,2021-06-01,0,0
SCX,2021-06-02,0.04,1.016
SCX,2021-06-03,0.9400000000000001,23.876
SCX,2021-06-04,0.03,0.7619999999999999
SCX,2021-06-05,0,0
SCX,2021-06-06,0.01,0.254
SCX,2021-06-07,0.15,3.8099999999999996
SCX,2021-06-08,0.05,1.27
SCX,2021-06-09,0.11,2.794
SCX,2021-06-10,0.37,9.398
SCX,2021-06-11,0.15,3.8099999999999996
SCX,2021-06-12,0.81,20.574
SCX,2021-06-13,0,0
SCX,2021-06-14,0,0
SCX,2021-06-15,0,0
SCX,2021-06-16,0,0
SCX,2021-06-17,0,0
SCX,2021-06-18,0,0
SCX,2021-06-19,0,0
SCX,2021-06-20,0,0
SCX,2021-06-21,0.2,5.08
SCX,2021-06-22,0.91,23.114
SCX,2021-06-23,0,0
SCX,2021-06-24,0,0
SCX,2021-06-25,0,0
SCX,2021-06-26,0,0
SCX,2021-06-27,0,0
SCX,2021-06-28,0,0
SCX,2021-06-29,0.24,6.095999999999999
SCX,2021-06-30,0,0
SCX,2021-07-01,1.19,30.225999999999996
SCX,2021-07-02,0.54,13.716
SCX,2021-07-03,0,0
SCX,2021-07-04,0,0
SCX,2021-07-05,0,0
SCX,2021-07-06,0,0
SCX,2021-07-07,0.01,0.254
SCX,2021-07-08,0,0
SCX,2021-07-09,0.13,3.302
SCX,2021-07-10,0.3,7.619999999999999
SCX,2021-07-11,0.16,4.064
SCX,2021-07-12,0.42000000000000004,10.668000000000001
SCX,2021-07-13,0,0
SCX,2021-07-14,0,0
SCX,2021-07-15,0,0
SCX,2021-07-16,0.3,7.619999999999999
SCX,2021-07-17,0.45,11.43
SCX,2021-07-18,1.16,29.463999999999995
SCX,2021-07-19,0.09,2.2859999999999996
SCX,2021-07-20,0,0
SCX,2021-07-21,0,0
SCX,2021-07-22,0,0
SCX,2021-07-23,0,0
SCX,2021-07-24,0,0
SCX,2021-07-25,0,0
SCX,2021-07-26,0.44,11.176
SCX,2021-07-27,0,0
SCX,2021-07-28,0,0
SCX,2021-07-29,0,0
SCX,2021-07-30,0.35,8.889999999999999
SCX,2021-07-31,0,0
SCX,2021-08-01,1.3,33.019999999999996
SCX,2021-08-02,0,0
SCX,2021-08-03,0,0
SCX,2021-08-04,0,0
SCX,2021-08-05,0,0
SCX,2021-08-06,0,0
SCX,2021-08-07,0,0
SCX,2021-08-08,0,0
SCX,2021-08-09,1.87,47.498
SCX,2021-08-10,0.45,11.43
SCX,2021-08-11,0,0
SCX,2021-08-12,0,0
SCX,2021-08-13,0.13,3.302
SCX,2021-08-14,0.24,6.095999999999999
SCX,2021-08-15,0,0
SCX,2021-08-16,0.14,3.556
SCX,2021-08-17,0.43,10.921999999999999
SCX,2021-08-18,0.26,6.604
SCX,2021-08-19,0.18,4.571999999999999
SCX,2021-08-20,0.09,2.2859999999999996
SCX,2021-08-21,0,0
SCX,2021-08-22,0.1,2.54
SCX,2021-08-23,0,0
SCX,2021-08-24,0,0
SCX,2021-08-25,0,0
SCX,2021-08-26,0.04,1.016
SCX,2021-08-27,0,0
SCX,2021-08-28,0.16,4.064
SCX,2021-08-29,0,0
SCX,2021-08-30,1.52,38.608
SCX,2021-08-31,0.66,16.764
SCX,2021-09-01,0.63,16.002
SCX,2021-09-02,0,0
SCX,2021-09-03,0,0
SCX,2021-09-04,0,0
SCX,2021-09-05,0.16,4.064
SCX,2021-09-06,0,0
SCX,2021-09-07,0,0
SCX,2021-09-08,0,0
SCX,2021-09-09,0,0
SCX,2021-09-10,0,0
SCX,2021-09-11,0,0
SCX,2021-09-12,0,0
SCX,2021-09-13,0,0
SCX,2021-09-14,0,0
SCX,2021-09-15,0.26,6.604
SCX,2021-09-16,0.01,0.254
SCX,2021-09-17,0,0
SCX,2021-09-18,2.04,51.815999999999995
SCX,2021-09-19,0,0
SCX,2021-09-20,0.46,11.684
SCX,2021-09-21,0.16,4.064
SCX,2021-09-22,1.1500000000000001,29.21
SCX,2021-09-23,0,0
SCX,2021-09-24,0,0
SCX,2021-09-25,0,0
SCX,2021-09-26,0,0
SCX,2021-09-27,0,0
SCX,2021-09-28,0,0
SCX,2021-09-29,0,0
SCX,2021-09-30,0,0
SCX,2021-10-01,0,0
SCX,2021-10-02,0,0
SCX,2021-10-03,2.9299999999999997,74.42199999999998
SCX,2021-10-04,0.01,0.254
SCX,2021-10-05,0.05,1.27
SCX,2021-10-06,0.01,0.254
SCX,2021-10-07,0.59,14.985999999999999
SCX,2021-10-08,0,0
SCX,2021-10-09,0,0
SCX,2021-10-10,0,0
SCX,2021-10-11,0,0
SCX,2021-10-12,0,0
SCX,2021-10-13,0,0
SCX,2021-10-14,0,0
SCX,2021-10-15,0.04,1.016
SCX,2021-10-16,0.62,15.748
SCX,2021-10-17,0,0
SCX,2021-10-18,0,0
SCX,2021-10-19,0,0
SCX,2021-10-20,0,0
SCX,2021-10-21,0.23,5.842
SCX,2021-10-22,0,0
SCX,2021-10-23,0,0
SCX,2021-10-24,0,0
SCX,2021-10-25,1.04,26.416
SCX,2021-10-26,0.02,0.508
SCX,2021-10-27,0,0
SCX,2021-10-28,0.04,1.016
SCX,2021-10-29,0.23,5.842
SCX,2021-10-30,0.84,21.336
SCX,2021-10-31,0.15,3.8099999999999996
SCX,2021-11-01,0,0
SCX,2021-11-02,0,0
SCX,2021-11-03,0,0
SCX,2021-11-04,0,0
SCX,2021-11-05,0,0
SCX,2021-11-06,0,0
SCX,2021-11-07,0,0
SCX,2021-11-08,0,0
SCX,2021-11-09,0,0
SCX,2021-11-10,0,0
SCX,2021-11-11,0.31,7.874
SCX,2021-11-12,0.02,0.508
SCX,2021-11-13,0.05,1.27
SCX,2021-11-14,0,0
SCX,2021-11-15,0,0
SCX,2021-11-16,0,0
SCX,2021-11-17,0,0
SCX,2021-11-18,0.45,11.43
SCX,2021-11-19,0,0
SCX,2021-11-20,0,0
SCX,2021-11-21,0.08,2.032
SCX,2021-11-22,0.09,2.2859999999999996
SCX,2021-11-23,0,0
SCX,2021-11-24,0,0
SCX,2021-11-25,0.11,2.794
SCX,2021-11-26,0.23,5.842
SCX,2021-11-27,0,0
SCX,2021-11-28,0,0
SCX,2021-11-29,0,0
SCX,2021-11-30,0,0
SCX,2021-12-01,0,0
SCX,2021-12-02,0,0
SCX,2021-12-03,0,0
SCX,2021-12-04,0,0
SCX,2021-12-05,0,0
SCX,2021-12-06,0.47,11.937999999999999
SCX,2021-12-07,0,0
SCX,2021-12-08,0,0
SCX,2021-12-09,0,0
SCX,2021-12-10,0,0
SCX,2021-12-11,1.05,26.669999999999998
SCX,2021-12-12,0,0
SCX,2021-12-13,0,0
SCX,2021-12-14,0,0
SCX,2021-12-15,0,0
SCX,2021-12-16,0.24,6.095999999999999
SCX,2021-12-17,0.36,9.143999999999998
SCX,2021-12-18,0.45,11.43
SCX,2021-12-19,0.04,1.016
SCX,2021-12-20,0,0
SCX,2021-12-21,0,0
SCX,2021-12-22,0,0
SCX,2021-12-23,0,0
SCX,2021-12-24,0,0
SCX,2021-12-25,0,0
SCX,2021-12-26,0.04,1.016
SCX,2021-12-27,0.01,0.254
SCX,2021-12-28,0.04,1.016
SCX,2021-12-29,0.48,12.191999999999998
SCX,2021-12-30,0.74,18.796
SCX,2021-12-31,0.04,1.016
SCX,2022-01-01,0.45,11.43
SCX,2022-01-02,0.79,20.066
SCX,2022-01-03,0.26,6.604
SCX,2022-01-04,0.03,0.7619999999999999
SCX,2022-01-05,0,0
SCX,2022-01-06,0.03,0.7619999999999999
SCX,2022-01-07,0.07,1.778
SCX,2022-01-08,0.03,0.7619999999999999
SCX,2022-01-09,0.93,23.622
SCX,2022-01-10,0,0
SCX,2022-01-11,0,0
SCX,2022-01-12,0,0
SCX,2022-01-13,0,0
SCX,2022-01-14,0,0
SCX,2022-01-15,0,0
SCX,2022-01-16,0.78,19.812
SCX,2022-01-17,0.1,2.54
SCX,2022-01-18,0.16,4.064
SCX,2022-01-19,0.07,1.778
SCX,2022-01-20,0.59,14.985999999999999
SCX,2022-01-21,0,0
SCX,2022-01-22,0,0
SCX,2022-01-23,0,0
SCX,2022-01-24,0,0
SCX,2022-01-25,0,0
SCX,2022-01-26,0,0
SCX,2022-01-27,0,0
SCX,2022-01-28,0,0
SCX,2022-01-29,0,0
SCX,2022-01-30,0,0
SCX,2022-01-31,0,0
SCX,2022-02-01,0,0
SCX,2022-02-02,0.16,4.064
SCX,2022-02-03,1.32,33.528
SCX,2022-02-04,0.55,13.97
SCX,2022-02-05,0,0
SCX,2022-02-06,0,0
SCX,2022-02-07,0,0
SCX,2022-02-08,0,0
SCX,2022-02-09,0,0
SCX,2022-02-10,0,0
SCX,2022-02-11,0,0
SCX,2022-02-12,0,0
SCX,2022-02-13,0,0
SCX,2022-02-14,0,0
SCX,2022-02-15,0,0
SCX,2022-02-16,0,0
SCX,2022-02-17,0.23,5.842
SCX,2022-02-18,1.05,26.669999999999998
SCX,2022-02-19,0,0
SCX,2022-02-20,0,0
SCX,2022-02-21,0,0
SCX,2022-02-22,1.59,40.386
SCX,2022-02-23,1.03,26.162
SCX,2022-02-24,1.41,35.81399999999999
SCX,2022-02-25,0.59,14.985999999999999
SCX,2022-02-26,0,0
SCX,2022-02-27,0.02,0.508
SCX,2022-02-28,0,0
SCX,2022-03-01,0,0
SCX,2022-03-02,0,0
SCX,2022-03-03,0,0
SCX,2022-03-04,0,0
SCX,2022-03-05,0,0
SCX,2022-03-06,0,0
SCX,2022-03-07,0.71,18.034
SCX,2022-03-08,0,0
SCX,2022-03-09,0.4,10.16
SCX,2022-03-10,0,0
SCX,2022-03-11,0,0
SCX,2022-03-12,0.01,0.254
SCX,2022-03-13,0.01,0.254
SCX,2022-03-14,0,0
SCX,2022-03-15,0,0
SCX,2022-03-16,0.08,2.032
SCX,2022-03-17,0,0
SCX,2022-03-18,0.01,0.254
SCX,2022-03-19,0.04,1.016
SCX,2022-03-20,0,0
SCX,2022-03-21,0,0
SCX,2022-03-22,0,0
SCX,2022-03-23,0.56,14.224
SCX,2022-03-24,0,0
SCX,2022-03-25,0,0
SCX,2022-03-26,0,0
SCX,2022-03-27,0,0
SCX,2022-03-28,0,0
SCX,2022-03-29,0,0
SCX,2022-03-30,0,0
SCX,2022-03-31,0.49,12.446
SCX,2022-04-01,0.04,1.016
SCX,2022-04-02,0,0
SCX,2022-04-03,0,0
SCX,2022-04-04,0,0
SCX,2022-04-05,0.36,9.143999999999998
SCX,2022-04-06,0.12,3.0479999999999996
SCX,2022-04-07,0,0
SCX,2022-04-08,0.07,1.778
SCX,2022-04-09,0.04,1.016
SCX,2022-04-10,0,0
SCX,2022-04-11,0.05,1.27
SCX,2022-04-12,0.99,25.145999999999997
SCX,2022-04-13,0,0
SCX,2022-04-14,0.68,17.272000000000002
SCX,2022-04-15,0,0
SCX,2022-04-16,0.19,4.826
SCX,2022-04-17,0,0
SCX,2022-04-18,0.68,17.272000000000002
SCX,2022-04-19,0,0
SCX,2022-04-20,0,0
SCX,2022-04-21,0,0
SCX,2022-04-22,0,0
SCX,2022-04-23,0,0
SCX,2022-04-24,0,0
SCX,2022-04-25,0,0
SCX,2022-04-26,1.54,39.116
SCX,2022-04-27,0,0
SCX,2022-04-28,0,0
SCX,2022-04-29,0,0
SCX,2022-04-30,0,0
SCX,2022-05-01,0.02,0.508
SCX,2022-05-02,0,0
SCX,2022-05-03,0,0
SCX,2022-05-04,0.31,7.874
SCX,2022-05-05,0,0
SCX,2022-05-06,1.12,28.448
SCX,2022-05-07,0.42000000000000004,10.668000000000001
SCX,2022-05-08,0,0
SCX,2022-05-09,0,0
SCX,2022-05-10,0,0
SCX,2022-05-11,0,0
SCX,2022-05-12,0,0
SCX,2022-05-13,0,0
SCX,2022-05-14,0.02,0.508
SCX,2022-05-15,0.22999999999999998,5.842
SCX,2022-05-16,0,0
SCX,2022-05-17,0,0
SCX,2022-05-18,0,0
SCX,2022-05-19,0,0
SCX,2022-05-20,0,0
SCX,2022-05-21,0.22,5.588
SCX,2022-05-22,0,0
SCX,2022-05-23,0.66,16.764
SCX,2022-05-24,0,0
SCX,2022-05-25,0.09,2.2859999999999996
SCX,2022-05-26,0.47,11.937999999999999
SCX,2022-05-27,0.53,13.462
SCX,2022-05-28,0,0
SCX,2022-05-29,0,0
SCX,2022-05-30,0,0
SCX,2022-05-31,0,0
SCX,2022-06-01,0,0
SCX,2022-06-02,0,0
SCX,2022-06-03,0,0
SCX,2022-06-04,0,0
SCX,2022-06-05,0,0
SCX,2022-06-06,0.06,1.5239999999999998
SCX,2022-06-07,0.88,22.352
SCX,2022-06-08,0.05,1.27
SCX,2022-06-09,0,0
SCX,2022-06-10,0,0
SCX,2022-06-11,0,0
SCX,2022-06-12,0,0
SCX,2022-06-13,0,0
SCX,2022-06-14,0,0
SCX,2022-06-15,0,0
SCX,2022-06-16,0,0
SCX,2022-06-17,0,0
SCX,2022-06-18,0,0
SCX,2022-06-19,0,0
SCX,2022-06-20,0,0
SCX,2022-06-21,0,0
SCX,2022-06-22,0,0
SCX,2022-06-23,0,0
SCX,2022-06-24,0,0
SCX,2022-06-25,0,0
SCX,2022-06-26,0.2,5.08
SCX,2022-06-27,0,0
SCX,2022-08-29,0,0
SCX,2022-08-30,0.01,0.254
SCX,2022-09-01,0,0
SCX,2022-09-02,0,0
SCX,2022-09-03,0.14,3.556
SCX,2022-09-04,0.58,14.731999999999998
SCX,2022-09-05,0.12,3.0479999999999996
SCX,2022-09-06,0,0
SCX,2022-09-07,0,0
SCX,2022-09-08,0,0
SCX,2022-09-09,0,0
SCX,2022-09-10,0.18000000000000002,4.572
SCX,2022-09-11,0.51,12.953999999999999
SCX,2022-09-12,0.01,0.254
SCX,2022-09-13,0,0
SCX,2022-09-14,0,0
SCX,2022-09-15,0,0
SCX,2022-09-16,0,0
SCX,2022-09-17,0,0
SCX,2022-09-18,0,0
SCX,2022-09-19,0,0
SCX,2022-09-20,0,0
SCX,2022-09-21,0.02,0.508
SCX,2022-09-22,0,0
SCX,2022-09-23,0,0
SCX,2022-09-24,0,0
SCX,2022-09-25,0.06,1.5239999999999998
SCX,2022-09-26,0,0
SCX,2022-09-27,0,0
SCX,2022-09-28,0,0
SCX,2022-09-29,0,0
SCX,2022-09-30,0,0
SCX,2022-10-01,0,0
SCX,2022-10-02,0,0
SCX,2022-10-03,0,0
SCX,2022-10-04,0,0
SCX,2022-10-05,0,0
SCX,2022-10-06,0,0
SCX,2022-10-07,0,0
SCX,2022-10-10,0,0
SCX,2022-10-11,0,0
SCX,2022-10-12,0.01,0.254
SCX,2022-10-13,0.33,8.382
SCX,2022-10-14,0,0
SCX,2022-10-15,0,0
SCX,2022-10-16,0.11,2.794
SCX,2022-10-17,0.45,11.43
SCX,2022-10-18,0,0
SCX,2022-10-19,0,0
SCX,2022-10-20,0,0
SCX,2022-10-21,0,0
SCX,2022-10-22,0,0
SCX,2022-10-23,0,0
SCX,2022-10-24,0,0
SCX,2022-10-25,0,0
SCX,2022-10-26,0.33999999999999997,8.636
SCX,2022-10-27,0,0
SCX,2022-10-28,0,0
SCX,2022-10-29,0,0
SCX,2022-10-30,0,0
SCX,2022-11-06,0.04,1.016
SCX,2022-11-07,0,0
SCX,2022-11-08,0,0
SCX,2022-11-09,0,0
SCX,2022-11-10,0,0
SCX,2022-11-11,0.85,21.59
SCX,2022-11-12,0.18,4.571999999999999
SCX,2022-11-13,0,0
SCX,2022-11-14,0,0
SCX,2022-11-15,0.33,8.382
SCX,2022-11-16,0,0
SCX,2022-11-17,0,0
SCX,2022-11-18,0,0
SCX,2022-11-19,0,0
SCX,2022-11-20,0,0
SCX,2022-11-21,0,0
SCX,2022-11-22,0,0
SCX,2022-11-23,0,0
SCX,2022-11-24,0,0
SCX,2022-11-25,0,0
SCX,2022-11-26,0,0
SCX,2022-11-27,0.11,2.794
SCX,2022-11-28,0,0
SCX,2022-11-29,0.07,1.778
SCX,2022-11-30,0.89,22.605999999999998
SCX,2022-12-01,0,0
SCX,2022-12-02,0,0
SCX,2022-12-03,0.24000000000000002,6.096
SCX,2022-12-04,0,0
SCX,2022-12-05,0.01,0.254
SCX,2022-12-06,0.35,8.889999999999999
SCX,2022-12-07,0.85,21.59
SCX,2022-12-08,0.33,8.382
SCX,2022-12-09,0,0
SCX,2022-12-10,0.01,0.254
SCX,2022-12-11,0.01,0.254
SCX,2022-12-12,0,0
SCX,2022-12-13,0,0
SCX,2022-12-14,1.84,46.736
SCX,2022-12-15,0.43,10.921999999999999
SCX,2022-12-16,0,0
SCX,2022-12-17,0,0
SCX,2022-12-21,0,0
SCX,2022-12-22,0,0
SCX,2022-12-23,0.23,5.842
SCX,2022-12-24,0,0
SCX,2022-12-25,0,0
SCX,2022-12-26,0,0
SCX,2022-12-27,0,0
SCX,2022-12-28,0,0
SCX,2022-12-29,0,0
SCX,2022-12-30,0,0
SCX,2022-12-31,0.02,0.508
SCX,2023-01-01,0,0
SCX,2023-01-02,0,0
SCX,2023-01-03,0.63,16.002
SCX,2023-01-04,0.39999999999999997,10.159999999999998
SCX,2023-01-05,0,0
SCX,2023-01-06,0,0
SCX,2023-01-07,0,0
SCX,2023-01-08,0.01,0.254
SCX,2023-01-09,0,0
SCX,2023-01-10,0,0
SCX,2023-01-11,0,0
SCX,2023-01-12,0.37,9.398
SCX,2023-01-13,0.2,5.08
SCX,2023-01-14,0.01,0.254
SCX,2023-01-15,0,0
SCX,2023-01-16,0,0
SCX,2023-01-17,0.51,12.953999999999999
SCX,2023-01-18,0,0
SCX,2023-01-19,0.49000000000000005,12.446
SCX,2023-01-20,0,0
SCX,2023-01-21,0,0
SCX,2023-01-22,0.21,5.334
SCX,2023-01-23,0.02,0.508
SCX,2023-01-24,0,0
SCX,2023-01-25,0,0
SCX,2023-01-26,0.05,1.27
SCX,2023-01-27,0,0
SCX,2023-01-28,0,0
SCX,2023-01-29,0.7,17.779999999999998
SCX,2023-01-30,0.11,2.794
SCX,2023-01-31,0.15000000000000002,3.8100000000000005
SCX,2023-02-01,0.26,6.604
SCX,2023-02-02,0.1,2.54
SCX,2023-02-03,0,0
SCX,2023-02-04,0,0
SCX,2023-02-05,0,0
SCX,2023-02-06,0,0
SCX,2023-02-07,0,0
SCX,2023-02-08,0,0
SCX,2023-02-09,0,0
SCX,2023-02-10,0,0
SCX,2023-02-11,0,0
SCX,2023-02-12,0.61,15.493999999999998
SCX,2023-02-13,0,0
SCX,2023-02-14,0,0
SCX,2023-02-15,0.04,1.016
SCX,2023-02-16,1.33,33.782
SCX,2023-02-17,2.13,54.102
SCX,2023-02-18,0,0
SCX,2023-02-19,0,0
SCX,2023-02-20,0.16999999999999998,4.318
SCX,2023-02-21,0,0
SCX,2023-02-22,0,0
SCX,2023-02-23,0.02,0.508
SCX,2023-02-24,0.01,0.254
SCX,2023-02-25,0.89,22.605999999999998
SCX,2023-02-26,0,0
SCX,2023-02-27,0.13999999999999999,3.5559999999999996
SCX,2023-02-28,0,0
SCX,2023-03-01,0,0
SCX,2023-03-02,0.77,19.558
SCX,2023-03-03,0.21,5.334
SCX,2023-03-04,0,0
SCX,2023-03-05,0,0
SCX,2023-03-06,0,0
SCX,2023-03-07,0,0
SCX,2023-03-08,0,0
SCX,2023-03-09,0,0
SCX,2023-03-10,0.07,1.778
SCX,2023-03-11,0,0
SCX,2023-03-12,0.8400000000000001,21.336000000000002
SCX,2023-03-13,0.04,1.016
SCX,2023-03-14,0,0
SCX,2023-03-15,0,0
SCX,2023-03-16,0,0
SCX,2023-03-17,0.59,14.985999999999999
SCX,2023-03-18,0,0
SCX,2023-03-19,0,0
SCX,2023-03-20,0,0
SCX,2023-03-21,0,0
SCX,2023-03-22,0.46,11.684
SCX,2023-03-23,0,0
SCX,2023-03-24,0.01,0.254
SCX,2023-03-25,0.8,20.32
SCX,2023-03-26,0,0
SCX,2023-03-27,0,0
SCX,2023-03-28,0,0
SCX,2023-03-29,0,0
SCX,2023-03-30,0,0
SCX,2023-03-31,0.06,1.5239999999999998
SCX,2023-04-01,0.88,22.352
SCX,2023-04-02,0,0
SCX,2023-04-03,0,0
SCX,2023-04-04,0,0
SCX,2023-04-05,0,0
SCX,2023-04-06,0.09,2.2859999999999996
SCX,2023-04-07,0.39,9.906
SCX,2023-04-08,0.11,2.794
SCX,2023-04-09,0,0
SCX,2023-04-10,0,0
SCX,2023-04-11,0,0
SCX,2023-04-12,0,0
SCX,2023-04-13,0,0
SCX,2023-04-14,0.06,1.5239999999999998
SCX,2023-04-15,0,0
SCX,2023-04-16,0.24000000000000002,6.096
SCX,2023-04-17,0,0
SCX,2023-04-18,0,0
SCX,2023-04-19,0,0
SCX,2023-04-20,0,0
SCX,2023-04-21,0.03,0.7619999999999999
SCX,2023-04-22,0.98,24.892
SCX,2023-04-23,0,0
SCX,2023-04-24,0,0
SCX,2023-04-25,0,0
SCX,2023-04-26,0,0
SCX,2023-04-27,0.13999999999999999,3.5559999999999996
SCX,2023-04-28,0.5,12.7
SCX,2023-04-29,0,0
SCX,2023-04-30,0.07,1.778
SCX,2023-05-01,0,0
SCX,2023-05-02,0,0
SCX,2023-05-03,0,0
SCX,2023-05-04,0,0
SCX,2023-05-05,0,0
SCX,2023-05-06,0,0
SCX,2023-05-07,0.53,13.462
SCX,2023-05-08,0.56,14.224
SCX,2023-05-09,0.3,7.619999999999999
SCX,2023-05-10,0,0
SCX,2023-05-11,0,0
SCX,2023-05-12,0,0
SCX,2023-05-13,0,0
SCX,2023-05-14,0,0
SCX,2023-05-15,0,0
SCX,2023-05-16,0.26,6.604
SCX,2023-05-17,0,0
SCX,2023-05-18,0,0
SCX,2023-05-19,0,0
SCX,2023-05-20,0.81,20.574
SCX,2023-05-21,0,0
SCX,2023-05-22,0,0
SCX,2023-05-23,0,0
SCX,2023-05-24,0,0
SCX,2023-05-25,0,0
SCX,2023-05-26,0.13,3.302
SCX,2023-05-27,0,0
SCX,2023-05-28,0,0
SCX,2023-05-29,0.02,0.508
SCX,2023-05-30,0.04,1.016
SCX,2023-05-31,0,0
SCX,2023-06-01,0,0
SCX,2023-06-02,0,0
SCX,2023-06-03,0,0
SCX,2023-06-04,0,0
SCX,2023-06-05,0,0
SCX,2023-06-06,0,0
SCX,2023-06-07,0.2,5.08
SCX,2023-06-08,0,0
SCX,2023-06-09,0,0
SCX,2023-06-10,0,0
SCX,2023-06-11,0.6900000000000001,17.526
SCX,2023-06-12,0.6,15.239999999999998
SCX,2023-06-13,0,0
SCX,2023-06-14,0,0
SCX,2023-06-15,0,0
SCX,2023-06-16,0,0
SCX,2023-06-17,0,0
SCX,2023-06-18,0.21,5.334
SCX,2023-06-19,1.12,28.448
SCX,2023-06-20,0.34,8.636000000000001
SCX,2023-06-21,0.12,3.0479999999999996
SCX,2023-06-22,0.8,20.32
SCX,2023-06-23,0,0
SCX,2023-06-24,0,0
SCX,2023-06-25,1.08,27.432
SCX,2023-06-26,0.93,23.622
SCX,2023-06-27,0,0
SCX,2023-06-28,0,0
SCX,2023-06-29,0,0
SCX,2023-06-30,1.21,30.733999999999998
SCX,2023-07-01,0,0
SCX,2023-07-02,0.46,11.684
SCX,2023-07-03,0,0
SCX,2023-07-04,0,0
SCX,2023-07-05,0.16999999999999998,4.318
SCX,2023-07-06,0.33,8.382
SCX,2023-07-07,0,0
SCX,2023-07-08,1.09,27.686
SCX,2023-07-09,0.02,0.508
SCX,2023-07-10,0,0
SCX,2023-07-11,0,0
SCX,2023-07-12,0,0
SCX,2023-07-13,0,0
SCX,2023-07-14,0,0
SCX,2023-07-15,0.02,0.508
SCX,2023-07-16,0.01,0.254
SCX,2023-07-17,0,0
SCX,2023-07-18,0.01,0.254
SCX,2023-07-19,0.14,3.556
SCX,2023-07-20,1.24,31.496
SCX,2023-07-21,0,0
SCX,2023-07-22,0.02,0.508
SCX,2023-07-23,0,0
SCX,2023-07-24,0,0
SCX,2023-07-25,0,0
SCX,2023-07-26,0,0
SCX,2023-07-27,0,0
SCX,2023-07-28,0,0
SCX,2023-07-29,0.19999999999999998,5.079999999999999
SCX,2023-07-30,0.03,0.7619999999999999
SCX,2023-07-31,0,0
SCX,2023-08-01,0,0
SCX,2023-08-02,0,0
SCX,2023-08-03,0.52,13.208
SCX,2023-08-04,0.02,0.508
SCX,2023-08-05,0,0
SCX,2023-08-06,0,0
SCX,2023-08-07,0.77,19.558
SCX,2023-08-08,0.04,1.016
SCX,2023-08-09,0.01,0.254
SCX,2023-08-10,1.07,27.178
SCX,2023-08-11,0,0
SCX,2023-08-12,0.44,11.176
SCX,2023-08-13,0,0
SCX,2023-08-14,0.8,20.32
SCX,2023-08-15,0.13,3.302
SCX,2023-08-16,0,0
SCX,2023-08-17,0,0
SCX,2023-08-18,0,0
SCX,2023-08-19,0,0
SCX,2023-08-20,0,0
SCX,2023-08-21,0,0
SCX,2023-08-22,0,0
SCX,2023-08-23,0,0
SCX,2023-08-24,0,0
SCX,2023-08-25,0,0
SCX,2023-08-26,0.07,1.778
SCX,2023-08-27,0.06999999999999999,1.7779999999999998
SCX,2023-08-28,0.5900000000000001,14.986
SCX,2023-08-29,0.52,13.208
SCX,2023-08-30,0,0
SCX,2023-08-31,0,0
SCX,2023-09-01,0,0
SCX,2023-09-02,0,0
SCX,2023-09-03,0,0
SCX,2023-09-04,0,0
SCX,2023-09-05,0,0
SCX,2023-09-06,0,0
SCX,2023-09-07,0.04,1.016
SCX,2023-09-08,0,0
SCX,2023-09-09,0,0
SCX,2023-09-10,0,0
SCX,2023-09-11,0,0
SCX,2023-09-12,0,0
SCX,2023-09-13,0,0
SCX,2023-09-14,0,0
SCX,2023-09-15,0,0
SCX,2023-09-16,0.06,1.5239999999999998
SCX,2023-09-17,0.14,3.556
SCX,2023-09-18,0,0
SCX,2023-09-19,0,0
SCX,2023-09-20,0,0
SCX,2023-09-21,0,0
SCX,2023-09-22,0,0
SCX,2023-09-23,0,0
SCX,2023-09-24,0,0
SCX,2023-09-25,0,0
SCX,2023-09-26,0,0
SCX,2023-09-27,0.78,19.812
SCX,2023-09-28,0.13,3.302
SCX,2023-09-29,0,0
SCX,2023-09-30,0,0
SCX,2023-10-01,0,0
SCX,2023-10-02,0,0
SCX,2023-10-03,0,0
SCX,2023-10-04,0,0
SCX,2023-10-05,0,0
SCX,2023-10-06,0.2,5.08
SCX,2023-10-07,0,0
SCX,2023-10-08,0,0
SCX,2023-10-09,0,0
SCX,2023-10-10,0,0
SCX,2023-10-11,0,0
SCX,2023-10-12,0,0
SCX,2023-10-13,0,0
SCX,2023-10-14,0,0
SCX,2023-10-15,0.09,2.2859999999999996
SCX,2023-10-16,0.2,5.08
SCX,2023-10-17,0,0
SCX,2023-10-18,0,0
SCX,2023-10-19,0.01,0.254
SCX,2023-10-20,0.49,12.446
SCX,2023-10-21,0,0
SCX,2023-10-22,0,0
SCX,2023-10-23,0,0
SCX,2023-10-24,0,0
SCX,2023-10-25,0,0
SCX,2023-10-26,0,0
SCX,2023-10-27,0,0
SCX,2023-10-28,0,0
SCX,2023-10-29,0,0
SCX,2023-10-30,0.09,2.2859999999999996
SCX,2023-10-31,0.01,0.254
SCX,2023-11-01,0,0
SCX,2023-11-02,0,0
SCX,2023-11-03,0,0
SCX,2023-11-04,0,0
SCX,2023-11-05,0,0
SCX,2023-11-06,0,0
SCX,2023-11-07,0,0
SCX,2023-11-08,0,0
SCX,2023-11-09,0,0
SCX,2023-11-10,0.53,13.462
SCX,2023-11-11,0,0
SCX,2023-11-12,0,0
SCX,2023-11-13,0,0
SCX,2023-11-14,0,0
SCX,2023-11-15,0,0
SCX,2023-11-16,0,0
SCX,2023-11-17,0.08,2.032
SCX,2023-11-18,0.03,0.7619999999999999
SCX,2023-11-19,0,0
SCX,2023-11-20,0,0
SCX,2023-11-21,1.1500000000000001,29.21
SCX,2023-11-22,0,0
SCX,2023-11-23,0,0
SCX,2023-11-24,0,0
SCX,2023-11-25,0,0
SCX,2023-11-26,0.02,0.508
SCX,2023-11-27,0.03,0.7619999999999999
SCX,2023-11-28,0,0
SCX,2023-11-29,0,0
SCX,2023-11-30,0,0
SCX,2023-12-01,0.26,6.604
SCX,2023-12-02,0.15,3.8099999999999996
SCX,2023-12-03,0.06,1.5239999999999998
SCX,2023-12-04,0.04,1.016
SCX,2023-12-05,0,0
SCX,2023-12-06,0.16,4.064
SCX,2023-12-07,0,0
SCX,2023-12-08,0,0
SCX,2023-12-09,0.04,1.016
SCX,2023-12-10,1.02,25.907999999999998
SCX,2023-12-11,0,0
SCX,2023-12-12,0,0
SCX,2023-12-13,0,0
SCX,2023-12-14,0,0
SCX,2023-12-15,0,0
SCX,2023-12-16,0,0
SCX,2023-12-17,0.52,13.208
SCX,2023-12-18,0,0
SCX,2023-12-19,0,0
SCX,2023-12-20,0,0
SCX,2023-12-21,0,0
SCX,2023-12-22,0,0
SCX,2023-12-23,0,0
SCX,2023-12-24,0,0
SCX,2023-12-25,0.29,7.365999999999999
SCX,2023-12-26,0.37,9.398
SCX,2023-12-27,0.03,0.7619999999999999
SCX,2023-12-28,0,0
SCX,2023-12-29,0,0
SCX,2023-12-30,0,0
SCX,2023-12-31,0,0
SCX,2024-01-01,0,0
SCX,2024-01-02,0,0
SCX,2024-01-03,0,0
SCX,2024-01-04,0,0
SCX,2024-01-05,0,0
SCX,2024-01-06,0.47,11.937999999999999
SCX,2024-01-07,0.08,2.032
SCX,2024-01-08,0,0
SCX,2024-01-09,2,50.8
SCX,2024-01-10,0.03,0.7619999999999999
SCX,2024-01-11,0,0
SCX,2024-01-12,0.43000000000000005,10.922
SCX,2024-01-13,0.06,1.5239999999999998
SCX,2024-01-14,0,0
SCX,2024-01-15,0.06,1.5239999999999998
SCX,2024-01-16,0.01,0.254
SCX,2024-01-17,0,0
SCX,2024-01-18,0.02,0.508
SCX,2024-01-19,0.13,3.302
SCX,2024-01-20,0,0
SCX,2024-01-21,0,0
SCX,2024-01-22,0,0
SCX,2024-01-23,0,0
SCX,2024-01-24,0.31,7.874
SCX,2024-01-25,0.64,16.256
SCX,2024-01-26,0.07,1.778
SCX,2024-01-27,0.22,5.588
SCX,2024-01-28,0.49000000000000005,12.446
SCX,2024-01-29,0.08,2.032
SCX,2024-01-30,0,0
SCX,2024-01-31,0,0
SCX,2024-02-01,0,0
SCX,2024-02-02,0,0
SCX,2024-02-03,0,0
SCX,2024-02-04,0,0
SCX,2024-02-05,0,0
SCX,2024-02-06,0,0
SCX,2024-02-07,0,0
SCX,2024-02-08,0,0
SCX,2024-02-09,0.3,7.619999999999999
SCX,2024-02-10,0.7000000000000001,17.78
SCX,2024-02-11,0.72,18.287999999999997
SCX,2024-02-12,0.45,11.43
SCX,2024-02-13,0.5599999999999999,14.223999999999998
SCX,2024-02-14,0,0
SCX,2024-02-15,0,0
SCX,2024-02-16,0,0
SCX,2024-02-17,0.25,6.35
SCX,2024-02-18,0,0
SCX,2024-02-19,0,0
SCX,2024-02-20,0,0
SCX,2024-02-21,0,0
SCX,2024-02-22,0,0
SCX,2024-02-23,0.95,24.13
SCX,2024-02-24,0,0
SCX,2024-02-25,0,0
SCX,2024-02-26,0,0
SCX,2024-02-27,0,0
SCX,2024-02-28,0.35,8.889999999999999
SCX,2024-02-29,0,0
SCX,2024-03-01,0.12,3.0479999999999996
SCX,2024-03-02,0.04,1.016
SCX,2024-03-03,0,0
SCX,2024-03-04,0,0
SCX,2024-03-05,0.01,0.254
SCX,2024-03-06,0.93,23.622
SCX,2024-03-07,0.05,1.27
SCX,2024-03-08,0,0
SCX,2024-03-09,0.63,16.002
SCX,2024-03-10,0,0
SCX,2024-03-11,0,0
SCX,2024-03-12,0,0
SCX,2024-03-13,0,0
SCX,2024-03-14,0,0
SCX,2024-03-15,0.4,10.16
SCX,2024-03-16,0,0
SCX,2024-03-17,0,0
SCX,2024-03-18,0,0
SCX,2024-03-19,0,0
SCX,2024-03-20,0,0
SCX,2024-03-21,0,0
SCX,2024-03-22,0,0
SCX,2024-03-23,0.61,15.493999999999998
SCX,2024-03-24,0,0
SCX,2024-03-25,0,0
SCX,2024-03-26,0.78,19.812
SCX,2024-03-27,0,0
SCX,2024-03-28,0,0
SCX,2024-03-29,0,0
SCX,2024-03-30,0,0
SCX,2024-03-31,0,0
SCX,2024-04-01,0,0
SCX,2024-04-02,0.41,10.413999999999998
SCX,2024-04-03,0.58,14.731999999999998
SCX,2024-04-04,0.02,0.508
SCX,2024-04-05,0.03,0.7619999999999999
SCX,2024-04-06,0,0
SCX,2024-04-07,0,0
SCX,2024-04-08,0,0
SCX,2024-04-09,0.03,0.7619999999999999
SCX,2024-04-10,0.06,1.5239999999999998
SCX,2024-04-11,0.19,4.826
SCX,2024-04-12,0.12,3.0479999999999996
SCX,2024-04-13,0,0
SCX,2024-04-14,0,0
SCX,2024-04-15,0,0
SCX,2024-04-16,0,0
SCX,2024-04-17,0.07,1.778
SCX,2024-04-18,0,0
SCX,2024-04-19,0.16,4.064
SCX,2024-04-20,0.06,1.5239999999999998
SCX,2024-04-21,0,0
SCX,2024-04-22,0,0
SCX,2024-04-23,0,0
SCX,2024-04-24,0.06,1.5239999999999998
SCX,2024-04-25,0,0
SCX,2024-04-26,0.19,4.826
SCX,2024-04-27,0,0
SCX,2024-04-28,0,0
SCX,2024-04-29,0,0
SCX,2024-04-30,0.67,17.018
SCX,2024-05-01,0,0
SCX,2024-05-02,0,0
SCX,2024-05-03,0.28,7.112
SCX,2024-05-04,0.06,1.5239999999999998
SCX,2024-05-05,0.29,7.365999999999999
SCX,2024-05-06,0.13999999999999999,3.5559999999999996
SCX,2024-05-07,0.13,3.302
SCX,2024-05-08,1.43,36.321999999999996
SCX,2024-05-09,2.16,54.864
SCX,2024-05-10,0,0
SCX,2024-05-11,0,0
SCX,2024-05-12,0,0
SCX,2024-05-13,0.02,0.508
SCX,2024-05-14,0.03,0.7619999999999999
SCX,2024-05-15,0.18,4.571999999999999
SCX,2024-05-16,0.02,0.508
SCX,2024-05-17,0.39,9.906
SCX,2024-05-18,0.04,1.016
SCX,2024-05-19,0,0
SCX,2024-05-20,0,0
SCX,2024-05-21,0,0
SCX,2024-05-22,0.56,14.224
SCX,2024-05-23,1.8,45.72
SCX,2024-05-24,0.05,1.27
SCX,2024-05-25,0.35,8.889999999999999
SCX,2024-05-26,0.8700000000000001,22.098000000000003
SCX,2024-05-27,0.53,13.462
SCX,2024-05-28,0,0
SCX,2024-05-29,0,0
SCX,2024-05-30,0,0
SCX,2024-05-31,0,0
SCX,2024-06-01,0,0
SCX,2024-06-02,0,0
SCX,2024-06-03,0,0
SCX,2024-06-04,0,0
SCX,2024-06-05,0.02,0.508
SCX,2024-06-06,0.13,3.302
SCX,2024-06-07,0,0
SCX,2024-06-08,0,0
SCX,2024-06-09,0.5,12.7
SCX,2024-06-10,0,0
SCX,2024-06-11,0,0
SCX,2024-06-12,0,0
SCX,2024-06-13,0,0
SCX,2024-06-14,0,0
SCX,2024-06-15,0,0
SCX,2024-06-16,0,0
SCX,2024-06-17,0,0
SCX,2024-06-18,0,0
SCX,2024-06-19,0,0
SCX,2024-06-20,0,0
SCX,2024-06-21,0,0
SCX,2024-06-22,0,0
SCX,2024-06-23,0.25,6.35
SCX,2024-06-24,0,0
SCX,2024-06-25,0,0
SCX,2024-06-26,0.29,7.365999999999999
SCX,2024-06-27,0.77,19.558
SCX,2024-06-28,0,0
SCX,2024-06-29,0,0
SCX,2024-06-30,0,0
SCX,2024-07-01,0,0
SCX,2024-07-02,0,0
SCX,2024-07-03,0,0
SCX,2024-07-04,0,0
SCX,2024-07-05,0.72,18.287999999999997
SCX,2024-07-06,0,0
SCX,2024-07-07,0,0
SCX,2024-07-08,0,0
SCX,2024-07-09,0,0
SCX,2024-07-10,0.02,0.508
SCX,2024-07-11,0,0
SCX,2024-07-12,0,0
SCX,2024-07-13,0,0
SCX,2024-07-14,0,0
SCX,2024-07-15,0,0
SCX,2024-07-16,0,0
SCX,2024-07-17,0,0
SCX,2024-07-18,0.28,7.112
SCX,2024-07-19,0,0
SCX,2024-07-20,0.09000000000000001,2.286
SCX,2024-07-21,0,0
SCX,2024-07-22,1.23,31.241999999999997
SCX,2024-07-23,0.06,1.5239999999999998
SCX,2024-07-24,0.29,7.365999999999999
SCX,2024-07-25,0,0
SCX,2024-07-26,0,0
SCX,2024-07-27,0,0
SCX,2024-07-28,0.56,14.224
SCX,2024-07-29,0.02,0.508
SCX,2024-07-30,0,0
SCX,2024-07-31,1.77,44.958
SCX,2024-08-01,0.29,7.365999999999999
SCX,2024-08-02,0.9,22.86
SCX,2024-08-03,0.44,11.176
SCX,2024-08-04,0,0
SCX,2024-08-05,0,0
SCX,2024-08-06,0,0
SCX,2024-08-07,0,0
SCX,2024-08-08,0.02,0.508
SCX,2024-08-09,0.03,0.7619999999999999
SCX,2024-08-10,0,0
SCX,2024-08-11,0,0
SCX,2024-08-12,0,0
SCX,2024-08-13,0,0
SCX,2024-08-14,0,0
SCX,2024-08-15,0,0
SCX,2024-08-16,0.04,1.016
SCX,2024-08-17,0,0
SCX,2024-08-18,0.42000000000000004,10.668000000000001
SCX,2024-08-19,0,0
SCX,2024-08-20,0,0
SCX,2024-08-21,0,0
SCX,2024-08-22,0,0
SCX,2024-08-23,0,0
SCX,2024-08-24,0,0
SCX,2024-08-25,0,0
SCX,2024-08-26,0,0
SCX,2024-08-27,0,0
SCX,2024-08-28,0,0
SCX,2024-08-29,0,0
SCX,2024-08-30,0,0
SCX,2024-08-31,0.06,1.5239999999999998
SCX,2024-09-01,0.27,6.858
SCX,2024-09-02,0,0
SCX,2024-09-03,0,0
SCX,2024-09-04,0,0
SCX,2024-09-05,0,0
SCX,2024-09-06,0,0
SCX,2024-09-07,0.05,1.27
SCX,2024-09-08,0,0
SCX,2024-09-09,0,0
SCX,2024-09-10,0,0
SCX,2024-09-11,0,0
SCX,2024-09-12,0.04,1.016
SCX,2024-09-13,0.04,1.016
SCX,2024-09-14,0,0
SCX,2024-09-15,0,0
SCX,2024-09-16,0,0
SCX,2024-09-17,0.05,1.27
SCX,2024-09-18,0,0
SCX,2024-09-19,0,0
SCX,2024-09-20,0,0
SCX,2024-09-21,0,0
SCX,2024-09-22,0.04,1.016
SCX,2024-09-23,0,0
SCX,2024-09-24,0.03,0.7619999999999999
SCX,2024-09-25,0.44,11.176
SCX,2024-09-26,0.65,16.509999999999998
SCX,2024-09-27,1.52,38.608
SCX,2024-09-28,0.09,2.2859999999999996
SCX,2024-09-29,0.04,1.016
SCX,2024-09-30,0,0
SCX,2024-10-01,0.03,0.7619999999999999
SCX,2024-10-02,0,0
SCX,2024-10-03,0,0
SCX,2024-10-04,0,0
SCX,2024-10-05,0,0
SCX,2024-10-06,0,0
SCX,2024-10-07,0,0
SCX,2024-10-08,0,0
SCX,2024-10-09,0,0
SCX,2024-10-10,0,0
SCX,2024-10-11,0,0
SCX,2024-10-12,0,0
SCX,2024-10-13,0,0
SCX,2024-10-14,0,0
SCX,2024-10-15,0.04,1.016
SCX,2024-10-16,0.01,0.254
SCX,2024-10-17,0,0
SCX,2024-10-18,0,0
SCX,2024-10-19,0,0
SCX,2024-10-20,0,0
SCX,2024-10-21,0,0
SCX,2024-10-22,0,0
SCX,2024-10-23,0,0
SCX,2024-10-24,0,0
SCX,2024-10-25,0,0
SCX,2024-10-26,0.07,1.778
SCX,2024-10-27,0,0
SCX,2024-10-28,0,0
SCX,2024-10-29,0,0
SCX,2024-10-30,0,0
SCX,2024-10-31,0,0
SCX,2024-11-01,0.11,2.794
SCX,2024-11-02,0,0
SCX,2024-11-03,0,0
SCX,2024-11-04,0,0
SCX,2024-11-05,0,0
SCX,2024-11-06,0,0
SCX,2024-11-07,0,0
SCX,2024-11-08,0,0
SCX,2024-11-09,0,0
SCX,2024-11-10,0.01,0.254
SCX,2024-11-11,0.02,0.508
SCX,2024-11-12,0,0
SCX,2024-11-13,0,0
SCX,2024-11-14,0.33,8.382
SCX,2024-11-15,0,0
SCX,2024-11-16,0,0
SCX,2024-11-17,0,0
SCX,2024-11-18,0,0
SCX,2024-11-19,0.37,9.398
SCX,2024-11-20,0.02,0.508
SCX,2024-11-21,0.02,0.508
SCX,2024-11-22,0,0
SCX,2024-11-23,0,0
SCX,2024-11-24,0,0
SCX,2024-11-25,0,0
SCX,2024-11-26,0.03,0.7619999999999999
SCX,2024-11-27,0,0
SCX,2024-11-28,0.25,6.35
SCX,2024-11-29,0,0
SCX,2024-11-30,0,0
SCX,2024-12-01,0,0
SCX,2024-12-02,0,0
SCX,2024-12-03,0,0
SCX,2024-12-04,0,0
SCX,2024-12-05,0,0
SCX,2024-12-06,0,0
SCX,2024-12-07,0,0
SCX,2024-12-08,0,0
SCX,2024-12-09,0.61,15.493999999999998
SCX,2024-12-10,0.26,6.604
SCX,2024-12-11,0.04,1.016
SCX,2024-12-12,0,0
SCX,2024-12-13,0,0
SCX,2024-12-14,0,0
SCX,2024-12-15,0.44,11.176
SCX,2024-12-16,0.28,7.112
SCX,2024-12-17,0.19,4.826
SCX,2024-12-18,0.72,18.287999999999997
SCX,2024-12-19,0,0
SCX,2024-12-20,0,0
SCX,2024-12-21,0,0
SCX,2024-12-22,0,0
SCX,2024-12-23,0,0
SCX,2024-12-24,0,0
SCX,2024-12-25,0,0
SCX,2024-12-26,0,0
SCX,2024-12-27,0.5800000000000001,14.732000000000001
SCX,2024-12-28,0.08,2.032
SCX,2024-12-29,0.67,17.018
SCX,2024-12-30,0.14,3.556
