date,rainfall_ASH,rainfall_BNA,rainfall_CKV,rainfall_MRB,rainfall_SCX
2010-09-30,0.1709,0,0,6.5602,0
2010-10-01,4.2113000000000005,0,0,0.9003,0
2010-10-02,0.05,0,0,0,0
2010-10-03,0,0,0,0,0
2010-10-04,0.2605,0,0,0.4101,0
2010-10-05,5e-4,0,0,0,0
2010-10-06,1.1707,0,0,4e-4,0
2010-10-07,0.0808,0,0,2e-4,0
2010-10-08,0,0,0,0,0
2010-10-09,1e-4,0,0,0,0
2010-10-10,0,0,0,0,0
2010-10-11,0,0,0,0,0
2010-10-12,0.02,0.41000000000000003,0.0206,0,0
2010-10-13,0,0.0603,1e-4,0,0
2010-10-14,0,0.03,0.0101,2.3302,0
2010-10-15,4.8011,0,0,1e-4,0
2010-10-16,0.030100000000000002,0,0,0,0
2010-10-17,2e-4,0,0,0,0
2010-10-18,0,0,0,1e-4,0
2010-10-19,0,1e-4,0,0.1902,0
2010-10-20,0,0.0501,0,0,0
2010-10-21,0.0103,0,0,0.01,0
2010-10-22,0,0,0,0,0
2010-10-23,0,0,0,0,0
2010-10-24,9.000000000000001e-4,0,1.82,0,0
2010-10-25,0,2.7501,0.33089999999999997,3.0000000000000003e-4,0
2010-10-26,0.0609,1.3701,2.9702,0,0
2010-10-27,0.2712,1e-4,0.01,1.3507,0
2010-10-28,0.03,0,0,0.01,0
2010-10-29,1e-4,0,0,0,0
2010-10-30,2e-4,0,0,0,0
2010-10-31,0,0,0,0,0
2010-11-01,0,0,0,0,0
2010-11-02,0,0,0,0,0
2010-11-03,0,0.15030000000000002,0.0107,0,0
2010-11-04,1.9001000000000001,0.1202,0,2.0906000000000002,0
2010-11-05,0.9524,1e-4,0.0208,0.0104,0
2010-11-06,0,0.01,0,0,0
2010-11-07,0,0,0,0,0
2010-11-08,0.5212,0,0,0,0
2010-11-09,0.0519,0,0,0,0
2010-11-10,0.3519,0,0,0,0
2010-11-11,0,0,0,0,0
2010-11-12,0,0,0,0,0
2010-11-13,0,1e-4,0.4402,0,0
2010-11-14,0,0.2906,0.1504,0,0
2010-11-15,0,0,0,0,0
2010-11-16,0.0207,2.2103,3.14,1.3212,0
2010-11-17,2.3203,0.02,0.07,1.1104,0
2010-11-18,0,0,0.04,0,0
2010-11-19,3.0000000000000003e-4,0,0,0,0
2010-11-20,0,0,0,0,0
2010-11-21,0,0,0,0,0
2010-11-22,0,0,0,0,0
2010-11-23,0.0101,4.4503,3.3901,0.0105,0
2010-11-24,0,0.0601,0.5003,4e-4,0
2010-11-25,0,0.1001,2.2001,0.1601,0
2010-11-26,0.8009000000000001,0.6606,2.2105,0.011000000000000001,0
2010-11-27,1e-4,0,0,0.0011,0
2010-11-28,0,0,0,3.0000000000000003e-4,0
2010-11-29,0,0.5301,0.5800000000000001,0,0
2010-11-30,0,3.9503,2.551,0.5006,0
2010-12-01,0.5812,0,0,4.4809,0
2010-12-02,0.8504,0,0,1e-4,0
2010-12-03,0,0,0,0,0
2010-12-04,2e-4,2e-4,1e-4,0,0
2010-12-05,0,0.0017000000000000001,6.000000000000001e-4,9.000000000000001e-4,0
2010-12-06,5e-4,0.0012000000000000001,6.000000000000001e-4,4e-4,0
2010-12-07,3.0000000000000003e-4,2e-4,0,0,0
2010-12-08,0,0,0,6.000000000000001e-4,0
2010-12-09,0,0,0,0,0
2010-12-10,0,0,0,7e-4,0
2010-12-11,4e-4,0.4501,1.3301,0,0
2010-12-12,1.6907,0.9725,0.21280000000000002,0.4612,0
2010-12-13,0.5609,0.0125,0.0032,0.020300000000000002,0
2010-12-14,6.000000000000001e-4,0,0,3.0000000000000003e-4,0
2010-12-15,5e-4,3.0000000000000003e-4,0,0,0
2010-12-16,2e-4,0.4404,0.3517,0.3414,0
2010-12-17,0,0,0,0,0
2010-12-18,0,0,0,0,0
2010-12-19,0,0,0,0,0
2010-12-20,5e-4,0,0,0,0
2010-12-21,0.0021000000000000003,2e-4,0.0303,0,0
2010-12-22,0.0034000000000000002,0.0906,0.031,0,0
2010-12-23,0.0017000000000000001,0,0,0,0
2010-12-24,0,2e-4,0.0102,0,0
2010-12-25,0,0.3026,0.3137,0.0011,0
2010-12-26,0.0014,0.0032,0.0025,1e-4,0
2010-12-27,0.008,3.0000000000000003e-4,0,0,0
2010-12-28,0,0,0,0,0
2010-12-29,0.01,0.0303,0.0706,0,0
2010-12-30,0,0.09,0.1804,2e-4,0
2010-12-31,0,0,0,0,0
2011-01-01,0,1.1708,1.7605,1e-4,0
2011-01-02,0.12090000000000001,0,0,0.0302,0
2011-01-03,0,0,0,0,0
2011-01-04,0,0,0,0,0
2011-01-05,0,0.0903,0.030100000000000002,0,0
2011-01-06,0,0.0202,0,0,0
2011-01-07,3.0000000000000003e-4,4e-4,3.0000000000000003e-4,0,0
2011-01-08,0.0015,0.032100000000000004,0.0525,0.0508,0
2011-01-09,0,0,0,0,0
2011-01-10,0,0.5125000000000001,0.0409,0,0
2011-01-11,0,0.0026000000000000003,0.043500000000000004,0.1604,0
2011-01-12,0.006900000000000001,0.0025,0.0013000000000000002,0.07050000000000001,0
2011-01-13,4e-4,0.0013000000000000002,1e-4,0,0
2011-01-14,1e-4,0,0,2e-4,0
2011-01-15,4e-4,0,0,0,0
2011-01-16,3.0000000000000003e-4,0,0,0,0
2011-01-17,0,5e-4,0,0,0
2011-01-18,0.0031000000000000003,0.4507,0,0.3315,0
2011-01-19,0.483,0.0212,0,0.0803,0
2011-01-20,0.002,0.0804,0,0,0
2011-01-21,0.0054,0.0105,0,4e-4,0
2011-01-22,0,0,0,0,0
2011-01-23,2e-4,0,0,0,0
2011-01-24,0,3.0000000000000003e-4,0,0,0
2011-01-25,0.0015,0.4407,0,0,0
2011-01-26,5e-4,0.6006,0,0.8908,0
2011-01-27,0.0023,0,0,0.3505,0
2011-01-28,0.06,0,0,0.12140000000000001,0
2011-01-29,0.0605,0,0,0,0
2011-01-30,0.01,0,0,0,0
2011-01-31,0,0.060500000000000005,0,0.0101,0
2011-02-01,0.004200000000000001,1.1202,0,4e-4,0
2011-02-02,0.0066,0.0206,0,1.6703000000000001,0
2011-02-03,0.0024000000000000002,0,0,0,0
2011-02-04,3.0000000000000003e-4,1e-4,0,0,0
2011-02-05,0.2412,0.0913,0,0.45089999999999997,0
2011-02-06,0.8401,0,0,1e-4,0
2011-02-07,1e-4,0.6507000000000001,0,0,0
2011-02-08,0.44430000000000003,4e-4,0,1e-4,0
2011-02-09,1e-4,0.1903,0,0,0
2011-02-10,0,0.0506,0,0,0
2011-02-11,0,0,0,0,0
2011-02-12,1e-4,0,0,0,0
2011-02-13,2e-4,0,0,0,0
2011-02-14,1e-4,0,0,0,0
2011-02-15,1e-4,0,0,3.0000000000000003e-4,0
2011-02-16,0,0,0,0,0
2011-02-17,0.02,0,0,1e-4,0
2011-02-18,0,0.0503,0,0,0
2011-02-19,7e-4,0.0302,0,0,0
2011-02-20,5e-4,2e-4,0,0,0
2011-02-21,0.0016,1e-4,0,0.021,0
2011-02-22,0,0.38,0,1.1211,0
2011-02-23,0,0,0,0,0
2011-02-24,2e-4,2.4706,0,0.0105,0
2011-02-25,0.9928,1.7606000000000002,0,0.37120000000000003,0
2011-02-26,0.0606,0,0,0,0
2011-02-27,0.0049,0.0402,0,0,0
2011-02-28,0.17300000000000001,5.1408000000000005,0,0.6109,0
2011-03-01,0.28,0,0,0.0102,0
2011-03-02,0.27,0,0,0,0
2011-03-03,2e-4,0,0,0,0
2011-03-04,0,0,0,0,0
2011-03-05,0.0106,2.5408,0,0,0
2011-03-06,0.611,0.3602,0,1.4806000000000001,0
2011-03-07,4.7716,0,0,0.7505000000000001,0
2011-03-08,0,0.07,0,0,0
2011-03-09,0,1.4206,0,0.1103,0
2011-03-10,0,0.0314,0,1.8103,0
2011-03-11,1.9014,0.0201,0,0.3203,0
2011-03-12,0.03,0,0,0,0
2011-03-13,2e-4,0.0403,0,0,0
2011-03-14,1e-4,0.5409,0,0,0
2011-03-15,0,4e-4,0,0.0103,0
2011-03-16,1.0507,0,0,0.22010000000000002,0
2011-03-17,0,0,0,0,0
2011-03-18,1e-4,0,0,0.01,0
2011-03-19,1e-4,0,0,2e-4,0
2011-03-20,0,0,0,0,0
2011-03-21,0.2211,0,0,0.1603,0
2011-03-22,0.1614,0,0,0,0
2011-03-23,0,0.0402,0,1.2104000000000001,0
2011-03-24,0.0021000000000000003,0.01,0,0.4006,0
2011-03-25,1e-4,0.10020000000000001,0,0,0
2011-03-26,0,0.5402,0,0,0
2011-03-27,0,0.01,0,4e-4,0
2011-03-28,0,0.2204,0,0,0
2011-03-29,0,0.0101,0,0,0
2011-03-30,0,3.5609,0,0.1104,0
2011-03-31,1e-4,5e-4,0,0.2005,0
2011-04-01,0.6254000000000001,0,0,0.27090000000000003,0
2011-04-02,5e-4,0,0,0.0106,0
2011-04-03,0,0,0,2e-4,0
2011-04-04,0.4207,2.3409,0,3.0000000000000003e-4,0
2011-04-05,0.0712,0.6902,0,0.39080000000000004,0
2011-04-06,0,0,0,0,0
2011-04-07,0,0,0,0,0
2011-04-08,0,0,0,0.8609,0
2011-04-09,0,0,0,0.0603,0
2011-04-10,1e-4,0,0,0,0
2011-04-11,0.0202,1.2201,0,0,0
2011-04-12,0,0.2507,0,1.9201,0
2011-04-13,1.3608,0,0,1.2112,0
2011-04-14,3.0000000000000003e-4,0,0,0,0
2011-04-15,0,1.5602,0,0,0
2011-04-16,1e-4,1.9008,0,7.6402,0
2011-04-17,3.2305,0,0,1e-4,0
2011-04-18,0.0704,0,0,2e-4,0
2011-04-19,0.061200000000000004,0,0,1.99,0
2011-04-20,0.0903,0.8513000000000001,0,0,0
2011-04-21,0,0.12010000000000001,0,0,0
2011-04-22,0,3.0000000000000003e-4,0,0.5104,0
2011-04-23,0.3102,0,0,0.2504,0
2011-04-24,1e-4,0.2403,0,1.7903,0
2011-04-25,0.0208,0.0101,0,0.0202,0
2011-04-26,0.1406,1.2101,0,2e-4,0
2011-04-27,0.26,3.3103000000000002,0,0,0
2011-04-28,0.3007,1e-4,0,7.0602,0
2011-04-29,0,1e-4,0,0,0
2011-04-30,0,0,0,0,0
2011-05-01,0,1.2702,0,0.1904,0
2011-05-02,0,0.2203,0,0.020300000000000002,0
2011-05-03,0,3.681,0,0,0
2011-05-04,1.2205,0,0,0.6906,0
2011-05-05,0.0108,0,0,0,0
2011-05-06,0,2e-4,0,2e-4,0
2011-05-07,0.621,3.0000000000000003e-4,0,1e-4,0
2011-05-08,2e-4,0,0,0,0
2011-05-09,1e-4,0,0,0,0
2011-05-10,3.0000000000000003e-4,0,0,0,0
2011-05-11,0.011600000000000001,0,0,0,0
2011-05-12,4e-4,0.0601,0,0,0
2011-05-13,0,0.08030000000000001,0,0.1408,0
2011-05-14,0,0.3405,0,0.0105,0
2011-05-15,1.4411,3.0000000000000003e-4,0,0.9907,0
2011-05-16,0.3824,0.0609,0,0.03,0
2011-05-17,0.3712,0,0,6.4011000000000005,0
2011-05-18,0.242,0,0,1.2907,0
2011-05-19,2.0206,2e-4,0,0.11030000000000001,0
2011-05-20,0.0809,0,0,0.0102,0
2011-05-21,0,0.17,0,0,0
2011-05-22,1e-4,0,0,0.03,0
2011-05-23,0.5103000000000001,0.7307,0,0.17020000000000002,0
2011-05-24,0.2301,0.5804,0,0,0
2011-05-25,0.8103,0,0,0,0
2011-05-26,3.0000000000000003e-4,1.3805,0,0.81,0
2011-05-27,0.0013000000000000002,1e-4,0,0.03,0
2011-05-28,0.0012000000000000001,0,0,4e-4,0
2011-05-29,0.001,0,0,0,0
2011-05-30,0.0011,0,0,0,0
2011-05-31,0.0601,0,0,0,0
2011-06-01,0.0012000000000000001,0,0,0,0
2011-06-02,0.0104,0,0,0,0
2011-06-03,0,0,0,0,0
2011-06-04,0,0,0,2e-4,0
2011-06-05,0,0.03,0,6.000000000000001e-4,0
2011-06-06,2e-4,0,0,0,0
2011-06-07,2e-4,0,0,0,0
2011-06-08,1e-4,0,0,0,0
2011-06-09,0.5404,0,0,0,0
2011-06-10,0.0201,0,0,1e-4,0
2011-06-11,1.4506000000000001,0,0,0.2304,0
2011-06-12,0.4509,0,0,3.1201,0
2011-06-13,0,0,0,0,0
2011-06-14,0.0111,0.0404,0,0,0
2011-06-15,0,5.4701,0,0,0
2011-06-16,0,0,0,0.1804,0
2011-06-17,0.2306,0.0306,0,1.1005,0
2011-06-18,0.01,0.1205,0,0.4201,0
2011-06-19,0,2.33,0,0.0404,0
2011-06-20,0,0,0,0.2813,0
2011-06-21,0,0.0305,0,0.5902999999999999,0
2011-06-22,2.2803,0.1102,0,0.0102,0
2011-06-23,2.3615,0,0,4e-4,0
2011-06-24,0.0311,0,0,0.62,0
2011-06-25,1.0409,0.2003,0,0,0
2011-06-26,0.2203,1.0407,0,0,0
2011-06-27,0,0,0,0.0103,0
2011-06-28,0,5.37,0,0.0201,0
2011-06-29,1.0003,0,0,0,0
2011-06-30,0,0,0,0,0
2011-07-01,0,0,0,0,0
2011-07-02,0,0,0,0,0
2011-07-03,4e-4,0,0,0.2502,0
2011-07-04,1.4300000000000002,0,0,0.06,0
2011-07-05,0.07,0,0,0.3003,0
2011-07-06,0,2.0401,0,0,0
2011-07-07,0.4,2.8400000000000003,0,0,0
2011-07-08,0.0101,0.1506,0,3.1708,0
2011-07-09,0.13040000000000002,0,0,0.03,0
2011-07-10,0,0,0,0,0
2011-07-11,1e-4,0,0,0.24,0
2011-07-12,2e-4,1e-4,0,0,0
2011-07-13,1e-4,0,0,0.13,0
2011-07-14,0.0402,1e-4,0,0,0
2011-07-15,0,0,0,0,0
2011-07-16,0,0,0,0,0
2011-07-17,0,0,0,0,0
2011-07-18,0.1901,1.04,0,0,0
2011-07-19,0,0.0102,0,3.0000000000000003e-4,0
2011-07-20,0,0,0,0,0
2011-07-21,0,0,0,0,0
2011-07-22,0,0,0,0.0703,0
2011-07-23,0.2101,0,0,0,0
2011-07-24,2e-4,0,0,0,0
2011-07-25,1.9203999999999999,0,0,2e-4,0
2011-07-26,0.01,0,0,0,0
2011-07-27,0,0,0,0,0
2011-07-28,3.0000000000000003e-4,0,0,0,0
2011-07-29,0.040600000000000004,0,0,0,0
2011-07-30,0.2802,1.6901,0,1e-4,0
2011-07-31,0,1e-4,0,0,0
2011-08-01,4e-4,0,0,0.71,0
2011-08-02,0.0102,0,0,0,0
2011-08-03,0,0,0,0.6408,0
2011-08-04,1e-4,0,0,0.0103,0
2011-08-05,3.0000000000000003e-4,1.0903,0.45,0,0
2011-08-06,2e-4,0.2809,0.44,0.9707,0
2011-08-07,0.9506,0.050300000000000004,0.15,0.0606,0
2011-08-08,0.4005,1e-4,0,0,0
2011-08-09,0.0101,3.0000000000000003e-4,0,0.2602,0
2011-08-10,4.5307,0,0,0,0
2011-08-11,0,0,0,0,0
2011-08-12,0,0,0,0,0
2011-08-13,1e-4,0.0101,0,0.5701999999999999,0
2011-08-14,5e-4,0,0,5.6704,0
2011-08-15,3.141,0,0,2.9503000000000004,0
2011-08-16,2.0604,0,0,0,0
2011-08-17,0,0,0,0,0
2011-08-18,0,0,0.1,0,0
2011-08-19,2e-4,0,1e-4,0.9500000000000001,0
2011-08-20,0,0,0,0.04,0
2011-08-21,0.0101,2.7401,0.4703,2e-4,0
2011-08-22,0.0903,0,0,0,0
2011-08-23,0,0,0,0,0
2011-08-24,0.02,0,0,0,0
2011-08-25,0.8003,0,0,0.45,0
2011-08-26,0.8302,0,0,0,0
2011-08-27,0.4602,0,0,0.5703,0
2011-08-28,8.5014,0,0,0.6909,0
2011-08-29,1e-4,0,0,0,0
2011-08-30,2e-4,0,0,0,0
2011-08-31,2e-4,0,0,0,0
2011-09-01,0,0,0,0.7000000000000001,0
2011-09-02,0,0,0,0.29,0
2011-09-03,1e-4,0,0,0,0
2011-09-04,0,0.5004,4.2804,0,0
2011-09-05,0.0105,2.5905,0.8302,1.6009,0
2011-09-06,0.791,3.1601,0.1705,3.0606,0
2011-09-07,7.1422,4e-4,2e-4,0.7403,0
2011-09-08,2.2606,0,0,0.4411,0
2011-09-09,0,0,0.0101,1.0503,0
2011-09-10,3.0000000000000003e-4,0,0.29,0,0
2011-09-11,2e-4,0.2,0.1603,0.02,0
2011-09-12,1e-4,0,0.01,0.0901,0
2011-09-13,3.0000000000000003e-4,0,0.01,0,0
2011-09-14,0,0,0.0101,6.45,0
2011-09-15,0.0308,0.4303,2e-4,0.2507,0
2011-09-16,3.0000000000000003e-4,0,0,0,0
2011-09-17,0,0,0,0.0401,0
2011-09-18,1e-4,2e-4,1e-4,0.01,0
2011-09-19,2e-4,0.1804,1.0102,0,0
2011-09-20,0.1201,0.31,7e-4,0.1602,0
2011-09-21,2e-4,0.2004,2e-4,0.02,0
2011-09-22,0.6113000000000001,0,0,0.04,0
2011-09-23,0.9001,0.9601000000000001,1.1203,0.2312,0
2011-09-24,0.6302,0.01,0,0.01,0
2011-09-25,2e-4,1e-4,0.1103,7e-4,0
2011-09-26,4e-4,0.4506,1.4804,0,0
2011-09-27,2e-4,0,0,2.2003,0
2011-09-28,0,0,0,0.4203,0
2011-09-29,6.2913,0.05,1e-4,0.0402,0
2011-09-30,0.01,0,0,0,0
2011-10-01,0.12160000000000001,0,0,0.5802,0
2011-10-02,0.0613,0,0,0.2712,0
2011-10-03,0.1101,0,0,0.2006,0
2011-10-04,4.4106,0,0,0.3401,0
2011-10-05,0.0402,0,0,0,0
2011-10-06,0.04,0,0,0,0
2011-10-07,1e-4,0,0.01,0.01,0
2011-10-08,0,0,0,0,0
2011-10-09,0,0,0,0.02,0
2011-10-10,0,0,0,0,0
2011-10-11,2e-4,0,0,0.02,0
2011-10-12,3.0000000000000003e-4,0,0.01,1.1509,0
2011-10-13,0.8513000000000001,0.42050000000000004,0.211,0.4305,0
2011-10-14,2.461,0,0,1.4706,0
2011-10-15,0.0507,0,0,0,0
2011-10-16,0,0,0,0,0
2011-10-17,0.020300000000000002,0,0,2e-4,0
2011-10-18,0,0.050100000000000006,2.0401000000000002,0,0
2011-10-19,1.6503,0.1207,0.2607,0.1601,0
2011-10-20,0.7313,0.12090000000000001,0.0409,0.2701,0
2011-10-21,0,0,0,0,0
2011-10-22,2e-4,0,0,0,0
2011-10-23,0,0,0,0,0
2011-10-24,0,0,0,0.0202,0
2011-10-25,0.020300000000000002,0,0.01,0,0
2011-10-26,0.0702,0,0,2e-4,0
2011-10-27,1.5207,0.15080000000000002,1.2708,0.0307,0
2011-10-28,0.2902,0.7103,0.2503,0.01,0
2011-10-29,0.1009,0,0,2.2402,0
2011-10-30,0.361,0,0.01,0.01,0
2011-10-31,0,0,0,0,0
2011-11-01,0,0,0,0,0
2011-11-02,0,0,0,0,0
2011-11-03,0,0.8003,0.6108,0,0
2011-11-04,0,0.0102,0,0,0
2011-11-05,0,0,0,0,0
2011-11-06,0,0,0,0,0
2011-11-07,0,0,0,0,0
2011-11-08,0,0.19,0,0,0
2011-11-09,0,0.0505,0.3701,0,0
2011-11-10,2.0102,0,0,0.060200000000000004,0
2011-11-11,0.2403,0,0,1e-4,0
2011-11-13,0,0,0,0,0
2011-11-14,0,0,0,0,0
2011-11-15,5e-4,1.8302,3.91,0.01,0
2011-11-16,0.1203,1.6907,6.7205,1.2111,0
2011-11-17,0.1707,0,0,0.0201,0
2011-11-18,0,0,0,0,0
2011-11-19,0,0,0,0,0
2011-11-20,0,1.6801,2.2605,1e-4,0
2011-11-21,0,1.2905,2.5304,0.7403,0
2011-11-22,0,0.1106,0.9208999999999999,2.4702,0
2011-11-23,2.9916,0.0903,0.0308,1.3305,0
2011-11-24,0.01,0,0,0,0
2011-11-25,0,0,0,0,0
2011-11-26,0,0,0,0,0
2011-11-27,0,1.8506,2.3406000000000002,0,0
2011-11-28,0,1.8807,1.7202,0,0
2011-11-29,2e-4,0.0637,0.0411,1.3302,0
2011-11-30,3.4208,0.0208,0.02,0,0
2011-12-01,3.0000000000000003e-4,0,0,0,0
2011-12-02,0,0,0,0,0
2011-12-03,0,0,0,0,0
2011-12-04,0,0,0.4402,0,0
2011-12-05,0,2.1107,6.9902,0,0
2011-12-06,0.0809,0.7614,0.0504,0.1916,0
2011-12-07,1.3013000000000001,0.1714,0.07050000000000001,2.1103,0
2011-12-08,2.3002000000000002,0,0,0.3501,0
2011-12-09,0,0,0,0,0
2011-12-10,3.0000000000000003e-4,0,0,0,0
2011-12-11,0,0,0,0,0
2011-12-12,0,0,0,0,0
2011-12-13,0,6.000000000000001e-4,7e-4,0,0
2011-12-14,0,0,0,0,0
2011-12-15,0.0404,0.1202,0.1408,1e-4,0
2011-12-16,0.2406,0.5603,0.5918,0,0
2011-12-17,0,0,0,2e-4,0
2011-12-18,0,0,0,1e-4,0
2011-12-19,0,0,0,0,0
2011-12-20,0,0.27030000000000004,0.09040000000000001,1e-4,0
2011-12-21,0.09040000000000001,0.23020000000000002,2.0705,0.1108,0
2011-12-22,0.3902,0.6601,0.9803000000000001,0,0
2011-12-23,2.6209000000000002,0.0202,0.0104,2.1405,0
2011-12-24,0,0,0,3.0000000000000003e-4,0
2011-12-25,2e-4,0,0,0,0
2011-12-26,1e-4,0,1e-4,0,0
2011-12-27,0.060200000000000004,1.521,1.331,1.0002,0
2011-12-28,1.9802,0.12,0,0,0
2011-12-29,0,0,0,0,0
2011-12-30,0,0,0,1e-4,0
2011-12-31,0.0509,0,0,2e-4,0
2012-01-01,0,0,0,0.0104,0
2012-01-02,0.1005,0,0,2e-4,0
2012-01-03,0,1e-4,0,6.000000000000001e-4,0
2012-01-04,0,0,0,0,0
2012-01-05,3.0000000000000003e-4,0,0,0,0
2012-01-06,2e-4,0,0,0,0
2012-01-07,0,0.020300000000000002,0,0,0
2012-01-08,0,0,0,0,0
2012-01-09,0,0.4001,0.1003,0,0
2012-01-10,0,0.0102,1e-4,0,0
2012-01-11,0,3.9406000000000003,1.8708,0.5004,0
2012-01-12,0.22240000000000001,0.0419,0.1328,1.7803,0
2012-01-13,0.3227,0.0016,0.0013000000000000002,0.1803,0
2012-01-14,3.0000000000000003e-4,0,0,0,0
2012-01-15,0,0,0,0,0
2012-01-16,0,0.0205,0.0303,0,0
2012-01-17,0.1526,1.6806999999999999,1.3002,0.16040000000000001,0
2012-01-18,0.0101,0,0,4e-4,0
2012-01-19,0,0,0,0,0
2012-01-20,0.0018000000000000002,0,4e-4,4e-4,0
2012-01-21,0.0031000000000000003,0.9907,1.7106999999999999,0.7515000000000001,0
2012-01-22,0,0.08,9.000000000000001e-4,5e-4,0
2012-01-23,0.0106,2.3802,1.7602,0.0609,0
2012-01-24,0.4507,0,0,0,0
2012-01-25,0,0.07020000000000001,0.3401,0,0
2012-01-26,0.0014,0.3905,3.7807,0.3006,0
2012-01-27,3.1116,0.6407,0.2101,1.0803,0
2012-01-28,0,0,0,0,0
2012-01-29,1e-4,0,0,0,0
2012-01-30,7e-4,0,0,0.12,0
2012-01-31,4e-4,0,0,0,0
2012-02-01,0.0101,0.7605,0.3301,0,0
2012-02-02,0,0.38,0.0201,1e-4,0
2012-02-03,0,0,0,0,0
2012-02-04,0,0.5905,0.5508,0.4701,0
2012-02-05,0,3.0000000000000003e-4,0.23020000000000002,0.2021,0
2012-02-06,0.42,0,0,0,0
2012-02-07,0,0,0,0,0
2012-02-08,0,0.0106,0.0403,0.3108,0
2012-02-09,0,0,0,0,0
2012-02-10,0,0.0407,4e-4,0.060200000000000004,0
2012-02-11,4e-4,0.0316,0.0601,0.3615,0
2012-02-12,0,0,0,4e-4,0
2012-02-13,2e-4,0,1e-4,0,0
2012-02-14,0,0.1814,0.2403,0,0
2012-02-15,5e-4,3.0000000000000003e-4,1e-4,0,0
2012-02-16,0.0303,0.5603,0.0804,0.2504,0
2012-02-17,0.08020000000000001,0,0,0.0104,0
2012-02-18,1e-4,0,0,0,0
2012-02-19,2e-4,0.9804,0.0302,0,0
2012-02-20,0,0,0,0,0
2012-02-21,0,0.01,0.08,0,0
2012-02-22,4e-4,0.4102,0,0,0
2012-02-23,0.0103,0,0,0,0
2012-02-24,0.1308,0,0,0.7905,0
2012-02-25,1.3502,0,0,1e-4,0
2012-02-26,0,0,0,0,0
2012-02-27,0,0,0,0,0
2012-02-28,0,0,0,0,0
2012-02-29,0.0023,0.8903,0.1304,3.3602,0
2012-03-01,0.007200000000000001,0.0101,0,0.2901,0
2012-03-02,6.000000000000001e-4,0.2603,0.5904,0.13,0
2012-03-03,0.6534,0,0,0.7101000000000001,0
2012-03-04,0.16,0,0,0,0
2012-03-05,0.0101,3.0000000000000003e-4,1e-4,0.001,0
2012-03-06,0,0,0,0,0
2012-03-07,0.03,0,0,0,0
2012-03-08,0,2.1601,7.7602,0,0
2012-03-09,0.0104,0.3001,0.09,0.06,0
2012-03-10,6.000000000000001e-4,0,0,0,0
2012-03-11,0,0,0,0,0
2012-03-12,0,0.020900000000000002,0.1713,0,0
2012-03-13,0.0204,0,0,2e-4,0
2012-03-14,0.3801,0,0,0,0
2012-03-15,1e-4,1.1104,0.2602,0.06,0
2012-03-16,0.3902,0.3803,0.4901,0.17,0
2012-03-17,0,0.1002,1.05,0,0
2012-03-18,1e-4,3.0000000000000003e-4,0,0,0
2012-03-19,0,0,0,0.16040000000000001,0
2012-03-20,0,0,0,0.02,0
2012-03-21,0,0,0,0.04,0
2012-03-22,0,0.4104,0.6204,0,0
2012-03-23,0,0.0402,1e-4,0,0
2012-03-24,0,0.5702,0.4805,1.3503,0
2012-03-25,0.10060000000000001,0,0.0102,0.1502,0
2012-03-26,2e-4,0,0,0,0
2012-03-27,0,0,0,0,0
2012-03-28,0.0109,0,0,3.0000000000000003e-4,0
2012-03-29,4e-4,0,0,0,0
2012-03-30,0,0,0,3.0000000000000003e-4,0
2012-03-31,1e-4,0,0,0.0302,0
2012-04-01,0.0201,0,0,1e-4,0
2012-04-02,0.2604,0,0,0.1803,0
2012-04-03,0,0,0,0,0
2012-04-04,1e-4,0.0201,1e-4,0,0
2012-04-05,0,1.7102,0.9901,0,0
2012-04-06,0,0.23,1e-4,0,0
2012-04-07,0,0,0,0,0
2012-04-08,0,0,0,0,0
2012-04-09,0,0,0,0,0
2012-04-10,0,0,0,1e-4,0
2012-04-11,1e-4,0,0,5e-4,0
2012-04-12,0.35100000000000003,0,0,0,0
2012-04-13,1e-4,0,0,0,0
2012-04-14,0,0,0,0,0
2012-04-15,0,0,0,0.0304,0
2012-04-16,2e-4,0.2303,0.6702,0,0
2012-04-17,0,0.1804,0,0,0
2012-04-18,0,0.0102,0,0.3406,0
2012-04-19,0,0,0,0.0507,0
2012-04-20,0,0,1e-4,0,0
2012-04-21,0,1.1503,1.0201,1.2,0
2012-04-22,0.7718,0.01,2e-4,0.9404,0
2012-04-23,3.3416,0,0.01,0.591,0
2012-04-24,0,0,0.03,0,0
2012-04-25,0,4e-4,0,0,0
2012-04-26,0.0201,0,0,0.0303,0
2012-04-27,0.2905,1.0601,0.2,0,0
2012-04-28,0,1e-4,0,0.0202,0
2012-04-29,0,0,0,0.0602,0
2012-04-30,0,0,0.0702,0,0
2012-05-01,1.2605,0,0.1,0.15,0
2012-05-02,0.01,0,0,0.0207,0
2012-05-03,0.1106,2e-4,0.0502,1.99,0
2012-05-04,0.0609,0,0,0.0101,0
2012-05-05,0.0803,0.4201,0.08,0,0
2012-05-06,5e-4,0.15009999999999998,0.0702,0,0
2012-05-07,1e-4,1e-4,0.03,1e-4,0
2012-05-08,0.4804,0,1e-4,0.4208,0
2012-05-09,0.0118,2e-4,0,0.0803,0
2012-05-10,0.9907,0,0,3.0000000000000003e-4,0
2012-05-11,1e-4,0,0,0,0
2012-05-12,2e-4,0.0903,4e-4,0,0
2012-05-13,6.000000000000001e-4,4.1808,0.5012,1e-4,0
2012-05-14,0.0512,0.5402,0.1703,1.4806,0
2012-05-15,0.4809,0,0.04,0.5007,0
2012-05-16,0.5217,0,0.01,0,0
2012-05-17,0.6805,0.01,0,0,0
2012-05-18,1e-4,0,0,0,0
2012-05-19,8e-4,0,0,0,0
2012-05-20,0.001,0.18,0,0,0
2012-05-21,0.0013000000000000002,1e-4,1.74,0.8918,0
2012-05-22,0.9623,0,0.07,1.1407,0
2012-05-23,0.0011,0,0,1.8201,0
2012-05-24,0.0012000000000000001,0,0,0.0704,0
2012-05-25,0.001,0,0,1e-4,0
2012-05-26,0.0015,0,0,0,0
2012-05-27,1e-4,0,0,0,0
2012-05-28,4e-4,1e-4,0,0.5303,0
2012-05-29,1e-4,2.94,1.04,3,0
2012-05-30,0.2203,0.01,0.87,0.0602,0
2012-05-31,4e-4,0,0,0,0
2012-06-01,0,0.9407,0.2105,2.6004,0
2012-06-02,2.4603,0,0,0.09010000000000001,0
2012-06-03,0.0211,0,0,0,0
2012-06-04,0.6019,0.0502,0.0801,0.0502,0
2012-06-05,0.1614,0.0103,0.27,0,0
2012-06-06,0.7101,0,0,1e-4,0
2012-06-07,0.07050000000000001,0,0,6.000000000000001e-4,0
2012-06-08,0.0403,0,0,0,0
2012-06-09,0.0104,0,0,0,0
2012-06-10,0,0.0803,6.000000000000001e-4,0,0
2012-06-11,0,0.1005,0,0,0
2012-06-12,0,0.03,0.2,2.2804,0
2012-06-13,1.9808000000000001,0,0,0.4202,0
2012-06-14,0,0,0,0,0
2012-06-15,0,1e-4,0,0,0
2012-06-16,0,0.0207,0,0,0
2012-06-17,0,0,0.0402,0,0
2012-06-18,0,0,0,0.1104,0
2012-06-19,0,0,0,1e-4,0
2012-06-20,0,0,0,0,0
2012-06-21,0,0,0,1e-4,0
2012-06-22,0,0,0,0.0306,0
2012-06-23,8e-4,0,0,0,0
2012-06-24,0,0,0,0,0
2012-06-25,0.0018000000000000002,0,0,0.01,0
2012-06-26,1e-4,0,0,0,0
2012-06-27,9.000000000000001e-4,0,0,0,0
2012-06-28,0.03,0,0,0,0
2012-06-29,0.4705,0,0,0,0
2012-06-30,0,0,0,0,0
2012-07-01,0,0,0,0,0
2012-07-02,1e-4,2e-4,0,0.8401,0
2012-07-03,0,0,0,0.28,0
2012-07-04,0.5702,0.03,0,0.0102,0
2012-07-05,0,0,2e-4,0,0
2012-07-06,0,0,2.2,0,0
2012-07-07,2e-4,0,0.18,0,0
2012-07-08,0,0.7803,0.020300000000000002,0.1701,0
2012-07-09,0,2.7004,2.34,1.5402,0
2012-07-10,0,3.1003,0.5304,0,0
2012-07-11,4e-4,2e-4,1.8001,0,0
2012-07-12,1e-4,1.8202,0.01,0,0
2012-07-13,2e-4,1.0508,1.0204,4e-4,0
2012-07-14,3.0000000000000003e-4,3.8307,0.47000000000000003,0.1404,0
2012-07-15,1e-4,0.0204,3.0000000000000003e-4,3.0000000000000003e-4,0
2012-07-16,0.0103,0,0,2e-4,0
2012-07-17,0,0,0,0,0
2012-07-18,0.1301,0.61,0.13,0.1004,0
2012-07-19,0,0,4e-4,0.3601,0
2012-07-20,0,7.0901,3.23,2.4706,0
2012-07-21,3.0000000000000003e-4,0.0103,0.19,1.3806,0
2012-07-22,1e-4,0,0.01,0,0
2012-07-23,0.0901,0,0.05,0,0
2012-07-24,0.020300000000000002,0,0,0.0104,0
2012-07-25,0,0,0,0,0
2012-07-26,2e-4,0,0,0.2302,0
2012-07-27,0.0711,2e-4,5.92,0.9208000000000001,0
2012-07-28,0.050300000000000004,0,0,0,0
2012-07-29,0.0403,1e-4,2e-4,0,0
2012-07-30,2e-4,0,0.1,0,0
2012-07-31,2e-4,2e-4,0,1e-4,0
2012-08-01,2e-4,3.8201,0,1.2604,0
2012-08-02,0.0307,0,0,0.01,0
2012-08-03,0,0.02,0.2605,0,0
2012-08-04,3.5003,0.2502,0.0104,0,0
2012-08-05,0.0605,0.45999999999999996,0,1.5701,0
2012-08-06,0.12000000000000001,0.08,0.5,0.2001,0
2012-08-07,1e-4,0,0,0,0
2012-08-08,4e-4,0,0,0,0
2012-08-09,2.8004,0.7301,0.0502,0.4,0
2012-08-10,1.6902000000000001,0.0201,1e-4,0.7502,0
2012-08-11,0.8705,0,0,0,0
2012-08-12,2.5507,0,0,0,0
2012-08-13,1e-4,0.93,3.2104,0,0
2012-08-14,2e-4,0,0.0102,0.5708,0
2012-08-15,0.3402,0,0,0.0102,0
2012-08-16,1.26,0,0,0.01,0
2012-08-17,3.0000000000000003e-4,1.8203,0.91,1.1500000000000001,0
2012-08-18,0.1005,0,0,3.0000000000000003e-4,0
2012-08-19,0,0,0,0.341,0
2012-08-20,2e-4,0,0,0.5102,0
2012-08-21,1e-4,0,0,0.01,0
2012-08-22,2e-4,0,0,0.01,0
2012-08-23,4e-4,0,0,0,0
2012-08-24,1e-4,0,0,0,0
2012-08-25,1e-4,0.11030000000000001,0,2e-4,0
2012-08-26,1e-4,0,1e-4,0.1608,0
2012-08-27,0,0,0,0.0703,0
2012-08-28,0.7702,0,0,0.020300000000000002,0
2012-08-29,0,0,0,0,0
2012-08-30,0,0.08,0,0,0
2012-08-31,0,0.0401,2e-4,0,0
2012-09-01,2e-4,2e-4,3.2300999999999997,0.3305,0
2012-09-02,0,1.9405000000000001,0.9906,0.1106,0
2012-09-03,1e-4,0.0906,0.7913,0.6304000000000001,0
2012-09-04,0.5904,0.3904,0.0701,3.0000000000000003e-4,0
2012-09-05,0.6805,0.4801,0.0403,0.0101,0
2012-09-06,0,0.45,0.030100000000000002,1e-4,0
2012-09-07,1e-4,0,0.02,0,0
2012-09-08,2e-4,3.4506,2.4406,3.9001,0
2012-09-09,0.6505,0,0,0.01,0
2012-09-10,0,0,0,0,0
2012-09-11,0,0,0,0,0
2012-09-12,1e-4,0,0,0,0
2012-09-13,2e-4,0,0,0.01,0
2012-09-14,1e-4,0,0.0103,0,0
2012-09-15,0.0201,0,0.040100000000000004,0,0
2012-09-16,0,1e-4,1.3802,0,0
2012-09-17,1e-4,3.3001,0.6609,0,0
2012-09-18,0.0308,0.38079999999999997,0.0801,5.2906,0
2012-09-19,2.1102,0,0,0.0202,0
2012-09-20,0,0,0,0.01,0
2012-09-21,0,0,0,0,0
2012-09-22,0,0,0,0,0
2012-09-23,0.1104,0,0,0,0
2012-09-24,0,0,0,0,0
2012-09-25,0,0,0,0,0
2012-09-26,5e-4,0,0,0.0202,0
2012-09-27,0.0103,0,0.32070000000000004,0.2603,0
2012-09-28,1.6605,2e-4,0.1005,0.44020000000000004,0
2012-09-29,0.2706,0,0,0.01,0
2012-09-30,0.0509,0,0.03,0.1202,0
2012-10-01,0.0101,2.7707,2.9405,0.02,0
2012-10-02,0.10010000000000001,5e-4,0.33,1.0006,0
2012-10-03,0.2611,0,0.04,0.03,0
2012-10-04,0.08120000000000001,0,0,0.0603,0
2012-10-05,0.0206,0,0.02,0,0
2012-10-06,0.0301,1.3902999999999999,0.8506,0,0
2012-10-07,0,0.0207,2e-4,0.020900000000000002,0
2012-10-08,0.1403,0.0402,0,0.1702,0
2012-10-09,2e-4,0,0,1e-4,0
2012-10-10,0.8906000000000001,0,1e-4,0,0
2012-10-11,0,0,0,0,0
2012-10-12,0.0402,3.2903000000000002,1.19,0,0
2012-10-13,0,0,0,0,0
2012-10-14,0.5009,1e-4,0.6901,0,0
2012-10-15,2e-4,0,0.01,0.3502,0
2012-10-16,0.6805,0,0,0,0
2012-10-17,0,0,0,0,0
2012-10-18,0,1.0202,2.0401000000000002,0.08,0
2012-10-19,0.7014,0,0,2.3303,0
2012-10-20,0.3401,0,0,0,0
2012-10-21,0,0,0,0,0
2012-10-22,0,0,0,0,0
2012-10-23,0,0,0,2e-4,0
2012-10-24,1e-4,0,0,0,0
2012-10-25,0,0,0,0,0
2012-10-26,1e-4,4e-4,0.8007,0,0
2012-10-27,0,0.0904,0.0106,2e-4,0
2012-10-28,7e-4,0,0,0.0311,0
2012-10-29,2.3621,0,0,4.6,0
2012-10-30,4.861,0,0,1.6604,0
2012-10-31,3.5703,0,0,0.0513,0
2012-11-01,0,0,0,3.0000000000000003e-4,0
2012-11-02,2e-4,0,0,0,0
2012-11-03,0,0.21020000000000003,0,0,0
2012-11-04,0,0.02,0,0,0
2012-11-05,0,0,3.0000000000000003e-4,0,0
2012-11-06,0,0.0404,0.0802,0,0
2012-11-07,0,0.1901,0.5008,0,0
2012-11-08,1.4145,0,0,0,0
2012-11-09,1e-4,0,0,0,0
2012-11-10,0,0,0,0,0
2012-11-11,1e-4,0,0,0,0
2012-11-12,0,1.1001,1.7406,0,0
2012-11-13,0.4305,0,0,0.5501,0
2012-11-14,0,0,0,0,0
2012-11-15,0,0,0,0,0
2012-11-16,0,0,0,0,0
2012-11-17,1e-4,0,0,0,0
2012-11-18,2e-4,0,0,0,0
2012-11-19,0,0,0,0,0
2012-11-20,0,2e-4,0,0,0
2012-11-21,0,0,0,0,0
2012-11-22,2e-4,0,0,0,0
2012-11-23,0,0.15009999999999998,0.0101,0,0
2012-11-24,0.001,0,0,0,0
2012-11-25,0,0,0,0,0
2012-11-26,0,0.0201,0.1703,0,0
2012-11-27,0.0307,0.3504,0.7004,0.321,0
2012-11-28,0,0,0,0,0
2012-11-29,0,0,0,0,0
2012-11-30,0,0,0,0,0
2012-12-01,0.0019,0,0,0,0
2012-12-02,0.0407,0,0,4e-4,0
2012-12-03,0.0302,0,0,1e-4,0
2012-12-04,3.0000000000000003e-4,0.45030000000000003,1.1601000000000001,0,0
2012-12-05,0.030100000000000002,0.0505,2e-4,0,0
2012-12-06,1e-4,0,0.19,0,0
2012-12-07,0.020300000000000002,0.0101,0.0608,0.1307,0
2012-12-08,0.6509,0.3302,0.8307,0,0
2012-12-09,0.03,0.461,3.6805,0.7208,0
2012-12-10,1.3102,1.3004,2.1215,0.2116,0
2012-12-11,0.0102,0,0,0.0304,0
2012-12-12,0,0,0,0,0
2012-12-13,0,0,0,0,0
2012-12-14,0,0,0,0,0
2012-12-15,0,0.020300000000000002,0.2202,0,0
2012-12-16,0.0013000000000000002,0,0,2e-4,0
2012-12-17,0.004,0.4907,0.1802,0,0
2012-12-18,2.052,0,0,0.2407,0
2012-12-19,2e-4,0,0,1e-4,0
2012-12-20,0,0.7303000000000001,2,0.1401,0
2012-12-21,1.6301,3.0000000000000003e-4,0,0.6202,0
2012-12-22,0,0,0,0,0
2012-12-23,0,0.16040000000000001,0,0,0
2012-12-24,0,0.24029999999999999,0.0513,0.6906,0
2012-12-25,0.0012000000000000001,1e-4,1e-4,1e-4,0
2012-12-26,0,2.0809,1.6412,2.1108000000000002,0
2012-12-27,0.0071,2e-4,0,0.37020000000000003,0
2012-12-28,0.0038,0.1405,0.1704,0,0
2012-12-29,0.0015,0.8021,0.2221,0.3411,0
2012-12-30,0.0061,7e-4,0,0,0
2012-12-31,0,2e-4,4e-4,0,0
2013-01-01,0,0.7416,0.5306,0,0
2013-01-02,3.0000000000000003e-4,0,0,0,0
2013-01-03,0,0,0,0,0
2013-01-04,0,0,0,0,0
2013-01-05,0,1e-4,2e-4,0,0
2013-01-06,0.0608,0,0,0,0
2013-01-07,0.01,0,0,0,0
2013-01-08,0.07,0,0,0,0
2013-01-09,0.0201,0.9704,0.1009,0,0
2013-01-10,0,1.3102,0.9503,0,0
2013-01-11,0.0102,0.0906,1.8506,0.1302,0
2013-01-12,0.3507,2.4502,0.0405,1e-4,0
2013-01-13,0.01,4.1203,5.0403,0,0
2013-01-14,0,0.15030000000000002,2e-4,0.0502,0
2013-01-15,0,0.3408,0.0901,0.22999999999999998,0
2013-01-16,0.0047,0.6206,0.1009,2.0004,0
2013-01-17,0.27,0.0105,0,0,0
2013-01-18,0,0,0,0,0
2013-01-19,0.06,0,0,0,0
2013-01-20,0,0,0,0,0
2013-01-21,4e-4,0,0,0,0
2013-01-22,0.0012000000000000001,0,0,1e-4,0
2013-01-23,0,0,0,0,0
2013-01-24,0,0,0,0.0318,0
2013-01-25,0,1.1703000000000001,0.361,0.0915,0
2013-01-26,8e-4,0,0,0.0621,0
2013-01-27,0,0,0.0707,0,0
2013-01-28,0.0014,3.0000000000000003e-4,0.050300000000000004,0.2513,0
2013-01-29,0.0024000000000000002,0,0,0,0
2013-01-30,0.3116,2.1502,3.1703,1.97,0
2013-01-31,1.2804,1e-4,0,2.0605,0
2013-02-01,0,0.2601,0.0708,0.021,0
2013-02-02,0,0.1409,0.0206,0,0
2013-02-03,0.0019,0.040100000000000004,3.0000000000000003e-4,0.0026000000000000003,0
2013-02-04,3.0000000000000003e-4,0,1e-4,7e-4,0
2013-02-05,0,1e-4,1e-4,0.042,0
2013-02-06,0.0015,0,0,3.0000000000000003e-4,0
2013-02-07,0,0,0,0,0
2013-02-08,0.0025,0.2203,0.5301,0.0315,0
2013-02-09,0.0035,0,0,0,0
2013-02-10,0.04,1.8202,0.6403,0,0
2013-02-11,0.0026000000000000003,0,0,0.30010000000000003,0
2013-02-12,0.23,0,0,0,0
2013-02-13,0,0.4209,0.2107,0.0402,0
2013-02-14,0,0,0,0.2102,0
2013-02-15,0,2e-4,1e-4,0.1804,0
2013-02-16,0.05,0,0,0.0403,0
2013-02-17,0.0028,0,0,1e-4,0
2013-02-18,0,0,0.040100000000000004,0,0
2013-02-19,0.01,0.4309,0.6804,0.0702,0
2013-02-20,0.54,0,0,0,0
2013-02-21,0,0.18,0.24,0,0
2013-02-22,0,0.9504,0.2106,0.0307,0
2013-02-23,0,0,0,0,0
2013-02-24,0.5518,0,0,0,0
2013-02-25,0.4234,0,0,0,0
2013-02-26,0.1,0.1907,1.002,0.6202,0
2013-02-27,1.4902,0.0206,0.030600000000000002,0.8502,0
2013-02-28,0.24,0.0204,0.0108,0,0
2013-03-01,0,0.0218,0.1742,0,0
2013-03-02,0,0.1442,0.0542,5e-4,0
2013-03-03,6.000000000000001e-4,7e-4,0,1e-4,0
2013-03-04,0,0,0,0,0
2013-03-05,0,2.2905,1.151,0,0
2013-03-06,0.2306,0.0014,8e-4,0.8613000000000001,0
2013-03-07,0.016,0,0,0,0
2013-03-08,0.1522,0,0,0,0
2013-03-09,0,0,0,0,0
2013-03-10,0,0,0.0101,0,0
2013-03-11,0,1.0407,4.1302,0,0
2013-03-12,0.68,0,0,1.0405,0
2013-03-13,0.26,0,0,3.0000000000000003e-4,0
2013-03-14,0,0.01,0.050100000000000006,2e-4,0
2013-03-15,0,0.03,0.0101,0,0
2013-03-16,0,0,0,5e-4,0
2013-03-17,0,1e-4,0.0903,0,0
2013-03-18,0,4.990200000000001,3.4408000000000003,0.6006,0
2013-03-19,0.0309,0,0,0.0302,0
2013-03-20,0.08020000000000001,1e-4,0,0,0
2013-03-21,0.19,0,0,0,0
2013-03-22,0.05,0,0,0,0
2013-03-23,0.03,0.0102,0,0,0
2013-03-24,0,0.901,1.6906,0.0804,0
2013-03-25,0,0.0012000000000000001,0.0057,1.0919,0
2013-03-26,0,0.0225,0.0432,0.3504,0
2013-03-27,0,0,0,0,0
2013-03-28,0.01,0,0,2e-4,0
2013-03-29,0,0.3907,0.6303,0,0
2013-03-30,0,0.3204,0.09999999999999999,0,0
2013-03-31,0,0.4403,0.5412,0.2805,0
2013-04-01,0.89,0,0,0.0403,0
2013-04-02,0,2e-4,0,0,0
2013-04-03,0,0,0,0,0
2013-04-04,0,0.1012,0.3807,0,0
2013-04-05,0,0.03,0,0,0
2013-04-06,0,0,0,0,0
2013-04-07,0,0,0,0,0
2013-04-08,0,0,0,1e-4,0
2013-04-09,0.06,0,0,0,0
2013-04-10,0.81,0,0,0,0
2013-04-11,1.12,3.84,5.0005,0,0
2013-04-12,0.8207,0.2203,0.25,1.2706,0
2013-04-13,0.14,0,0,0,0
2013-04-14,0,2e-4,0,0,0
2013-04-15,0,0,0,5e-4,0
2013-04-16,0.01,0.01,0,0,0
2013-04-17,1e-4,0,0,0.1201,0
2013-04-18,0,0,0,2e-4,0
2013-04-19,1e-4,4.0101,2.96,1.4102999999999999,0
2013-04-20,0.9206,0,0,2e-4,0
2013-04-21,0,0,0,0,0
2013-04-22,0,0,0,0,0
2013-04-23,9.000000000000001e-4,0,0,0,0
2013-04-24,2e-4,1.9503,2.7511,0.35,0
2013-04-25,0.0702,0,0,2e-4,0
2013-04-26,0,2e-4,0.3402,0,0
2013-04-27,0,3.4402,2.3909000000000002,0,0
2013-04-28,0,2.8005,7.9703,0.1701,0
2013-04-29,0,0,0,0.2506,0
2013-04-30,0,0,0,0.1212,0
2013-05-01,0,0,0,0,0
2013-05-02,0,0,0,0,0
2013-05-03,1e-4,0,4e-4,0,0
2013-05-04,0,1.7103,1.8505,0,0
2013-05-05,0,0.3201,0.0508,0,0
2013-05-06,0,0.131,0.2107,0.0702,0
2013-05-07,0,0.07,0.1301,1.7304,0
2013-05-08,0.0206,0.09,2e-4,1.1604,0
2013-05-09,0.4606,0.0201,0.02,0.0403,0
2013-05-10,0.032,0.47050000000000003,1.491,0.0106,0
2013-05-11,0.1611,0.0202,0.0205,0.0611,0
2013-05-12,0.0108,0,0.0101,0.02,0
2013-05-13,0,0,0,0.01,0
2013-05-14,0,0,0,0,0
2013-05-15,4e-4,0,0,0,0
2013-05-16,0,0,0,0.0201,0
2013-05-17,0,0.8407,0.1309,0,0
2013-05-18,0,0.0201,0.3103,0,0
2013-05-19,0.0102,0.0303,0,2e-4,0
2013-05-20,0.2803,0,0,2e-4,0
2013-05-21,0.0106,0.2701,0.21,0,0
2013-05-22,4.1107000000000005,0.1303,1.8303,0.2801,0
2013-05-23,1.1408,0.01,0,0.5803,0
2013-05-24,2.8612,0,7e-4,0.1405,0
2013-05-25,1.7229,0,0,0,0
2013-05-26,0.07100000000000001,0,0,0,0
2013-05-27,0,0,0,2e-4,0
2013-05-28,0,0,0,0.0606,0
2013-05-29,0.5407,0,0,0,0
2013-05-30,0.26030000000000003,1e-4,0,0,0
2013-05-31,3.0000000000000003e-4,0.0102,0.43,0,0
2013-06-01,2e-4,1.05,0.011000000000000001,0,0
2013-06-02,0.0501,0.0103,0.0305,0.4601,0
2013-06-03,0.4204,1e-4,0,0.4203,0
2013-06-04,0,0,0.01,0,0
2013-06-05,0,0.1001,0,0,0
2013-06-06,0,0.89,8e-4,1.2604,0
2013-06-07,1.1004,0.8,0.01,0.3508,0
2013-06-08,3.5316,0,0,0.0101,0
2013-06-09,0,0.9807,6.000000000000001e-4,0,0
2013-06-10,0.0305,1.8606,5e-4,1.9305,0
2013-06-11,1.8209,0,0,0.0103,0
2013-06-12,0.1508,0,0.01,1e-4,0
2013-06-13,0.2503,1e-4,0,0.6003000000000001,0
2013-06-14,0.8703000000000001,0,0,0,0
2013-06-15,0,0,0,0,0
2013-06-16,1e-4,0,0,2e-4,0
2013-06-17,0.1203,0.03,0.3003,0,0
2013-06-18,0.8204,1.731,0.5409,0.0202,0
2013-06-19,0,0,0,0.020300000000000002,0
2013-06-20,0,1.76,0,0,0
2013-06-21,0,0,2e-4,0,0
2013-06-22,0,0,0,0,0
2013-06-23,3.0000000000000003e-4,0.12,0,1e-4,0
2013-06-24,0.29000000000000004,2e-4,0,0.5502,0
2013-06-25,0.2802,0,0,0,0
2013-06-26,0.7006,0,0,0.0303,0
2013-06-27,0.0606,3.0000000000000003e-4,0.4901,0.54,0
2013-06-28,1.5417,0.0101,3.0000000000000003e-4,0.0101,0
2013-06-29,3.0000000000000003e-4,0,0,1.0101,0
2013-06-30,2e-4,1e-4,1e-4,0.07,0
2013-07-01,3.3703,0,0.3901,5e-4,0
2013-07-02,0.5807,0,0.0202,0.02,0
2013-07-03,0,0,0,0.20070000000000002,0
2013-07-04,0,2.1703,3.4309,0,0
2013-07-05,0,1.5714000000000001,0.9104,0,0
2013-07-06,0,1.6102,0.4607,0,0
2013-07-07,1e-4,0.01,0.6803,2.1401,0
2013-07-08,1.5702,1e-4,0,0.01,0
2013-07-09,0,0,0,0.2703,0
2013-07-10,1.4207,0.5301,0,1.1502000000000001,0
2013-07-11,0.0204,1.1606,0,2e-4,0
2013-07-12,0,0,0,0.4,0
2013-07-13,4e-4,0,0,0.0205,0
2013-07-14,0,0.04,3.0000000000000003e-4,0.01,0
2013-07-15,0,0,0,0,0
2013-07-16,0,0,0,0.06,0
2013-07-17,1e-4,1e-4,0,0,0
2013-07-18,4e-4,1.0904,1.1003,0,0
2013-07-19,0,0,0,0,0
2013-07-20,0,0,0,1e-4,0
2013-07-21,2e-4,0.3202,2e-4,0.3501,0
2013-07-22,1e-4,0.6602,0,0.040100000000000004,0
2013-07-23,0.9709,0,0,2.3107,0
2013-07-24,0,0,0.050300000000000004,0.0101,0
2013-07-25,2e-4,0,0,0,0
2013-07-26,0.4208,0,0,0,0
2013-07-27,1e-4,0.0204,0.0204,0.0801,0
2013-07-28,2e-4,0.0601,0,3.0000000000000003e-4,0
2013-07-29,0.060300000000000006,0,0,1.49,0
2013-07-30,0,0.1001,0.46030000000000004,0,0
2013-07-31,6.000000000000001e-4,0.5006,0.0205,1e-4,0
2013-08-01,5e-4,1e-4,0.01,0.4003,0
2013-08-02,1.6703000000000001,0,0,0.0202,0
2013-08-03,1e-4,0.0802,0.20020000000000002,0.3406,0
2013-08-04,2e-4,0,0,0,0
2013-08-05,0,1e-4,0.0702,0,0
2013-08-06,3.0000000000000003e-4,0.050300000000000004,0.4805,4.4502,0
2013-08-07,5e-4,1.2705,0.0902,0,0
2013-08-08,0.2001,0.6605,0.4301,0.7602,0
2013-08-09,2.9604,0.3301,3.0000000000000003e-4,0.5906,0
2013-08-10,0,0,1.0103,2e-4,0
2013-08-11,3.0000000000000003e-4,0.05,0.0103,0,0
2013-08-12,2e-4,2e-4,2.6405,0,0
2013-08-13,0.0502,0.0302,0.1,0.7403,0
2013-08-14,0,0,0,0,0
2013-08-15,0,0,0,0,0
2013-08-16,1e-4,0,0,0,0
2013-08-17,2e-4,0.1303,0.101,0,0
2013-08-18,3.0000000000000003e-4,0.0103,0.0505,0.1805,0
2013-08-19,0,0,0,0.0903,0
2013-08-20,2e-4,0.4601,0,0,0
2013-08-21,0,0.1003,0,2e-4,0
2013-08-22,1e-4,0,0,0.060000000000000005,0
2013-08-23,0,0.62,0.0105,0.8203,0
2013-08-24,1e-4,0,0,0.02,0
2013-08-25,1e-4,0,0,0,0
2013-08-26,0.0702,0,0.01,0,0
2013-08-27,3.0000000000000003e-4,0,0,1e-4,0
2013-08-28,1e-4,0,0,0.2107,0
2013-08-29,0.04,0,0,0,0
2013-08-30,3.0000000000000003e-4,0,0,0,0
2013-08-31,0.4809,0.050100000000000006,0,0.7701,0
2013-09-01,0.0105,0.7702,1.4202,1.6,0
2013-09-02,1.0108,0.2601,2e-4,0.01,0
2013-09-03,7e-4,0,0,0,0
2013-09-04,0,0,0,0,0
2013-09-05,3.0000000000000003e-4,0,0,0,0
2013-09-06,0,0,0.01,0,0
2013-09-07,2e-4,0,0,0,0
2013-09-08,0.0102,0,0,1e-4,0
2013-09-09,0,1e-4,0.1,0,0
2013-09-10,0.24029999999999999,2.7802000000000002,0,0,0
2013-09-11,3.0000000000000003e-4,0.08020000000000001,0.08,0.13,0
2013-09-12,0.2206,0.3204,1.11,0,0
2013-09-13,3.0613,2e-4,0.62,7e-4,0
2013-09-14,0,0,0,0,0
2013-09-15,0,0,0,0,0
2013-09-16,0.0102,0,2e-4,0.3705,0
2013-09-17,0,0,0,0,0
2013-09-18,5e-4,0,0,0,0
2013-09-19,0,0,0,0,0
2013-09-20,2e-4,1e-4,0.0701,0,0
2013-09-21,0,3.3205,9.5802,1.7303,0
2013-09-22,1.1300999999999999,0,0.01,0.0303,0
2013-09-23,0,0,0,0,0
2013-09-24,0,0,1e-4,0,0
2013-09-25,1e-4,0.9804,0.1301,0,0
2013-09-26,1e-4,0,0,0,0
2013-09-27,0,0,0.02,0,0
2013-09-28,2e-4,0,0,0,0
2013-09-29,2e-4,0.02,0.2402,0,0
2013-09-30,2e-4,0,0,0,0
2013-10-01,1e-4,0,0,0,0
2013-10-02,0,0.1302,0.6203,0,0
2013-10-03,0,0.06999999999999999,2e-4,0,0
2013-10-04,0.11030000000000001,0.01,0.02,0,0
2013-10-05,1e-4,0,0,0,0
2013-10-06,0.5009,2.4407,3.0307,0,0
2013-10-07,0.8804000000000001,0,0,1.4501,0
2013-10-08,0.4602,0,0,0,0
2013-10-09,0,0,0,0,0
2013-10-10,0,0,0,4.4209,0
2013-10-11,2e-4,0,0.04,2.5704000000000002,0
2013-10-12,3.0000000000000003e-4,0,0,3.1609000000000003,0
2013-10-13,0.0101,0,0,1.2315,0
2013-10-14,0,0,0,0,0
2013-10-15,0,0,3.0000000000000003e-4,0,0
2013-10-16,0,0.541,0.8208,0,0
2013-10-17,0,0.1008,0.1002,0.0206,0
2013-10-18,0.0307,0,0,0.07,0
2013-10-19,0,3.0000000000000003e-4,0.2205,0.02,0
2013-10-20,2e-4,0,0,0,0
2013-10-21,0,0,0,0,0
2013-10-22,0,0.2002,0.0605,0,0
2013-10-23,0,0.01,0.0201,4e-4,0
2013-10-24,0,0,0,0.0204,0
2013-10-25,0,0,0,1e-4,0
2013-10-26,0,0,0,0,0
2013-10-27,0,0,0,0,0
2013-10-28,0,0.0106,0.1104,0,0
2013-10-29,0,0,1e-4,0,0
2013-10-30,4e-4,0,1e-4,0.050100000000000006,0
2013-10-31,0.36,0.2803,3.9307,0.0305,0
2013-11-01,0.0808,1.41,0.3,0.5603,0
2013-11-02,0.01,2e-4,0.1501,0,0
2013-11-03,0.0305,0,0,0,0
2013-11-04,0,0,0,0,0
2013-11-05,0,0,0,0,0
2013-11-06,0.04,0.0403,0.6503,0,0
2013-11-07,0.0205,0.541,0.1805,0.4501,0
2013-11-08,4e-4,0,0,0,0
2013-11-09,0,0,0,0,0
2013-11-10,0.020300000000000002,0,0,0,0
2013-11-11,0,0,0,0,0
2013-11-12,0.0608,0.0408,0.1106,3.0000000000000003e-4,0
2013-11-13,0,0,0,0,0
2013-11-14,0,0,0,0,0
2013-11-15,0,0.1502,0.0403,0,0
2013-11-16,0,6.000000000000001e-4,0,0.0103,0
2013-11-17,5e-4,0.6702,5.6005,1e-4,0
2013-11-18,0.4308,2.0801000000000003,0.02,0.2202,0
2013-11-19,3.0000000000000003e-4,0,0,0,0
2013-11-20,0,0,0,0,0
2013-11-21,4e-4,0,1e-4,0,0
2013-11-22,0.3307,0.4408,1.2811000000000001,2e-4,0
2013-11-23,0,0,0,2e-4,0
2013-11-24,0.0011,0,2e-4,1e-4,0
2013-11-25,0,0.18,0.1102,0,0
2013-11-26,6.000000000000001e-4,0.7709,0.0507,1.2803,0
2013-11-27,4.4306,3.0000000000000003e-4,0,2.101,0
2013-11-28,0.13040000000000002,0,0,1e-4,0
2013-11-29,0,0,0,0,0
2013-11-30,0.25,0,0,0,0
2013-12-01,0.0221,0,0,0,0
2013-12-02,6.000000000000001e-4,0,0,0,0
2013-12-03,0,4e-4,0,0,0
2013-12-04,0,0,0,0,0
2013-12-05,0.0106,3.9005,1.1205,0,0
2013-12-06,0.0512,3.4401,1.7508000000000001,4.1407,0
2013-12-07,0.4217,4e-4,0,1.4301000000000001,0
2013-12-08,0,1.0907,0.251,0.062,0
2013-12-09,0.024300000000000002,0.0803,0.0103,0.3222,0
2013-12-10,0.051500000000000004,0.1705,0,0.2913,0
2013-12-11,0.01,0,0,0,0
2013-12-12,4e-4,0,0,0,0
2013-12-13,8e-4,0,1e-4,0,0
2013-12-14,7e-4,0.6706,0.5106,0.6414,0
2013-12-15,0.0056,0,0,0.2401,0
2013-12-16,1e-4,0,0,0,0
2013-12-17,0.0017000000000000001,0,0,0.001,0
2013-12-18,0.0021000000000000003,0,0,0,0
2013-12-19,0,0,0,0,0
2013-12-20,0.25,0.0404,0.0403,0,0
2013-12-21,0.20020000000000002,0.12040000000000001,1.2502,1e-4,0
2013-12-22,0.0516,1.8603,4.1708,0.1504,0
2013-12-23,0.5421,4e-4,0.0208,0.7401,0
2013-12-24,0.05,2e-4,3.0000000000000003e-4,2e-4,0
2013-12-25,0,0,0,0,0
2013-12-26,0.0023,0,0,0,0
2013-12-27,0,0,0,0,0
2013-12-28,0.02,0.040100000000000004,1e-4,0,0
2013-12-29,1.37,1.3403,0.3405,2.5605,0
2013-12-30,1.0703,0,0,0,0
2013-12-31,0,2e-4,0,0,0
2014-01-01,1e-4,0,0,0,0
2014-01-02,0.0059,0.401,0.052700000000000004,0.0914,0
2014-01-03,0.0051,0.001,2e-4,0.1611,0
2014-01-04,0,0,0,0,0
2014-01-05,0.02,0.37,0.59,0.321,0
2014-01-06,1.443,0.4913,0.002,0.4005,0
2014-01-07,1e-4,0,0,0,0
2014-01-08,0,0,0,0,0
2014-01-09,0,0.1703,0.0703,0,0
2014-01-10,0.0015,3.0000000000000003e-4,1e-4,0.1109,0
2014-01-11,0.5915,1.8701,1.79,0.9304,0
2014-01-12,0.2906,0,0,0.01,0
2014-01-13,0,0.6304000000000001,0.7705000000000001,0,0
2014-01-14,0.8102,0.6802,0.0405,0.2409,0
2014-01-15,0.5508,5e-4,0.0205,0,0
2014-01-16,0,1e-4,2e-4,4e-4,0
2014-01-17,0,0.0405,0.0103,0,0
2014-01-18,0.0023,0,1e-4,0.0311,0
2014-01-19,0.0025,0,0,0,0
2014-01-20,0.2101,0,0,0,0
2014-01-21,5e-4,0.0013000000000000002,0.0014,0.1827,0
2014-01-22,0.0012000000000000001,1e-4,0,0.0108,0
2014-01-23,0,2e-4,0,0.0012000000000000001,0
2014-01-24,0,0,0,5e-4,0
2014-01-25,4e-4,0.0101,2e-4,0,0
2014-01-26,6.000000000000001e-4,0,0,0.0024000000000000002,0
2014-01-27,0.0801,0,0,0,0
2014-01-28,0,0,0,1e-4,0
2014-01-29,0,0,0,4e-4,0
2014-01-30,0,0,0,0,0
2014-01-31,0,0,0,0,0
2014-02-01,0,0,0,0,0
2014-02-02,0.030100000000000002,0.6604,1.4006,0,0
2014-02-03,0.0018000000000000002,1.3504,1.0613,1.5303,0
2014-02-04,0.05,1.1602,2.7802000000000002,0,0
2014-02-05,0.0045000000000000005,2.1502,1.6918,2.4706,0
2014-02-06,0.0014,0.0014,0.0015,0,0
2014-02-07,0,2e-4,5e-4,0,0
2014-02-08,0,0.0011,0.053700000000000005,3.0000000000000003e-4,0
2014-02-09,5e-4,0.0101,0.0205,0.0712,0
2014-02-10,0.0033,0,2e-4,0,0
2014-02-11,0,0,0,0,0
2014-02-12,0,0.0305,0,0,0
2014-02-13,0.0043,0,0,0.3831,0
2014-02-14,0.1922,0.36010000000000003,0.74,0.0301,0
2014-02-15,0.0013000000000000002,0.09040000000000001,0.0104,0.0811,0
2014-02-16,0.0023,1e-4,0,0.0011,0
2014-02-17,0.01,0.16,0.3306,5e-4,0
2014-02-18,0.0028,0,0,0.011600000000000001,0
2014-02-19,0.002,2e-4,1.6204,0.19,0
2014-02-20,0.5606,0,0.3001,0,0
2014-02-21,2.4111,1.6203,0.4202,1.0002,0
2014-02-22,0.0101,0,0,0,0
2014-02-23,0,0,1e-4,1e-4,0
2014-02-24,9.000000000000001e-4,2e-4,1e-4,0.0403,0
2014-02-25,0,0,0,1e-4,0
2014-02-26,0,0,0,6.000000000000001e-4,0
2014-02-27,3.0000000000000003e-4,0,0,0,0
2014-02-28,6.000000000000001e-4,0,0,0,0
2014-03-01,0,4e-4,1e-4,0,0
2014-03-02,2e-4,0.6611,1.341,0.43010000000000004,0
2014-03-03,0,3.5716,2.2426,0.301,0
2014-03-04,0,0,1e-4,0,0
2014-03-05,0.0026000000000000003,0,0,0,0
2014-03-06,3.0000000000000003e-4,0,0,0,0
2014-03-07,0,0,2e-4,0,0
2014-03-08,0,0,0,0,0
2014-03-09,0,0,5e-4,0,0
2014-03-10,7e-4,0,0,0,0
2014-03-11,6.000000000000001e-4,0,0,0,0
2014-03-12,0.7109,0.0805,0.0304,0.1402,0
2014-03-13,0.6148,1e-4,0,0,0
2014-03-14,0,2e-4,0,0,0
2014-03-15,3.0000000000000003e-4,0,0,0,0
2014-03-16,0,0.8607,0.8803,0.001,0
2014-03-17,0,0.0706,7e-4,0.2152,0
2014-03-18,0,0,0,0,0
2014-03-19,2e-4,0,0,0.0803,0
2014-03-20,1.0923,0,0,0.0204,0
2014-03-21,0,0,0,0.0102,0
2014-03-22,4e-4,0,0,0,0
2014-03-23,0,0.1802,2e-4,0,0
2014-03-24,0,0,0,0,0
2014-03-25,0,0.0216,0.0323,0.2812,0
2014-03-26,0,0,0,2e-4,0
2014-03-27,0,4e-4,0.0804,0,0
2014-03-28,0.0405,0.8707,0.461,0.0805,0
2014-03-29,0.2402,0.68,1.7207,0.3806,0
2014-03-30,3.671,0,0,1.7903,0
2014-03-31,2.9104,0,0,0,0
2014-04-01,0,1e-4,0,0,0
2014-04-02,0,0,0.03,0,0
2014-04-03,0,1.0603,1.3908,0.0204,0
2014-04-04,1e-4,1.7902,1.97,0.020300000000000002,0
2014-04-05,0.7306,0,0,0.31,0
2014-04-06,0,0,0,0,0
2014-04-07,0,0.7503,0.242,0.7102,0
2014-04-08,0.8406,0.0108,0.0303,0,0
2014-04-09,0,0.04,0,0,0
2014-04-10,0,0,7e-4,0,0
2014-04-11,0.0204,0,0.54,0.2501,0
2014-04-12,0.3404,0.6702,0,0,0
2014-04-13,0.0502,0,0,0,0
2014-04-14,0,0.3004,2.9504,0,0
2014-04-15,0.4311,0.8011,0.441,0.9009,0
2014-04-16,0.5406,0,0,1e-4,0
2014-04-17,0,0,0,0,0
2014-04-18,0,0,0,0,0
2014-04-19,0,0,0,0,0
2014-04-20,0,0,0,0,0
2014-04-21,0,0,1e-4,0,0
2014-04-22,0,0.0204,3.0000000000000003e-4,0.2402,0
2014-04-23,0.1104,0,0,0.0101,0
2014-04-24,1e-4,0,0,0,0
2014-04-25,0,0.8608,0.16040000000000001,3.0402,0
2014-04-26,0.3402,0,0,0.0701,0
2014-04-27,0.0709,0.04,2e-4,0.01,0
2014-04-28,1e-4,6.0306,3.7316000000000003,0.3101,0
2014-04-29,4e-4,2.6702,0.2701,1.3504,0
2014-04-30,0.2215,0.39,0.0105,1.7412,0
2014-05-01,1.6708,0,4e-4,0.0905,0
2014-05-02,0.13090000000000002,0,0,0,0
2014-05-03,1e-4,0,0,0,0
2014-05-04,0.0303,0,0,1e-4,0
2014-05-05,0,0,0,0.04,0
2014-05-06,3.0000000000000003e-4,0,0,0.1501,0
2014-05-07,0,0,0,0.8601,0
2014-05-08,0,0,0,0,0
2014-05-09,0.0105,0.0703,0.6701,0,0
2014-05-10,0.0801,0.05,0.7107,1.5403,0
2014-05-11,0,0,6.000000000000001e-4,0.05,0
2014-05-12,0,0,0,2e-4,0
2014-05-13,5e-4,0,0,1.59,0
2014-05-14,1e-4,2.681,0.4204,0.0202,0
2014-05-15,0,0.40049999999999997,0.0821,0.32030000000000003,0
2014-05-16,0.0906,0.1504,3.0000000000000003e-4,5.970000000000001,0
2014-05-17,3.4201,0,1e-4,0,0
2014-05-18,0,0,0,0,0
2014-05-19,2e-4,0,0,0,0
2014-05-20,4e-4,0,3.0000000000000003e-4,0,0
2014-05-21,1e-4,0,0,2e-4,0
2014-05-22,0.5316,0,0,0.1406,0
2014-05-23,0.10400000000000001,0,0,0,0
2014-05-24,0.43069999999999997,0,0,0,0
2014-05-25,0.0504,0.23,0.6001,1e-4,0
2014-05-26,0.0104,0.2802,0,0,0
2014-05-27,0.0303,0,0,1.2801,0
2014-05-28,1.3614,0.3201,0.1703,0.0204,0
2014-05-29,0.01,1e-4,0,0.4116,0
2014-05-30,4e-4,0,0,0,0
2014-05-31,0.0208,5e-4,0,0,0
2014-06-01,3.0000000000000003e-4,2e-4,0.0504,0,0
2014-06-02,0,0,1e-4,1e-4,0
2014-06-03,0,2e-4,0.0101,2e-4,0
2014-06-04,3.0000000000000003e-4,0,0,0,0
2014-06-05,0.4006,0.9006,10.3303,1.0905,0
2014-06-06,2e-4,0,0,0,0
2014-06-07,0,3.0102,1.8501,0,0
2014-06-08,0,1.6603,0,0.030199999999999998,0
2014-06-09,5e-4,0.32,0.0704,0.1002,0
2014-06-10,4e-4,1.4809,1.0002,4e-4,0
2014-06-11,2e-4,0.0704,0.0102,0.54,0
2014-06-12,3.0000000000000003e-4,0,0,4.281,0
2014-06-13,4.7811,0.5603,1.1606,0.0402,0
2014-06-14,0.0208,0,0,2e-4,0
2014-06-15,0,0,0,0,0
2014-06-16,0,0,0,0,0
2014-06-17,1e-4,0,0,0,0
2014-06-18,0.1301,0,0.01,1e-4,0
2014-06-19,0,0,0,0.5608,0
2014-06-20,0,0.5203,0.40040000000000003,2e-4,0
2014-06-21,0,2e-4,0,0.2606,0
2014-06-22,0,0,0,0,0
2014-06-23,1e-4,2e-4,0.11,0,0
2014-06-24,0.06,0.040100000000000004,3.0000000000000003e-4,0,0
2014-06-25,0,0.040100000000000004,1e-4,0.09,0
2014-06-26,0.7007,0,0,0,0
2014-06-27,3.0000000000000003e-4,0.9902000000000001,1e-4,0,0
2014-06-28,2e-4,0.7902,1e-4,0,0
2014-06-29,2e-4,0.1403,0.0505,0,0
2014-06-30,0,0.02,0,0.020300000000000002,0
2014-07-01,0,0,0,0.07010000000000001,0
2014-07-02,0.88,0.4302,2.9204000000000003,3.0702000000000003,0
2014-07-03,0.5205,0,0,0.1201,0
2014-07-04,0.8004,0,0,2e-4,0
2014-07-05,0.4706,0,0,0,0
2014-07-06,0,0,0,1e-4,0
2014-07-07,0.1302,0,0,0,0
2014-07-08,0.7403,0.0101,2e-4,0.89,0
2014-07-09,0,0.050100000000000006,0,0.0102,0
2014-07-10,0.5802,0,0,2e-4,0
2014-07-11,4e-4,0,0,0,0
2014-07-12,3.0000000000000003e-4,0,0,0.15000000000000002,0
2014-07-13,0,0,0,0.62,0
2014-07-14,7e-4,0.060000000000000005,0.1107,8.3905,0
2014-07-15,0.6507000000000001,0.34,0.1,0.0106,0
2014-07-16,1.8215000000000001,0,0,0,0
2014-07-17,1e-4,0,0,0,0
2014-07-18,1e-4,0.1108,1e-4,0,0
2014-07-19,2e-4,2.0803,0.0302,0.1012,0
2014-07-20,1e-4,0,0.0101,1e-4,0
2014-07-21,2e-4,0,0,0,0
2014-07-22,0,0,0,0,0
2014-07-23,0,0.0801,0,2.33,0
2014-07-24,0.37,0,0,0.060399999999999995,0
2014-07-25,0,0,0,0,0
2014-07-26,0,0,0,1e-4,0
2014-07-27,0.1702,0,0,0.7802,0
2014-07-28,1.1101,1.0401,0,0.6307,0
2014-07-29,0,0,0,0,0
2014-07-30,2e-4,0,0,0,0
2014-07-31,0,0,0,0,0
2014-08-01,0.0208,0,0,2e-4,0
2014-08-02,0,0,0,0,0
2014-08-03,0,0,0,1.4602,0
2014-08-04,3.0000000000000003e-4,0,0,0,0
2014-08-05,2e-4,0,0,0,0
2014-08-06,1.7103,0,0,0.1702,0
2014-08-07,0.0601,1e-4,2.4802,0.01,0
2014-08-08,0,1.1704999999999999,0.0302,0,0
2014-08-09,3.0000000000000003e-4,1.96,0.030100000000000002,0,0
2014-08-10,1e-4,1.16,0,0,0
2014-08-11,1e-4,0.0604,0.0904,0.49,0
2014-08-12,0,0.01,0,1.4109,0
2014-08-13,6.7807,0,0,0.060000000000000005,0
2014-08-14,0.0014,0,0,0,0
2014-08-15,0.0101,0,0,0,0
2014-08-16,0,2e-4,1e-4,0,0
2014-08-17,4e-4,1.8001,2.4508,0,0
2014-08-18,0,0.3902,0,0,0
2014-08-19,1e-4,0.040100000000000004,0,0,0
2014-08-20,1e-4,1.3504,0.6103000000000001,1.37,0
2014-08-21,1e-4,0.0103,0.6303,0.19,0
2014-08-22,1.1405,0,0,3.0000000000000003e-4,0
2014-08-23,0,5e-4,0.0601,0.6506000000000001,0
2014-08-24,6.000000000000001e-4,0.0704,2.05,0.1615,0
2014-08-25,1e-4,0,0,0,0
2014-08-26,2e-4,0.0101,0.0101,0,0
2014-08-27,0,0,0.01,0,0
2014-08-28,0,0,0.3802,0,0
2014-08-29,2e-4,0,0,0,0
2014-08-30,2e-4,1.8307,0.0902,0,0
2014-08-31,2e-4,1.3504,3.5609,2e-4,0
2014-09-01,0.0302,0,0.55,0.0103,0
2014-09-02,0.9201,0.1302,0.3501,0.71,0
2014-09-03,0.61,0.1004,0,0,0
2014-09-04,1e-4,0,0,0,0
2014-09-05,2e-4,0,0,0.92,0
2014-09-06,0.74,1e-4,0,1.8102000000000003,0
2014-09-07,0.11040000000000001,1e-4,2e-4,0.0601,0
2014-09-08,0,0,0,0,0
2014-09-09,0,0,0,0,0
2014-09-10,0.05,0,0,0,0
2014-09-11,2e-4,0.0305,0.3906,0,0
2014-09-12,0,0,0,0,0
2014-09-13,0.1701,0,3.0000000000000003e-4,0.2904,0
2014-09-14,0.0105,0,0,0,0
2014-09-15,0,2e-4,0,0,0
2014-09-16,0.1001,3.0000000000000003e-4,0.0103,0.01,0
2014-09-17,2e-4,0,0,0,0
2014-09-18,1e-4,0,0,0,0
2014-09-19,0,0,0,0,0
2014-09-20,0,0,0,0,0
2014-09-21,1.691,0,0,2e-4,0
2014-09-22,1e-4,0,0,0,0
2014-09-23,1e-4,0,0,0,0
2014-09-24,2e-4,0,0,0,0
2014-09-25,0,0,0,0.7104,0
2014-09-26,2e-4,0,0,0,0
2014-09-27,2e-4,0,0,0,0
2014-09-28,1e-4,0,0,0,0
2014-09-29,0,0,0,0,0
2014-09-30,0,0,0,0.31010000000000004,0
2014-10-01,0.3632,0,0,0.28090000000000004,0
2014-10-02,0.4805,0,1e-4,0,0
2014-10-03,0,0.6403,1.1306,0.2402,0
2014-10-04,0.31020000000000003,3.0000000000000003e-4,2e-4,0.1308,0
2014-10-05,0.0101,0,0,0,0
2014-10-06,0,0.2501,0.48059999999999997,1e-4,0
2014-10-07,1e-4,1.2203000000000002,0.1303,0.1307,0
2014-10-08,0.0508,1.8401,0.67,0.18,0
2014-10-09,0,2e-4,0.4601,0,0
2014-10-10,0,4.3809000000000005,2.7206,0.0206,0
2014-10-11,0.2801,1.6201999999999999,1e-4,1.5603,0
2014-10-12,0,0.0501,0.7204,1e-4,0
2014-10-13,1e-4,1.5203,7.6505,3.0000000000000003e-4,0
2014-10-14,0,2.4308,3.4708,0.0106,0
2014-10-15,1e-4,0.1911,0.3725,5.7612,0
2014-10-16,0.0047,0.050300000000000004,0.0608,2e-4,0
2014-10-17,1e-4,0,0,1e-4,0
2014-10-18,2e-4,0,0,0,0
2014-10-19,0,0,0,1e-4,0
2014-10-20,0,0,1e-4,2e-4,0
2014-10-21,2e-4,0,0,0.0405,0
2014-10-22,0.0047,0,0,0.030600000000000002,0
2014-10-23,0.0082,0,0,0,0
2014-10-24,0.0023,0,0,0,0
2014-10-25,0,0,0,0,0
2014-10-26,4e-4,0,0,0,0
2014-10-27,0,0,0,0,0
2014-10-28,0,2e-4,0.25070000000000003,0,0
2014-10-29,3.0000000000000003e-4,0.8401,0.1004,0.1002,0
2014-10-30,2e-4,0,0,0,0
2014-10-31,0,0.0305,0.081,0,0
2014-11-01,0.0021000000000000003,0,0,9.000000000000001e-4,0
2014-11-02,8e-4,0,0,0,0
2014-11-03,0,0,0,1e-4,0
2014-11-04,0,0,0,0,0
2014-11-05,0,1.7001,2.291,2e-4,0
2014-11-06,0.0016,0.13,0.0304,0.9703,0
2014-11-07,0.0017000000000000001,0,0,6.000000000000001e-4,0
2014-11-08,0,0,0,0,0
2014-11-09,0,0,0,0,0
2014-11-10,0,0,0,0,0
2014-11-11,0,0.0403,0.0906,0,0
2014-11-12,2e-4,0.0502,0.020300000000000002,0,0
2014-11-13,0,4e-4,0,3.0000000000000003e-4,0
2014-11-14,0.0014,0,5e-4,2e-4,0
2014-11-15,0,0,0,0,0
2014-11-16,0,1.5201,0.4006,0.0201,0
2014-11-17,0.0051,0.9008,0.2521,0.7913,0
2014-11-18,5e-4,6.000000000000001e-4,5e-4,0,0
2014-11-19,0,0,0,0,0
2014-11-20,0,0,0,0,0
2014-11-21,0,0,0,0,0
2014-11-22,0,0,0.0012000000000000001,0,0
2014-11-23,0,0.9305,0.8007,0,0
2014-11-24,0.0027,0.1504,0.4502,0.6901,0
2014-11-25,0,0,0,0,0
2014-11-26,0.0041,0.01,0.0901,1.7902,0
2014-11-27,0.0043,0.0803,0.040100000000000004,0,0
2014-11-28,0.0031000000000000003,0,0,4e-4,0
2014-11-29,0,0,0,0.0304,0
2014-11-30,0,0,0,0,0
2014-12-01,0,0.2803,0.0711,0.0105,0
2014-12-02,1e-4,0.19030000000000002,3.0000000000000003e-4,0.4215,0
2014-12-03,0.0045000000000000005,0,0,0.2203,0
2014-12-04,0,0.1505,0.1917,1e-4,0
2014-12-05,0,0.1604,1.2603,0.1806,0
2014-12-06,0.0049,1.191,4.341,1.121,0
2014-12-07,8e-4,0,0,0.0501,0
2014-12-08,1e-4,0,0,2e-4,0
2014-12-09,0.0033,0,0,1.3009,0
2014-12-10,0.0039000000000000003,0,1e-4,0,0
2014-12-11,0.0055000000000000005,0,0,0,0
2014-12-12,0.0014,0,0,0,0
2014-12-13,3.0000000000000003e-4,0,0,0,0
2014-12-14,0,0,0,0,0
2014-12-15,0,0.0404,0.0303,0,0
2014-12-16,3.0000000000000003e-4,2e-4,0,0.1206,0
2014-12-17,0.0028,0.03,0,2e-4,0
2014-12-18,2e-4,0.1401,0.1014,0,0
2014-12-19,0,0,0,0,0
2014-12-20,0,1e-4,0,0,0
2014-12-21,7e-4,0,0,0,0
2014-12-22,7e-4,4e-4,0,0.3906,0
2014-12-23,0.0049,0.7902,1.331,0.1009,0
2014-12-24,0.0048000000000000004,0.5307000000000001,0.4009,1.3307,0
2014-12-25,0.0026000000000000003,5e-4,7e-4,0.030100000000000002,0
2014-12-26,0,0,0,0,0
2014-12-27,0,0.6005,0.3905,0,0
2014-12-28,6.000000000000001e-4,0.5105999999999999,0.2813,1e-4,0
2014-12-29,0,0.0502,0,0,0
2014-12-30,0,0,0,0,0
2014-12-31,0,0,0,0,0
2015-01-01,0,0,2e-4,0,0
2015-01-02,2e-4,0.0012000000000000001,0.0111,0,0
2015-01-03,5e-4,0.4803,0.1801,0.4606,0
2015-01-04,0.0048000000000000004,0.4204,0.0512,0.4313,0
2015-01-05,3.0000000000000003e-4,0,0.0014,0,0
2015-01-06,0.001,0,3.0000000000000003e-4,0.1722,0
2015-01-07,0.001,0.0012000000000000001,0.0018000000000000002,7e-4,0
2015-01-08,2e-4,0,0,0,0
2015-01-09,0.0029000000000000002,0,0,0,0
2015-01-10,0,0,0,0,0
2015-01-11,0,0.0108,0.0102,0,0
2015-01-12,0,1.7509000000000001,1.9716,0.5312,0
2015-01-13,0,1e-4,0,1e-4,0
2015-01-14,4e-4,4e-4,0,0.020900000000000002,0
2015-01-15,0.0013000000000000002,0,0.0018000000000000002,0,0
2015-01-16,5e-4,0,0,0,0
2015-01-17,0,0,0,0,0
2015-01-18,0.0011,1e-4,2e-4,2e-4,0
2015-01-19,0.0022,0,0,0,0
2015-01-20,0,0,0,0,0
2015-01-21,0,0,3.0000000000000003e-4,0.1606,0
2015-01-22,0,0,0,0.01,0
2015-01-23,0,0.5700000000000001,0.2513,0.0501,0
2015-01-24,0.0031000000000000003,0.181,0.1206,1.9303000000000001,0
2015-01-25,4e-4,0.0302,0.2106,0.0201,0
2015-01-26,3.0000000000000003e-4,0.0604,0.4506,0.0236,0
2015-01-27,0.0061,3.0000000000000003e-4,0,0.1826,0
2015-01-28,9.000000000000001e-4,0,0,0,0
2015-01-29,0,3.0000000000000003e-4,2e-4,8e-4,0
2015-01-30,0.0045000000000000005,0,0.0206,0.0205,0
2015-01-31,0.003,0,0,0,0
2015-02-01,0,0.8903,2.23,3.0000000000000003e-4,0
2015-02-02,0.005,0.1414,0.2908,0.2405,0
2015-02-03,8e-4,0,0,0,0
2015-02-04,0,0,0,0,0
2015-02-05,0.0041,0,5e-4,0,0
2015-02-06,1e-4,0,0,0,0
2015-02-07,3.0000000000000003e-4,0,0,0,0
2015-02-08,0.0059,0,0,0,0
2015-02-09,0.0076,0,0,0.060700000000000004,0
2015-02-10,0.0023,3.0000000000000003e-4,0,0.0302,0
2015-02-11,0,0,0,0,0
2015-02-12,0.0031000000000000003,6.000000000000001e-4,9.000000000000001e-4,0.0809,0
2015-02-13,0.0014,0,0,0,0
2015-02-14,0.0011,0,0,0.0015,0
2015-02-15,0.0079,0,0,4e-4,0
2015-02-16,0.002,2.3405,1.4618,8e-4,0
2015-02-17,0,0.0012000000000000001,3.0000000000000003e-4,0.004200000000000001,0
2015-02-18,6.000000000000001e-4,0.011300000000000001,0.0419,0.0011,0
2015-02-19,0.0038,0,5e-4,0,0
2015-02-20,0,0.1005,0.1407,7e-4,0
2015-02-21,9.000000000000001e-4,4.1805,6.8411,0.0036000000000000003,0
2015-02-22,0.0021000000000000003,0.14,0,5e-4,0
2015-02-23,0,0,0,0,0
2015-02-24,0,0,0,0,0
2015-02-25,6.000000000000001e-4,0,0,0,0
2015-02-26,0,0.0614,1e-4,0.0017000000000000001,0
2015-02-27,0,0,0,0,0
2015-02-28,0,0,0,0,0
2015-03-01,7e-4,0.3002,0.131,0.14250000000000002,0
2015-03-02,0.0017000000000000001,0.14100000000000001,0.2403,0,0
2015-03-03,3.0000000000000003e-4,0.03,0.18,6.000000000000001e-4,0
2015-03-04,0.0021000000000000003,2.7203,3.711,0.47,0
2015-03-05,0,0.6518,0.6303,0.7531,0
2015-03-06,0,0,6.000000000000001e-4,0.0208,0
2015-03-07,0,0,0,0,0
2015-03-08,9.000000000000001e-4,0,0,0,0
2015-03-09,0,5e-4,3.0000000000000003e-4,0,0
2015-03-10,0,0.8106,3.0906000000000002,0.4703,0
2015-03-11,0.0019,0.3007,0,0.0704,0
2015-03-12,3.0000000000000003e-4,2e-4,0,0,0
2015-03-13,0,0.6606000000000001,2.2108,0,0
2015-03-14,0.0022,0.5305,0.431,0.5406,0
2015-03-15,0.0021000000000000003,3.0000000000000003e-4,0,0,0
2015-03-16,0,0,0,0,0
2015-03-17,0.0012000000000000001,0,0,1e-4,0
2015-03-18,3.0000000000000003e-4,0,0,0,0
2015-03-19,0,0.0805,0.1106,0,0
2015-03-20,3.0000000000000003e-4,0.0504,0.0502,1.1501000000000001,0
2015-03-21,0.0035,0,0,0,0
2015-03-22,0,0,0,0,0
2015-03-23,0,0,0,0,0
2015-03-24,0,0,0,0,0
2015-03-25,1e-4,0,0,0.0302,0
2015-03-26,0.0038,0.24029999999999999,0.7216,0.030100000000000002,0
2015-03-27,0.0025,0.0407,3.0000000000000003e-4,0.1306,0
2015-03-28,0.0028,0,1e-4,0,0
2015-03-29,0,0,0,0,0
2015-03-30,7e-4,0.0303,0.0102,0,0
2015-03-31,0,0,0,0.0205,0
2015-04-01,0,0,0,0,0
2015-04-02,0,6.000000000000001e-4,4.3803,1e-4,0
2015-04-03,3.0000000000000003e-4,1.6503,2.0808999999999997,0.3304,0
2015-04-04,0.0017000000000000001,1e-4,0,6.000000000000001e-4,0
2015-04-05,0,0,0,0,0
2015-04-06,0,0.8502000000000001,1.0003,0,0
2015-04-07,7e-4,0.0601,0.0305,0.0305,0
2015-04-08,9.000000000000001e-4,0,0,0.26080000000000003,0
2015-04-09,0.0041,0,0,0.0903,0
2015-04-10,0.0026000000000000003,1.9607,4.8907,0.08020000000000001,0
2015-04-11,0,0,0,0,0
2015-04-12,0,0,0,0,0
2015-04-13,0,0.3601,0.2707,0,0
2015-04-14,3.0000000000000003e-4,1.9304999999999999,4.0302,0.6509,0
2015-04-15,0,0.1312,0.2108,0.0102,0
2015-04-16,0,3.0007,1.921,2e-4,0
2015-04-17,0.001,0,0,0.0703,0
2015-04-18,2e-4,0.79,0,0,0
2015-04-19,0,1.8307,3.4408000000000003,0.04,0
2015-04-20,0.002,0.7703,0.5004000000000001,3.5201000000000002,0
2015-04-21,0.0031000000000000003,0,0,0.0803,0
2015-04-22,2e-4,4e-4,0.0705,0.0303,0
2015-04-23,9.000000000000001e-4,0,0,0,0
2015-04-24,0,1e-4,2e-4,0,0
2015-04-25,0,0.0905,0.01,0.04,0
2015-04-26,0,0.1003,0.49010000000000004,0.3001,0
2015-04-27,2e-4,0,0,0,0
2015-04-28,0.001,0,0,0,0
2015-04-29,0.0101,0,0,0,0
2015-04-30,4e-4,1e-4,0,0.5702,0
2015-05-01,1e-4,0,0,0.47000000000000003,0
2015-05-02,0,0,0,2e-4,0
2015-05-03,0,0,0,0,0
2015-05-04,0,0,0,0,0
2015-05-05,0,0,0,1e-4,0
2015-05-06,0,0,0,0.0101,0
2015-05-07,0,0,0,0.2902,0
2015-05-08,0,0,0,0,0
2015-05-09,0,0,0,0,0
2015-05-10,0,2e-4,1e-4,0,0
2015-05-11,0,0,0,0,0
2015-05-12,6.000000000000001e-4,0,0,0.09,0
2015-05-13,2e-4,0,0,0,0
2015-05-14,0,0,0,0,0
2015-05-15,0,0.63,0.1,1e-4,0
2015-05-16,2e-4,0.1004,5.7506,1.6702,0
2015-05-17,0,1.0002,0.9002,0.011000000000000001,0
2015-05-18,0,5e-4,0.5304,2e-4,0
2015-05-19,0.002,0,0,3.8407,0
2015-05-20,0,3.0000000000000003e-4,0.0502,0,0
2015-05-21,0.01,1.3609,0,0.0706,0
2015-05-22,0,0,0,0.0405,0
2015-05-23,0,0,0,0,0
2015-05-24,0,0,0,0,0
2015-05-25,3.0000000000000003e-4,0.9802000000000001,4.1505,0,0
2015-05-26,5e-4,1.3206,2e-4,0,0
2015-05-27,0,0.1904,0.1403,0.8301000000000001,0
2015-05-28,9.000000000000001e-4,0.0204,0,0,0
2015-05-29,1e-4,0.0602,0,0,0
2015-05-30,0.0101,0.9005,1.29,0.0101,0
2015-05-31,0.0025,0.3202,0.5900000000000001,2.2501,0
2015-06-01,0.0068000000000000005,2.4009,0.6603,2.2205,0
2015-06-02,0.0063,0.0104,0,0.7613,0
2015-06-03,0,0,0,0,0
2015-06-04,0.01,0,0,0.7202000000000001,0
2015-06-05,0,0,0,0.0609,0
2015-06-06,4e-4,0,0,0,0
2015-06-07,0,0,0.05,0,0
2015-06-08,0.01,2.5102,2.3403,0.6401,0
2015-06-09,0.0208,0,0,0.0103,0
2015-06-10,0,0,0,0,0
2015-06-11,0,0,0,0,0
2015-06-12,0,0.0302,0,1e-4,0
2015-06-13,0.020300000000000002,0,0,0,0
2015-06-14,0,0,0,0.22030000000000002,0
2015-06-15,0.521,0,0,0.7202999999999999,0
2015-06-16,0.0204,0,0,0.0102,0
2015-06-17,4e-4,0,0,0.4205,0
2015-06-18,0,0.0301,3.0000000000000003e-4,0.3901,0
2015-06-19,1e-4,1.0002,0.1603,0.0206,0
2015-06-20,0,0.3304,0.4908,3.1404,0
2015-06-21,3.7206,0,0,1.1901,0
2015-06-22,3.0000000000000003e-4,0,0,0,0
2015-06-23,0.6403,0,1e-4,0.2601,0
2015-06-24,0,0.2202,0,0,0
2015-06-25,0,0,0,0.0505,0
2015-06-26,0.0403,0,3.7201,1e-4,0
2015-06-27,1e-4,0.3004,0.0804,1.2702,0
2015-06-28,2.5914,0,0,0.1202,0
2015-06-29,0.0703,0.02,0.1303,0,0
2015-06-30,0.0202,0.8200000000000001,0,3.0000000000000003e-4,0
2015-07-01,3.2604,0.5103,0.0501,1e-4,0
2015-07-02,1e-4,2.3204000000000002,4.2907,0,0
2015-07-03,0,0.66,0.2306,1e-4,0
2015-07-04,0.0602,0.8902,0.5304,1.6415,0
2015-07-05,3.0000000000000003e-4,0.8807,0,0,0
2015-07-06,2e-4,0,0,0.1801,0
2015-07-07,0.11,0.4601,0.4501,0,0
2015-07-08,3.0000000000000003e-4,1.1207,3.8502,0.0208,0
2015-07-09,2e-4,0,0,0.2202,0
2015-07-10,1.681,0,0,0.02,0
2015-07-11,2e-4,0.1403,0,0.0106,0
2015-07-12,1e-4,0.0201,0,0,0
2015-07-13,0,0,0,0.060200000000000004,0
2015-07-14,0.37,2e-4,0,4.4401,0
2015-07-15,0,0.0701,0.8401,1.2701,0
2015-07-16,0,0,0,0,0
2015-07-17,1e-4,0,0,0,0
2015-07-18,0.1805,0,0,1.1004,0
2015-07-19,3.0000000000000003e-4,0,0,0,0
2015-07-20,1e-4,0,2e-4,0,0
2015-07-21,3.0000000000000003e-4,0,0.1201,2e-4,0
2015-07-22,4e-4,0.6201,0,0,0
2015-07-23,0,0.5103,0.9805,0,0
2015-07-24,0.0707,0,0,0,0
2015-07-25,0,0,0,0,0
2015-07-27,0,0,0,1e-4,0
2015-07-28,0,3.0702000000000003,0.98,0,0
2015-07-29,0,0.030100000000000002,8.1102,0,0
2015-07-30,0,0,0.2302,0.9102,0
2015-07-31,0,0,0,0,0
2015-08-01,0.0204,0,0,0,0
2015-08-02,0,0,0,0,0
2015-08-03,0,0.98,0,0,0
2015-08-04,0.4206,0,0,0.08,0
2015-08-05,0,0.07010000000000001,3.0102,0,0
2015-08-06,0,1.7702,0.0405,0.060200000000000004,0
2015-08-07,0,0,0,0.0505,0
2015-08-08,0,0,0,0,0
2015-08-09,0,0,0,0.0202,0
2015-08-10,0,1e-4,1e-4,0,0
2015-08-11,0.5604,0,0,0.4202,0
2015-08-12,4e-4,0,0,0,0
2015-08-13,0,0,0,0,0
2015-08-14,0,0.2801,0,0,0
2015-08-15,0.02,1e-4,0.2501,0,0
2015-08-16,0,0.7304,0,0,0
2015-08-17,0,0.5205,0.0806,0,0
2015-08-18,0,0,0,2e-4,0
2015-08-19,0,1.2103,0.10010000000000001,0.0102,0
2015-08-20,3.0000000000000003e-4,0.1603,0.1202,4.9204,0
2015-08-21,0.2009,0,0,0,0
2015-08-22,2e-4,0,3.0000000000000003e-4,0,0
2015-08-23,0.0104,0.0204,1e-4,0,0
2015-08-24,0.0206,0,0,2e-4,0
2015-08-25,0,0,0,0,0
2015-08-26,0.0301,0,7e-4,0,0
2015-08-27,0,0,7e-4,0,0
2015-08-28,0,0,0.0013000000000000002,0,0
2015-08-29,0,0.10010000000000001,0.0015,0,0
2015-08-30,0,0,0.0403,0,0
2015-08-31,0,0,0.01,2e-4,0
2015-09-01,0,0,0,0,0
2015-09-02,0,0,0,0,0
2015-09-03,0,0,0,0,0
2015-09-04,0,0,0,0,0
2015-09-05,0,2e-4,0.18,0.0101,0
2015-09-06,0,0,0,0,0
2015-09-07,0,0,0,0,0
2015-09-08,0,0,0,0,0
2015-09-09,0,0.2801,0.1001,0,0
2015-09-10,0.6502,0.4309,0.57,1.6104,0
2015-09-11,1.2102,1.87,1.1801,0,0
2015-09-12,0,0,0,2.58,0
2015-09-13,0.0616,0,0,0,0
2015-09-14,0.6501,0,0,0,0
2015-09-15,0,0,0,0,0
2015-09-16,0,0,0,0,0
2015-09-17,0,0,0,0,0
2015-09-18,0,0,0,0,0
2015-09-19,0,0,0,0,0
2015-09-20,1e-4,0,0,0,0
2015-09-21,0,0,0,0.1005,0
2015-09-22,0,0,0,0.0103,0
2015-09-23,0,0,0,0,0
2015-09-24,0,0,0,0,0
2015-09-25,0,0.1603,0.0102,0,0
2015-09-26,0,0.6502,0.1704,0,0
2015-09-27,0,0.4602,0.0708,0.0309,0
2015-09-28,0,2e-4,0,2e-4,0
2015-09-29,3.0000000000000003e-4,0.2804,4.0007,3.3608000000000002,0
2015-09-30,5.6614,0.030600000000000002,0,0.4416,0
2015-10-01,0,0.0411,0.0202,0.5312,0
2015-10-02,0.0305,0.7109,2e-4,0.5901,0
2015-10-03,5e-4,0.0404,0.1709,1.0506,0
2015-10-04,0,0.0403,0.0802,0.020300000000000002,0
2015-10-05,0,0,0,0,0
2015-10-06,0,0,0,0,0
2015-10-07,0,0,0,0,0
2015-10-08,0,0,0,0,0
2015-10-09,0.6104,0.7201000000000001,0.54,0.25,0
2015-10-10,0.0014,0.2107,0.1202,0,0
2015-10-11,0,0,0,0,0
2015-10-12,0,0,0.37,0,0
2015-10-13,0.0102,0.3702,0.47009999999999996,0.05,0
2015-10-14,0,0,0,0,0
2015-10-15,0,0,0,0,0
2015-10-16,0.0103,1e-4,0.0302,2e-4,0
2015-10-17,2e-4,0,0,0,0
2015-10-18,1e-4,0,0,1e-4,0
2015-10-19,0,0,0,0,0
2015-10-20,0.0704,0,0,0,0
2015-10-21,3.0000000000000003e-4,0,0,0,0
2015-10-22,3.0000000000000003e-4,0,0,0,0
2015-10-23,0,0,0,0,0
2015-10-24,0,0.0307,0.0305,0,0
2015-10-25,0.0807,0.0803,1.9512,0.0103,0
2015-10-26,0,0.6005,0.561,0,0
2015-10-27,0,2.5903,4.9103,0,0
2015-10-28,0.52,0.5508,2.5805000000000002,2.2105,0
2015-10-29,1.0006,1e-4,0,0.4003,0
2015-10-30,0,0,0,0,0
2015-10-31,0,0.1303,0.0304,0,0
2015-11-01,0.0202,0.0103,0.2811,5e-4,0
2015-11-02,0,0.0413,0,0,0
2015-11-03,0,0,0,0,0
2015-11-04,0,0,0,0,0
2015-11-05,0,0,0,0,0
2015-11-06,0,0.4807,3.3302,0,0
2015-11-07,0,0,0,0,0
2015-11-08,0,0,0,0,0
2015-11-09,0,0.1813,0.6802,0.01,0
2015-11-10,1e-4,0.0014,0,1.4909000000000001,0
2015-11-11,0.7305,0,0,0,0
2015-11-12,0.1316,0.1302,0.1801,0.3501,0
2015-11-13,0.0706,0,0,0,0
2015-11-14,0,0,0,0,0
2015-11-15,0,0,0,0,0
2015-11-16,0,0.020300000000000002,0.0805,0,0
2015-11-17,0,0,0.5402,0,0
2015-11-18,0,2.3902,5.7306,1e-4,0
2015-11-19,0,0,0,0.7804,0
2015-11-20,1.7902,0,0,0,0
2015-11-21,0,0.0205,0.39,0,0
2015-11-22,0.011300000000000001,1e-4,0,0.0016,0
2015-11-23,4e-4,0,0,0.001,0
2015-11-24,0,0,0,0,0
2015-11-25,0,0,0,0,0
2015-11-26,0,0,0,0,0
2015-11-27,0,0,1e-4,0,0
2015-11-28,0.4106,0.2004,1.721,6.000000000000001e-4,0
2015-11-29,0,2.3809,1.2013,0.4708,0
2015-11-30,0,1.6606,1.0903,0.0605,0
2015-12-01,0.0311,1.7904,1.9908000000000001,1.1307,0
2015-12-02,0.7521,0,0,0.4607,0
2015-12-03,0.2909,0,0,0,0
2015-12-04,0,0,0,0,0
2015-12-05,0,0,0,0,0
2015-12-06,0,0,0,0,0
2015-12-07,0,0,0,0,0
2015-12-08,3.0000000000000003e-4,0,3.0000000000000003e-4,0,0
2015-12-09,0,0,0,0,0
2015-12-10,0.0204,0,0,0.0905,0
2015-12-11,0,0,0,0,0
2015-12-12,0,0,0,2e-4,0
2015-12-13,2e-4,0,0,0,0
2015-12-14,0.051000000000000004,0.8502000000000001,1.0705,0.1001,0
2015-12-15,0.511,0,0,0.020300000000000002,0
2015-12-16,0,1e-4,2e-4,0,0
2015-12-17,0.5707,0.0404,0.0405,1.0203,0
2015-12-18,0.3206,0,5e-4,0,0
2015-12-19,0,0,0,2e-4,0
2015-12-20,0,0,0,0,0
2015-12-21,0,0.1905,0.5704,2e-4,0
2015-12-22,0.7509,1.9402,0.511,0.0805,0
2015-12-23,0.1101,5e-4,0.031,0.4012,0
2015-12-24,1.2509000000000001,0.0702,0.7202000000000001,0.0201,0
2015-12-25,0,2.3607,3.3301000000000003,0.74,0
2015-12-26,0,1.6005,2.3703,0.03,0
2015-12-27,1.1111,0,0.2602,4e-4,0
2015-12-28,0,1.7702000000000002,4.9702,9.000000000000001e-4,0
2015-12-29,0.006500000000000001,0,0,1.6806,0
2015-12-30,0.0334,0,0,0.0503,0
2015-12-31,0.901,0,0,2e-4,0
2016-01-01,0.24,0,0,0,0
2016-01-02,0,0,0,0,0
2016-01-03,0,0,0,0,0
2016-01-04,4e-4,0,0,1e-4,0
2016-01-05,0,0,0,1e-4,0
2016-01-06,0,0,0,0,0
2016-01-07,0,0,0,0,0
2016-01-08,0,0.0302,0.5003,0,0
2016-01-09,0,1e-4,1.1705,0.0101,0
2016-01-12,9.000000000000001e-4,0,0,7e-4,0
2016-01-13,0.0714,0,0,2e-4,0
2016-01-14,2e-4,0,0,0,0
2016-01-15,0,0.4801,0.3703,0.03,0
2016-01-16,0.7211,2e-4,0,0.4501,0
2016-01-17,0,0,0,0.0012000000000000001,0
2016-01-18,0.0055000000000000005,0,0,5e-4,0
2016-01-19,1e-4,0,0,0,0
2016-01-20,0,0.4003,0.7805,0,0
2016-01-21,0,0,0,0,0
2016-01-22,0,1.7208,1.1733,0.0026000000000000003,0
2016-01-23,0,0.001,0.0017000000000000001,0.0029000000000000002,0
2016-01-24,0,0,0,0.0508,0
2016-01-25,0,0,0,0.01,0
2016-01-26,0,0.1105,0.2706,0,0
2016-01-27,0,0,0,0,0
2016-01-28,0,0,0,0,0
2016-01-29,3.0000000000000003e-4,0,0,3.0000000000000003e-4,0
2016-01-30,0,0,0,0,0
2016-01-31,0,0,0,0,0
2016-02-01,0,0.2807,0.5005000000000001,0.2001,0
2016-02-02,0,0.1302,0.55,0,0
2016-02-03,0.9004,1.4,4.2101,1.7207000000000001,0
2016-02-04,3.0000000000000003e-4,0,0,0,0
2016-02-05,1.5409,0,0,0,0
2016-02-06,3.0000000000000003e-4,0,0,0,0
2016-02-07,0,0,0,0,0
2016-02-08,0.0517,0.0012000000000000001,0.062,0,0
2016-02-09,0.18180000000000002,0.1634,0.0053,0.1223,0
2016-02-10,0.0019,0.0318,0.041800000000000004,3.0000000000000003e-4,0
2016-02-11,0.0016,0.0603,6.000000000000001e-4,0,0
2016-02-12,1e-4,4e-4,0,3.0000000000000003e-4,0
2016-02-13,0,0,0,0.001,0
2016-02-14,0,0.0208,0.43110000000000004,0,0
2016-02-15,6.000000000000001e-4,1.5204,0.7713,0.004200000000000001,0
2016-02-16,1.7516,1.2104,1.2006000000000001,2.1817,0
2016-02-17,4e-4,0,0,0,0
2016-02-18,0,0,0,0,0
2016-02-19,0,0,0,0,0
2016-02-20,0.0311,0,0,0,0
2016-02-21,0,0.0206,0.17070000000000002,0.2201,0
2016-02-22,0,0,0,0,0
2016-02-23,0,0.1405,0.08020000000000001,0.2802,0
2016-02-24,0,1.7309,3.781,1.681,0
2016-02-25,0,0.0912,0.2112,0.17020000000000002,0
2016-02-26,0,8e-4,2e-4,1e-4,0
2016-02-27,0,0,1e-4,0,0
2016-02-28,0,0,0,0,0
2016-02-29,2e-4,1e-4,0,2e-4,0
2016-03-01,0,1.6704,0.9301,0,0
2016-03-02,1.1806,0,0,2e-4,0
2016-03-03,0,0.4602,0.3802,0,0
2016-03-04,0.0015,3.0000000000000003e-4,0.0207,0.0915,0
2016-03-05,6.000000000000001e-4,1e-4,0.0018000000000000002,0,0
2016-03-06,0,0,6.000000000000001e-4,0.0608,0
2016-03-07,1e-4,0,0,0,0
2016-03-08,0,0,0,0,0
2016-03-09,0.29,0,0.0303,0,0
2016-03-10,0.2001,1.7504,6.4405,0,0
2016-03-11,0.3013,0.2906,0.18,0.0102,0
2016-03-12,0,0.06,0.7303000000000001,2e-4,0
2016-03-13,0,1.6504,3.5914,0.8007,0
2016-03-14,0.1104,3.0000000000000003e-4,0.6002,1.3601,0
2016-03-15,0.7512,0,4e-4,0.020300000000000002,0
2016-03-16,0.0304,1e-4,0,0,0
2016-03-17,0.3508,0,0,0,0
2016-03-18,1e-4,0,0,0,0
2016-03-19,0,3.0000000000000003e-4,4e-4,0.7303000000000001,0
2016-03-20,0,0.0102,0.040100000000000004,0.0103,0
2016-03-21,0.6321,0,0,0,0
2016-03-22,0,0,0,0,0
2016-03-23,2e-4,0,0,0,0
2016-03-24,3.0000000000000003e-4,2.5004,0.6301,0,0
2016-03-25,0.2719,0,0,2e-4,0
2016-03-26,0,0,4e-4,0,0
2016-03-27,0,0.050300000000000004,4e-4,0,0
2016-03-28,0.82,0.23049999999999998,0.32,0.41050000000000003,0
2016-03-29,0,0,1e-4,0,0
2016-03-30,0,0,0,0,0
2016-03-31,0,1.1005,3.4909,0,0
2016-04-01,0.0303,0.12,2e-4,3.0000000000000003e-4,0
2016-04-02,0.16040000000000001,0,0,0.0104,0
2016-04-03,0.1714,0,0,0.3413,0
2016-04-04,0.2625,0,0,0.0305,0
2016-04-05,5e-4,0,0,1e-4,0
2016-04-06,0,0.31020000000000003,0.24000000000000002,0,0
2016-04-07,1.2103,4e-4,0.040100000000000004,0.1705,0
2016-04-08,5e-4,0.0405,0.0403,1e-4,0
2016-04-09,0,0,0,0.0105,0
2016-04-10,0,0.0403,0.020300000000000002,0,0
2016-04-11,0.030600000000000002,7e-4,1.1401000000000001,0.0603,0
2016-04-12,0.1911,0.0201,0.3401,0.02,0
2016-04-13,0,0,0,0,0
2016-04-14,0,0.0101,0.0402,0,0
2016-04-15,0,2e-4,0,0,0
2016-04-16,0,0,0,0,0
2016-04-17,0,0,0,0,0
2016-04-18,0,0,1e-4,0,0
2016-04-19,0.0202,0,0,0,0
2016-04-20,0,0,0,0,0
2016-04-21,0,0.6201,1.0908,0.020300000000000002,0
2016-04-22,0.060700000000000004,0,0.19030000000000002,0.0202,0
2016-04-23,0.030100000000000002,0,5e-4,0.361,0
2016-04-24,0,0,0.011000000000000001,0,0
2016-04-25,0,0,0,0,0
2016-04-26,0.5003,0,0,0,0
2016-04-27,0,0.4301,0.661,0.020300000000000002,0
2016-04-28,0,1e-4,0.07100000000000001,0.6003000000000001,0
2016-04-29,0,1e-4,0.0501,3.0000000000000003e-4,0
2016-04-30,0,0.17049999999999998,2.1008,0.0208,0
2016-05-01,0.0405,6.000000000000001e-4,0.0916,1.2805,0
2016-05-02,0.4911,0.7405,1.5601,0.4505,0
2016-05-03,0.0609,4e-4,0,0.5407000000000001,0
2016-05-04,0.0106,0.07010000000000001,0.0905,0.6703,0
2016-05-05,0.1419,0,0,0.0907,0
2016-05-06,0.040100000000000004,0,1e-4,0.8709,0
2016-05-07,0.1022,0,1e-4,0.0609,0
2016-05-08,0.020300000000000002,0,0,0.0902,0
2016-05-09,2e-4,0,0.0501,0.0205,0
2016-05-10,0,0.0803,0.6104,0.1006,0
2016-05-11,0,0.03,1.1105,0.26030000000000003,0
2016-05-12,0,0.1202,0.63,0,0
2016-05-13,0.19,0,0,0.3103,0
2016-05-14,0.0403,3.0000000000000003e-4,0.0201,0.0901,0
2016-05-15,0.0201,0,3.0000000000000003e-4,2e-4,0
2016-05-16,0,0,0.01,0,0
2016-05-17,0,0.1707,0.1714,0.08020000000000001,0
2016-05-18,0,0,0.3602,0.0407,0
2016-05-19,1e-4,0,0.001,0.01,0
2016-05-20,0.0801,3.8602,3.2005,0,0
2016-05-21,0,0,3.0000000000000003e-4,0.8712,0
2016-05-22,0,0,0.0013000000000000002,0.9608,0
2016-05-23,0,0,0,0.0604,0
2016-05-24,0.8005,0,0,0.0402,0
2016-05-25,0,2e-4,3.1908,0,0
2016-05-26,0,0.6901999999999999,0.4205,3.0000000000000003e-4,0
2016-05-27,0,2e-4,0.0602,1e-4,0
2016-05-28,0,0,0,0,0
2016-05-29,0,0,0,0.0301,0
2016-05-30,0.3803,0,2e-4,0.1704,0
2016-05-31,0,0,0,1e-4,0
2016-06-01,0,0.08,0.1101,0,0
2016-06-02,0,0.2601,1e-4,0.0102,0
2016-06-03,0,0.01,0,0.3002,0
2016-06-04,0,1.3106,2.8402000000000003,1e-4,0
2016-06-05,0.7208,0.16040000000000001,0.30019999999999997,0.6411,0
2016-06-06,0.79,0,1e-4,3.0000000000000003e-4,0
2016-06-07,0,0,0,0.030100000000000002,0
2016-06-08,0.0302,0,0,0.05,0
2016-06-09,0,0,4e-4,0,0
2016-06-10,3.0000000000000003e-4,0,2e-4,0,0
2016-06-11,0.0104,0,1e-4,0,0
2016-06-12,2e-4,0,3.0000000000000003e-4,0,0
2016-06-13,0,0.0803,0,0,0
2016-06-14,0,0.16999999999999998,0,0,0
2016-06-15,0,0.5404,1.9503,0.0101,0
2016-06-16,0,0,1e-4,1.9304000000000001,0
2016-06-17,0,0,0,1.0407,0
2016-06-18,0,1e-4,0,0,0
2016-06-19,0,0,1e-4,0,0
2016-06-20,0,0,0,0,0
2016-06-21,1.1003,0,1e-4,0.2604,0
2016-06-22,0.0502,0,0,0.0103,0
2016-06-23,0,0,0,1e-4,0
2016-06-24,0,2.6201,6.24,0.0104,0
2016-06-25,0,0,0,2e-4,0
2016-06-26,0,0,0,0,0
2016-06-27,0,0.0808,3.7601,5e-4,0
2016-06-28,0.0706,1.03,0.4413,0.0201,0
2016-06-29,0,0,0,0,0
2016-06-30,0,0,1e-4,0,0
2016-07-01,0.0602,0.0103,0.0201,0.10010000000000001,0
2016-07-02,6.000000000000001e-4,0,1e-4,0,0
2016-07-03,0,0,2e-4,0,0
2016-07-04,0,0.9801,1.4406,0.8107,0
2016-07-05,0.040100000000000004,3.2003999999999997,1.6199999999999999,0.0309,0
2016-07-06,0,2.1803,2.1004,0,0
2016-07-07,0,3.9506,9.4002,0,0
2016-07-08,6.000000000000001e-4,0,0,1e-4,0
2016-07-09,0.2908,0.24000000000000002,0.6699999999999999,0,0
2016-07-10,0.0913,0,1e-4,0,0
2016-07-11,0,0.07,0,0,0
2016-07-12,0,0,3.6802,0,0
2016-07-13,0,0,0,1e-4,0
2016-07-14,2e-4,0.25,1.5702,1e-4,0
2016-07-15,0.0201,0,0.07010000000000001,0,0
2016-07-16,3.0000000000000003e-4,3.0000000000000003e-4,0.0202,0,0
2016-07-17,2e-4,0,5e-4,0,0
2016-07-18,0.13,0,0,1.11,0
2016-07-19,0,2e-4,8e-4,0.03,0
2016-07-20,0,0,0,0,0
2016-07-21,0,0,0.0011,0,0
2016-07-22,0,0,2e-4,0,0
2016-07-23,0.2,0,0,0,0
2016-07-24,1e-4,0,0.14,0,0
2016-07-25,0,5e-4,0,1e-4,0
2016-07-26,1e-4,0.16,4.1207,0,0
2016-07-27,0,0.05,0.0105,0,0
2016-07-28,0,1.4104999999999999,9.3709,0.11,0
2016-07-29,0.1102,1e-4,1.2308999999999999,0.46,0
2016-07-30,0,0,0.5402,0.0302,0
2016-07-31,0.1305,0.38,6.000000000000001e-4,0.0108,0
2016-08-01,0.16090000000000002,0,0.5402,0,0
2016-08-02,0.0604,0.1201,0.2102,0,0
2016-08-03,0,1.6901,8.1806,0,0
2016-08-04,0,0,2.2506,0,0
2016-08-05,0,2.4102,1.051,0.0602,0
2016-08-06,0.0501,0.0801,0.1701,0.0806,0
2016-08-07,1e-4,2e-4,2e-4,0,0
2016-08-08,0,0,0,0,0
2016-08-09,0,2.2405,0.0302,0,0
2016-08-10,3.29,0,0,0,0
2016-08-11,0,1e-4,5e-4,1e-4,0
2016-08-12,1e-4,0,0,0.96,0
2016-08-13,0,0,0.03,0.0902,0
2016-08-14,0.8106,1e-4,0.5504,1e-4,0
2016-08-15,0,0.1403,0.08020000000000001,0.4501,0
2016-08-16,0.040100000000000004,0.17020000000000002,0.0102,0.46030000000000004,0
2016-08-17,0,0,0.6403,4.6001,0
2016-08-18,0,0.1202,3.5108,0.0202,0
2016-08-19,0,0.8509,0.1301,1e-4,0
2016-08-20,0,1.4808,2.4003,0,0
2016-08-21,0,1.5613000000000001,1.1608,0.0202,0
2016-08-22,2.1002,0,0.0012000000000000001,0,0
2016-08-23,0,0,0.0011,0,0
2016-08-24,0,0,0,0,0
2016-08-25,0,1.25,5e-4,0,0
2016-08-26,0,0,9.000000000000001e-4,0,0
2016-08-27,0,2.45,1.2103,0,0
2016-08-28,0,0,0,0,0
2016-08-29,0,0,0,0,0
2016-08-30,0,0,0.56,0,0
2016-08-31,0,0,6.000000000000001e-4,0,0
2016-09-01,1e-4,0,0,0.4105,0
2016-09-02,0,0,0,0,0
2016-09-03,0,0,0,0,0
2016-09-04,0,0,0,0,0
2016-09-05,0,0,2e-4,0,0
2016-09-06,0.0206,0,6.000000000000001e-4,0,0
2016-09-07,0.0212,0,8e-4,1.2903,0
2016-09-08,0,0,0,0,0
2016-09-09,0.1401,0,0,0,0
2016-09-10,3.0000000000000003e-4,0.6803,3.83,0.62,0
2016-09-11,0.0703,0,2e-4,0,0
2016-09-12,0,0,0.0013000000000000002,0,0
2016-09-13,0,0,0,0,0
2016-09-14,0,0,0,0,0
2016-09-15,0,0,0,3.0000000000000003e-4,0
2016-09-16,0,0,0.01,0,0
2016-09-17,0,1.7302,1.8601,0,0
2016-09-18,0.030100000000000002,0.4702,2e-4,1e-4,0
2016-09-19,3.6612,0,0.0013000000000000002,0.2607,0
2016-09-20,0,0,4e-4,0,0
2016-09-21,0,0,3.0000000000000003e-4,0,0
2016-09-22,0,0,0.001,0,0
2016-09-23,3.0000000000000003e-4,0,7e-4,0,0
2016-09-24,0.5201,0,8e-4,0,0
2016-09-25,0,0,4e-4,0,0
2016-09-26,0,0.1003,0.9105,0.03,0
2016-09-27,0.30010000000000003,0,0.0316,0.030100000000000002,0
2016-09-28,0,1e-4,1e-4,0.3401,0
2016-09-29,0,0.0404,0.0103,7.4206,0
2016-09-30,1e-4,0.1402,1.4616,2.391,0
2016-10-01,0.3812,0,0.0402,0.8109999999999999,0
2016-10-02,0.0305,0,9.000000000000001e-4,0,0
2016-10-03,0,0,7e-4,2e-4,0
2016-10-04,0,0,0.0012000000000000001,0,0
2016-10-05,0,0,0,0,0
2016-10-06,0,0,0,0,0
2016-10-07,0,0,0,0,0
2016-10-08,1e-4,0,0,0.47050000000000003,0
2016-10-09,0.8313,0,0,1e-4,0
2016-10-10,0,0,0,0,0
2016-10-11,0,0,0,0,0
2016-10-12,0,0,0,0,0
2016-10-13,2e-4,0,1e-4,1e-4,0
2016-10-14,0,0.0704,0.0502,0,0
2016-10-15,0,0,0,0,0
2016-10-16,0,0,0,0,0
2016-10-17,1e-4,0,0,0,0
2016-10-18,0.1701,0,0,0,0
2016-10-19,0,0,0,0,0
2016-10-20,0,0.37020000000000003,0.2,0,0
2016-10-21,1.2812000000000001,0.020900000000000002,0.1102,0.0603,0
2016-10-22,3.2806,0,0,1e-4,0
2016-10-23,4e-4,0,0,0,0
2016-10-24,0,0,0,0,0
2016-10-25,0,0,0,0,0
2016-10-26,0,0,0,0,0
2016-10-27,0.3703,3.0000000000000003e-4,0.0101,0.1905,0
2016-10-28,1.4807000000000001,0,0,0,0
2016-10-29,0.0106,0,0,0,0
2016-10-30,0.0402,0,0,0.9401,0
2016-10-31,1e-4,0,0,0,0
2016-11-01,0,0,0,0,0
2016-11-02,0,0,0,0,0
2016-11-03,0.1308,0,0,1e-4,0
2016-11-04,0,0,0,0.01,0
2016-11-05,0,0,0,0,0
2016-11-06,0.1101,0,0,0,0
2016-11-07,0,0,0,0,0
2016-11-08,0,0,0.0202,0,0
2016-11-09,4e-4,0.0103,2e-4,0.2404,0
2016-11-10,0,0,0,0,0
2016-11-11,0,0,0,0,0
2016-11-12,0,0,0,0,0
2016-11-13,0,0,0,0,0
2016-11-14,0,0,0,0,0
2016-11-15,0.7204,1e-4,0.040100000000000004,4e-4,0
2016-11-16,0.1609,0,0,1e-4,0
2016-11-17,0,0,0,0,0
2016-11-18,0,0,0,0,0
2016-11-19,0,0.42010000000000003,1.2804,0.0102,0
2016-11-20,0.5226,0,0,0.001,0
2016-11-21,0.0112,0,0,7e-4,0
2016-11-22,0,0,0,0,0
2016-11-23,0,0.0103,0.0707,2e-4,0
2016-11-24,4e-4,0,0.1101,2e-4,0
2016-11-25,0.2716,0,0,0,0
2016-11-26,4e-4,0,0,0,0
2016-11-27,0,2e-4,0,0,0
2016-11-28,0,0.1206,2.7103,0,0
2016-11-29,0.5706,1.4301000000000001,0.2201,0.5509000000000001,0
2016-11-30,0.56,1.1702,0.3201,1.2805,0
2016-12-01,1.4301,0,0,0.41,0
2016-12-02,0,0,0,0,0
2016-12-03,1e-4,1e-4,0,0,0
2016-12-04,0,0.5212,0.18080000000000002,0,0
2016-12-05,0.0424,0.0501,0,0.2105,0
2016-12-06,0.12,1.2812999999999999,2.6812,1.7402,0
2016-12-07,0.1514,0,0,0.03,0
2016-12-08,0,0,0,0,0
2016-12-09,0,0,0,0,0
2016-12-10,0,0,0,0,0
2016-12-11,0,2e-4,3.0000000000000003e-4,6.000000000000001e-4,0
2016-12-12,0.1933,2.7104,0.4403,0.21020000000000003,0
2016-12-13,0.11,0.1906,0.06,0,0
2016-12-14,0.0201,0,0,0,0
2016-12-15,2e-4,0,0,0,0
2016-12-16,5e-4,0,0,0,0
2016-12-17,0.21180000000000002,0.0107,0.0207,0.5108,0
2016-12-18,0.9015,3.2908,6.3612,0.0311,0
2016-12-19,0,0,5e-4,0,0
2016-12-20,0,3.0000000000000003e-4,0,0,0
2016-12-21,0,0,0,0,0
2016-12-22,0.07239999999999999,0,0,0,0
2016-12-23,1e-4,0,2e-4,0,0
2016-12-24,0.3001,4.1505,0.5503,0.1506,0
2016-12-25,0,0.16060000000000002,0.1808,0,0
2016-12-26,2e-4,0,2e-4,0,0
2016-12-27,0.0309,1.5008000000000001,6.0807,2e-4,0
2016-12-28,2e-4,1e-4,0.17,0,0
2016-12-29,0.932,0.25020000000000003,0.0502,0.1905,0
2016-12-30,0.0925,0,0,0.002,0
2016-12-31,2e-4,0.2406,0.4903,0,0
2017-01-01,0.3406,0.191,0.1301,0,0
2017-01-02,0,0.0307,0.0101,0.4804,0
2017-01-03,0.4517,1.7614,0.8512000000000001,1.4005,0
2017-01-04,0.47040000000000004,4e-4,0,0.14,0
2017-01-05,0,0,4e-4,0,0
2017-01-06,0.0114,0.1118,0.0012000000000000001,0.0018000000000000002,0
2017-01-07,0.0015,0,1e-4,1e-4,0
2017-01-08,0.0517,0,0,0,0
2017-01-09,1e-4,0,0,0.02,0
2017-01-10,1e-4,4e-4,0.020300000000000002,8e-4,0
2017-01-11,0.3205,0.5211,0.4702,0.17020000000000002,0
2017-01-12,0.1114,4e-4,0.0204,0.1701,0
2017-01-13,0,0.0613,0.6318,3.0000000000000003e-4,0
2017-01-14,0,6.000000000000001e-4,1.8401,0.5005,0
2017-01-15,0,0.0703,0.0103,0.0104,0
2017-01-16,0,0,0.0102,1e-4,0
2017-01-17,2e-4,1.3505,1.5602,0.3403,0
2017-01-18,0.4719,0,0,0.0107,0
2017-01-19,0.1408,1.2505,1.2806,0,0
2017-01-20,0,1.1801,0.3902,0.11030000000000001,0
2017-01-21,0,0,0,0,0
2017-01-22,0.0405,0.0402,1e-4,1e-4,0
2017-01-23,0.0521,0.0303,4e-4,4.1304,0
2017-01-24,0.4329,0,0,0.1706,0
2017-01-25,0.53,3.0000000000000003e-4,1e-4,0,0
2017-01-26,4e-4,0,0,0,0
2017-01-27,1e-4,0,0,7e-4,0
2017-01-28,0,0,0,0,0
2017-01-29,0,0.1307,0.1714,0,0
2017-01-30,1e-4,3.0000000000000003e-4,0,0.0026000000000000003,0
2017-01-31,5e-4,0,0,0,0
2017-02-01,0.0936,0,0,0,0
2017-02-02,2e-4,3.0000000000000003e-4,0,0,0
2017-02-03,0,0,0,0,0
2017-02-04,0,0,0,0,0
2017-02-05,0,2e-4,0,0,0
2017-02-06,0,0.6900999999999999,0.0701,0,0
2017-02-07,0.0019,0.32020000000000004,9.2003,0.0302,0
2017-02-08,0.3423,0.32,0.6705,0,0
2017-02-09,0.0047,1e-4,0,1.042,0
2017-02-10,0.0022,0,0,4e-4,0
2017-02-11,0.0036000000000000003,4e-4,1e-4,0,0
2017-02-12,0.0118,1e-4,4e-4,0.5805,0
2017-02-13,0.065,0,0,0.060200000000000004,0
2017-02-14,0.08030000000000001,0.0606,0.18030000000000002,0,0
2017-02-15,0,1.02,0.4,8e-4,0
2017-02-16,0.0444,0,0,4e-4,0
2017-02-17,1e-4,0,0,0,0
2017-02-18,0,0.0605,0.1404,0,0
2017-02-19,0,0,2e-4,0,0
2017-02-20,0,0,0,0,0
2017-02-21,0,3.0000000000000003e-4,0.0101,0,0
2017-02-22,0,0.0608,0.0205,0,0
2017-02-23,0.02,0,0,0,0
2017-02-24,0.1807,0,0,0,0
2017-02-25,2e-4,0,0,3.0000000000000003e-4,0
2017-02-26,0.6504,0,0,0,0
2017-02-27,0,0.0103,0.1501,0,0
2017-02-28,0,0.2405,0.0103,0.1201,0
2017-03-01,0.020300000000000002,2.8003,2.2303,0.5504,0
2017-03-02,0.0103,0,0,0.02,0
2017-03-03,1e-4,0,0,0.0015,0
2017-03-04,0.0012000000000000001,0,0,0,0
2017-03-05,0,0,0,0,0
2017-03-06,0,1e-4,0.0905,0.0204,0
2017-03-07,0.0011,1.3609,4.8104,0.1108,0
2017-03-08,0.0519,0,0,0.0202,0
2017-03-09,2e-4,0,0,0,0
2017-03-10,0.032,3.1202,3.15,0.391,0
2017-03-11,0.002,0.3306,0.0412,0,0
2017-03-12,0,0,0,0,0
2017-03-13,0,0.08,0.1003,0,0
2017-03-14,0.0838,0.0103,4e-4,0.2837,0
2017-03-15,0.0616,0,1e-4,2e-4,0
2017-03-16,1e-4,0,0,2e-4,0
2017-03-17,0.0101,0.0306,0.23070000000000002,1e-4,0
2017-03-18,0,0.8905,0.5201,0.4007,0
2017-03-19,0,0,0,0.05,0
2017-03-20,0,0,0.41,0,0
2017-03-21,0,0.9702,0.45030000000000003,2e-4,0
2017-03-22,3.0000000000000003e-4,2e-4,0,0,0
2017-03-23,0,1e-4,0.0201,0,0
2017-03-24,0.0805,0,0,0.4501,0
2017-03-25,0.5312,0.0402,0.0101,0,0
2017-03-26,0.0101,0.1705,0.0402,0,0
2017-03-27,1.0202,0.1102,3.6603,0.3614,0
2017-03-28,0.5303,0.2802,0.5101,1.6106,0
2017-03-29,0.5405,0,0,0,0
2017-03-30,0,0.01,0,0,0
2017-03-31,0.18130000000000002,0.14020000000000002,1.01,2.1604,0
2017-04-01,0.8635,0,0,0.0506,0
2017-04-02,0.7201,0,0,0,0
2017-04-03,0,0.2308,0.0107,0.0102,0
2017-04-04,0.6501,1e-4,3.0000000000000003e-4,0.1409,0
2017-04-05,0.2203,0,0.09,0,0
2017-04-06,1.1403,0.011600000000000001,0.2509,2.7112,0
2017-04-07,0.1503,0,0,2e-4,0
2017-04-08,0,0,0,0,0
2017-04-09,0,0,0,0,0
2017-04-10,0,0,2e-4,0,0
2017-04-11,0,0.0201,0.9706,0,0
2017-04-12,0.18000000000000002,0.2801,1e-4,0.01,0
2017-04-13,0,0,0,0,0
2017-04-14,0,0,0,0,0
2017-04-15,0,0,0,0,0
2017-04-16,3.0000000000000003e-4,2e-4,0,0,0
2017-04-17,1e-4,0.7703,2.1309,0.6206,0
2017-04-18,0,3.9903,1.7201,0,0
2017-04-19,4e-4,0.56,0.3704,4e-4,0
2017-04-20,0.0807,0.08,0.0101,0.37010000000000004,0
2017-04-21,0.5808,1.1805,0.7903,0.11040000000000001,0
2017-04-22,0.0815,6.301,2.1607,0.4006,0
2017-04-23,0,1.141,0.6208,0,0
2017-04-24,0,0.5,0.3901,0.3004,0
2017-04-25,0.4208,0,0,0.4407,0
2017-04-26,0.7108,0,0,0,0
2017-04-27,0.0405,0.5404,1.24,0,0
2017-04-28,2e-4,0.0101,4e-4,1e-4,0
2017-04-29,0,0,0,0.1201,0
2017-04-30,4e-4,0.5,0.05,0.9302,0
2017-05-01,0.0103,0.3004,0.7605,0.01,0
2017-05-02,2.6913,0,0,0,0
2017-05-03,2e-4,0,0,0,0
2017-05-04,0,1.4407,5.231,1e-4,0
2017-05-05,0.6907,0.28150000000000003,0.1509,7.9903,0
2017-05-06,0.431,0,0,0.2305,0
2017-05-07,0.0103,0,0,0.0013000000000000002,0
2017-05-08,0.0103,0,0,2e-4,0
2017-05-09,0,0,0,0,0
2017-05-10,0,0,0,0,0
2017-05-11,0,1e-4,0,2.9305000000000003,0
2017-05-12,0.001,1.9011,0.3209,0.0605,0
2017-05-13,1e-4,0,0,0.6205,0
2017-05-14,1.3115,0,0,0.0106,0
2017-05-15,0.1707,0,0,0,0
2017-05-16,0,0,0,0,0
2017-05-17,3.0000000000000003e-4,0,0,1e-4,0
2017-05-18,0,0,0,0,0
2017-05-19,0.30010000000000003,2e-4,0.11019999999999999,1e-4,0
2017-05-20,0,1.31,2.7800000000000002,1e-4,0
2017-05-21,0,0.3905,0,0,0
2017-05-22,0.1512,0,0,0.0105,0
2017-05-23,0.2405,0,0,0.0101,0
2017-05-24,0,0.5007,1.7304000000000002,0.4605,0
2017-05-25,0.3507,0.0102,0.5801000000000001,4.2105,0
2017-05-26,1.9612,0,0,0.2001,0
2017-05-27,7e-4,0.040600000000000004,2.1801,0.0507,0
2017-05-28,0,0.7505,0.6001,1.1601,0
2017-05-29,0.0106,0,0,0.0208,0
2017-05-30,0,0.1305,0.08,0.42,0
2017-05-31,0.0103,0,0,1e-4,0
2017-06-01,0.16010000000000002,0,0,0.06,0
2017-06-02,0,0,0,0,0
2017-06-03,3.0000000000000003e-4,0,0,0,0
2017-06-04,4e-4,0.0404,0.8407,0,0
2017-06-05,1.0013,1.8006,14.0104,0.0602,0
2017-06-06,1.461,0.02,0,0,0
2017-06-07,0.68,0,0,4e-4,0
2017-06-08,0,0,0,0,0
2017-06-09,0,0,0,0,0
2017-06-10,0,0,0,0,0
2017-06-11,0,0,0,0,0
2017-06-12,0,0,0,0,0
2017-06-13,1e-4,0.01,0,1e-4,0
2017-06-14,1e-4,2e-4,0,0,0
2017-06-15,0.02,1.7702,0.4005,0,0
2017-06-16,0.1305,0,0,3.0000000000000003e-4,0
2017-06-17,0.15,0,0,1e-4,0
2017-06-18,0,2.6102,0.5302,2e-4,0
2017-06-19,1e-4,0.0202,0.04,0.43019999999999997,0
2017-06-20,0.2605,0,0,1e-4,0
2017-06-21,0,0,0,0,0
2017-06-22,0,1.7807000000000002,3.0705,0.0101,0
2017-06-23,1e-4,0.8909,1.5403,0.28,0
2017-06-24,4e-4,0,1e-4,1.2503,0
2017-06-25,0,0,0,0,0
2017-06-26,0.0505,0,0,0,0
2017-06-27,0.1305,0,0,0,0
2017-06-28,0,0,0,0,0
2017-06-29,1e-4,4e-4,1e-4,1e-4,0
2017-06-30,1.2001,0.0102,0,0,0
2017-07-01,0.0701,0.7401,0.42,0.2101,0
2017-07-02,0.03,0,0.02,0,0
2017-07-03,1e-4,0,1.56,0,0
2017-07-04,0,0.7101999999999999,0.1704,0.01,0
2017-07-05,0,1.8605,2.0201000000000002,0.2106,0
2017-07-06,0,1.5502,1.6302,4.9915,0
2017-07-07,0.3603,0.86,0,3.8007000000000004,0
2017-07-08,0.060700000000000004,2e-4,0.57,2e-4,0
2017-07-09,1e-4,0,0,0,0
2017-07-10,0,0,0,0,0
2017-07-11,0.1805,0,0,0.1303,0
2017-07-12,2e-4,0,0,0.0101,0
2017-07-13,0.0709,2e-4,0,0,0
2017-07-14,0,0.1803,0,1e-4,0
2017-07-15,0.0204,4.56,1.4103,0,0
2017-07-16,0,0,0,0,0
2017-07-17,0,0,0,3.0000000000000003e-4,0
2017-07-18,0.2301,0,0,0,0
2017-07-19,0,0.08,0.0301,0,0
2017-07-20,0,0,0,0,0
2017-07-21,0,0,0,0.3301,0
2017-07-22,0,0,0,3.1502000000000003,0
2017-07-23,0,0,0,0.51,0
2017-07-24,0.9106,0,0,0.3501,0
2017-07-25,0.0107,0,0,0,0
2017-07-26,0,0,0,0,0
2017-07-27,0.0109,0,0,0,0
2017-07-28,0,0.1612,0.1901,0.3507,0
2017-07-29,0,0,0,5.6311,0
2017-07-30,0,0,0,0,0
2017-07-31,0,0,0,0,0
2017-08-01,0,0,0,0,0
2017-08-02,0.1005,0.9501,0.0302,0,0
2017-08-03,0,1e-4,1e-4,0.0201,0
2017-08-04,1.74,1.4601000000000002,0.2101,0.06,0
2017-08-05,4.0608,0,0,0.5202,0
2017-08-06,0.03,0.19,6.5902,0,0
2017-08-07,1e-4,5.4405,3.4709,0.6613,0
2017-08-08,0.1908,0,0,6.000000000000001e-4,0
2017-08-09,0,0,0,0,0
2017-08-10,0,0,0,0,0
2017-08-11,0,0,0,1.03,0
2017-08-12,0.1405,2e-4,2.7202,1.4802,0
2017-08-13,0.020300000000000002,0,0,0,0
2017-08-14,0,0.7807,0.4005,0.2508,0
2017-08-15,0.0701,2e-4,0,0.061200000000000004,0
2017-08-16,0,2.2605,0,0,0
2017-08-17,0,0.09,0.1301,0,0
2017-08-18,1.9407,0.0103,0,0.0901,0
2017-08-19,0.0607,0,0,0,0
2017-08-20,0,0,0,0.69,0
2017-08-21,0,0,0,0,0
2017-08-22,0,1.01,0.38029999999999997,0,0
2017-08-23,0.9601999999999999,0.76,0,0.3704,0
2017-08-24,0,0,0,0,0
2017-08-25,1e-4,0,0,0,0
2017-08-26,0,0,0,0,0
2017-08-27,0,0,0,0,0
2017-08-28,0,0.1203,1.4702,0,0
2017-08-29,0,0,0,0.1902,0
2017-08-30,4e-4,0.35,0.07,3.0000000000000003e-4,0
2017-08-31,0,2.7104,0.6103000000000001,0,0
2017-09-01,0,10.5208,9.8503,1e-4,0
2017-09-02,0,0.1404,0.0102,0.6702,0
2017-09-03,1.8603,0,0,0.0707,0
2017-09-04,0.0102,0,0,0,0
2017-09-05,0,0.8505,0.9404,1.5902,0
2017-09-06,0.9705,0,0,0.8911,0
2017-09-07,2.3001,0,0,2e-4,0
2017-09-08,0.0502,0,0,0,0
2017-09-09,0,0,0,0,0
2017-09-10,0,0,0,0,0
2017-09-11,0,0.040100000000000004,0,0,0
2017-09-12,0,1.281,0.3912,0,0
2017-09-13,0,0.17200000000000001,0.671,0.0309,0
2017-09-14,0,0.0904,0.6203,0.0401,0
2017-09-15,0.0803,0,0,0,0
2017-09-16,0,0,0,0,0
2017-09-17,0,0,0,0,0
2017-09-18,6.000000000000001e-4,0,1e-4,0,0
2017-09-19,3.0000000000000003e-4,0.9,0.2604,0,0
2017-09-20,0.0213,3.0000000000000003e-4,0,0,0
2017-09-21,0,0.08,0,0,0
2017-09-22,0,0,0,0,0
2017-09-23,0,0,0,0,0
2017-09-24,0,0,1e-4,0,0
2017-09-25,0,0,0,0,0
2017-09-26,0,0,0,0,0
2017-09-27,0,0,0,0,0
2017-09-28,0,0,0,0,0
2017-09-29,0,0,0,0,0
2017-09-30,0.131,0,0,2e-4,0
2017-10-01,0,0,0,0,0
2017-10-02,0,0,0,0,0
2017-10-03,0,0,0,0,0
2017-10-04,0,0,0,0,0
2017-10-05,0,0,0,1e-4,0
2017-10-06,0.0304,0,0,2e-4,0
2017-10-07,3.0000000000000003e-4,0.01,0.0102,0,0
2017-10-08,0.20020000000000002,0.7009,5.0902,0.1305,0
2017-10-09,0.9608,0,0,2.66,0
2017-10-10,0.0104,0.6402,4.5111,0,0
2017-10-11,0,5e-4,0,1.2909,0
2017-10-12,1e-4,0,0,1.6609,0
2017-10-13,0,0,0,0,0
2017-10-14,0,0,0,0,0
2017-10-15,0,0.0404,2.4202,0,0
2017-10-16,0.0304,2e-4,0,0.0405,0
2017-10-17,0,0,0,0,0
2017-10-18,0,0,0,0,0
2017-10-19,0,0,0,0,0
2017-10-20,0,0,0,0,0
2017-10-21,0,0,0,0,0
2017-10-22,0,2e-4,2e-4,0,0
2017-10-23,0,1.9315,8.0411,0,0.53
2017-10-24,0.5603,0.0101,0.15000000000000002,1.8202,0
2017-10-25,3.351,0,0,0,0
2017-10-26,1.7105,0,0,0,0
2017-10-27,1e-4,0,1.0405,0,0
2017-10-28,0,3.3902,0.6101,0,0.79
2017-10-29,0.32030000000000003,0,0,3.2112,0
2017-10-30,3.9004,0,0,0.5902000000000001,0
2017-10-31,0,0,0,0,0
2017-11-01,4e-4,0.0205,0.3906,2e-4,0.02
2017-11-02,4e-4,3.0000000000000003e-4,8e-4,0,0
2017-11-03,1e-4,0.47050000000000003,2.4607,0,0.18
2017-11-04,0,0,0,0.36,0
2017-11-05,0,0,0,0.5502,0
2017-11-06,0.0808,0.3507,0.7815,0.030100000000000002,0.26
2017-11-07,0,7.551,1.0205,0.8505,0.36
2017-11-08,0.0112,3.0000000000000003e-4,0.0105,5e-4,0
2017-11-09,0,0,0,0.1306,0
2017-11-10,0.0303,0,0,0,0
2017-11-11,0,0,0,0,0
2017-11-12,0,2e-4,0.0804,0,0
2017-11-13,0.10049999999999999,0,0,0.0506,0
2017-11-14,0.0604,0,0,0,0
2017-11-15,0,0.12040000000000001,0.1302,0,0.03
2017-11-16,0.4608,1e-4,0,0.0303,0
2017-11-17,0.0701,0,0,0,0
2017-11-18,2e-4,1.1501000000000001,0.9602,0.1505,0.01
2017-11-19,0.4915,4e-4,1e-4,0.0304,0.44999999999999996
2017-11-20,1e-4,0,0,1e-4,0
2017-11-21,0,0,0,0,0
2017-11-22,0.49,0,0,0,0
2017-11-23,0,0,0,0,0
2017-11-24,0,0,0,0,0
2017-11-25,0,0,0,0,0
2017-11-26,1e-4,0,0,0,0
2017-11-27,0,0,0,0,0
2017-11-28,0,0,0,0,0
2017-11-29,0,0,0,0,0
2017-11-30,0,0.6404,0.1602,0,0.01
2017-12-01,0.0106,0,0,2e-4,0
2017-12-02,0,0,0,0,0
2017-12-03,0,0,0,2e-4,0
2017-12-04,0,0,7e-4,0,0
2017-12-05,0.1205,1.0206,3.4102,0.2202,0.52
2017-12-06,0.3708,0,0,0.0205,0
2017-12-07,0,0,0,0,0
2017-12-08,0,0,0,0,0
2017-12-09,0.0016,0,0,0.0015,0
2017-12-10,0.011600000000000001,0,0,0,0
2017-12-11,0.030100000000000002,0,0,0,0
2017-12-12,0.1418,1e-4,0,3.0000000000000003e-4,0
2017-12-13,0.0701,0,0,2e-4,0
2017-12-14,1e-4,0,0,5e-4,0
2017-12-15,0,0,0,2e-4,0
2017-12-16,3.0000000000000003e-4,0,0,0,0
2017-12-17,0,0.14,0.030600000000000002,0,0.01
2017-12-18,0.0013000000000000002,0,0,0,0
2017-12-19,0.030699999999999998,0.1106,0,0,0
2017-12-20,2e-4,1.7713,0.2712,0,0.24
2017-12-21,0,3.0000000000000003e-4,0,0,0
2017-12-22,0.0034000000000000002,0.7504,0.65,0,0.45
2017-12-23,0.2341,5.4911,5.8005,1.2603,1.47
2017-12-24,0.3202,0.0205,0.0109,0,0.03
2017-12-25,0.0127,7e-4,2e-4,0.0201,0.01
2017-12-26,3.0000000000000003e-4,0,0,0,0
2017-12-27,0,0,0,5e-4,0
2017-12-28,2e-4,0,0,0,0
2017-12-29,2e-4,0,0,0,0
2017-12-30,9.000000000000001e-4,0,0,0.0019,0
2017-12-31,1e-4,0,0,6.000000000000001e-4,0
2018-01-01,0,2e-4,0,0,0
2018-01-02,0,0,0,0,0
2018-01-03,1e-4,0,0,0,0
2018-01-04,0.022600000000000002,3.0000000000000003e-4,0,1e-4,0
2018-01-05,0.021,0,0,0,0
2018-01-06,2e-4,0,0,0,0
2018-01-07,3.0000000000000003e-4,1e-4,0,0,0
2018-01-08,7e-4,0.4611,0.8207,0.0105,0.19
2018-01-09,1e-4,0.1303,0,0,0.07
2018-01-10,0,0,4e-4,0,0
2018-01-11,0,0.0705,0.02,0,0
2018-01-12,0.4623,0.5623,5.3319,1.3305,0.13
2018-01-13,1.0913,0.002,8e-4,2.6807,0
2018-01-14,0,0,0,0,0
2018-01-15,0,0,0.0114,0,0
2018-01-16,4e-4,0.18130000000000002,0.0142,3.0000000000000003e-4,0.01
2018-01-17,0.0937,0.0013000000000000002,0.0015,7e-4,0
2018-01-18,0.0107,0,0,0,0
2018-01-19,0,0,0,0,0
2018-01-20,0.13999999999999999,0,0,0,0
2018-01-21,0,0,0,0,0
2018-01-22,0.0417,0.1701,0.6602,0,0.1
2018-01-23,0.8138,0,0,1.5908,0.01
2018-01-24,0.0701,0,0,0,0
2018-01-25,0,0,0,0,0
2018-01-26,0,0,0,0,0
2018-01-27,0,0.3101,2.27,0,0.01
2018-01-28,4e-4,0.6606,0.1512,0.2411,0.58
2018-01-29,0,2e-4,0,0,0
2018-01-30,0,1e-4,0,0.0303,0
2018-01-31,0,0,0,0,0
2018-02-01,0.0011,0.4502,0.1603,1e-4,0.16999999999999998
2018-02-02,0.36060000000000003,0.0104,3.0000000000000003e-4,0.0606,0.1
2018-02-03,0,0,0,0,0
2018-02-04,0.0103,1.0705,1.1001,1.791,0.42
2018-02-05,1.0507,0,4e-4,0.0303,0
2018-02-06,4e-4,0.2901,1e-4,0,0.02
2018-02-07,0.0026000000000000003,2.0404,1.8209,1.6703000000000001,1.1600000000000001
2018-02-08,0.06,0,0,0,0
2018-02-09,0.0303,0,0,0,0
2018-02-10,0.5109,4.6302,2.7805,0.1308,2.11
2018-02-11,1.8228,2.1304,0.3809,0.7903,0.84
2018-02-12,0.0106,1e-4,1e-4,4e-4,0
2018-02-13,0,0,0,0,0
2018-02-14,0,0.5205,0.1306,0,0.16
2018-02-15,0,0.0202,1e-4,0.0704,0.16999999999999998
2018-02-16,0.061,0.2204,1.08,0.3811,0.23
2018-02-17,0,2.1601,1.8803,0.0513,1.1300000000000001
2018-02-18,0.3526,0,0,0.060200000000000004,0
2018-02-19,2e-4,0,0,0.0202,0
2018-02-20,0.0606,0,0,0,0
2018-02-21,0,0.6602,1.5004,0.03,0.02
2018-02-22,0.0409,1.8105,4.8303,0.0408,0.27
2018-02-23,0.1603,0,1.1400000000000001,0.0904,0
2018-02-24,0.0401,0.0705,1.9307,0.5619,0.47000000000000003
2018-02-25,0.5607,1.7701,4.2902000000000005,0.6706,1.22
2018-02-26,0.0104,0.09040000000000001,0,0,0.24
2018-02-27,0,0,0,0,0
2018-02-28,0,0.8906000000000001,0.3811,0,0.13
2018-03-01,0,0.7705,1.2701,0.1302,0.97
2018-03-02,1.1304,0,0,0.5805,0.01
2018-03-03,0.001,0,0,0,0
2018-03-04,1e-4,0,0,0,0
2018-03-05,0.0029000000000000002,0.07050000000000001,0.4301,0,0
2018-03-06,0,0.1203,1e-4,5e-4,0.13
2018-03-07,0.0025,0,4e-4,0.10010000000000001,0.03
2018-03-08,0.3255,0.0308,4e-4,4e-4,0
2018-03-09,0.0204,0,0,1e-4,0
2018-03-10,0.001,0.0302,0.0603,0,0
2018-03-11,0,1.1904000000000001,1.44,0,0.01
2018-03-12,2e-4,0.29150000000000004,0.0611,0.0504,1.09
2018-03-13,0.0439,0,0,0,0
2018-03-14,0.15200000000000002,0,0,0,0
2018-03-15,9.000000000000001e-4,0,0,0,0
2018-03-16,0,0,0,7e-4,0
2018-03-17,2e-4,0.4102,0.45,1e-4,0.04
2018-03-18,0,0,0,0,0
2018-03-19,0,0.0508,1.651,0,0.12
2018-03-20,0,0.1303,0.5519000000000001,0.0935,0.43
2018-03-21,0,0.0011,0.0708,0.3743,0.08
2018-03-22,0.041800000000000004,0,0,0.0201,0
2018-03-23,0,0,2e-4,0,0
2018-03-24,0,0.1408,0.15030000000000002,0,0.65
2018-03-25,0.0613,3.7002,0.0103,0,0.35
2018-03-26,0,0,0,0,0
2018-03-27,0,0,0,0.2005,0
2018-03-28,5e-4,0.1809,3.7611,0.2515,0
2018-03-29,4e-4,6.8804,1.2705,0.0211,0.64
2018-03-30,0.0723,0.09079999999999999,0.9705,0.0111,0.07
2018-03-31,0,0,0,0,0
2018-04-01,0,0.0802,0.23070000000000002,0,0.01
2018-04-02,0.0606,0.0012000000000000001,0.1807,0.7102,0.1
2018-04-03,0.20070000000000002,0,2e-4,0.18080000000000002,0
2018-04-04,0.4913,2.6906,0.7003,0.0501,0.66
2018-04-05,0,0,1e-4,0,0
2018-04-06,0.0608,0.1702,1e-4,0,0.02
2018-04-07,0.3403,0.0604,0.0722,0,0.26
2018-04-08,0,0,0,0,0
2018-04-09,5e-4,0,0,0.0115,0.06
2018-04-10,0.001,0,0,0,0
2018-04-11,0.0103,0,0,0,0
2018-04-12,0.0104,0,0,2e-4,0
2018-04-13,0.0901,0,0,4e-4,0
2018-04-14,0,1.2604,3.0802,0,0.56
2018-04-15,0.0018000000000000002,2.3109,1.0807,2e-4,1.77
2018-04-16,1.8732,0.0108,0.21130000000000002,5.6404,0.08
2018-04-17,2e-4,0,0,1e-4,0
2018-04-18,0,0,0,0,0
2018-04-19,0.1703,0.29000000000000004,0,0.0105,0.17
2018-04-20,0,0,0,0,0
2018-04-21,0,0,0,0,0
2018-04-22,0,1.7002,1.5403,0,0
2018-04-23,0,2.5211,3.481,0,0.39
2018-04-24,0,0.0407,1e-4,0.3403,1.07
2018-04-25,0.5005000000000001,1e-4,0.0303,0.3111,0.08
2018-04-26,0.3312,0.1804,0.0911,0,0
2018-04-27,0.1703,0,2e-4,0.7402,0.02
2018-04-28,0.0307,0,0,4e-4,0
2018-04-29,0.2702,0,0,0,0
2018-04-30,0.0807,0,0,0,0
2018-05-01,0.0502,0,0,0,0
2018-05-02,0,0,2e-4,0,0
2018-05-03,4e-4,0,0,0,0
2018-05-04,4e-4,0.0402,0.07,1e-4,0
2018-05-05,3.0000000000000003e-4,2.9904,2.0304,0.1004,0.16
2018-05-06,0.1502,0.0302,0.0718,2.2606,0.05
2018-05-07,0.09,0.0303,0,0,0.03
2018-05-08,0,0,0,0,0
2018-05-09,0,0,0,0,0.01
2018-05-10,0,0.24029999999999999,1.1301,0.2007,0.02
2018-05-11,0,0,0,0,0.02
2018-05-12,0.0107,0,0,0,0
2018-05-13,0,0,0,1.8401,0
2018-05-14,0,0,0,2.7805,0
2018-05-15,0.9903000000000001,2e-4,0,6.000000000000001e-4,0
2018-05-16,0,0,0.0804,1.2923,0.01
2018-05-17,0,4.86,0.2506,3.6408,0
2018-05-18,0,0.6701,1.9204,0.7322,0.04
2018-05-19,0.3703,0.09,0,1.3105,0.19
2018-05-20,0.0409,0.0601,0.17020000000000002,4e-4,0
2018-05-21,0,0.2403,3.5404,0,0
2018-05-22,0.0108,0.4001,2.8206,0.3807,0.22
2018-05-23,0,2e-4,0,0,0
2018-05-24,0,0,0,0,0
2018-05-25,0,0,0.0101,0,0
2018-05-26,0.04,0.7601,0.0307,0,0.96
2018-05-27,0.0508,0,0.8501000000000001,0.32030000000000003,0.01
2018-05-28,0.0308,0.0602,0.8202,0.0402,0.06
2018-05-29,0,0.5212,0.1213,0,0.08
2018-05-30,0,0.1105,7.3408,2e-4,0.33
2018-05-31,0,4e-4,0.0403,5.5503,0.35000000000000003
2018-06-01,4e-4,2.8206,0.2213,0.020300000000000002,1.33
2018-06-02,0,0,0.001,3.1907,0
2018-06-03,0,0,0.0013000000000000002,1.3408,0.01
2018-06-04,0.3408,0,0,0.03,0
2018-06-05,0.0408,0,5e-4,1e-4,0
2018-06-06,0.0303,0,0,0.0102,0
2018-06-07,0,0,0,0,0
2018-06-08,0,0,0,0,0
2018-06-09,1e-4,0,0,0.030199999999999998,1.16
2018-06-10,0,3.8303000000000003,0,0.2202,0
2018-06-11,0,0,0,1.2706,0
2018-06-12,0,3.0000000000000003e-4,0,0,0
2018-06-13,3.0000000000000003e-4,1e-4,1.3802,0.0403,0
2018-06-14,0.0403,0,0,1e-4,0
2018-06-15,0.0206,2e-4,0.04,0,0
2018-06-16,0,1e-4,0.0104,0,0
2018-06-17,0,0.7,0,0,0
2018-06-18,0.24000000000000002,0.25,0,0,0.25
2018-06-19,0.01,0,0,0.6203000000000001,0
2018-06-20,0,4e-4,0.1401,1.8603,0
2018-06-21,0,0.201,1.0608,0.0404,0.01
2018-06-22,0,0.0503,0.5805,1.8108,0
2018-06-23,8e-4,0,0,1.1714,0
2018-06-24,0.0704,0.2702,0,0,0.16
2018-06-25,1.6403,0,1.34,0,0.41000000000000003
2018-06-26,0,0.2705,0.030100000000000002,0,0.59
2018-06-27,0,1.4403,3.58,0.2407,1.77
2018-06-28,2.3109,0.6705,0.1502,0.0204,0.33
2018-06-29,0.03,0,0.15,0,0
2018-06-30,0,0,0,0,0
2018-07-01,0,4e-4,0,0,0.47
2018-07-02,0,0.1204,0,0,0.1
2018-07-03,0,5e-4,0,0,0
2018-07-04,0,0,0,0.1902,0
2018-07-05,0,0.0601,3.0000000000000003e-4,0,0
2018-07-06,0.21000000000000002,1.4404000000000001,8e-4,0.0103,0.29000000000000004
2018-07-07,0,3.0000000000000003e-4,0,0,0
2018-07-08,0,0,1e-4,0,0
2018-07-09,0,0,0,0,0.01
2018-07-10,0,0.2901,0,0,0.1
2018-07-11,2e-4,0.0301,4e-4,0,0
2018-07-12,0,0,0,0,0
2018-07-13,0,0,0,0,0
2018-07-14,0,0,0,0,0
2018-07-15,0.2202,3.0507,4e-4,0.42,0.63
2018-07-16,0.1002,1e-4,1e-4,0,0.07
2018-07-17,1.4501,1.25,2e-4,0.0905,0.06
2018-07-18,0.33,0,0,2.42,0
2018-07-19,0.01,0,0,0,0
2018-07-20,0,0,0,0,0
2018-07-21,0,2e-4,0,2.52,0.9
2018-07-22,0.0906,0.020300000000000002,0.001,0.4104,0.58
2018-07-23,0.0214,3.0000000000000003e-4,0,2.781,0.33
2018-07-24,3.0000000000000003e-4,0,0,2.8411,0
2018-07-25,5e-4,0,0,6.7908,0
2018-07-26,8e-4,0,0,0,0
2018-07-27,0,0,0,0.2401,0
2018-07-28,2e-4,0,0,0,0
2018-07-29,0,0,0,0,0
2018-07-30,0,0,0.6803,1.66,0.06
2018-07-31,0,0,0.2103,0.0507,0.07
2018-08-01,0,1.2804,0,1.5109,0.1
2018-08-02,0,0,0,2.2704,0.01
2018-08-03,0,0,0,3.6009,0
2018-08-04,0,0,0,0.4801,0
2018-08-05,0,2.15,0,0,0.13
2018-08-06,0,0,0,0,0
2018-08-07,0,2e-4,0,0.0204,0
2018-08-08,0,0.7801,0.0601,0.0303,0.01
2018-08-09,0,0.26030000000000003,1.7301,0.0103,0.03
2018-08-10,0,0.8505,0.0101,0,0.32
2018-08-11,0,0,0,0.9802,0
2018-08-12,0,0,0,0.0304,0
2018-08-13,0.001,0,0,0.0304,0
2018-08-14,4e-4,0,0,0.20020000000000002,0
2018-08-15,0,0,0,0.0202,0.05
2018-08-16,0,0.1706,2.8502,0,0.45999999999999996
2018-08-17,0,1.4701,0.36,2.5105,0.07
2018-08-18,0,5.8003,0,0.3301,0.88
2018-08-19,0,0,0,0,0
2018-08-20,0,1.0004,0.27,0,0
2018-08-21,0,0.45030000000000003,4.2201,4.8505,0.060000000000000005
2018-08-22,0,0,0,1.6199999999999999,0.09999999999999999
2018-08-23,0,0,0,0,0
2018-08-24,0,0,1e-4,0,0
2018-08-25,0,0,0,0,0
2018-08-26,0,0,0,0,0
2018-08-27,0,0,0,0.0101,0
2018-08-28,0,0,0,0,0
2018-08-29,0,0.2301,0,0,0
2018-08-30,0,0,0,0,0.02
2018-08-31,0,0.0904,0.19019999999999998,0.9300999999999999,0.03
2018-09-01,0,0.0402,0,0.5805,0
2018-09-02,0,0,0,0,0
2018-09-03,0,0,0,0,0
2018-09-04,0,0,0,0,0
2018-09-05,0,2e-4,0,0,0.13
2018-09-06,0.0305,0.4304,0.06,0,0.1
2018-09-07,0,0,0.1902,0.42,0
2018-09-08,0,0.87,0.54,2.7405,0.02
2018-09-09,0,2.5904000000000003,2.7914,6.01,1.98
2018-09-10,0.0105,3.0000000000000003e-4,0,0.981,0.63
2018-09-11,0.2502,0,0,0.0206,0
2018-09-12,0.4505,0,0,0,0
2018-09-13,0.0102,0,0,1.3203,0
2018-09-14,0,0,0,0.0508,0
2018-09-15,0,0,2e-4,0,0
2018-09-16,0,0,0,2e-4,0.16
2018-09-17,0,1e-4,1e-4,0.6106,0.03
2018-09-18,0.1805,0,0,0.0905,0
2018-09-19,0,0,0.5700000000000001,0,0
2018-09-20,0,0,0,0,0
2018-09-21,0,0.02,0,0,0
2018-09-22,0,0.8104,0.7608,0.4302,0.22
2018-09-23,0,4.341,4.8503,0.9408000000000001,1.57
2018-09-24,0,2.0903,5.2405,0.6915,0.61
2018-09-25,0,0.2201,1.24,1.0505,0.67
2018-09-26,0,1.1305,0.61,0.43060000000000004,0.51
2018-09-27,0,2.2706,1.4101,1.3306,1.27
2018-09-28,0,0,0,1.9803,0
2018-09-29,0,0,0,0,0
2018-09-30,0,0,0,0,0
2018-10-01,1e-4,0,0,0,0
2018-10-02,6.000000000000001e-4,0.6601,0.2005,3.0000000000000003e-4,0.16999999999999998
2018-10-03,0,0,0,2e-4,0.02
2018-10-04,0,0,0,0,0
2018-10-05,0,0,0,0.1602,0
2018-10-06,0,0,0,0,0
2018-10-07,3.0000000000000003e-4,0.1404,0,0,0
2018-10-08,0,0.0701,1e-4,0,0
2018-10-09,0,0,0,0,0
2018-10-10,0,0.4601,2e-4,0,0
2018-10-11,2.5307,0.07,0,2.1008,0.45
2018-10-12,0.01,1e-4,0.0101,0,0
2018-10-13,0.1101,1e-4,0.0901,0.1403,0
2018-10-14,1e-4,0.331,2.701,0.04,0.14
2018-10-15,0.0106,2.341,7.1405,0.1103,0
2018-10-16,0.0703,0.0403,0,2e-4,0.03
2018-10-17,0.01,0.02,0,1e-4,0.08
2018-10-18,0.0302,0,0,0,0
2018-10-19,0,0,0.0101,0,0
2018-10-20,0,0.2807,0.2605,0.0104,0.06
2018-10-21,2e-4,0,0,0.0804,0
2018-10-22,0,0,0,0,0
2018-10-23,0.4601,0,0,0,0
2018-10-24,0.131,0,0,0,0
2018-10-25,0,0.0205,0.0102,0,0
2018-10-26,0,0.4319,0.4714,0.060700000000000004,0.55
2018-10-27,0.9502,0.0103,0.040100000000000004,1.9203000000000001,0.03
2018-10-28,0.2307,0,2e-4,0.0105,0
2018-10-29,0.4405,0,0,0.0202,0
2018-10-30,0,0,0,0,0
2018-10-31,0,0,0,0,0
2018-11-01,0.4803,0.6603,2.1206,0,0.77
2018-11-02,0.7009,3.0000000000000003e-4,6.000000000000001e-4,2.4001,0.16999999999999998
2018-11-03,4.3807,0,2e-4,0.13040000000000002,0
2018-11-04,0,0.1201,0.0903,0,0
2018-11-05,0.0405,0.0601,0.6401,1.8605,0.19
2018-11-06,1.0306,3.8705,4.7101,1.4806,0.78
2018-11-07,0.0701,0.0103,1e-4,0,0
2018-11-08,0,0,0,0,0
2018-11-09,1e-4,0.9903,1.1603,1.4609,0
2018-11-10,0.9008,0,0,0.0501,0
2018-11-11,0,0,0,0,0
2018-11-12,0,0.6902,0.32030000000000003,0.0601,0.45
2018-11-13,1.7301,0.161,0.4208,1.1201,0.09
2018-11-14,2e-4,0.9502,1.14,0,0.23
2018-11-15,0,0.33130000000000004,0.311,0.0025,0.8200000000000001
2018-11-16,0.6134000000000001,0,0,1e-4,0
2018-11-17,0.12,0,0,0,0
2018-11-18,0,0,0,0,0
2018-11-19,0.22210000000000002,4e-4,0.0102,0,0
2018-11-20,0.4018,0,0,0.0104,0.01
2018-11-21,0.10049999999999999,0,0,0,0
2018-11-22,1e-4,0,0,0,0
2018-11-23,0,1e-4,5e-4,0,0
2018-11-24,0.05,0.2803,0.2218,2.3103,0.21
2018-11-25,0.0704,0,1e-4,0,0.01
2018-11-26,0.3713,0.0305,0.0629,0.0103,0.12
2018-11-27,1.5003,0,0.0028,0,0
2018-11-28,5e-4,0,1e-4,0,0
2018-11-29,1e-4,0.1908,1e-4,0,0.01
2018-11-30,0,0.2803,1.3216,3.0000000000000003e-4,0.18
2018-12-01,0,1.1211,2.541,0.5204,0.21
2018-12-02,1.6005,0,2e-4,0.1703,0.31
2018-12-03,0.01,0,0,0,0
2018-12-04,5e-4,0,4e-4,0,0
2018-12-05,0,0.0702,8e-4,2e-4,0.07
2018-12-06,2e-4,0,0,0,0
2018-12-07,0,0,0,2e-4,0
2018-12-08,0,0.2207,0,0,0
2018-12-09,0,0.8916000000000001,0.7708,0,0.85
2018-12-10,0,2e-4,0,0,0.01
2018-12-11,0,0,0,0,0
2018-12-12,0,0,0,0,0
2018-12-13,0,0.0206,1e-4,0,0.01
2018-12-14,0,0.2111,3.8203,0.0702,0.84
2018-12-15,0,0.01,2.6203000000000003,2.6303,0.45
2018-12-16,4e-4,0.0202,0,2.0602,0.43
2018-12-17,0.5202,0,0,0,0
2018-12-18,5e-4,0,0,0,0
2018-12-19,0,0,0,0,0
2018-12-20,1e-4,0.7805,0.3701,0.3101,0.84
2018-12-21,1.0212,0.131,0.3703,1.0314,0.44
2018-12-22,0.13040000000000002,0.0201,0,0.0604,0.01
2018-12-23,0,0.1606,0.3806,0,0.22
2018-12-24,0,0,0,0.1801,0
2018-12-25,0,0,0,0,0
2018-12-26,0,0,0,0,0
2018-12-27,6.000000000000001e-4,0.9408,1.5604,0,0.07
2018-12-28,0.5212,0.2403,0.6601,2.4505,1.64
2018-12-29,0.03,0,0,0,0
2018-12-30,0,0,0,0,0
2018-12-31,1e-4,5.1006,4.4201,1.1601,1.3699999999999999
2019-01-01,1.0705,1e-4,0,0.1101,0.24
2019-01-02,0,2e-4,0,0,0
2019-01-03,8e-4,0.6808,0.0303,0,0.59
2019-01-04,0,0.5508,0.2602,2e-4,0.94
2019-01-05,0.0708,0.05,0.0204,1.0207,0.14
2019-01-06,0,0,0,0,0
2019-01-07,1e-4,1e-4,0.0101,0,0
2019-01-08,0.0321,1e-4,0,0.020300000000000002,0
2019-01-09,1.0606,0,0,0.0509,0
2019-01-10,8e-4,0,0,0,0
2019-01-11,0,0,0,0,0
2019-01-12,0,0.2908,0.2903,0.0015,0.06999999999999999
2019-01-13,0,0.25120000000000003,0.5203,0.007200000000000001,0.18
2019-01-14,0,4e-4,0,0.3328,0
2019-01-15,0,0,0,0,0
2019-01-16,0,0,0,0,0
2019-01-17,0,0.5403,0.4103,0.001,0.33
2019-01-18,3.0000000000000003e-4,0.0304,2e-4,0.0023,0.01
2019-01-19,2e-4,2.7704,2.0712,0.1503,1.1400000000000001
2019-01-20,0.0061,0.0019,0.0614,1.6603,0.060000000000000005
2019-01-21,0.0016,4e-4,3.0000000000000003e-4,1e-4,0
2019-01-22,6.000000000000001e-4,0,0,0,0
2019-01-23,0.3301,1.2003,1.6905000000000001,0,0.65
2019-01-24,2.8204000000000002,0.2104,0.06,0.8608,0.76
2019-01-25,2e-4,0,0,0,0
2019-01-26,0,0,4e-4,0,0
2019-01-27,0,0,0,0,0
2019-01-28,0,1e-4,0.03,0,0
2019-01-29,7e-4,0.0304,0.0404,0.0018000000000000002,0.05
2019-01-30,0.1936,0.001,0.0013000000000000002,0,0
2019-01-31,9.000000000000001e-4,0,0,0,0
2019-02-01,0,4e-4,0.0105,0.0024000000000000002,0
2019-02-02,0,0,2e-4,0,0
2019-02-03,0,0,0,0,0
2019-02-04,0,3.0000000000000003e-4,0.0502,0,0
2019-02-05,2e-4,0,0,2e-4,0
2019-02-06,0,4.1102,3.1502,0.1202,0.77
2019-02-07,0.8914,5.9702,2.2209,0.1108,1.25
2019-02-08,0.3612,0.3704,0.35,0.2301,0.69
2019-02-09,0,0,0,0,0
2019-02-10,0,1.1804000000000001,1.0401,0,0.4
2019-02-11,0,0.2902,3.1301,0.5142,0.14
2019-02-12,0.0013000000000000002,1.1605,2.6002,2.8509,0.9
2019-02-13,1.043,0,0,0.2402,0
2019-02-14,6.000000000000001e-4,0,0,0,0
2019-02-15,0.0204,0.1503,0.060200000000000004,0,0.04
2019-02-16,1e-4,0.9102,0.85,0,0.36
2019-02-17,0,3.5105,1.2907,0.030100000000000002,0.9400000000000001
2019-02-18,0.053200000000000004,0.28,0,0.1602,0.33
2019-02-19,1e-4,0.6101,0.04,0,0.05
2019-02-20,1e-4,3.0103,3.4903,0.0037,2.51
2019-02-21,0.40340000000000004,0.1504,0,0.0118,0.01
2019-02-22,0,1.0204,0.3703,0,0.63
2019-02-23,0,2.0108,4.6602,0.0102,1.31
2019-02-24,0.7906,2.05,1.6202,1.4703,0.5
2019-02-25,0.0011,0,0,0,0
2019-02-26,0,0,0,0,0
2019-02-27,1e-4,0,0,0,0
2019-02-28,0.0834,4e-4,9.000000000000001e-4,0,0.12
2019-03-01,0,0.0111,0,0.0645,0.08
2019-03-02,0.0509,3.0000000000000003e-4,0,0.1307,0
2019-03-03,0,0.7305,0.3309,0.082,0.86
2019-03-04,0.6712,2e-4,0,0.0011,0
2019-03-05,2e-4,0,0,0,0
2019-03-06,0,0,0,1e-4,0
2019-03-07,0,0,0,0,0
2019-03-08,2e-4,0.7506,0.2506,0.012,0.4
2019-03-09,0,3.1407,3.9901,4e-4,0.42
2019-03-10,0.8107,1.8202,0,1.0602,0.48
2019-03-11,0,0.0102,0,0,0
2019-03-12,0,0,0,0,0
2019-03-13,0,0,0,0,0
2019-03-14,5e-4,0.0303,0.3106,0,0.03
2019-03-15,0.0102,0,0,0,0.52
2019-03-16,0.9600000000000001,0,0,3.0000000000000003e-4,0
2019-03-17,0,0,0,0,0
2019-03-18,0,0,0,0,0
2019-03-19,0,0,0,0,0
2019-03-20,0,0,0,0,0
2019-03-21,0,0,6.000000000000001e-4,2.5803000000000003,0
2019-03-22,0.2105,0,0,0.4305,0
2019-03-23,0.0414,0,0,0,0
2019-03-24,0,2e-4,0.3301,0,0
2019-03-25,0,0.38,1.07,0.1203,0.31
2019-03-26,0,2e-4,0,2e-4,0
2019-03-27,0,0,0,0,0
2019-03-28,0,0,0,0,0
2019-03-29,0.0607,0.0101,0.04,0.0501,0
2019-03-30,0,0.05,1.0004,2e-4,0
2019-03-31,0.4003,2.0403000000000002,0.3503,6.000000000000001e-4,0.45
2019-04-01,1e-4,0,0,0,0
2019-04-02,0,0,0,0,0.01
2019-04-03,0.0605,0,0,0,0
2019-04-04,0,5e-4,2e-4,0,0
2019-04-05,0,0.79,0.1001,0.8703,0.27
2019-04-06,0.2305,0,0,0.050300000000000004,0
2019-04-07,0,1.4205,2.01,1e-4,0.32
2019-04-08,0.4005,6.14,0.75,0.0804,1.79
2019-04-09,0.2204,0,0.0101,0,0
2019-04-10,0.0206,0,0,0,0
2019-04-11,0,0,0,0,0
2019-04-12,0,0.08,0.31,0.2702,0.57
2019-04-13,0.371,0.1004,0.1304,1.0908,0
2019-04-14,1e-4,3.5002,4.0704,0.3203,0.45
2019-04-15,2.4906,0,0,0.2202,0
2019-04-16,0,0,0,0,0
2019-04-17,0,0,0,0,0
2019-04-18,0.0011,0,1.5202,0,0
2019-04-19,0.051000000000000004,2.0021,3.4613,5.08,1.19
2019-04-20,0.32130000000000003,1.0606,0.8305,0.2,0.05
2019-04-21,0.2309,0,0,3.0000000000000003e-4,0
2019-04-22,0.42,0,0,0.01,0
2019-04-23,1.3704,0,0,0,0
2019-04-24,0.0703,0,0,3.0000000000000003e-4,0
2019-04-25,0,1e-4,0.0101,6.000000000000001e-4,0
2019-04-26,1.2103,0.22039999999999998,0.3501,0.4308,0.18
2019-04-27,2.0903,0,1e-4,0.0101,0
2019-04-28,0.020300000000000002,0,0,0.1306,0
2019-04-29,0,0,0,0,0
2019-04-30,0.13090000000000002,0,0,2e-4,0
2019-05-01,0.0102,0.0201,0,0,0
2019-05-02,0.8506,0.1803,0,0,0.07
2019-05-03,0.15030000000000002,0.24080000000000001,5.6702,1.3209,0.25
2019-05-04,0.1516,0.0607,0.4203,5.0002,0.19
2019-05-05,0.1505,0.5305,0.17,4.3512,0.53
2019-05-06,0,0,0,0.0502,0
2019-05-07,0.0701,0,0,0,0
2019-05-08,0.0502,0,0,0,0
2019-05-09,0,1.0203,0.1401,0,0
2019-05-10,0.0707,0,0,4e-4,0
2019-05-11,0,0.5911,0.5702,2e-4,1.48
2019-05-12,0.0103,0.15059999999999998,0.0201,1.8913,0.3
2019-05-13,0.1802,0,0,0.9911,0
2019-05-14,0.5418000000000001,0,0,1e-4,0
2019-05-15,0.0712,0.14,0.56,0,0
2019-05-16,4e-4,0,0,0.0201,0
2019-05-17,0.2003,0,0,0,0.31
2019-05-18,1e-4,0,0,2e-4,0
2019-05-19,0.3102,0.06,0.2407,0,0
2019-05-20,0.0105,0,0.040100000000000004,0.3504,0
2019-05-21,0,0,0,0,0
2019-05-22,0,0,1.9201,0,0
2019-05-23,1e-4,0,0,0.06,0
2019-05-24,0.12000000000000001,0,0,0,0
2019-05-25,0,0.01,0,1.2704,0
2019-05-26,0.0205,0,0.9302,0.0201,0
2019-05-27,0,0,0,0.08020000000000001,0.01
2019-05-28,0.6302,0,0,0.0302,0
2019-05-29,0.0704,0,0,0,0
2019-05-30,0,0.0102,1.21,0.1502,0.01
2019-05-31,0.0404,0,0,2e-4,0.03
2019-06-01,0,0,0,0,0
2019-06-02,1.7202,0,0.0201,1.5904,0
2019-06-03,1.6202,0,0,0,0
2019-06-04,0,0,0,0,0
2019-06-05,4e-4,0,0,0.020300000000000002,0.7999999999999999
2019-06-06,3.5804,0.0013000000000000002,0.030100000000000002,0.01,0.08
2019-06-07,0,5.5103,1.8213000000000001,0,0.56
2019-06-08,0,0.0703,0.0905,0,0.02
2019-06-09,0,1.2102,3.0205,0.3504,0.01
2019-06-10,0,3.0000000000000003e-4,0.01,0.2817,0
2019-06-11,0.42050000000000004,0,0,0.3004,0
2019-06-12,0,0,3.0000000000000003e-4,0,0.02
2019-06-13,0.4509,0,0,3.6113999999999997,0.3
2019-06-14,0,0,0,0,0
2019-06-15,0,0,0,0,0
2019-06-16,0.6004,0,0,3.0000000000000003e-4,0
2019-06-17,0.0404,1.1401000000000001,4e-4,2e-4,0.27
2019-06-18,0.0104,2.5704,0.8106,6.000000000000001e-4,0.25
2019-06-19,0,1e-4,1.48,0.0404,0.18000000000000002
2019-06-20,1.0806,1.1607,0.66,0,0.36
2019-06-21,0.0815,0,0.1602,2e-4,0
2019-06-22,0,0.6606,4.7805,0,1.08
2019-06-23,0,4e-4,0,0,0.21000000000000002
2019-06-24,0,0.8203,3.2003,0.1601,0.17
2019-06-25,0.5702,0,0,0.42019999999999996,0
2019-06-26,0,0.46,0,0,0
2019-06-27,0,4.3703,0.38,2.3102,0
2019-06-28,0,0.16010000000000002,0,4e-4,0
2019-06-29,0.9304,0,0.06,2e-4,0
2019-06-30,0.1206,0,0,0.2111,0
2019-07-01,0,0,0.020300000000000002,0,0
2019-07-02,0,3.0000000000000003e-4,0,0,0
2019-07-03,0,0.0604,0.86,1e-4,0.01
2019-07-04,0,1.2711,7.6101,9.000000000000001e-4,0
2019-07-05,0,3.0000000000000003e-4,0.0103,0.0012000000000000001,0
2019-07-06,0.53,0.22010000000000002,0.030199999999999998,0.0103,0
2019-07-07,0.0201,0.2202,0.18,0,0
2019-07-08,0,0.5101,0,0.1412,0
2019-07-09,0,0,0,0,0
2019-07-10,0.26,0.01,0,0,0
2019-07-11,7.5503,0,0,1.2903,2.54
2019-07-12,0.9109,0,0,0,0.01
2019-07-13,0,2e-4,0.74,0,0.03
2019-07-14,0,5e-4,6.4802,0,0.23
2019-07-15,0,0.0303,0.1002,0,0
2019-07-16,0,0.01,0.3402,2e-4,0
2019-07-17,0.27999999999999997,0.0101,6.54,0.18059999999999998,0.08
2019-07-18,0.0104,0.0801,0.0302,2e-4,0
2019-07-19,0,0,0,0,0
2019-07-20,0,0.4202,0,0,0.55
2019-07-21,0,0.3707,0,0.0901,0.26
2019-07-22,0.7703,5.9503,1.4503000000000001,0.2116,0.07
2019-07-23,3.49,2.3806,0.8302,5.3804,0.81
2019-07-24,0,0,0,0,0
2019-07-25,0,0,0,0,0
2019-07-26,0,0,0,0,0
2019-07-27,0,0,0,0,0
2019-07-28,0,0,0,0,0
2019-07-29,1e-4,0,0,0,0
2019-07-30,0,0.8600000000000001,0,1e-4,0.25
2019-07-31,0.3301,0.02,0,3.0000000000000003e-4,0.04
2019-08-01,2e-4,0,0,0,0.02
2019-08-02,0,0,0,1e-4,0.21000000000000002
2019-08-03,0.0102,2.5004,1.86,0.9503,0.02
2019-08-04,0,1.2002,1.0902,0,0
2019-08-05,0,0,0,0,0
2019-08-06,0,0,0.0102,6.000000000000001e-4,0
2019-08-07,0.07050000000000001,1.0002,1.25,0,0.12
2019-08-08,1.2303,0,0,0,0
2019-08-09,4e-4,1e-4,1.05,0,0
2019-08-10,0.0202,2e-4,2e-4,0,0
2019-08-11,0,0,0,0,0
2019-08-12,0,0,0,0,0
2019-08-13,0.0101,3.23,0,0.030600000000000002,0.11
2019-08-14,0,1e-4,0,0,0
2019-08-15,0,0,0,8e-4,0
2019-08-16,0,0,0,1e-4,0
2019-08-17,0,0,0,1e-4,0
2019-08-18,0.62,0,0,4e-4,0.15
2019-08-19,0.0205,0,0,0,0
2019-08-20,0,0.04,0.5402,0,0
2019-08-21,0.38029999999999997,0,0.05,5e-4,0.01
2019-08-22,0,0.2702,0.0507,4e-4,0.15
2019-08-23,2e-4,1e-4,0.0702,0.002,0.24
2019-08-24,0,1e-4,0,0,0
2019-08-25,0,0.0403,0.5005000000000001,0,0
2019-08-26,0,2.0702,0.5014,0,0.2
2019-08-27,0,0,0.03,5e-4,0.03
2019-08-28,0.42010000000000003,1e-4,0,0.04,0.34
2019-08-29,0.2905,0,0,0,0
2019-08-30,0,0,0,0,0
2019-08-31,0,0,0,0,0
2019-09-01,0,0,0,0,0
2019-09-02,3.0000000000000003e-4,0,0,0,0
2019-09-03,0,0,0,0,0
2019-09-04,1e-4,0,0,0,0
2019-09-05,0,0,0,0,0
2019-09-06,0,0,0,0,0
2019-09-07,2e-4,0,0,0,0
2019-09-08,0,0,0,0,0
2019-09-09,0,0,0,0,0
2019-09-10,0,0.02,0,0,0.02
2019-09-11,2e-4,0,0,0.48,0
2019-09-12,7e-4,0,0,1e-4,0
2019-09-13,0,2e-4,0,0.0711,0.02
2019-09-14,0.1502,0,0,0.01,0
2019-09-15,0.07,0,0,0,0
2019-09-16,0,0,0,0,0
2019-09-17,0,0,0,0,0
2019-09-18,0,0,0,0,0
2019-09-19,0,0,0,0,0
2019-09-20,0,0,0,0,0
2019-09-21,0,0,0,1.4000000000000001,0
2019-09-22,0,0,0,0.09,0
2019-09-23,0,0.01,2e-4,0.1401,0.03
2019-09-24,1e-4,0,0,0,0
2019-09-25,0,2e-4,0,0,0
2019-09-26,0.0101,2e-4,0.8805,2e-4,0.02
2019-09-27,0.02,0,0,0,0.08
2019-09-28,0,0,0,0,0
2019-09-29,0,0,0,0,0
2019-09-30,0,0,0,0.8907,0
2019-10-01,0.0309,0,0,0,0
2019-10-02,0.0207,0,0,0,0
2019-10-03,0.1207,0,0,0,0
2019-10-04,0.2804,0,0,5e-4,0
2019-10-05,0,0,0,0,0
2019-10-06,0,0.3902,0.08070000000000001,0.6103000000000001,0.1
2019-10-07,0.14040000000000002,4.2405,7.5404,1.4604000000000001,0.19
2019-10-08,1.0501,0,0,0.5812,0
2019-10-09,0,0,0,0.1605,0
2019-10-10,0,0,0,0,0
2019-10-11,0,0.040100000000000004,2.1602,0,0
2019-10-12,2e-4,0.5603,0.02,3.0000000000000003e-4,0.03
2019-10-13,0,0,0,0,0
2019-10-14,0,0,0,0,0
2019-10-15,0,2e-4,0,0,0
2019-10-16,0,0.7009000000000001,5.5102,0.9802,0.53
2019-10-17,0.1301,0,0,0,0.02
2019-10-18,0,0,0,0,0
2019-10-19,0,0.0104,0,0,0.02
2019-10-20,0,4e-4,0,0.2616,0.1
2019-10-21,0,0.5509000000000001,0.0907,1e-4,0.36
2019-10-22,0,0,0,2.3404,0.84
2019-10-23,0,0,0,0,0
2019-10-24,0,0,0,0,0
2019-10-25,0,0.2804,0.1301,0,0.19
2019-10-26,0.0303,2.6806,2.0704000000000002,5e-4,0.67
2019-10-27,1.1908,0.0311,0.01,2.0704000000000002,0.37
2019-10-28,0.0602,0,0,0,0
2019-10-29,0.0415,0,0,0,0
2019-10-30,0.1414,1.4303000000000001,3.3404,0.3402,0.17
2019-10-31,0.8622,2.0808,1.9609,2.8308,1.5899999999999999
2019-11-01,0.12090000000000001,0,0,0.4802,0
2019-11-02,0,0,0,0,0
2019-11-03,0,0,0,0,0
2019-11-04,0,0,0,0,0
2019-11-05,0.0408,0,0,0,0
2019-11-06,0,0,0.01,0,0
2019-11-07,0.0204,0.9704,1.9802,0.2304,0.5
2019-11-08,0.031,0,0,3.0000000000000003e-4,0.01
2019-11-09,0,0,0,0,0
2019-11-10,0,0,0,0,0
2019-11-11,0,0.1201,0.2301,0,0
2019-11-12,0.0022,0.4003,0.3718,0.0405,0.26
2019-11-13,2e-4,0,0,3.0000000000000003e-4,0
2019-11-14,0,0,0,0,0
2019-11-15,0,0,0,0,0
2019-11-16,0,0,0,0,0
2019-11-17,0,0,0,0,0
2019-11-18,0.0015,0,0,0.0101,0
2019-11-19,0.1416,4e-4,0.020300000000000002,0,0
2019-11-20,0.0818,0,0,0,0
2019-11-21,2e-4,1e-4,2e-4,0,0
2019-11-22,0.0105,2.0204,5.1102,3.0000000000000003e-4,0.68
2019-11-23,0,1.2207999999999999,0.001,0.0202,0.48
2019-11-24,0.061,0,0,0.7007,0.02
2019-11-25,0.0303,0,0,0,0
2019-11-26,0,0.1301,0.9501000000000001,0,0
2019-11-27,0.0102,2.0501,3.8102,2e-4,0.6799999999999999
2019-11-28,0.0416,1e-4,1e-4,0,0
2019-11-29,0,5e-4,0.0104,0,0
2019-11-30,0,1.3207,1.7601,0,0.74
2019-12-01,0.0011,2.52,0.1101,0.9206,1.02
2019-12-02,0.0048000000000000004,0.040600000000000004,0.0414,0.0316,0.02
2019-12-03,0.0061,0,0,0,0
2019-12-04,0.02,0,0,0.0303,0
2019-12-05,0.0601,0,0,3.0000000000000003e-4,0
2019-12-06,0.0011,0.030100000000000002,0.0105,1e-4,0
2019-12-07,8e-4,0,0,0,0
2019-12-08,0,0,1e-4,0,0
2019-12-09,4e-4,0,0.1706,0.24080000000000001,0
2019-12-10,0.022600000000000002,2.201,0.10060000000000001,0.2106,0.59
2019-12-11,0.0131,0,0,0.0804,0.02
2019-12-12,0,0,0,0,0
2019-12-13,6.000000000000001e-4,0.0416,0.0706,0.3805,0.11
2019-12-14,0.0117,0.0012000000000000001,0.1504,0.9904000000000001,0.21
2019-12-15,0.0202,0.020300000000000002,3.0000000000000003e-4,0,0
2019-12-16,0,2.5807,4.4012,0.9031,0.48
2019-12-17,0,0.311,0.4707,1.4309,0.5
2019-12-18,5e-4,0,0,2e-4,0
2019-12-19,8e-4,0,0,1e-4,0
2019-12-20,0,0,0,0,0
2019-12-21,0,0,0,0,0
2019-12-22,0,0.0204,0,0,0
2019-12-23,0,0.07050000000000001,0,0,0.02
2019-12-24,0,0,0,0,0
2019-12-25,0,0,0,0,0
2019-12-26,0,0,0,0,0
2019-12-27,8e-4,0.0205,0,0,0
2019-12-28,0,0.040600000000000004,0.0803,0,0
2019-12-29,0,4.5701,4.1505,0.8708,1.3599999999999999
2019-12-30,0.042300000000000004,0.5703,0.6301000000000001,0.13169999999999998,1.12
2019-12-31,0.0942,0,0,0,0
2020-01-01,0.04,0,0,0.0101,0
2020-01-02,0.02,1.31,1.0701,0,0.5900000000000001
2020-01-03,0.03,1.0007,1.9412,0.1519,0.89
2020-01-04,0.042300000000000004,0.0505,0.11030000000000001,0.1519,0.22
2020-01-05,0.0216,0,0,2e-4,0
2020-01-06,0.0011,0,0,0,0
2020-01-07,0,0.1203,0,0.0222,0.06
2020-01-08,6.000000000000001e-4,0,0,0,0
2020-01-09,0,0,0,0,0
2020-01-10,1e-4,2e-4,0,0,0
2020-01-11,1e-4,2.9706,7.591600000000001,0,0.91
2020-01-12,0.001,0.24,2e-4,1.6602,0.12
2020-01-13,5e-4,0,0,0,0
2020-01-14,1e-4,1.1503,1.36,0.1106,0.72
2020-01-15,5e-4,0.020900000000000002,1.0412,2e-4,0
2020-01-16,0.0216,0.0202,0,2e-4,0.13
2020-01-17,0,0,0,0,0
2020-01-18,9.000000000000001e-4,0.5604,0.4607,3.0000000000000003e-4,0.43
2020-01-19,0.0228,0,0,0.0205,0
2020-01-20,0,0.0014,6.000000000000001e-4,0,0
2020-01-21,3.0000000000000003e-4,1e-4,0,0,0
2020-01-22,0,0,0,0,0
2020-01-23,0,0.30010000000000003,0.1701,0,0.01
2020-01-24,0,0.7112,0.3408,7e-4,0.67
2020-01-25,2e-4,7e-4,1e-4,2.6903,0.01
2020-01-26,0,1e-4,1e-4,0,0
2020-01-27,0,0.0708,0.0502,0,0.2
2020-01-28,0,0,0,0,0
2020-01-29,0,4e-4,0.001,0,0
2020-01-30,0,0,0.0204,0,0.02
2020-01-31,0,0.0308,0.5505,2e-4,0
2020-02-01,0.001,0.2414,0,0.0904,0.09
2020-02-02,0,0,0,7e-4,0
2020-02-03,0,0,0,0,0
2020-02-04,0,0.381,1.0208,1e-4,0.43000000000000005
2020-02-05,4e-4,2.2507,0.1407,0.1008,1.78
2020-02-06,0.034300000000000004,0.931,0.6108,0.801,3.67
2020-02-07,0.1836,0.2111,0.013600000000000001,1.7214,0.07
2020-02-08,0.0102,0,0,0.0011,0
2020-02-09,7e-4,0,0,1e-4,0
2020-02-10,0.032100000000000004,2.0216,2.2403,0.1108,0.8300000000000001
2020-02-11,0.0217,1.0115,1.4101,0.2603,0.69
2020-02-12,1e-4,1.0016,1.8506,0.07010000000000001,0.08
2020-02-13,0.052700000000000004,1.5404,0.0408,0.1305,0.8
2020-02-14,0.01,2e-4,0,0,0
2020-02-15,0,0,0,0,0
2020-02-16,0,2e-4,1e-4,0,0
2020-02-17,0,0,0,0,0
2020-02-18,0.0019,0.5509000000000001,0.8411,1e-4,0.39
2020-02-19,0.0402,1e-4,0,1e-4,0.05
2020-02-20,0,0.3006,0,0,0
2020-02-21,0.01,0,0,0,0
2020-02-22,0,0,0,0,0
2020-02-23,0,3.0000000000000003e-4,0,0,0
2020-02-24,0,0.9709,1.9108,0,0.28
2020-02-25,0,0.0706,0.1402,0.1007,0.13
2020-02-26,9.000000000000001e-4,0.011300000000000001,0.0207,0,0.1
2020-02-27,0.031,0.011000000000000001,3.0000000000000003e-4,0.5706,0
2020-02-28,4e-4,6.000000000000001e-4,2e-4,0,0.01
2020-02-29,1e-4,0.18,0.0102,0,0.05
2020-03-01,0,0,0,0,0
2020-03-02,3.0000000000000003e-4,0.6707000000000001,1.2101,3.0000000000000003e-4,0.33999999999999997
2020-03-03,2e-4,0.6902,2.1006,0.9206,1.05
2020-03-04,0.0208,0,0,0.0403,0
2020-03-05,0,0,0,0,0
2020-03-06,4e-4,0,0,0.0102,0
2020-03-07,0,0,0,0,0
2020-03-08,0,0,0,0,0
2020-03-09,0,0,1e-4,0,0
2020-03-10,0,0.4109,0.3505,0.0305,0.18
2020-03-11,2e-4,0.0301,0.0303,0.05,0
2020-03-12,0,0,0.2601,0,0
2020-03-13,0.0212,0.11019999999999999,0,0.38,0.41000000000000003
2020-03-14,0,0.1703,0.6901,0.030100000000000002,0.15
2020-03-15,0,0.2804,0.06,0.3802,0.14
2020-03-16,0,0.0101,0.1003,0,0
2020-03-17,0.0016,1.8407,2.2303,0.0101,0.31
2020-03-18,0,0.9802000000000001,2.5402,0.0301,0.08
2020-03-19,0.0222,0.2703,0.2202,0.5805,0.08
2020-03-20,0.0105,1.1406,2.3901,0.02,1.06
2020-03-21,0,5e-4,0,0,0.16999999999999998
2020-03-22,0,0.0402,0.0402,0,0
2020-03-23,9.000000000000001e-4,1.1307,0.7401,0.0714,0.46
2020-03-24,0.0216,2.1707,2.2006,0,0.44
2020-03-25,0,0,0,0.7003,0.56
2020-03-26,0,0,0,0,0
2020-03-27,2e-4,0,0,0.0104,0
2020-03-28,0,0,0,1.581,0
2020-03-29,0.0825,0.9202,3.16,0.0702,0.6799999999999999
2020-03-30,0.0318,0,0,0,0
2020-03-31,0.0407,0.9004000000000001,0.5902000000000001,0,0.9500000000000001
2020-04-01,0,0,0,0.4504,0.02
2020-04-02,0.0013000000000000002,0,0,0,0
2020-04-03,0.0322,0,1e-4,0,0
2020-04-04,0.031200000000000002,1e-4,0.02,0,0
2020-04-05,0,0,2e-4,1e-4,0
2020-04-06,0,0,0,2e-4,0
2020-04-07,0,2e-4,0,0.2006,0
2020-04-08,5e-4,0,0,0.19010000000000002,0
2020-04-09,5e-4,0.2701,2.0002,0.5506,0
2020-04-10,0,0,0,0.10010000000000001,0
2020-04-11,0,0,0,0,0
2020-04-12,0,5.5,1.6707,3.0000000000000003e-4,1.3
2020-04-13,0.0208,1.1204,0.9500000000000001,1.311,1.04
2020-04-14,0,3.0000000000000003e-4,0,0.0102,0
2020-04-15,0,0,0,0.18030000000000002,0
2020-04-16,9.000000000000001e-4,0,0,0,0
2020-04-17,0,0,0.0101,1e-4,0
2020-04-18,0.002,0.6106,0.4607,0.1104,0.35000000000000003
2020-04-19,0,0.0205,0.1702,0,0
2020-04-20,0,0.5102,0,0,0.28
2020-04-21,4e-4,0.1,0.0101,4e-4,0
2020-04-22,1e-4,1e-4,0,0,0
2020-04-23,0,1.0406,0.5405,0.2901,0.19
2020-04-24,0.011300000000000001,0.0403,0.0303,0.6011,0.43
2020-04-25,0,0.6805,1.9203000000000001,0,0.26
2020-04-26,5e-4,2e-4,0.25,1.1217,0.22
2020-04-27,0.0317,0,0,0.1108,0
2020-04-28,2e-4,0.03,0.0103,0.1902,0
2020-04-29,0,0.1907,1.2101,1e-4,1.1
2020-04-30,1e-4,0,2e-4,2.1409,0.04
2020-05-01,7e-4,0,0,0.03,0.01
2020-05-02,0.020300000000000002,0,0,0,0
2020-05-03,1e-4,0.4902,2.8701,2e-4,0.07
2020-05-04,1e-4,3.0000000000000003e-4,0.030100000000000002,0.6901,0.2
2020-05-05,0,0.48050000000000004,0.5801000000000001,2e-4,0.14
2020-05-06,0,0.0202,0.0802,0.721,0.02
2020-05-07,5e-4,0,0,0.0103,0
2020-05-08,2e-4,0.5301,2.1201,1.5402,0.37
2020-05-09,0.032600000000000004,0,0,3.0000000000000003e-4,0.02
2020-05-10,0,0,0,0,0
2020-05-11,0.0307,0,0,7e-4,0
2020-05-12,0.0103,5e-4,0.0501,0,0
2020-05-13,0,0.1306,1.1704,0,0.08
2020-05-14,0,0,0,0.01,0
2020-05-15,4e-4,0,0.050100000000000006,0.02,0
2020-05-16,0.0705,0,0,0,0
2020-05-17,0,2e-4,3.0000000000000003e-4,0.2301,0
2020-05-18,5e-4,0.0309,0.7105,0,0.04
2020-05-19,0,0.3303,0.0504,0,3.08
2020-05-20,0,0.030699999999999998,0,0,0.14
2020-05-21,0,0.0204,0.03,0,0
2020-05-22,0,0.27,2e-4,1.0605,0.02
2020-05-23,0,0.0802,0.01,0.1706,0.02
2020-05-24,0,2e-4,0,0,0
2020-05-25,2e-4,0.0801,0.55,0,0.05
2020-05-26,0,0.1501,1e-4,0,0.51
2020-05-27,0,1.4005,0.4214,0,0.04
2020-05-28,0,0.1003,0.1304,0.191,0.03
2020-05-29,0,0.0801,0.0303,0.09,0
2020-05-30,1e-4,1e-4,0,0,0
2020-05-31,0,0,0,0,0
2020-06-01,0,0,0,0,0
2020-06-02,0,0,0,4e-4,0
2020-06-03,0,3.0000000000000003e-4,0,0,0
2020-06-04,0,0.8400000000000001,0.01,3.0000000000000003e-4,0
2020-06-05,0,0.8704,4.0501000000000005,0.8605,0.28
2020-06-06,4e-4,0,0,0,0
2020-06-07,5e-4,0,0,0.0101,0
2020-06-08,0,0,0,0,0
2020-06-09,1e-4,0.0806,1.3912,0,0.04
2020-06-10,0,0,3.0000000000000003e-4,3.0000000000000003e-4,0.01
2020-06-11,0.0703,0,0,0.1203,0
2020-06-12,0,0,0,0,0
2020-06-13,0,0,0,0,0
2020-06-14,0,1e-4,0.0201,0.0103,0.09
2020-06-15,0,0,0,0,0
2020-06-16,0,0,0,0,0
2020-06-17,0,0,0,0.3201,0
2020-06-18,0,0,3.0000000000000003e-4,0.6706,0
2020-06-19,0,1e-4,0,2e-4,0.43000000000000005
2020-06-20,0,0,0,0.65,0
2020-06-21,0,2.3506,1.3505,0,0.44
2020-06-22,0,1e-4,0.8306,4e-4,0.15
2020-06-23,0,1.4902,0.5001,3.6502,0.32
2020-06-24,0.040100000000000004,0,0,3.0000999999999998,0
2020-06-25,0,0.0102,0,1.04,0
2020-06-26,0,0,0,0.44,0
2020-06-27,0,2e-4,1.89,0,0
2020-06-28,3.0000000000000003e-4,3.0000000000000003e-4,0,2e-4,1.59
2020-06-29,0.2403,0.0103,0.0202,0,0.06999999999999999
2020-06-30,0.07100000000000001,4.1304,0.8305,0,0.14
2020-07-01,0.5007,0.3303,0.0205,0.84,0.01
2020-07-02,1e-4,0,0,0,0.01
2020-07-03,2e-4,0,0,0,0
2020-07-04,0,0,0,0,0
2020-07-05,0,0.4202,1.0102,0,0.79
2020-07-06,5e-4,0,0.49,4e-4,0
2020-07-07,0,0,0,0.03,0
2020-07-08,0,1e-4,2.1502,0,0
2020-07-09,0,0,0,0,0.11
2020-07-10,0,0,0,0,0
2020-07-11,5e-4,0,0,0.0304,0
2020-07-12,1e-4,1.8101,5.3607000000000005,0.15030000000000002,0
2020-07-13,1.8002,1e-4,0,5e-4,0
2020-07-14,1.6402,0,0,0.01,0
2020-07-15,0.021,0,0,0,0
2020-07-16,0,0,4.36,0.030100000000000002,0.01
2020-07-17,0.0103,0,0,0.0104,0
2020-07-18,0,0,0,0,0
2020-07-19,0,0,0,0,0
2020-07-20,0,0,1.2203000000000002,0,0.16
2020-07-21,0,0.0603,0.2104,0.0803,0
2020-07-22,0,0.1603,4e-4,0.5203000000000001,0.24000000000000002
2020-07-23,1.6208,0.0405,0.1601,2e-4,0.05
2020-07-24,3.0000000000000003e-4,0,1.1900000000000002,0.6704,0
2020-07-25,0,0.1603,0.0102,1e-4,0
2020-07-26,0,0.57,0.33999999999999997,0,0.02
2020-07-27,0,0,0,0,0
2020-07-28,1e-4,0.41000000000000003,0,0,0
2020-07-29,0,2.5703,3.8501999999999996,0,0.03
2020-07-30,4e-4,0.1703,4.8802,1e-4,0.29
2020-07-31,0,2.5006,0.2902,0.42110000000000003,0.51
2020-08-01,0,1.1106,3.5212,0.0102,0
2020-08-02,3.0000000000000003e-4,0,0,4e-4,0
2020-08-03,1e-4,0,0.13,0.08020000000000001,0
2020-08-04,5e-4,0,0,1.1405,0
2020-08-05,0,0,0,0,0.02
2020-08-06,0,0,0,0.0304,0.63
2020-08-07,0,0,0,0.2505,0
2020-08-08,0,0,0,2e-4,0
2020-08-09,0,0,0.03,0,0
2020-08-10,0,0.12,0,0,1.35
2020-08-11,0,0,0.1104,1e-4,0.31
2020-08-12,0,0.17020000000000002,2.6702,0.9501000000000001,0
2020-08-13,0,0,0.7801,0.1907,0.12
2020-08-14,0,0.8102,1.7505,0,0.060000000000000005
2020-08-15,1e-4,0.0304,1e-4,0.0911,0.34
2020-08-16,0,1e-4,0,0.2106,0
2020-08-17,0.001,0,0,0,0
2020-08-18,0.6601,0,1e-4,0,0
2020-08-19,0,0,0,1e-4,0.02
2020-08-20,0,0,0,0,0.77
2020-08-21,0,0.6706,0.4404,0,0.11
2020-08-22,3.0000000000000003e-4,2.6204,0.0602,0.49060000000000004,0.29
2020-08-23,5e-4,0.03,0,0.22000000000000003,0
2020-08-24,0,1.15,0,0.08020000000000001,0.02
2020-08-25,1e-4,0,0,0.1003,0
2020-08-26,0,0,1e-4,0,0
2020-08-27,3.0000000000000003e-4,0,1e-4,0,0
2020-08-28,0,2.4605,1.4204,0.0204,0.08
2020-08-29,3.0000000000000003e-4,0.5207,2.34,0.9814,0.36
2020-08-30,3.0000000000000003e-4,1.9802,0.1502,0,0
2020-08-31,0,1.5507,1.3407,1.8002,0.29
2020-09-01,0,0.2202,0.2201,0.08070000000000001,0
2020-09-02,0.1215,0.0101,1.8914,0.2604,0.17
2020-09-03,0.041,0.07,3.4602999999999997,0.2804,0.04
2020-09-04,0,0,0,2e-4,0
2020-09-05,0,0,0,0,0
2020-09-06,0,0,0,0,0
2020-09-07,0,0,0,0,0
2020-09-08,0,0,0,0,0
2020-09-09,0,0,0,0,0
2020-09-10,0.7006,0,0,0.321,0
2020-09-11,0.01,0,0,0,0
2020-09-12,0,0.6402,0.0204,2e-4,0
2020-09-13,0,8.9304,1e-4,5e-4,0.4
2020-09-14,2e-4,0,0,0,0
2020-09-15,0,0,0,0,0
2020-09-16,0,1e-4,0,0,0
2020-09-17,0,0,0,0,0
2020-09-18,0,0,0,0,0
2020-09-19,0,0,0,0,0
2020-09-20,0,0,0,0,0
2020-09-21,0,0,0,0,0
2020-09-22,0,0,0,0,0
2020-09-23,0,0.0106,0.060200000000000004,0,0
2020-09-24,0,0.0405,0.4007,0,0.17
2020-09-25,0,3.0000000000000003e-4,0.0204,0,0.46
2020-09-26,0,0,0,0.0402,0
2020-09-27,1e-4,0,0,0,0
2020-09-28,0.0401,0.2609,0.6705,0,0.78
2020-09-29,2e-4,0,0,1.4403,0.31
2020-09-30,0.39030000000000004,0,0,0.5700000000000001,0.02
2020-10-01,0,0,0,0,0
2020-10-02,7e-4,0,0,0.0103,0
2020-10-03,0,0,0,1e-4,0
2020-10-04,0,0,0,0,0
2020-10-05,0,0,0,0.0101,0
2020-10-06,0,0,0,0,0
2020-10-07,0.01,0,0,0,0
2020-10-08,0,0,0,0,0
2020-10-09,0,1e-4,2e-4,0,0
2020-10-10,0,1.1303,0.5006,0,0.41000000000000003
2020-10-11,0,1.1609,0.5908,0.3503,0.67
2020-10-12,0,0.20040000000000002,0,2.8804,0
2020-10-13,3.0000000000000003e-4,0.02,0,0.1201,0.16
2020-10-14,0,0,0,0,0
2020-10-15,0,1e-4,0.2802,0,0
2020-10-16,0,0.1106,0.04,0,0.09
2020-10-17,0.26030000000000003,0,0,0,0
2020-10-18,0,0.0102,0.9703,0,0
2020-10-19,0,0,3.2601,0,0
2020-10-20,1e-4,0,0,0,0
2020-10-21,5e-4,0,0,0,0
2020-10-22,0,0,0,0,0
2020-10-23,7e-4,4e-4,0.4802,0,0
2020-10-24,0,1.7507,0.121,0.0101,0.25
2020-10-25,0,0.0101,0.1703,0.0913,0
2020-10-26,0.0219,0.0108,0,0.02,0
2020-10-27,1e-4,4e-4,0,0,0
2020-10-28,0.5411,1.1305,1.8508,0,0.9400000000000001
2020-10-29,0.0105,0.4508,2.9511000000000003,2.3009,0.39
2020-10-30,0,0.0304,0.0707,0.12090000000000001,0
2020-10-31,0.16,0,0,0,0
2020-11-01,0.0106,3.0000000000000003e-4,0,2e-4,0
2020-11-02,0.1304,0,0,0,0
2020-11-03,6.000000000000001e-4,0,0,0,0
2020-11-04,0,0,0,0,0
2020-11-05,0,0,0,0,0
2020-11-06,0,0,0,0,0
2020-11-07,0,0,0,0,0
2020-11-08,0,0,0,0,0
2020-11-09,0,0,0,0,0
2020-11-10,0,3.0000000000000003e-4,0.2011,0,0
2020-11-11,1e-4,0.16090000000000002,0.4802,2.8807,0.93
2020-11-12,5e-4,0,0,0.522,0
2020-11-13,0.0303,0,0,0,0
2020-11-14,1e-4,0,0.1201,0,0
2020-11-15,0,0.2704,1.6202,0.5102,0.19
2020-11-16,0.2303,0,0,0,0
2020-11-17,0,0,0,3.0000000000000003e-4,0
2020-11-18,1e-4,0,0,1e-4,0
2020-11-19,0,0,0,0,0
2020-11-20,2e-4,0,3.0000000000000003e-4,0,0
2020-11-21,0,0,0,1e-4,0
2020-11-22,3.0000000000000003e-4,0.0706,0.0819,0,0
2020-11-23,2.0209,0,2e-4,0.8403,0.14
2020-11-24,0,0,0,0,0
2020-11-25,0,0.0403,0.5408000000000001,0,0.21000000000000002
2020-11-26,1.5012,0,0,6.000000000000001e-4,0
2020-11-27,0.01,0,0,0,0
2020-11-28,0,0,0,0,0
2020-11-29,0,0.0101,0.0102,0,0
2020-11-30,1.5901,1.3315000000000001,0.7727,2.02,0.71
2020-12-01,0.7804,7e-4,2e-4,2e-4,0.02
2020-12-02,1e-4,0,0,0,0
2020-12-03,0,0.02,0.0102,0,0
2020-12-04,0,1.2709,0.1105,0.2805,1.12
2020-12-05,1.601,0,0,0.5604,0
2020-12-06,0.8607,0,0,0,0
2020-12-07,0,0,0,0,0.02
2020-12-08,1e-4,0,0,0,0
2020-12-09,5e-4,0,0,0,0
2020-12-10,0,0,0,0,0
2020-12-11,0,0,0,0,0
2020-12-12,0.6504,0.1303,0.1804,0,0.15
2020-12-13,0.5307000000000001,0,1e-4,0,0
2020-12-14,0.0112,1.7701,2.88,1.4802,1.02
2020-12-15,1e-4,0,0,0,0
2020-12-16,0,0.3308,0.2804,0.0031000000000000003,0.31
2020-12-17,0.0045000000000000005,0.0105,0,0,0
2020-12-18,0.01,0,0,0.001,0
2020-12-19,0.01,0.0102,0.0302,0,0
2020-12-20,0.0017000000000000001,0.3802,0.5901,0,0.14
2020-12-21,0.13,0,0,0,0
2020-12-22,0,0,0,0.040799999999999996,0
2020-12-23,0,0,1e-4,0,0
2020-12-24,0,1.2405,2.0003,0.0107,0.79
2020-12-25,0.8310000000000001,0.0207,8e-4,0,0
2020-12-26,0,0,0,0,0
2020-12-27,0,0,0,0,0
2020-12-28,0,0,3.0000000000000003e-4,0,0
2020-12-29,0,0,0,0,0
2020-12-30,0,0,0.4601,0,0
2020-12-31,0.0102,0,2.8605,0.0204,0.29
2021-01-01,0,0.9302,1.8902,2.0802,0.09
2021-01-02,1.8719000000000001,0,0,0.5029,0
2021-01-03,2e-4,0.061200000000000004,0.1004,0.3407,0.03
2021-01-04,6.000000000000001e-4,0,0,0,0
2021-01-05,9.000000000000001e-4,0,0,0.1606,0
2021-01-06,0.001,0,0,0,0
2021-01-07,0,0,0,0,0
2021-01-08,0,3.0000000000000003e-4,6.000000000000001e-4,0,0.06
2021-01-09,0,0,0,0,0
2021-01-10,0,0,0,0,0
2021-01-11,0,0.0013000000000000002,0,0,0.05
2021-01-12,0,0.0309,0,0,0
2021-01-13,0,0,0,0,0
2021-01-14,0.0313,0,0,1e-4,0
2021-01-15,0.01,0.0403,0.0907,0.13010000000000002,0.05
2021-01-16,0.8412000000000001,6.000000000000001e-4,0.0018000000000000002,0.0304,0.04
2021-01-17,0,0,0,0,0
2021-01-18,0,0,1e-4,0,0
2021-01-19,0,0,0,0,0
2021-01-20,0,0,0,2e-4,0
2021-01-21,0.0011,0.2505,0.2201,0,0.12
2021-01-22,2e-4,0,0,0,0
2021-01-23,6.000000000000001e-4,0,0,1e-4,0
2021-01-24,0,0.0405,0.031,0,0
2021-01-25,0,0.9408,7.2103,0.0601,0.6
2021-01-26,7e-4,2.2,0,0.3905,0.32
2021-01-27,0.1133,0.0303,0.0216,0,0
2021-01-28,0.0111,3.0000000000000003e-4,2e-4,0,0
2021-01-29,2e-4,0,0,2e-4,0
2021-01-30,0,0.0106,0.0107,0,0.05
2021-01-31,0,0.3707,0.6103,0.9812000000000001,0.27
2021-02-01,0.0014,0.032100000000000004,0.0021000000000000003,0.265,0.01
2021-02-02,0.013900000000000001,0,0,0.0122,0
2021-02-03,0.0102,0,0,9.000000000000001e-4,0
2021-02-04,9.000000000000001e-4,1e-4,0.3407,0,0
2021-02-05,0.0115,0.22,0.25,2e-4,0.21
2021-02-06,0,0,0,0,0
2021-02-07,0.002,0.3003,0.13040000000000002,0.2813,0.3
2021-02-08,7e-4,0,0,0,0.05
2021-02-09,0.0043,0,3.0000000000000003e-4,0,0
2021-02-10,7e-4,2e-4,0.2515,0.0507,0
2021-02-11,1e-4,0.5306,0.8012,0.5922000000000001,0.47000000000000003
2021-02-12,0,0,0,0,0
2021-02-13,0,3.0000000000000003e-4,0,0.0407,0
2021-02-14,0,9.000000000000001e-4,0,0,0
2021-02-15,0.0015,1.4729,0.8034,0.0106,0.37
2021-02-16,0.5731,0.1115,0.0134,0.6004,0.19
2021-02-17,5e-4,0.0906,0.0211,0,0
2021-02-18,4e-4,0.3916,0.2324,1.2015,0.43
2021-02-19,0.0437,0,0,0.0319,0
2021-02-20,0.0022,0,0,4e-4,0
2021-02-21,2e-4,0,0,0,0
2021-02-22,0.0709,0.15030000000000002,0.1805,0.391,0.5
2021-02-23,0.0819,0,0,0,0
2021-02-24,0,0,1e-4,0,0
2021-02-25,2e-4,2e-4,2e-4,0,0
2021-02-26,0,0.1802,0.0302,1e-4,0.2
2021-02-27,0.212,1.3707,0.7903,0.4809,0.56
2021-02-28,0,1.3106,3.551,1.8307,0.8200000000000001
2021-03-01,0.2214,2.4405,5.2903,0.4603,1.57
2021-03-02,0.001,0,0,0,0
2021-03-03,0,0,0,0,0
2021-03-04,0,0,0,0,0
2021-03-05,0,0,0,0,0
2021-03-06,0,0,0,0,0
2021-03-07,0,0,0,0,0
2021-03-08,0,0,0,0,0
2021-03-09,1e-4,0,0,0,0
2021-03-10,0,0,0,0,0
2021-03-11,0,0,0,2e-4,0
2021-03-12,0,0.2304,1.2403,0.0104,0.17
2021-03-13,1e-4,0.3506,1.7105000000000001,0,0.02
2021-03-14,5e-4,0.0104,0,0,0
2021-03-15,2e-4,0.26030000000000003,1.33,0,0.1
2021-03-16,0,0,0,0.0103,0
2021-03-17,0,1.1903,2.9102,0,0.31
2021-03-18,0.2005,1.0308,0.6102,1.0905,0.67
2021-03-19,0.07050000000000001,5e-4,8e-4,0.0304,0.08
2021-03-20,0,0,0,0,0
2021-03-21,0,0,0,0,0
2021-03-22,0,0,0,0,0
2021-03-23,0,3.0000000000000003e-4,0.08,0,0
2021-03-24,0,0,0,0.2202,0
2021-03-25,0.0707,1.6502000000000001,1.5404,2e-4,0.9400000000000001
2021-03-26,0.030600000000000002,2.4001,0.0601,1e-4,0.13999999999999999
2021-03-27,0,3.2411,0.9204,0,1.9300000000000002
2021-03-28,0.3103,20.35,4.0802000000000005,1.0506,3.22
2021-03-29,0.0803,0,0,0,0
2021-03-30,0,1e-4,0.0101,0,0
2021-03-31,3.0000000000000003e-4,3.1206,2.17,0.9902,0.98
2021-04-01,0.1423,0,0,0.5707,0
2021-04-02,0,0,0,0,0
2021-04-03,0,0,0,0,0
2021-04-04,0,0,0,0,0
2021-04-05,0,0,0,0,0
2021-04-06,0,0,0,0,0
2021-04-07,0,0,0,0,0
2021-04-08,0,0.48009999999999997,0.9600000000000001,0,0.46
2021-04-09,0,0,0,0.5703,0.01
2021-04-10,0,0.2404,0.1402,0,0.13
2021-04-11,0,0,0,3.1701,0
2021-04-12,4e-4,0,0,0.1303,0
2021-04-13,0,1e-4,0.0204,0.07,0.01
2021-04-14,0,3.0000000000000003e-4,0.0102,0.1203,0.02
2021-04-15,0.0107,0,0,0.020300000000000002,0
2021-04-16,1.1612,0,0,0,0
2021-04-17,0.0323,2e-4,0.01,0,0
2021-04-18,1e-4,0,0,0,0
2021-04-19,2e-4,0.0101,0.0201,0,0
2021-04-20,1e-4,0,0,0,0
2021-04-21,0.4703,0.0801,0.26030000000000003,2e-4,0.02
2021-04-22,1e-4,0,0,0,0
2021-04-23,0,0.0703,4e-4,1e-4,0
2021-04-24,0,0.3504,2.2606,0.0103,0.52
2021-04-25,0.07050000000000001,2e-4,6.000000000000001e-4,0.8604,0.12
2021-04-26,0,0,0,0,0
2021-04-27,0,0,0,0,0
2021-04-28,0.2506,2.3008,1.0403,0,0
2021-04-29,1.4001000000000001,0.7805,0.8104,0.2104,0.39
2021-04-30,1.2007,0.03,0,0.0802,0.33999999999999997
2021-05-01,5e-4,0,0,0,0
2021-05-02,4e-4,0.030100000000000002,0.0901,0,0
2021-05-03,0,4.7802,2.2005,3.9104,0.12
2021-05-04,0.3106,0.9107000000000001,0.9402,0.13040000000000002,0.9400000000000001
2021-05-05,2.9804,0.7902,0.36,0.6304,0.03
2021-05-06,0.041,0.5801000000000001,0.8200000000000001,0,0
2021-05-07,0,2e-4,0.1701,0.0104,0.01
2021-05-08,0,0,0,0.3801,0
2021-05-09,0,0.6202,4.4003,0.0202,0.91
2021-05-10,0.3202,0.0903,0,0.0104,0.7000000000000001
2021-05-11,0,0,0,0,0
2021-05-12,3.0000000000000003e-4,0.0102,2e-4,0,0
2021-05-13,0,0,0,0,0
2021-05-14,1e-4,0,0,0,0
2021-05-15,0,0,0,0,0
2021-05-16,0,0.0202,0.0201,2e-4,0
2021-05-17,0,0,0,0,0
2021-05-18,1e-4,0,0.0701,0,0
2021-05-19,0,2e-4,2e-4,0,0
2021-05-20,0,0,6.000000000000001e-4,0,0
2021-05-21,3.0000000000000003e-4,0,1e-4,0,0
2021-05-22,0,0,0,0,0
2021-05-23,1e-4,0,0,0,0
2021-05-24,0,0,0,0.851,0
2021-05-25,0,0,0,2e-4,0
2021-05-26,2e-4,0.5402,0.0506,0.4101,0
2021-05-27,0,0,0,1e-4,0.06
2021-05-28,0,1.4306,0.6902,0.9003,1.4400000000000002
2021-05-29,0.132,0.6206,1e-4,0.4114,0.04
2021-05-30,0.1605,0,0,0.0103,0
2021-05-31,0.1809,0,0,0,0
2021-06-01,0,2e-4,0.0101,0,0
2021-06-02,0,1.8005,5.6201,0,0.04
2021-06-03,1e-4,0.07010000000000001,2.5102,0.1106,0.9400000000000001
2021-06-04,4e-4,0,0,0,0.03
2021-06-05,3.0000000000000003e-4,0,0,0,0
2021-06-06,0,0.0211,4.930400000000001,0,0.01
2021-06-07,0,4e-4,0.22010000000000002,0,0.15
2021-06-08,0,0,0.0206,1e-4,0.05
2021-06-09,0,1.1405,0.040100000000000004,0.0105,0.11
2021-06-10,0,0.2303,0.01,3.0000000000000003e-4,0.37
2021-06-11,0,0.46030000000000004,1.7901,1.9416000000000002,0.15
2021-06-12,2e-4,1e-4,0.01,0.0404,0.81
2021-06-13,0,0,0.0102,2.6502,0
2021-06-14,0,0,0,0,0
2021-06-15,0,0,0,0.1302,0
2021-06-16,0,0,0,0,0
2021-06-17,0,0,0,0,0
2021-06-18,0,0,0,0,0
2021-06-19,0,0,0,0.0102,0
2021-06-20,0,0,0,0,0
2021-06-21,0,0.13,0.2203,3.7203,0.2
2021-06-22,0,0.0102,0,1.7007,0.91
2021-06-23,0,0,0,0,0
2021-06-24,0,0,0,0,0
2021-06-25,0,0,2e-4,0,0
2021-06-26,0,0,0,0,0
2021-06-27,0,0,0,0,0
2021-06-28,0,0.0902,0,0,0
2021-06-29,0,0,4.1102,0,0.24
2021-06-30,0,2e-4,1e-4,0.7405,0
2021-07-01,0,0.7303,2.9201,1.8208,1.19
2021-07-02,0,0.0101,0,0.1201,0.54
2021-07-03,0,0,0,0,0
2021-07-04,0,0,0,0.54,0
2021-07-05,0,0,0,0,0
2021-07-06,0,0,0,0,0
2021-07-07,0,0.8101,0,2e-4,0.01
2021-07-08,0.0901,0,0.51,0.0405,0
2021-07-09,2.9006,2e-4,0,0.33,0.13
2021-07-10,0.1804,0,4.65,0,0.3
2021-07-11,3.0000000000000003e-4,0.7905,2.1701,0.0701,0.16
2021-07-12,1.5906,3.0000000000000003e-4,0.031,0.0903,0.42000000000000004
2021-07-13,0.3509,0.0305,0.5504,0,0
2021-07-14,0.0103,0,0,0,0
2021-07-15,1e-4,0,0,0,0
2021-07-16,0,0.01,0.0101,0,0.3
2021-07-17,0.0805,1e-4,1e-4,3.4003,0.45
2021-07-18,3.6711,7.2902000000000005,0.0804,0.0101,1.16
2021-07-19,0.1721,0,0,0,0.09
2021-07-20,0,0,0,0,0
2021-07-21,0.13,0,0,0.0502,0
2021-07-22,0,0,0,0,0
2021-07-23,2.0101,0,0,0,0
2021-07-24,0,0,0,0,0
2021-07-25,0.2101,3.1802,0.060200000000000004,2e-4,0
2021-07-26,0,0.34040000000000004,2.24,0,0.44
2021-07-27,0.7000000000000001,0,0,0,0
2021-07-28,0.5803,0,0,0,0
2021-07-29,0.28,0,0,2e-4,0
2021-07-30,7.9403,0,0,0,0.35
2021-07-31,0,0,0,0,0
2021-08-01,0,8.7101,0.51,0.0105,1.3
2021-08-02,0.020300000000000002,0,0,0.01,0
2021-08-03,0,0,0,0,0
2021-08-04,0,0,0,0,0
2021-08-05,0.28150000000000003,0,0,0,0
2021-08-06,0,0,0,0,0
2021-08-07,0,0.01,0,0,0
2021-08-08,0,0,0,0,0
2021-08-09,0,0.1201,0.08020000000000001,1e-4,1.87
2021-08-10,2.1002,0,0,0.2804,0.45
2021-08-11,0,0,0,0.3102,0
2021-08-12,0,1e-4,0,0,0
2021-08-13,0,0.6606,0,0.1404,0.13
2021-08-14,0,0,2.5303,0.08020000000000001,0.24
2021-08-15,0,0.6702,0,1e-4,0
2021-08-16,0,0.0106,0,0.9903,0.14
2021-08-17,0,0,0,0.2809,0.43
2021-08-18,4e-4,0.5503,0.0105,0.46040000000000003,0.26
2021-08-19,1.9611,0.4102,0.0504,0,0.18
2021-08-20,0.5506,0.1,0,1.1208,0.09
2021-08-21,0,1.2003,9.4808,0,0
2021-08-22,0.4207,5.34,0.04,2e-4,0.1
2021-08-23,2.9307,0,0,1e-4,0
2021-08-24,0.1807,0,0,0,0
2021-08-25,0,0,0,4e-4,0
2021-08-26,0,2e-4,0,3.0000000000000003e-4,0.04
2021-08-27,0,4e-4,1.3502,0,0
2021-08-28,1e-4,0.54,0,11.270199999999999,0.16
2021-08-29,4e-4,0.25,0,0.0206,0
2021-08-30,1e-4,0.4904,0.5301,1e-4,1.52
2021-08-31,0,3.1302,6.0603,4e-4,0.66
2021-09-01,0.1607,0.060000000000000005,0,6.6606000000000005,0.63
2021-09-02,4.9801,0,0,0,0
2021-09-03,0,0,0,0,0
2021-09-04,0,0,0,0,0
2021-09-05,4e-4,0.0402,0.7708,0.0706,0.16
2021-09-06,5e-4,0,0,0.0205,0
2021-09-07,0,0,0,0,0
2021-09-08,0,0.0101,0.5704,0,0
2021-09-09,2.5411,0,0,0.6714,0
2021-09-10,0.7901,0,0,0,0
2021-09-11,0,0,0,0,0
2021-09-12,0,0,0,0,0
2021-09-13,1.8302,0,0,0,0
2021-09-14,0,0.030199999999999998,1e-4,0,0
2021-09-15,0.0101,0.6602,1.33,0.0801,0.26
2021-09-16,0.1602,0,0,0.7309,0.01
2021-09-17,0,0.6608,3.2202,0,0
2021-09-18,0,1.11,0.1402,2e-4,2.04
2021-09-19,0.09029999999999999,1.7305,0.0702,0,0
2021-09-20,0,4.8507,0.1203,0,0.46
2021-09-21,0,0.19,0.19,4e-4,0.16
2021-09-22,0.1704,1.3201,1.7407000000000001,0.6716,1.1500000000000001
2021-09-23,0.0204,0,0,6.2503,0
2021-09-24,1.7022,0,0,0,0
2021-09-25,0,1e-4,0.0101,0,0
2021-09-26,2e-4,0,0,1e-4,0
2021-09-27,0.0102,0,0,0,0
2021-09-28,0.5401,0,0,0.0204,0
2021-09-29,0,0,0,0,0
2021-09-30,1e-4,0,0,0,0
2021-10-01,0,0,0,0,0
2021-10-02,0,0.0601,1.6202,0,0
2021-10-03,0.0204,4.0807,0.3107,2e-4,2.9299999999999997
2021-10-04,1.4108,0,0,0.0405,0.01
2021-10-05,0.9002,1.7402,0.060200000000000004,1e-4,0.05
2021-10-06,0,0.8107,2.0803000000000003,5e-4,0.01
2021-10-07,0,0.24,0.0201,0.05,0.59
2021-10-08,0,0,0,0,0
2021-10-09,0,0,0,0,0
2021-10-10,0,0,0,0.2208,0
2021-10-11,2e-4,0,0.01,4e-4,0
2021-10-12,0,0.0201,0.05,0,0
2021-10-13,0,0,0,0,0
2021-10-14,0,0,0,0,0
2021-10-15,0,0.0907,0.5001,0,0.04
2021-10-16,3.0000000000000003e-4,0.3604,0.0305,0.84,0.62
2021-10-17,1.12,0,0,0,0
2021-10-18,0,0,0,0,0
2021-10-19,0,0,0,0,0
2021-10-20,0,0,0,0,0
2021-10-21,2e-4,0.1101,2e-4,0,0.23
2021-10-22,0,0,0,0.2701,0
2021-10-23,0,0,3.0000000000000003e-4,0.0104,0
2021-10-24,0,0,0,1e-4,0
2021-10-25,0.6511,1.8501,2.4011,0.0402,1.04
2021-10-26,1.0713,0,0,0.0803,0.02
2021-10-27,0.3614,0,0,2e-4,0
2021-10-28,0.0403,0.2207,0.5306,0,0.04
2021-10-29,0,0.3604,0.4719,3.7811,0.23
2021-10-30,1.4005,0.1405,0.1802,0.020900000000000002,0.84
2021-10-31,2.1906,1e-4,0,4e-4,0.15
2021-11-01,0,0,0,0,0
2021-11-02,1e-4,3.0000000000000003e-4,0.0104,0.0805,0
2021-11-03,6.000000000000001e-4,0,0,0,0
2021-11-04,0,0,0,0,0
2021-11-05,0,0,0,0,0
2021-11-06,0,0,0,0,0
2021-11-07,0,0,0,0,0
2021-11-08,0,0,0,0,0
2021-11-09,0,0,0,0,0
2021-11-10,3.0000000000000003e-4,0,0,0,0
2021-11-11,0,1.35,0.8005,0,0.31
2021-11-12,3.4906,0,2e-4,4.5601,0.02
2021-11-13,0.79,2e-4,4e-4,2e-4,0.05
2021-11-14,2e-4,0,0.0101,0,0
2021-11-15,0.1104,0,0,0,0
2021-11-16,0,0,0,0,0
2021-11-17,0,0,1e-4,0,0
2021-11-18,0,0.3,1.8203,0.0103,0.45
2021-11-19,0.2604,0,0,2e-4,0
2021-11-20,0,0,0,0,0
2021-11-21,0,0.6403,2.2002,0,0.08
2021-11-22,0.21030000000000001,0.0701,0,0.0402,0.09
2021-11-23,0,0,0,0,0
2021-11-24,0,0,0,0,0
2021-11-25,0,0.4403,0.34,0,0.11
2021-11-26,0.17120000000000002,0.0903,0,0.0101,0.23
2021-11-27,0.2505,0,0,0,0
2021-11-28,0,0,0,0,0
2021-11-29,1e-4,0,0,0,0
2021-11-30,0,0,0,1e-4,0
2021-12-01,0,0.04,1e-4,2e-4,0
2021-12-02,0.1106,1e-4,0,0.0205,0
2021-12-03,0.060200000000000004,0,0,0,0
2021-12-04,0,0,0,0,0
2021-12-05,0,0.0101,0.09,0,0
2021-12-06,0.1411,5.9108,2.3006,2e-4,0.47
2021-12-07,0.1802,0,0,0,0
2021-12-08,3.0000000000000003e-4,0,0,1e-4,0
2021-12-09,0.0112,0,0,0,0
2021-12-10,1e-4,0.26,0.0101,0,0
2021-12-11,2.6403,0.4103,2.5301,6.000000000000001e-4,1.05
2021-12-12,0.8102,0,0,0.03,0
2021-12-13,0,0,0,0,0
2021-12-14,0,0,0,0,0
2021-12-15,2e-4,0,0,0,0
2021-12-16,0.1609,0.1303,1.3003,0,0.24
2021-12-17,0,1.4505,1.26,0,0.36
2021-12-18,0.2008,1.1703999999999999,0.20070000000000002,0.09040000000000001,0.45
2021-12-19,0.7512,1e-4,0,2e-4,0.04
2021-12-20,0,0,0,0,0
2021-12-21,0,0,0,0,0
2021-12-22,0.9411,0,0,1e-4,0
2021-12-23,0,0,0,0,0
2021-12-24,3.0000000000000003e-4,0,0,0,0
2021-12-25,0.7209,0,0,0.3905,0
2021-12-26,0.6404000000000001,0,0,0.03,0.04
2021-12-27,0,0,0,0.020300000000000002,0.01
2021-12-28,0.1111,0.0207,0.5801000000000001,3.0000000000000003e-4,0.04
2021-12-29,0,0.5801000000000001,0.21030000000000001,0.0405,0.48
2021-12-30,0.040600000000000004,0.08020000000000001,0,0.8415,0.74
2021-12-31,0.0509,0.01,0.030100000000000002,1e-4,0.04
2022-01-01,0.3106,3.1403,5.9001,0.6416000000000001,0.45
2022-01-02,0.2822,0.9302,0.442,1.1108,0.79
2022-01-03,0,0.4407,0.050300000000000004,0,0.26
2022-01-04,0,0,0,0,0.03
2022-01-05,0.5414,0,0,0,0
2022-01-06,0,1.3208,0.0824,0,0.03
2022-01-07,0.0244,3.0000000000000003e-4,2e-4,0,0.07
2022-01-08,0.0506,0,0,0,0.03
2022-01-09,0.1002,2.3305,6.7407,0,0.93
2022-01-10,1e-4,0,0,0,0
2022-01-11,0.0016,0,0,0,0
2022-01-12,0,0,0,0,0
2022-01-13,0,2e-4,2e-4,0,0
2022-01-14,0,0,0,0,0
2022-01-15,0,0.0102,2e-4,0,0
2022-01-16,0,1.5508,0.6203,0.4306,0.78
2022-01-17,1.8116,8e-4,4e-4,1.2515,0.1
2022-01-18,3.0000000000000003e-4,0,0,0,0.16
2022-01-19,0,1.1403,1.9709,0,0.07
2022-01-20,0.030600000000000002,0.38070000000000004,0.331,0.1005,0.59
2022-01-21,0,0,0,0,0
2022-01-22,0,0,0,0,0
2022-01-23,0,0,0,0,0
2022-01-24,1e-4,0,0,0,0
2022-01-25,0.0313,0,0,0,0
2022-01-26,0,0,0,0,0
2022-01-27,0,0,0,0,0
2022-01-28,0,0.0012000000000000001,8e-4,0.1316,0
2022-01-29,0.0049,5e-4,9.000000000000001e-4,0.0019,0
2022-01-30,0.0011,0,0,0,0
2022-01-31,0,0,0,0,0
2022-02-01,0,0,0,0,0
2022-02-02,0,1.7203,1.4805,0,0.16
2022-02-03,0.5708,2.3103000000000002,3.0914,1.0203,1.32
2022-02-04,2.8828,0.0516,0.0122,0.6413,0.55
2022-02-05,0.0021000000000000003,0,0,1e-4,0
2022-02-06,0.15,0,0,0,0
2022-02-07,0.7005,0,0,0,0
2022-02-08,0.8906000000000001,0,0,0,0
2022-02-09,0,0,0,0,0
2022-02-10,1e-4,0,0,1e-4,0
2022-02-11,1e-4,0,0,0,0
2022-02-12,0,4e-4,2e-4,0,0
2022-02-13,0.0016,0,0,0.0222,0
2022-02-14,0.0025,0,0,2e-4,0
2022-02-15,0,0,0,0,0
2022-02-16,0,0,0,0,0
2022-02-17,0,5.2804,3.1703,0.2301,0.23
2022-02-18,0.8405,0,7e-4,0.1504,1.05
2022-02-19,0.001,0,0,0,0
2022-02-20,0,0,0,0,0
2022-02-21,0,2e-4,3.0000000000000003e-4,0,0
2022-02-22,0.2904,2.8004,3.2108,0.1404,1.59
2022-02-23,0.4802,0.66,0.07,0,1.03
2022-02-24,0,2.8903,3.1809000000000003,0.0206,1.41
2022-02-25,0.0058000000000000005,0.0909,0.4906,1.2012,0.59
2022-02-26,0.3308,0,0,0,0
2022-02-27,0,0.0403,0,0,0.02
2022-02-28,0.001,0,0,0,0
2022-03-01,2e-4,0,0,0,0
2022-03-02,0.1509,0,0,0,0
2022-03-03,0.0011,0,5e-4,4e-4,0
2022-03-04,0,0,0,0,0
2022-03-05,0,0,2e-4,0,0
2022-03-06,0.0106,0,0.3406,0.0101,0
2022-03-07,0.1105,0.9304,2.6604,0.020300000000000002,0.71
2022-03-08,0.5305,0,0,0.0201,0
2022-03-09,0.171,0.2607,0.1602,0.6708000000000001,0.4
2022-03-10,0.1805,0,0,0,0
2022-03-11,0,1e-4,5e-4,0,0
2022-03-12,0.612,0.4608,0.2008,0.28350000000000003,0.01
2022-03-13,4e-4,0,0,6.000000000000001e-4,0.01
2022-03-14,0,0,0,0,0
2022-03-15,0,2e-4,2e-4,0,0
2022-03-16,0.0106,0.1109,0.030100000000000002,0,0.08
2022-03-17,0.0105,0,0,0.0613,0
2022-03-18,0.0202,0.5301,0.11,0,0.01
2022-03-19,0.4613,4e-4,1e-4,0.0804,0.04
2022-03-20,0.25060000000000004,0,0,2e-4,0
2022-03-21,0,0,0,0,0
2022-03-22,0,0.0801,3.4502,0,0
2022-03-23,0,2.87,0.3104,0.2405,0.56
2022-03-24,0.6919000000000001,0,0.05,0.12,0
2022-03-25,0.6806,1e-4,0,0,0
2022-03-26,3.0000000000000003e-4,0,0,0.050300000000000004,0
2022-03-27,0,0,0,5e-4,0
2022-03-28,0.0011,0,0,7e-4,0
2022-03-29,3.0000000000000003e-4,0,0,0,0
2022-03-30,0,0,0.0101,4e-4,0
2022-03-31,6.000000000000001e-4,1.5708,3.86,1.1905000000000001,0.49
2022-04-01,1.2913000000000001,0.0104,0.03,0.0207,0.04
2022-04-02,0,0,0,0,0
2022-04-03,1e-4,0,0,1e-4,0
2022-04-04,0.1007,0,0.0403,0,0
2022-04-05,0,0.5104,0.5,0.050300000000000004,0.36
2022-04-06,9.000000000000001e-4,0.7108,0.6414,2.1306,0.12
2022-04-07,0.0102,2e-4,0,1.9211,0
2022-04-08,1.7013,0.0407,0.2911,4e-4,0.07
2022-04-09,0.5304,0,0,0.0205,0.04
2022-04-10,0.030100000000000002,0,0,1e-4,0
2022-04-11,0,0.4403,1.4104,0,0.05
2022-04-12,0.0608,5.8405000000000005,5.5803,0,0.99
2022-04-13,0,6.000000000000001e-4,2.0802,0,0
2022-04-14,0.1301,2.7103,1.66,0,0.68
2022-04-15,0.0505,0,0,0,0
2022-04-16,0.1306,0.9600000000000001,0.55,0,0.19
2022-04-17,0.4103,1e-4,3.0000000000000003e-4,1e-4,0
2022-04-18,0,2.9303,0.8004,1.3504,0.68
2022-04-19,1.7601,0,0,0.2605,0
2022-04-20,0,0,0.02,1e-4,0
2022-04-21,3.0000000000000003e-4,0.1204,0.1303,0.0603,0
2022-04-22,0,0,0,0,0
2022-04-23,0,0,0,0,0
2022-04-24,2e-4,0,0,0,0
2022-04-25,0,0.91,0.5512,0,0
2022-04-26,0.3403,0.0205,0.01,0.060200000000000004,1.54
2022-04-27,0.2707,0,0,0,0
2022-04-28,4e-4,0,0,0,0
2022-04-29,0,0,2e-4,0,0
2022-04-30,0,0,0,0,0
2022-05-01,0,0.4903,1.83,1.26,0.02
2022-05-02,0.0204,0,0,0.48000000000000004,0
2022-05-03,0.8504,1e-4,0.08,0,0
2022-05-04,0.3408,2e-4,0,2.2806,0.31
2022-05-05,0,0.4,1.2301,0,0
2022-05-06,0,0.5109,1.4104,1.8403,1.12
2022-05-07,0,0.0606,0.0201,2.6418,0.42000000000000004
2022-05-08,0,0,0,0.0605,0
2022-05-09,0,0,0,0,0
2022-05-10,0,0,0,0,0
2022-05-11,0,0,0,0,0
2022-05-12,6.000000000000001e-4,0,0,0,0
2022-05-13,0,0,0,0.5908,0
2022-05-14,0,0,0,0.0713,0.02
2022-05-15,0.0106,0.0201,0.29000000000000004,7.32,0.22999999999999998
2022-05-16,1.3703,0,0,1e-4,0
2022-05-17,0.7104,0,0,0,0
2022-05-18,0,0,0,0,0
2022-05-19,0.6411,0,0.02,1.7602,0
2022-05-20,0,0,1e-4,0.0501,0
2022-05-21,0.0104,0,2.56,0,0.22
2022-05-22,0,2.831,1.0204,5e-4,0
2022-05-23,0.23,0.1307,0.0102,6.000000000000001e-4,0.66
2022-05-24,0,1.1302,2e-4,0.101,0
2022-05-25,0,1.3104,0.2604,0,0.09
2022-05-26,0,0.8708,3.1808,0,0.47
2022-05-27,0,0,2e-4,3.28,0.53
2022-05-28,1.0004,0,0,3.6603000000000003,0
2022-05-29,0,0,0,0,0
2022-05-30,0,0,0,0,0
2022-05-31,0,0,0,0,0
2022-06-01,0.1105,0,0,0,0
2022-06-02,0.0405,6.000000000000001e-4,0.0502,1.0901,0
2022-06-03,0.1304,0,0,0,0
2022-06-04,5e-4,0,0,0,0
2022-06-05,0,0,0,0,0
2022-06-06,0,0.040100000000000004,3.1507,0,0.06
2022-06-07,0,1.0605,0.6101,0.1302,0.88
2022-06-08,0.1607,0.10010000000000001,0,0.5802,0.05
2022-06-09,3.09,0,0,0.4002,0
2022-06-10,0,0,0,0,0
2022-06-11,0,0,0,0.10060000000000001,0
2022-06-12,0,0,0,0.6906,0
2022-06-13,0.0202,0,0,0,0
2022-06-14,0,0,0,0.0902,0
2022-06-15,0,0,0,0,0
2022-06-16,0,0,0,0.8307,0
2022-06-17,0.02,0.5301,2e-4,0,0
2022-06-18,0,0,0,0,0
2022-06-19,0.1704,0,0,0,0
2022-06-20,0,0,0,0,0
2022-06-21,0,0,0,0.0101,0
2022-06-22,0.0102,0,0,2.4906,0
2022-06-23,1e-4,0,0,1.7812000000000001,0
2022-06-24,0.1404,0,0,0,0
2022-06-25,0,0,0,0,0
2022-06-26,0,0,0,1.7303,0.2
2022-06-27,0.0804,0,0,0.0302,0
2022-06-28,0,0,0,0,0
2022-06-29,0,0,0,0,0
2022-06-30,0.1503,0.6900000000000001,0,0,0
2022-07-01,0,0,0,1.2,0
2022-07-02,0.0404,0,0.9,1.0302,0
2022-07-03,0,1.6906,2e-4,0.02,0
2022-07-04,0,0.2901,0,0,0
2022-07-05,0.0403,2e-4,0,0.2501,0
2022-07-06,0.6304,1e-4,0,0,0
2022-07-07,0,2.0402,0.42010000000000003,0.2602,0
2022-07-08,0,0.02,0,0.75,0
2022-07-09,0,5.3504,5.0303,2.1412,0
2022-07-10,0,0.8502,1e-4,0,0
2022-07-11,0,0,0,0,0
2022-07-12,0,2e-4,0.4001,0.2605,0
2022-07-13,2e-4,0,0,0,0
2022-07-14,0.2102,0,0,0,0
2022-07-15,0,0,0,0,0
2022-07-16,0,0,1e-4,3.0000000000000003e-4,0
2022-07-17,0.18009999999999998,0,3.0000000000000003e-4,1e-4,0
2022-07-18,0.3408,0.8005,0.7601,0,0
2022-07-19,0.37020000000000003,0,0,0,0
2022-07-20,0,0,0,0,0
2022-07-21,0.6003000000000001,0.0103,2e-4,0,0
2022-07-22,0,0,0,0,0
2022-07-23,0,0,0,0.3102,0
2022-07-24,0,0,0,0.03,0
2022-07-25,0.1805,0,0.03,0.0405,0
2022-07-26,0,0.5303,5.5,1e-4,0
2022-07-27,0,0,1e-4,3.0000000000000003e-4,0
2022-07-28,0.050300000000000004,0.0901,2.3704,2e-4,0
2022-07-29,0.0901,5.4204,0.0601,1.2205000000000001,0
2022-07-30,2e-4,0,0.030100000000000002,0.0102,0
2022-07-31,0,2e-4,1.7308000000000001,0.3904,0
2022-08-01,3.0000000000000003e-4,0,0,0.1108,0
2022-08-02,0,0,0,0.0601,0
2022-08-03,0,2e-4,0,0,0
2022-08-04,0,0,0.2404,0.030199999999999998,0
2022-08-05,0.37,0.22999999999999998,4.1304,2.1001,0
2022-08-06,0,0.3101,0,0,0
2022-08-07,0.3302,4.3301,3.0000000000000003e-4,0.5606,0
2022-08-08,0,0,0,0,0
2022-08-09,0.08020000000000001,1.5101,2.0602,0.18,0
2022-08-10,0,1.0602,4.1203,2.9702,0
2022-08-11,0,1e-4,0.0105,0.7002,0
2022-08-12,0,0,0,0.0502,0
2022-08-13,0,0,0,0,0
2022-08-14,0,0,0,0.020300000000000002,0
2022-08-15,0,0,0,0.20070000000000002,0
2022-08-16,0,0.0204,0.1201,0.0103,0
2022-08-17,2e-4,0,0,2e-4,0
2022-08-18,0.0907,0,0,0,0
2022-08-19,0,1.08,0,0,0
2022-08-20,0,0.16,0.0303,0,0
2022-08-21,0,1e-4,0,0,0
2022-08-22,2.16,4e-4,1.9102,0.041,0
2022-08-23,0.2505,0,0,0,0
2022-08-24,0.030199999999999998,0,0,2e-4,0
2022-08-25,0,0.03,1e-4,0,0
2022-08-26,0,0,1e-4,0.2001,0
2022-08-27,3.0000000000000003e-4,0,0,0,0
2022-08-28,0,0,0.02,0,0
2022-08-29,0,0.0303,0.8101,0,0
2022-08-30,0,3.0000000000000003e-4,0.12,4.4202,0.01
2022-08-31,1.1701,0,0,0,0
2022-09-01,0,0,0,0,0
2022-09-02,0,0,0,0,0
2022-09-03,0,0.6911,3.0702000000000003,0,0.14
2022-09-04,0,0.060000000000000005,0.0501,0,0.58
2022-09-05,1.1500000000000001,0.1102,0,0.5505,0.12
2022-09-06,1.4505000000000001,2e-4,0,2.6409,0
2022-09-07,0.0018000000000000002,0,0,0.9709,0
2022-09-08,0,0,0,0.001,0
2022-09-09,0,0,0.01,0,0
2022-09-10,0,0.2306,0.0103,3.0000000000000003e-4,0.18000000000000002
2022-09-11,3.0000000000000003e-4,0.2504,6.9700999999999995,0.621,0.51
2022-09-12,5e-4,2.1702,0,1.8001,0.01
2022-09-13,8e-4,0,0,0,0
2022-09-14,0.0901,0,0,0,0
2022-09-15,1e-4,0,0,0,0
2022-09-16,0,0,0,0,0
2022-09-17,0,0,0,0,0
2022-09-18,0,0,0,0,0
2022-09-19,0.8104,0,0,0,0
2022-09-20,0.4204,0,0,1e-4,0
2022-09-21,0.0601,0,0,0,0.02
2022-09-22,2.2205,1e-4,0,4e-4,0
2022-09-23,0,0,0,0,0
2022-09-24,0,0.0106,0.0503,0,0
2022-09-25,4e-4,1e-4,0,0.5302,0.06
2022-09-26,0.16999999999999998,0,0,0.0303,0
2022-09-27,0,0,0,0,0
2022-09-28,0,0,0,0,0
2022-09-29,0,0,0,0,0
2022-09-30,0,0,0,0.04,0
2022-10-01,2e-4,0,0,1.2405,0
2022-10-02,0,0,0,2.3808000000000002,0
2022-10-03,0,0,0,0.0207,0
2022-10-04,0.0303,0,0,0.1205,0
2022-10-05,0.0618,0,0,4e-4,0
2022-10-06,0.49000000000000005,0,0,0,0
2022-10-07,0,0,0,0,0
2022-10-08,0,0,0,0,0
2022-10-09,0,0,0,0,0
2022-10-10,3.0000000000000003e-4,0,0,0,0
2022-10-11,0,0,0,0,0
2022-10-12,0,0.38020000000000004,0.8203,0,0.01
2022-10-13,0.9107,1e-4,0,0.0503,0.33
2022-10-14,1.2606,0,0,0.0601,0
2022-10-15,0,0.01,0,0,0
2022-10-16,0,0.0204,0.0104,0,0.11
2022-10-17,0.1105,0.2501,0,0,0.45
2022-10-18,0.701,0,0,0,0
2022-10-19,0,0,0,0,0
2022-10-20,0,0,0,0,0
2022-10-21,0,0,0,0,0
2022-10-22,0,0,0,0,0
2022-10-23,0.0401,0,0,0,0
2022-10-24,0.2513,0,0,0,0
2022-10-25,0.0605,1e-4,2.7307,0,0
2022-10-26,0.5516,0.0101,0,0.0405,0.33999999999999997
2022-10-27,0.02,0,0,0,0
2022-10-28,0,0,0,0,0
2022-10-29,0,0,0,0,0
2022-10-30,0,0.4003,2.5308,0,0
2022-10-31,0,0.19060000000000002,8e-4,0.1504,0
2022-11-01,0.1204,0.06,0,0.7509,0
2022-11-02,0,0.0103,0,0,0
2022-11-03,0.01,0,0,0,0
2022-11-04,0,0,0,0,0
2022-11-05,0,0.4501,0.5002,0,0
2022-11-06,0,0.1412,2e-4,0.0602,0.04
2022-11-07,0.2301,2e-4,0.12029999999999999,0,0
2022-11-08,0,0,0.0104,0,0
2022-11-09,0,0,0,0,0
2022-11-10,0,0,0,0,0
2022-11-11,0.0601,3.3503,0.20049999999999998,3.411,0.85
2022-11-12,2.1507,0.0904,0.5203,1.1803000000000001,0.18
2022-11-13,0.231,0,0,0.0402,0
2022-11-14,0,0,0,0,0
2022-11-15,0,0.3405,0.06,1.3606,0.33
2022-11-16,1.1009,0,0,0.32,0
2022-11-17,2e-4,0,0,2e-4,0
2022-11-18,0,0,0,0,0
2022-11-19,0,0,0,0,0
2022-11-20,2e-4,0,0,0,0
2022-11-21,3.0000000000000003e-4,0,0,0,0
2022-11-22,0,0,0,0,0
2022-11-23,0,0,0,0,0
2022-11-24,0,2e-4,0.0201,0,0
2022-11-25,6.000000000000001e-4,0.0206,1e-4,0.0202,0
2022-11-26,0,2e-4,0.0601,0,0
2022-11-27,0.4802,0.6403,0.4111,0.2102,0.11
2022-11-28,0.6608,0.0711,0,2e-4,0
2022-11-29,0,0.43,0.3502,0,0.07
2022-11-30,0.5103,3.3004000000000002,1.4404000000000001,0.3005,0.89
2022-12-01,0.8101,0,0,0,0
2022-12-02,0,6.000000000000001e-4,0.0403,0,0
2022-12-03,0.2406,0.3206,0.28049999999999997,0.2605,0.24000000000000002
2022-12-04,1e-4,0,0,0,0
2022-12-05,0,0.2003,0.0011,0,0.01
2022-12-06,0.0303,0.6009,0.4813,0.1406,0.35
2022-12-07,1.0606,1.2609,3.3304,0.1708,0.85
2022-12-08,0.04,1.4803,3.2807,0,0.33
2022-12-09,0,0,0,1e-4,0
2022-12-10,0,0.0302,0.57,4e-4,0.01
2022-12-11,0.0012000000000000001,0,0,4e-4,0.01
2022-12-12,0.0725,0,0,0,0
2022-12-13,0,0,0,0,0
2022-12-14,3.0000000000000003e-4,1.5808,1.6101,0,1.84
2022-12-15,6.000000000000001e-4,0.97,2.1302,3.0805000000000002,0.43
2022-12-16,1.6809,0,0,0.0903,0
2022-12-17,0.2901,0,0,1e-4,0
2022-12-18,0,0,0,2e-4,0
2022-12-19,2e-4,0,0,0,0
2022-12-20,0,1e-4,0,1e-4,0
2022-12-21,0,0,0,0,0
2022-12-22,2e-4,0.07020000000000001,0.11069999999999999,1.2525,0
2022-12-23,3.8407,0.052000000000000005,0.043000000000000003,1.631,0.23
2022-12-24,0.0108,0,0,0,0
2022-12-25,0,0,0,0,0
2022-12-26,0,0.1012,0.0115,0,0
2022-12-27,0,0,3.0000000000000003e-4,0,0
2022-12-28,0,0,0,0,0
2022-12-29,0,0.040100000000000004,0.0601,0,0
2022-12-30,0,1e-4,0.06,0,0
2022-12-31,0.0502,1.35,0.5701,0.1204,0.02
2023-01-01,0.3013,0,0,1.081,0
2023-01-02,0,1e-4,0.1801,1e-4,0
2023-01-03,0.3904,2.7407,6.4307,0.0709,0.63
2023-01-04,0.1212,0.14020000000000002,0,0,0.39999999999999997
2023-01-05,0.5405,0,0,1e-4,0
2023-01-06,0.28099999999999997,0,0,2e-4,0
2023-01-07,0,0.11030000000000001,2e-4,0,0
2023-01-08,0,0,0,0,0.01
2023-01-09,0,0,0,1e-4,0
2023-01-10,0,0,0,0,0
2023-01-11,0,0,0,0,0
2023-01-12,0.2716,0.2903,0.9500000000000001,0.0303,0.37
2023-01-13,1.4313,0.0228,0.002,0.0902,0.2
2023-01-14,0.0114,0,0,3.0000000000000003e-4,0.01
2023-01-15,0,0,0,0,0
2023-01-16,0.1741,4e-4,0.4204,0,0
2023-01-17,0.09999999999999999,0.6704,4e-4,0.14049999999999999,0.51
2023-01-18,0.0104,0,2e-4,1e-4,0
2023-01-19,0.07,2.5501,1.7701,0.6905,0.49000000000000005
2023-01-20,1.601,0,0,0,0
2023-01-21,0.0318,0,0,0,0
2023-01-22,4e-4,0.3312,1.1404,0.4,0.21
2023-01-23,1.3207,0,0,0.2811,0.02
2023-01-24,0.0106,0,0,0,0
2023-01-25,0.0314,0.6009,0.791,0.3608,0
2023-01-26,2.2204,7e-4,0.1208,4e-4,0.05
2023-01-27,0,0,0,1e-4,0
2023-01-28,0,0,0,0,0
2023-01-29,0,1.0505,1.2409000000000001,3.0000000000000003e-4,0.7
2023-01-30,0,0.0608,3.0000000000000003e-4,1e-4,0.11
2023-01-31,0.0211,0.1708,0.511,1e-4,0.15000000000000002
2023-02-01,0,0.3503,0.1212,7e-4,0.26
2023-02-02,0,0.1508,0,0,0.1
2023-02-03,3.0000000000000003e-4,0,0,1e-4,0
2023-02-04,0,0,0,0,0
2023-02-05,0,0,0,0,0
2023-02-06,0,0,0,0,0
2023-02-07,0,0,0,0,0
2023-02-08,0.050300000000000004,4e-4,0.08120000000000001,0,0
2023-02-09,0.020300000000000002,0.2904,0.8102,3.0000000000000003e-4,0
2023-02-10,0.0201,0,0,0,0
2023-02-11,1e-4,0,0,0,0
2023-02-12,0,0.0101,0,0.050300000000000004,0.61
2023-02-13,0,0,0,0.12000000000000001,0
2023-02-14,0,0,0.05,0,0
2023-02-15,0.14,5e-4,0.05,0,0.04
2023-02-16,1e-4,3.1111,10.3509,1.1506,1.33
2023-02-17,0.0411,0.0706,0,0.4812,2.13
2023-02-18,0,0,0,0,0
2023-02-19,0,0,0,0,0
2023-02-20,0,5e-4,0.0102,0,0.16999999999999998
2023-02-21,0.3415,0,0,0.0704,0
2023-02-22,0.0503,0,0.3801,0.2902,0
2023-02-23,0.147,0.0706,3.6302000000000003,1e-4,0.02
2023-02-24,0.1117,0.0403,0.0102,2e-4,0.01
2023-02-25,8e-4,0.4402,2e-4,4e-4,0.89
2023-02-26,0.1724,0.0104,1e-4,0,0
2023-02-27,0.1508,0.13999999999999999,0.0201,0.3601,0.13999999999999999
2023-02-28,0.2928,0,0,0.6701,0
2023-03-01,0.0609,1e-4,0.16010000000000002,0,0
2023-03-02,0.9909,0.7401,0.5501,0.030100000000000002,0.77
2023-03-03,4e-4,1.1107,3.3412,0.3603,0.21
2023-03-04,1.5118,0,0,1.31,0
2023-03-05,3.0000000000000003e-4,0,0,0,0
2023-03-06,0,0,0,0,0
2023-03-07,4e-4,0,0,3.0000000000000003e-4,0
2023-03-08,6.000000000000001e-4,0,0,0,0
2023-03-09,0,3.0000000000000003e-4,0.1105,0,0
2023-03-10,0,9.000000000000001e-4,0.32030000000000003,0.2509,0.07
2023-03-11,7e-4,0.0101,0.0101,2e-4,0
2023-03-12,0,0.7702,1.9907000000000001,0.0917,0.8400000000000001
2023-03-13,0.1706,0,0,0.111,0.04
2023-03-14,2.7301,0,0,0,0
2023-03-15,1e-4,0,0,0,0
2023-03-16,0,0,0,0,0
2023-03-17,0,0.8108,1.2003,0.0403,0.59
2023-03-18,0,0,0,0.0802,0
2023-03-19,0,3.0000000000000003e-4,0,0,0
2023-03-20,0,0,0,0,0
2023-03-21,0,0.050100000000000006,0.11,0,0
2023-03-22,0,0.32130000000000003,0.4308,0,0.46
2023-03-23,7e-4,0,0,0.050300000000000004,0
2023-03-24,2e-4,0.2103,4.3100000000000005,0.6407,0.01
2023-03-25,0.0804,1.1801000000000001,4.54,1.0107,0.8
2023-03-26,0.2009,0,0,0,0
2023-03-27,0,0,0,0,0
2023-03-28,0.2518,0,0,0,0
2023-03-29,0,0,0,0,0
2023-03-30,0,0,0,0.0102,0
2023-03-31,0.0902,0.0905,2.6107,1e-4,0.06
2023-04-01,1.3311,0.6102,2.02,0.1308,0.88
2023-04-02,0.36029999999999995,0,0,0.0103,0
2023-04-03,0,6.000000000000001e-4,0,0,0
2023-04-04,0.0503,0,0,0,0
2023-04-05,2e-4,0.6699999999999999,1.0201,0,0
2023-04-06,0.0311,2.8707,0.5104,0.1003,0.09
2023-04-07,0.0302,0.0204,0,0,0.39
2023-04-08,0,0.1307,0,0,0.11
2023-04-09,0,0,0,0,0
2023-04-10,0,0,0,0,0
2023-04-11,0,0,0,0,0
2023-04-12,0,0,0,0,0
2023-04-13,0,1e-4,0,0,0
2023-04-14,0,0.030199999999999998,0,0,0.06
2023-04-15,0,0,0,0.0102,0
2023-04-16,0.0807,0.0403,0.0305,0,0.24000000000000002
2023-04-17,0.1518,0,0,0.1003,0
2023-04-18,0.011000000000000001,0,0,0,0
2023-04-19,0,0,0,0,0
2023-04-20,0,0,0,0,0
2023-04-21,1e-4,0.03,1.7704,0,0.03
2023-04-22,0,1.1606,0.2901,1.1808,0.98
2023-04-23,3.3204,1e-4,0,1e-4,0
2023-04-24,0.0806,0,0,0,0
2023-04-25,4e-4,0,0,0,0
2023-04-26,2e-4,0,0,2e-4,0
2023-04-27,0.0204,0.0805,1.9705000000000001,0,0.13999999999999999
2023-04-28,0,0.3105,0.0605,1.9803,0.5
2023-04-29,6.000000000000001e-4,0,0.3102,0.1302,0
2023-04-30,1.0110000000000001,0.030100000000000002,0.0704,1.2907,0.07
2023-05-01,0.9606,0,0,0.0104,0
2023-05-02,1.5601,0,0,0.041,0
2023-05-03,6.000000000000001e-4,0,0,0.011000000000000001,0
2023-05-04,0.0211,0,0,0.36050000000000004,0
2023-05-05,0.0311,2e-4,2e-4,1e-4,0
2023-05-06,0,0,0,0,0
2023-05-07,0,1.9601,0.4901,0.1404,0.53
2023-05-08,3.0000000000000003e-4,2.3803,1.7709000000000001,3.0000000000000003e-4,0.56
2023-05-09,0,2e-4,0.2,0.7203,0.3
2023-05-10,0,0,0,0,0
2023-05-11,1e-4,0.0205,0.6301,0,0
2023-05-12,2e-4,1.2304,3.1204,0,0
2023-05-13,1e-4,0.01,0.5901,0.2405,0
2023-05-14,0,0.6904,0,0,0
2023-05-15,0,1.3202,1.08,0,0
2023-05-16,0,0.0101,1.1002,0.0102,0.26
2023-05-17,0,0.01,0,0,0
2023-05-18,0,0,0,0,0
2023-05-19,0,0,1e-4,0,0
2023-05-20,2.1204,1.4908000000000001,1.9102,0.1202,0.81
2023-05-21,2.04,0,0,0,0
2023-05-22,0,0,0,0,0
2023-05-23,0,1e-4,0,0,0
2023-05-24,0.66,1e-4,0,0,0
2023-05-25,2e-4,0,0,0,0
2023-05-26,0,0,0,0,0.13
2023-05-27,0,0,2e-4,0,0
2023-05-28,0,0,0,0,0
2023-05-29,0,0,0,0.0101,0.02
2023-05-30,0,0,0,1e-4,0.04
2023-05-31,0,0.01,0,0,0
2023-06-01,0,0,0,0,0
2023-06-02,1.38,0,0,0,0
2023-06-03,0.10200000000000001,0,0,1e-4,0
2023-06-04,0.0313,0.1,0,0.030600000000000002,0
2023-06-05,0.1814,1e-4,0,0,0
2023-06-06,0,0,0,0,0
2023-06-07,0,2e-4,1e-4,0,0.2
2023-06-08,0.1608,0,0,0,0
2023-06-09,0.0605,0,0,3.0000000000000003e-4,0
2023-06-10,0.6709,0,0,0,0
2023-06-11,0,1.3402,2.2404,0,0.6900000000000001
2023-06-12,0,0.0101,0.02,0.8505,0.6
2023-06-13,0.2205,0,0,0,0
2023-06-14,0.4503,1e-4,0,0.0206,0
2023-06-15,0.0702,1e-4,0,0,0
2023-06-16,0,0,0,1.2005,0
2023-06-17,1.8306,2e-4,0,0.02,0
2023-06-18,0.1403,0,0,0,0.21
2023-06-19,0,1.5005,2.4509,1e-4,1.12
2023-06-20,0.0402,0.46040000000000003,0.8501000000000001,1.4004,0.34
2023-06-21,0,0.15,0.040100000000000004,0.2301,0.12
2023-06-22,0,0.0407,0.0601,0.5606,0.8
2023-06-23,1e-4,0,0,0.4903,0
2023-06-24,1.6212,0,0,0.1506,0
2023-06-25,0,0,1e-4,0.0301,1.08
2023-06-26,1.4003,0,0,0.11,0.93
2023-06-27,2.4307,0,0,0.3703,0
2023-06-28,0.9600000000000001,0,0,0,0
2023-06-29,0,2.3504,0.0109,0,0
2023-06-30,0,0,0,0,1.21
2023-07-01,0,2.8503,0.5301,0.0602,0
2023-07-02,2.7604,0,1.09,0.27,0.46
2023-07-03,1.6708,0.02,0.5803,0.0104,0
2023-07-04,0.9004,0.22999999999999998,0,0,0
2023-07-05,0.020300000000000002,1.3904,1e-4,0,0.16999999999999998
2023-07-06,0,0.5401,3.0000000000000003e-4,5e-4,0.33
2023-07-07,2e-4,0,0,0,0
2023-07-08,0,0.19,1.2204,0,1.09
2023-07-09,0,0.37070000000000003,0.1603,4.2701,0.02
2023-07-10,0.5316,0,0,0,0
2023-07-11,0.0101,0,0,0,0
2023-07-12,0.12,0,0,0,0
2023-07-13,1e-4,0,0,1e-4,0
2023-07-14,0.8408,2e-4,0,2.0002,0
2023-07-15,0.21030000000000001,0.7303,0.5302,0,0.02
2023-07-16,8.8706,0,0,8e-4,0.01
2023-07-17,0.0304,0,0,0,0
2023-07-18,2.1101,2.4101,0.45,0.27,0.01
2023-07-19,0,1.2901,0.7804,0,0.14
2023-07-20,0,0.44,0.4003,0,1.24
2023-07-21,1.2703,0,0,0.7301000000000001,0
2023-07-22,0.05,0,2e-4,0,0.02
2023-07-23,0,0,0,0,0
2023-07-24,0.25,0,0.6505,3.0000000000000003e-4,0
2023-07-25,1e-4,0.0402,0,0.1003,0
2023-07-26,2e-4,0,0.0101,0,0
2023-07-27,0.0204,0.0201,0,0.0101,0
2023-07-28,0,0,0,1.13,0
2023-07-29,1.4302,0.43,0,0.0201,0.19999999999999998
2023-07-30,0.0106,3.6001,0.7503,0,0.03
2023-07-31,1e-4,0,0,3.0000000000000003e-4,0
2023-08-01,0.02,0,0,0,0
2023-08-02,0,1e-4,3.0000000000000003e-4,0,0
2023-08-03,0,2.6802,1.08,0,0.52
2023-08-04,3.0000000000000003e-4,0.1301,1.0302,3.0000000000000003e-4,0.02
2023-08-05,0,0.1101,2.49,1e-4,0
2023-08-06,0,0.1401,0.14020000000000002,0,0
2023-08-07,0.021,0.1104,0,11.5802,0.77
2023-08-08,2.891,0,0,0,0.04
2023-08-09,2e-4,0.2903,0.76,1e-4,0.01
2023-08-10,0.1001,0.6304000000000001,1.29,0.0804,1.07
2023-08-11,0.5004,0,0,0,0
2023-08-12,0,2.8101,0.39,0,0.44
2023-08-13,0.0501,0.3001,1.01,0.0903,0
2023-08-14,1e-4,0.14020000000000002,0.8802,0.3104,0.8
2023-08-15,1.1509,0,0,0.0101,0.13
2023-08-16,2e-4,0,0,0,0
2023-08-17,0,0,0,0,0
2023-08-18,0.5803,0,0,3.0000000000000003e-4,0
2023-08-19,1e-4,0,0,0,0
2023-08-20,0,0,0,0,0
2023-08-21,0,0,0,0,0
2023-08-22,0,0,0,0,0
2023-08-23,0,0,0,1e-4,0
2023-08-24,0,0,0,1e-4,0
2023-08-25,1.061,0,0,0.6602,0
2023-08-26,3.0000000000000003e-4,0,0.28,0,0.07
2023-08-27,1e-4,0.0305,8.3704,2e-4,0.06999999999999999
2023-08-28,0.01,0,0,1e-4,0.5900000000000001
2023-08-29,2e-4,3.0000000000000003e-4,0,2e-4,0.52
2023-08-30,0.5616,0,0,2e-4,0
2023-08-31,0,0,0,0,0
2023-09-01,0,0,0,0,0
2023-09-02,0,0,0,0,0
2023-09-03,0.0102,0,0,0,0
2023-09-04,0,0,0,0,0
2023-09-05,0,0.6503000000000001,1.5801,0,0
2023-09-06,0,1.0005,0.0507,0,0
2023-09-07,0,0.08,0.62,0.2705,0.04
2023-09-08,0.8001,0,0,0.0305,0
2023-09-09,0.2602,0,0,1.9509,0
2023-09-10,0.2411,0,0,0.0104,0
2023-09-11,5.1116,0,0,2.2502,0
2023-09-12,0.9107000000000001,3.0000000000000003e-4,0.0102,1e-4,0
2023-09-13,0.0105,0,0,0.1,0
2023-09-14,0,0,1e-4,0,0
2023-09-15,0.01,0,0,0,0
2023-09-16,5e-4,0.2606,3.1002,0,0.06
2023-09-17,0,0.6202,0.4202,0.9102,0.14
2023-09-18,8e-4,0,0,0.37010000000000004,0
2023-09-19,2e-4,0,0,0,0
2023-09-20,0,0,0,0,0
2023-09-21,0,0,0,0,0
2023-09-22,0,0,0,0,0
2023-09-23,0,0,0,1.9604,0
2023-09-24,9.000000000000001e-4,0,0,1.6509,0
2023-09-25,0.0111,0,0,4e-4,0
2023-09-26,0,0,0,0.0507,0
2023-09-27,0,0.05,0,0,0.78
2023-09-28,0,1.5603,6.2705,0,0.13
2023-09-29,0.0106,0.16,0.01,4e-4,0
2023-09-30,7e-4,0,0,0,0
2023-10-01,0.01,0,0,0,0
2023-10-02,0,0,0,0,0
2023-10-03,0.12,0,0,0,0
2023-10-04,0,0,0,0,0
2023-10-05,0,0.3,0.3803,0,0
2023-10-06,0.0204,0.1504,0.0201,0,0.2
2023-10-07,0.5906,0,0,1.3705,0
2023-10-08,0.5102,0,0,0,0
2023-10-09,0,0,0,0.1101,0
2023-10-10,2e-4,0,0,0,0
2023-10-11,0,0,0,0,0
2023-10-12,0,0,0,0,0
2023-10-13,0,0,0,0,0
2023-10-14,0,1e-4,0.0902,0.401,0
2023-10-15,0,5e-4,2e-4,0.0813,0.09
2023-10-16,0.0309,6.000000000000001e-4,0,0,0.2
2023-10-17,0,0,0,0,0
2023-10-18,0.0101,0,0,0,0
2023-10-19,0,0,0.1,0,0.01
2023-10-20,1e-4,3.0000000000000003e-4,0,0.1704,0.49
2023-10-21,2.0513,0,0,0.0201,0
2023-10-22,0.0502,0,0,1e-4,0
2023-10-23,2e-4,0,0,0,0
2023-10-24,0,0,0,0,0
2023-10-25,0,0,0,0,0
2023-10-26,2e-4,0,0,1e-4,0
2023-10-27,0,0,2.2802,0,0
2023-10-28,0,0,0,0,0
2023-10-29,0.1907,3.0000000000000003e-4,1.4109,0.0606,0
2023-10-30,1.1908,0.6304,0.8206,0.0208,0.09
2023-10-31,0.02,0,0,0,0.01
2023-11-01,0,0,0,0,0
2023-11-02,0,0,0,0,0
2023-11-03,0,0,0,0,0
2023-11-04,2e-4,0,0,0,0
2023-11-05,1e-4,0,0,0,0
2023-11-06,0,0,0,0,0
2023-11-07,0.0303,0,0,0,0
2023-11-08,0,0,0,0,0
2023-11-09,0.2414,1e-4,0,0.37000000000000005,0
2023-11-10,0,0.3903,0.0307,0.3002,0.53
2023-11-11,0,0,0,0,0
2023-11-12,0,0,0,0,0
2023-11-13,0,0,0,0,0
2023-11-14,2e-4,0,0,0,0
2023-11-15,0,0,0,0,0
2023-11-16,0.05,0.040100000000000004,0,0,0
2023-11-17,0,2e-4,3.0000000000000003e-4,1e-4,0.08
2023-11-18,0.41040000000000004,3.0000000000000003e-4,0,0.030100000000000002,0.03
2023-11-19,0,0,0,0,0
2023-11-20,1e-4,0,0.0501,0,0
2023-11-21,0,2.0009,4.2,3.5004,1.1500000000000001
2023-11-22,3.0907,6.000000000000001e-4,0,2.31,0
2023-11-23,0,0,0,0,0
2023-11-24,0,0,0,0,0
2023-11-25,0,0,0,0,0
2023-11-26,0,9.000000000000001e-4,0.0403,0,0.02
2023-11-27,0.6301,0.0102,0,1e-4,0.03
2023-11-28,0,0,0,2e-4,0
2023-11-29,0,0,0,0,0
2023-11-30,0,0,0,0,0
2023-12-01,0.030100000000000002,1.3105,0.3903,0.1202,0.26
2023-12-02,0.0607,0.221,0,0,0.15
2023-12-03,0.6502,0.0901,0,0.6708000000000001,0.06
2023-12-04,0.3403,0.0101,0.01,0,0.04
2023-12-05,0.001,0,1e-4,2e-4,0
2023-12-06,0.041,2e-4,0,0.08070000000000001,0.16
2023-12-07,0,0,0,0,0
2023-12-08,0,0,0,0,0
2023-12-09,0,0.16090000000000002,0.0109,0,0.04
2023-12-10,0.6503,2.6903,0.030100000000000002,1.0109,1.02
2023-12-11,2.4307,0,0,0.6601,0
2023-12-12,0,0,0,0,0
2023-12-13,1e-4,0,0,0,0
2023-12-14,6.000000000000001e-4,0,0,0,0
2023-12-15,0,0,0,0,0
2023-12-16,0,0.0102,0.11,0,0
2023-12-17,0.0801,0.16090000000000002,0.5501,0.5802,0.52
2023-12-18,4.6905,0,0,1.77,0
2023-12-19,0,0,0,1e-4,0
2023-12-20,0,0,0,0,0
2023-12-21,0,0,0,0,0
2023-12-22,0,0,0,0,0
2023-12-23,0,0.4001,0.2002,0,0
2023-12-24,0.0108,0.0106,0.0506,0.0302,0
2023-12-25,0.1213,1.4304000000000001,0.9503,0,0.29
2023-12-26,0,0,0,0.1607,0.37
2023-12-27,0.0408,0,0,0.7715,0.03
2023-12-28,0.761,2e-4,1e-4,2e-4,0
2023-12-29,0.0813,2e-4,0.0408,0,0
2023-12-30,0.0709,3.0000000000000003e-4,3.0000000000000003e-4,0,0
2023-12-31,0,0,0,1e-4,0
2024-01-01,0,0,0,5e-4,0
2024-01-02,0,0,0,0,0
2024-01-03,0,0,0,0,0
2024-01-04,1e-4,0,0,0,0
2024-01-05,0,0,0,0,0
2024-01-06,3.0000000000000003e-4,1.0306,0.8302,0.6336,0.47
2024-01-07,0.0467,0.0104,0.0202,0.14,0.08
2024-01-08,0.3007,0,0.01,0,0
2024-01-09,8e-4,1.5107,3.2712,3.8201,2
2024-01-10,2.6303,6.000000000000001e-4,0.0101,0.3301,0.03
2024-01-11,0,0,0,0,0
2024-01-12,0,1.5604,2.3306,0.040100000000000004,0.43000000000000005
2024-01-13,2.2106,1e-4,0,1.12,0.06
2024-01-14,0.0206,3.0000000000000003e-4,8e-4,4e-4,0
2024-01-15,0,0.9016000000000001,0.033800000000000004,0.0015,0.06
2024-01-16,0.006500000000000001,2e-4,1e-4,0.0518,0.01
2024-01-17,0.0204,0,0,0,0
2024-01-18,0.09,0.15030000000000002,6.000000000000001e-4,0,0.02
2024-01-19,0.03,0.0316,9.000000000000001e-4,0.43170000000000003,0.13
2024-01-20,5e-4,0,4e-4,0,0
2024-01-21,3.0000000000000003e-4,0,0,0,0
2024-01-22,0,0,0,0,0
2024-01-23,0,1e-4,0.1913,0,0
2024-01-24,0.4328,1.0604,2.8306,1e-4,0.31
2024-01-25,0.8304,1.1711,0.6103000000000001,0.071,0.64
2024-01-26,1.5916000000000001,0,2e-4,0.0304,0.07
2024-01-27,0.051500000000000004,0.5302,2.8907000000000003,0,0.22
2024-01-28,0.4702,0.0414,0.1509,2.6608,0.49000000000000005
2024-01-29,1.3114,8e-4,1e-4,0.0108,0.08
2024-01-30,0.0016,0.0101,0,0,0
2024-01-31,2e-4,0,0,2e-4,0
2024-02-01,0,0,0,0,0
2024-02-02,0,0,0,2e-4,0
2024-02-03,1e-4,0,0,0,0
2024-02-04,0,0,0,0,0
2024-02-05,0,0,0,0,0
2024-02-06,0,0,0,0,0
2024-02-07,0,0,0,0,0
2024-02-08,0,0,0,0,0
2024-02-09,0,1.1905,0,0,0.3
2024-02-10,1e-4,0.7601,1.6208,0.01,0.7000000000000001
2024-02-11,0.0201,0.5303,0.6403,0.0106,0.72
2024-02-12,0,1.5110000000000001,1.9501000000000002,0.2606,0.45
2024-02-13,0.031,0.6602,0.4302,2.8206,0.5599999999999999
2024-02-14,3.0000000000000003e-4,0,0,0,0
2024-02-15,0,0,0,2e-4,0
2024-02-16,0.0621,0.41000000000000003,0.4004,0,0
2024-02-17,9.000000000000001e-4,0.06,0.0501,0.0716,0.25
2024-02-18,0,0,0,0,0
2024-02-19,0,0,0,0,0
2024-02-20,0,0,0,0,0
2024-02-21,0,0,0,0,0
2024-02-22,0,0.02,0.9902,0.6805,0
2024-02-23,0.3312,0.6203,1.0505,0.0411,0.95
2024-02-24,0,0,0,0.040600000000000004,0
2024-02-25,0,1e-4,0,0,0
2024-02-26,0,0,0,0,0
2024-02-27,0,4e-4,1e-4,1e-4,0
2024-02-28,0.3405,1.0103,0.7201,0.3102,0.35
2024-02-29,0.0904,0,0,0,0
2024-03-01,0,0.2312,0.1617,0,0.12
2024-03-02,0.1802,0.0605,0,1.6305,0.04
2024-03-03,0.9802000000000001,0,0,0,0
2024-03-04,0,0,0,0,0
2024-03-05,0.3021,0.6703,0.1809,0.2805,0.01
2024-03-06,0.4105,0.9106000000000001,0,0.0305,0.93
2024-03-07,2.1712000000000002,0,0,0.2809,0.05
2024-03-08,0,0.2204,0.1504,0,0
2024-03-09,1e-4,0.30110000000000003,0.5404,3.3205,0.63
2024-03-10,1.6007,0,0,6.000000000000001e-4,0
2024-03-11,7e-4,0,0,7e-4,0
2024-03-12,0,0,0,0,0
2024-03-13,0,0,0,0,0
2024-03-14,0,0,0,0,0
2024-03-15,0.2015,2.2602,1.3001,0.1404,0.4
2024-03-16,0,0,0,0,0
2024-03-17,0.051,0,0,0,0
2024-03-18,0,0,0,0,0
2024-03-19,0,0,0,0,0
2024-03-20,0,0,0,0,0
2024-03-21,8e-4,0,0,0,0
2024-03-22,0,0.0504,0,0,0
2024-03-23,2.6426,0.1202,0.0102,1.3803,0.61
2024-03-24,0.44,0,0,0,0
2024-03-25,0,0,0,0,0
2024-03-26,3.0000000000000003e-4,1.3006,1.9002000000000001,0.03,0.78
2024-03-27,0.0915,0,0,0.0304,0
2024-03-28,2.411,0,0,0,0
2024-03-29,0.6003000000000001,0,0,0,0
2024-03-30,0,0,0,0.0103,0
2024-03-31,0,0,0,0.06,0
2024-04-01,0,0,0,2.8604000000000003,0
2024-04-02,1e-4,1.3805,3.5304,2.0905,0.41
2024-04-03,0.3607,0.6705,0.0106,2.1213,0.58
2024-04-04,2.7706,0,0,0.0201,0.02
2024-04-05,0.1511,0,0,0.0305,0.03
2024-04-06,0.0311,0,0,0,0
2024-04-07,0.020300000000000002,0,0,0,0
2024-04-08,0,0.0502,0.2903,0,0
2024-04-09,0,0.3305,1.5703,0,0.03
2024-04-10,0.0102,0.2502,0.0103,2e-4,0.06
2024-04-11,0.2309,0.5209,3.6106000000000003,0.11019999999999999,0.19
2024-04-12,1.5309000000000001,0.0402,1e-4,1.2108,0.12
2024-04-13,0.01,0,0,5e-4,0
2024-04-14,0.0303,0,0,0,0
2024-04-15,0.060300000000000006,0,0,0.2808,0
2024-04-16,0,1e-4,0,0,0
2024-04-17,0,0.1202,0.07010000000000001,0.0504,0.07
2024-04-18,0.1807,0,0,1e-4,0
2024-04-19,0.0102,0.0207,0.1105,3.0000000000000003e-4,0.16
2024-04-20,0.25,0.36,3.0000000000000003e-4,3.0000000000000003e-4,0.06
2024-04-21,1e-4,0,0,0,0
2024-04-22,0,0,0,0,0
2024-04-23,0,0,0,0,0
2024-04-24,0.0306,0.0402,1e-4,0,0.06
2024-04-25,0,0,0,0,0
2024-04-26,0,0.2504,0.3302,0,0.19
2024-04-27,0,0,0.03,0.7202,0
2024-04-28,0.3402,0,0,0.01,0
2024-04-29,0,1e-4,1e-4,0,0
2024-04-30,0.1205,5.0403,4.2501,0.62,0.67
2024-05-01,0.3503,0,0,0.0102,0
2024-05-02,0.1002,0,0,0,0
2024-05-03,0,0.2904,0.7004,0,0.28
2024-05-04,0,1.2405,0.6405000000000001,0.2008,0.06
2024-05-05,0.32030000000000003,0,0.050100000000000006,0.4912,0.29
2024-05-06,0.2,0.9406000000000001,3.5008,0,0.13999999999999999
2024-05-07,0,0.2202,1.1003,1e-4,0.13
2024-05-08,0.7403,0.6607999999999999,8.6408,2e-4,1.43
2024-05-09,0.0704,5.3404,11.1003,0.1804,2.16
2024-05-10,0,0,0,1.3415,0
2024-05-11,0,0,0,0.4911,0
2024-05-12,2e-4,0,0,0.3702,0
2024-05-13,0,0.0202,0.0106,0,0.02
2024-05-14,1e-4,1.6404,2.1503,0.0407,0.03
2024-05-15,0.0303,0.0305,0.03,0.1911,0.18
2024-05-16,0.001,0,0,0,0.02
2024-05-17,0,0.0806,0.6803,5e-4,0.39
2024-05-18,5e-4,3.0000000000000003e-4,0.030100000000000002,0.5105,0.04
2024-05-19,0,0,0,0,0
2024-05-20,0,0,0,0,0
2024-05-21,0,1e-4,0,0,0
2024-05-22,0,1.57,1.6001,0.0205,0.56
2024-05-23,0,0.1501,0.5800000000000001,4e-4,1.8
2024-05-24,0,4e-4,0,0.0201,0.05
2024-05-25,0,0.5401,0.3805,0.22,0.35
2024-05-26,0.05,1.6902,9.64,0.03,0.8700000000000001
2024-05-27,0.0814,1.92,4.8401,0.2705,0.53
2024-05-28,0.6403,0,0,0,0
2024-05-29,0,0,0,3.0000000000000003e-4,0
2024-05-30,1e-4,0,0,0,0
2024-05-31,0,0,0,0,0
2024-06-01,0,0.7903,1.5108000000000001,0,0
2024-06-02,0,0.0205,2.34,0.0103,0
2024-06-03,0,1e-4,0.02,0,0
2024-06-04,0,0.1303,0.22,0,0
2024-06-05,2e-4,0.10020000000000001,2.25,0.6104,0.02
2024-06-06,3.0000000000000003e-4,0.050100000000000006,0.74,0.07,0.13
2024-06-07,0,0,0,0,0
2024-06-08,0,0,0,0,0
2024-06-09,0.0405,0.2706,0.2003,2e-4,0.5
2024-06-10,0,0,0,1e-4,0
2024-06-11,0,0,0,0,0
2024-06-12,0,0,0,0,0
2024-06-13,0,0,0,0,0
2024-06-14,5e-4,0,0,3.0000000000000003e-4,0
2024-06-15,3.0000000000000003e-4,0,0,3.0000000000000003e-4,0
2024-06-16,0,0.9702999999999999,0,0,0
2024-06-17,0,0.6501,0,0,0
2024-06-18,0,2e-4,2e-4,0,0
2024-06-19,1e-4,0,0,0,0
2024-06-20,1e-4,0,0,0,0
2024-06-21,2e-4,0,0,0,0
2024-06-22,4e-4,0,0,0,0
2024-06-23,0,2e-4,0.0103,0.0104,0.25
2024-06-24,0,0.04,0,0.0102,0
2024-06-25,2e-4,0,0,0,0
2024-06-26,0,1.0301,3.3501,1e-4,0.29
2024-06-27,0.0704,0.22010000000000002,0.5801999999999999,0.4702,0.77
2024-06-28,0,0,0,0,0
2024-06-29,5e-4,0,0,2e-4,0
2024-06-30,6.000000000000001e-4,0.44,0.4401,0.0011,0
2024-07-01,0,0,0,0,0
2024-07-02,0,0,0,0,0
2024-07-03,0,0,0,0,0
2024-07-04,1e-4,0,1.03,0,0
2024-07-05,6.000000000000001e-4,0.0703,0.8705,0,0.72
2024-07-06,3.0000000000000003e-4,0,0,0,0
2024-07-07,2e-4,0,0,0,0
2024-07-08,0,0,0.31,0,0
2024-07-09,0,0.5503,0.86,1e-4,0
2024-07-10,0,0,0.0102,2.4,0.02
2024-07-11,0,0,0,0.02,0
2024-07-12,0,0,0,0,0
2024-07-13,0,0,0,0,0
2024-07-14,0.09999999999999999,0,0,0,0
2024-07-15,0,0,0,0,0
2024-07-16,1e-4,0,0,0,0
2024-07-17,3.62,0,0.1605,1.2402,0
2024-07-18,0.0204,0.1105,4e-4,3.0000000000000003e-4,0.28
2024-07-19,0,0,0,0,0
2024-07-20,0,7e-4,1e-4,4e-4,0.09000000000000001
2024-07-21,0,0.0301,2e-4,0,0
2024-07-22,0,3.0000000000000003e-4,3.6602,5e-4,1.23
2024-07-23,7e-4,0.5405,0.0501,0.09,0.06
2024-07-24,0.09,2e-4,1e-4,0.6413,0.29
2024-07-25,2e-4,0.0202,0,2e-4,0
2024-07-26,0,0.13040000000000002,0.11,2e-4,0
2024-07-27,0,0,0,0,0
2024-07-28,0,0.3401,0.1102,0,0.56
2024-07-29,2.6005000000000003,3.3906,0.4803,0,0.02
2024-07-30,0,3.0000000000000003e-4,0,2.7204,0
2024-07-31,0.8302,1.7704,4.1502,0,1.77
2024-08-01,0.0201,0.04,0,0.01,0.29
2024-08-02,1e-4,0.7402,1.3503,0,0.9
2024-08-03,0.1902,1e-4,0,2.151,0.44
2024-08-04,2.3905,0,0,2e-4,0
2024-08-05,0.0102,0,0,0,0
2024-08-06,0.6810999999999999,0,0,0,0
2024-08-07,2.7902,0,0,6.5803,0
2024-08-08,0.2101,0,0,11.9114,0.02
2024-08-09,0.7511,0,0,9.8704,0.03
2024-08-10,0.4702,0,0,0,0
2024-08-11,0,0,0,0,0
2024-08-12,0.0104,0,0,0,0
2024-08-13,0,0,0,0,0
2024-08-14,0,0,0,0,0
2024-08-15,1.46,0,0,0,0
2024-08-16,0,0,0.08020000000000001,0,0.04
2024-08-17,0,2e-4,0,0.24029999999999999,0
2024-08-18,0.5407,0.64,0.5103,2.0406,0.42000000000000004
2024-08-19,0.0303,0,0,0,0
2024-08-20,0.18009999999999998,0,0,1e-4,0
2024-08-21,3.0000000000000003e-4,0,0,0,0
2024-08-22,0,0,0,0,0
2024-08-23,0,0,0,0,0
2024-08-24,0,0,0,0,0
2024-08-25,2e-4,0,0,0,0
2024-08-26,0.0202,0,0,0.030699999999999998,0
2024-08-27,1e-4,0,0,0,0
2024-08-28,0,0,0,0.04,0
2024-08-29,0,2e-4,0,6.000000000000001e-4,0
2024-08-30,0,0.7201,0.2203,0.7601,0
2024-08-31,0,0,0,1.32,0.06
2024-09-01,0.0101,5.08,0.1602,1e-4,0.27
2024-09-02,0,0,0,0,0
2024-09-03,0,0,0,0,0
2024-09-04,0,0,1e-4,0,0
2024-09-05,0,0,0,0,0
2024-09-06,0,0,0,0,0
2024-09-07,3.0000000000000003e-4,0.0403,0.0601,0.6204,0.05
2024-09-08,0.0701,0,0,0,0
2024-09-09,0,0,0,0,0
2024-09-10,0,0,0,0,0
2024-09-11,0.07,0,0,0,0
2024-09-12,0,0.2601,0.02,0,0.04
2024-09-13,0,0.1301,2.4002,0,0.04
2024-09-14,0,1.2502,3.0904,0,0
2024-09-15,0,0,0.12010000000000001,0,0
2024-09-16,0,0,0,0,0
2024-09-17,0,0,0,0.1003,0.05
2024-09-18,0,0,0,0.7508,0
2024-09-19,0,0,0,0,0
2024-09-20,0.1215,0,0,0,0
2024-09-21,0.7807,0.9901,0,0.2202,0
2024-09-22,0.0202,1e-4,0,0,0.04
2024-09-23,0,0.46,0.16010000000000002,0.2306,0
2024-09-24,0,2.5202999999999998,0.0703,0.4406,0.03
2024-09-25,3.0000000000000003e-4,0.0102,1e-4,0.0102,0.44
2024-09-26,0.542,0,1e-4,0.8603000000000001,0.65
2024-09-27,0.3007,8.1301,9.3705,0.3012,1.52
2024-09-28,0,0.4011,0.8603,0.0412,0.09
2024-09-29,0,0.3311,0.1107,0.0313,0.04
2024-09-30,0,0.0803,0.0101,0.8214,0
2024-10-01,4e-4,0,1e-4,0.6513,0.03
2024-10-02,0,0,1e-4,0.46040000000000003,0
2024-10-03,0,0,0,0,0
2024-10-04,9.000000000000001e-4,0,0,0,0
2024-10-05,6.000000000000001e-4,2e-4,0,0,0
2024-10-06,0,0,0,0,0
2024-10-07,0.1407,3.0000000000000003e-4,0,0.0501,0
2024-10-08,0,1e-4,0,0,0
2024-10-09,1e-4,0,0,0,0
2024-10-10,0.0101,0,0,0,0
2024-10-11,0,0,0,0,0
2024-10-12,0,0,0,0,0
2024-10-13,0.2404,0,0,0,0
2024-10-14,0.842,0,0,2e-4,0
2024-10-15,0,0,0,1e-4,0.04
2024-10-16,0,0,0,0,0.01
2024-10-17,0,0,0,0,0
2024-10-18,0,0,0,0,0
2024-10-19,0,0,0,0,0
2024-10-20,0,0,0,0,0
2024-10-21,0,0,0,0,0
2024-10-22,0,0,0,0,0
2024-10-23,0.001,0,0,0,0
2024-10-24,1e-4,0,0,0,0
2024-10-25,0,0,0,0,0
2024-10-26,0,0.060200000000000004,0,0,0.07
2024-10-27,0,0,0,0,0
2024-10-28,1e-4,0,0,0,0
2024-10-29,0,0,0,0,0
2024-10-30,0.47050000000000003,0,0,0,0
2024-10-31,0.0111,0.42010000000000003,1.1201,0,0
2024-11-01,0,0.1401,0.1903,1e-4,0.11
2024-11-02,0,0,0,0,0
2024-11-03,0,0,0,0,0
2024-11-04,0,0,0,0,0
2024-11-05,1e-4,0,0.0801,0,0
2024-11-06,0,0.26,3.9304,0,0
2024-11-07,0,0,0.5613,0,0
2024-11-08,0,2e-4,0,0,0
2024-11-09,0.0103,0.0102,0.0405,0,0
2024-11-10,1e-4,1.8303,1.0307,0.10020000000000001,0.01
2024-11-11,0.0907,0.0204,0.0301,0.0702,0.02
2024-11-12,0,0,0,0,0
2024-11-13,0,0.1302,1.7201,0,0
2024-11-14,0,1.5605,1.9701000000000002,0.0901,0.33
2024-11-15,0,0,0,0.12040000000000001,0
2024-11-16,0,0,0,0,0
2024-11-17,0,0,0,0,0
2024-11-18,2e-4,0,0,0,0
2024-11-19,0,0.1306,1.6506,3.0000000000000003e-4,0.37
2024-11-20,0,4e-4,0,0.020300000000000002,0.02
2024-11-21,0.7912,0,0,0.0106,0.02
2024-11-22,0.9302,0,0,0.0307,0
2024-11-23,0.9903000000000001,0,0,0.0103,0
2024-11-24,0,0,0,0,0
2024-11-25,0,0.08,0,0,0
2024-11-26,0.4503,5e-4,0.6900000000000001,0.0502,0.03
2024-11-27,0,2e-4,0.0202,0,0
2024-11-28,0.8404,0.2503,0.2802,0.6009,0.25
2024-11-29,4e-4,0,0,1e-4,0
2024-11-30,3.0000000000000003e-4,0,0,0,0
2024-12-01,0,0,0,3.0000000000000003e-4,0
2024-12-02,0,2e-4,9.000000000000001e-4,0,0
2024-12-03,0,0.0107,7e-4,0,0
2024-12-04,0,0,0,1e-4,0
2024-12-05,0.3819,0,0,0.0103,0
2024-12-06,0,0,0,0,0
2024-12-07,0,0,0,0,0
2024-12-08,0.0122,0.0202,0.08020000000000001,0,0
2024-12-09,0.0502,2.21,2.2901000000000002,0.5508,0.61
2024-12-10,0,0.3011,0.0703,0.0102,0.26
2024-12-11,0,6.000000000000001e-4,4e-4,4.2805,0.04
2024-12-12,0.07,0,0,0,0
2024-12-13,0,0,0,0,0
2024-12-14,0,1e-4,0.0701,0,0
2024-12-15,0,0.3603,0.6003,0.0414,0.44
2024-12-16,0,0.9503,5.2703,1.1708,0.28
2024-12-17,0,1.11,2.6500999999999997,3.0000000000000003e-4,0.19
2024-12-18,0,0.7602,4.5203999999999995,0.0805,0.72
2024-12-19,0,0,0,3.0000000000000003e-4,0
2024-12-20,0.0012000000000000001,0,0,7e-4,0
2024-12-21,0.0011,0,0,1e-4,0
2024-12-22,0,0,0,0,0
2024-12-23,0,1e-4,0,0,0
2024-12-24,0.030799999999999998,2e-4,1e-4,0,0
2024-12-25,0,0,0,1e-4,0
2024-12-26,0,0,0.0404,0,0
2024-12-27,0,1.2901,0.7205,0,0.5800000000000001
2024-12-28,1e-4,3.0000000000000003e-4,0.8301,0.3212,0.08
2024-12-29,0.0421,1.3505,1.2505,0.0305,0.67
2024-12-30,0.8217,0,1e-4,3.0000000000000003e-4,0.14
2011-11-12,0,0,0,0,0
2015-07-26,0,0,0.2,0,0
2016-01-10,0,0.36110000000000003,0.3019,2.3005,0
2016-01-11,0,0,0,0,0
