date,rainfall_ASH,rainfall_BNA,rainfall_CKV,rainfall_MRB,rainfall_SCX
2010-09-30,0.1103,0,NA,2.8202000000000003,NA
2010-10-01,1.1006,0,NA,0.6501,NA
2010-10-02,0.05,0,NA,NA,NA
2010-10-04,0.1005,0,NA,0.37,NA
2010-10-05,5e-4,0,NA,NA,NA
2010-10-06,1.0404,0,NA,4e-4,NA
2010-10-07,0.050499999999999996,0,NA,2e-4,NA
2010-10-09,1e-4,0,NA,NA,NA
2010-10-12,0.02,0.33,0.0202,NA,NA
2010-10-15,1.7204,0,NA,1e-4,NA
2010-10-16,0.030100000000000002,0,NA,NA,NA
2010-10-17,2e-4,0,NA,0,NA
2010-10-21,0.0103,0,NA,0.01,NA
2010-10-24,6.000000000000001e-4,0,0.8200000000000001,NA,NA
2010-10-26,0.0204,0.5201,0.7901,NA,NA
2010-10-27,0.16040000000000001,1e-4,0.01,0.5605,NA
2010-10-28,0.02,0,NA,0.01,NA
2010-10-29,1e-4,0,NA,NA,NA
2010-10-30,1e-4,0,NA,NA,NA
2010-11-04,0.84,0.09,NA,0.9704,NA
2010-11-05,0.3505,1e-4,0.0206,0.0102,NA
2010-11-07,0,0,0,0,NA
2010-11-08,0.2904,0,0,0,NA
2010-11-09,0.0506,0,NA,NA,NA
2010-11-10,0.1605,0,NA,NA,NA
2010-11-16,0.0104,0.9103,1.29,0.7004,NA
2010-11-17,0.9903,0.02,0.05,0.4501,NA
2010-11-19,3.0000000000000003e-4,0,NA,NA,NA
2010-11-23,0.0101,1.0402,1.4101000000000001,0.0105,NA
2010-11-26,0.3902,0.4002,0.8101,0.011000000000000001,NA
2010-11-27,1e-4,0,NA,0.0011,NA
2010-12-01,0.2409,0,NA,1.7605,NA
2010-12-02,0.3502,0,NA,1e-4,NA
2010-12-04,2e-4,2e-4,1e-4,NA,NA
2010-12-06,5e-4,6.000000000000001e-4,2e-4,4e-4,NA
2010-12-07,3.0000000000000003e-4,2e-4,NA,NA,NA
2010-12-10,0,0,NA,2e-4,NA
2010-12-11,3.0000000000000003e-4,0.4501,0.6501,NA,NA
2010-12-12,1.1003,0.7110000000000001,0.13140000000000002,0.31020000000000003,NA
2010-12-13,0.3605,0.011300000000000001,0.0011,0.0103,NA
2010-12-14,4e-4,0,NA,3.0000000000000003e-4,NA
2010-12-15,5e-4,3.0000000000000003e-4,NA,NA,NA
2010-12-16,2e-4,0.2802,0.2005,0.1502,NA
2010-12-20,4e-4,0,0,NA,NA
2010-12-21,0.001,2e-4,0.0303,NA,NA
2010-12-22,8e-4,0.0303,0.0303,NA,NA
2010-12-23,0.0013000000000000002,0,NA,NA,NA
2010-12-26,9.000000000000001e-4,0.0023,0.0015,1e-4,NA
2010-12-27,0.0022,3.0000000000000003e-4,NA,NA,NA
2010-12-29,0.01,0.0303,0.0705,NA,NA
2011-01-01,0,0.8005,0.6701,1e-4,NA
2011-01-02,0.0303,NA,NA,0.0302,NA
2011-01-07,3.0000000000000003e-4,4e-4,3.0000000000000003e-4,NA,NA
2011-01-08,0.0011,0.011300000000000001,0.021,0.0303,NA
2011-01-12,0.0019,0.0017000000000000001,8e-4,0.030100000000000002,NA
2011-01-13,4e-4,9.000000000000001e-4,1e-4,NA,NA
2011-01-14,1e-4,NA,NA,2e-4,NA
2011-01-15,3.0000000000000003e-4,NA,NA,NA,NA
2011-01-16,3.0000000000000003e-4,NA,NA,NA,NA
2011-01-18,0.0013000000000000002,0.3605,NA,0.21030000000000001,NA
2011-01-19,0.4008,0.0206,NA,0.0702,NA
2011-01-20,7e-4,0.0702,NA,NA,NA
2011-01-21,0.0016,0.0102,NA,4e-4,NA
2011-01-23,2e-4,0,NA,NA,NA
2011-01-25,0.001,0.2706,NA,NA,NA
2011-01-26,3.0000000000000003e-4,0.4003,NA,0.4504,NA
2011-01-27,9.000000000000001e-4,NA,NA,0.1801,NA
2011-01-28,0.06,0,NA,0.0505,NA
2011-01-29,0.0605,NA,NA,NA,NA
2011-01-30,0.01,NA,NA,NA,NA
2011-02-01,0.0013000000000000002,0.8302,NA,2e-4,NA
2011-02-02,0.0021000000000000003,0.0205,NA,0.6802,NA
2011-02-03,0.0014,NA,NA,NA,NA
2011-02-04,1e-4,1e-4,NA,NA,NA
2011-02-05,0.1305,0.051000000000000004,NA,0.2203,NA
2011-02-06,0.55,NA,NA,1e-4,NA
2011-02-07,1e-4,0.3504,NA,NA,NA
2011-02-08,0.2314,3.0000000000000003e-4,NA,1e-4,NA
2011-02-09,1e-4,0.1101,NA,NA,NA
2011-02-12,1e-4,NA,NA,NA,NA
2011-02-13,2e-4,NA,NA,NA,NA
2011-02-14,1e-4,NA,NA,NA,NA
2011-02-15,1e-4,NA,NA,3.0000000000000003e-4,NA
2011-02-17,0.02,NA,NA,1e-4,NA
2011-02-19,7e-4,0.0302,NA,NA,NA
2011-02-20,2e-4,2e-4,NA,NA,NA
2011-02-21,9.000000000000001e-4,1e-4,NA,0.0207,NA
2011-02-24,2e-4,1.21,NA,0.0104,NA
2011-02-25,0.611,0.7004,NA,0.3104,NA
2011-02-26,0.0604,NA,NA,NA,NA
2011-02-27,0.0018000000000000002,0.0402,NA,NA,NA
2011-02-28,0.1407,1.7604,NA,0.2905,NA
2011-03-01,0.19,0,NA,0.0101,NA
2011-03-02,0.27,NA,NA,NA,NA
2011-03-03,2e-4,NA,NA,NA,NA
2011-03-05,0.0103,1.1007,NA,NA,NA
2011-03-06,0.31070000000000003,0.19,NA,1.0204,NA
2011-03-07,1.6405,NA,NA,0.2802,NA
2011-03-11,0.6003000000000001,0.0101,NA,0.3002,NA
2011-03-12,0.01,0,NA,0,NA
2011-03-13,2e-4,0.0403,NA,0,NA
2011-03-14,1e-4,0.2707,NA,NA,NA
2011-03-16,0.7303999999999999,NA,NA,0.10010000000000001,NA
2011-03-18,1e-4,0,NA,0.01,NA
2011-03-19,1e-4,NA,NA,2e-4,NA
2011-03-21,0.1303,NA,NA,0.1403,NA
2011-03-22,0.1304,0,NA,NA,NA
2011-03-24,0.001,0.01,NA,0.1902,NA
2011-03-25,1e-4,0.10020000000000001,NA,NA,NA
2011-03-31,1e-4,3.0000000000000003e-4,NA,0.1503,NA
2011-04-01,0.5616,NA,NA,0.1805,NA
2011-04-02,5e-4,NA,NA,0.0104,NA
2011-04-04,0.2306,0.8202,NA,1e-4,NA
2011-04-05,0.0308,0.3501,NA,0.3506,NA
2011-04-10,1e-4,NA,NA,NA,NA
2011-04-11,0.0202,1.0301,NA,NA,NA
2011-04-13,0.6206,NA,NA,0.6302,NA
2011-04-14,3.0000000000000003e-4,NA,NA,NA,NA
2011-04-16,1e-4,0.4805,NA,2.0102,NA
2011-04-17,1.2204,0,NA,1e-4,NA
2011-04-18,0.0404,NA,NA,2e-4,NA
2011-04-19,0.061200000000000004,NA,NA,0.87,NA
2011-04-20,0.050300000000000004,0.3303,NA,0,NA
2011-04-23,0.3102,0,NA,0.1403,NA
2011-04-24,1e-4,0.1401,NA,0.4702,NA
2011-04-25,0.0207,0.0101,NA,0.0202,NA
2011-04-26,0.0402,0.75,NA,2e-4,NA
2011-04-27,0.13,1.8001,NA,NA,NA
2011-04-28,0.1101,1e-4,NA,1.5201,NA
2011-05-04,0.3701,NA,NA,0.6904,NA
2011-05-05,0.0104,NA,NA,NA,NA
2011-05-07,0.3204,3.0000000000000003e-4,NA,1e-4,NA
2011-05-08,2e-4,0,NA,0,NA
2011-05-09,1e-4,0,NA,0,NA
2011-05-10,3.0000000000000003e-4,NA,NA,NA,NA
2011-05-11,0.0109,0,NA,NA,NA
2011-05-12,4e-4,0.03,NA,NA,NA
2011-05-15,0.8808,3.0000000000000003e-4,NA,0.4204,NA
2011-05-16,0.1903,0.0305,NA,0.01,NA
2011-05-17,0.1607,NA,NA,2.3106,NA
2011-05-18,0.1308,NA,NA,0.5104,NA
2011-05-19,0.6902,2e-4,NA,0.1003,NA
2011-05-20,0.0303,NA,NA,0.0102,NA
2011-05-21,0,0.08,NA,0,NA
2011-05-22,1e-4,0,NA,0.03,NA
2011-05-23,0.1203,0.3205,NA,0.1202,NA
2011-05-24,0.14,0.19030000000000002,NA,NA,NA
2011-05-25,0.2003,NA,NA,NA,NA
2011-05-26,3.0000000000000003e-4,0.6102,NA,0.2,NA
2011-05-27,9.000000000000001e-4,1e-4,NA,0.03,NA
2011-05-28,0.0011,NA,NA,4e-4,NA
2011-05-29,9.000000000000001e-4,NA,NA,NA,NA
2011-05-30,0.0011,NA,NA,NA,NA
2011-05-31,0.0301,NA,NA,NA,NA
2011-06-01,0.0011,NA,NA,NA,NA
2011-06-02,0.0104,0,NA,0,NA
2011-06-06,2e-4,0,NA,0,NA
2011-06-07,2e-4,NA,NA,NA,NA
2011-06-08,1e-4,NA,NA,NA,NA
2011-06-09,0.2602,0,NA,0,NA
2011-06-10,0.0201,NA,NA,1e-4,NA
2011-06-11,0.6604,NA,NA,0.2304,NA
2011-06-12,0.2902,NA,NA,1.0301,NA
2011-06-14,0.0108,0.0402,NA,NA,NA
2011-06-17,0.1604,0.0305,NA,0.4402,NA
2011-06-18,0.01,0.0703,NA,0.15009999999999998,NA
2011-06-22,0.8402000000000001,0.060200000000000004,NA,0.0102,NA
2011-06-23,1.1304,0,NA,4e-4,NA
2011-06-24,0.0305,NA,NA,0.28,NA
2011-06-25,0.3904,0.0502,NA,NA,NA
2011-06-26,0.0901,0.42050000000000004,NA,NA,NA
2011-06-29,0.3001,NA,NA,NA,NA
2011-07-02,0,0,NA,0,NA
2011-07-03,4e-4,0,NA,0.13,NA
2011-07-04,0.67,NA,NA,0.05,NA
2011-07-05,0.03,NA,NA,0.1301,NA
2011-07-07,0.15,0.87,NA,NA,NA
2011-07-08,0.0101,0.1505,NA,1.4003999999999999,NA
2011-07-09,0.060200000000000004,NA,NA,0.01,NA
2011-07-11,1e-4,NA,NA,0.24,NA
2011-07-12,2e-4,1e-4,NA,NA,NA
2011-07-13,1e-4,NA,NA,0.09,NA
2011-07-14,0.0402,1e-4,NA,NA,NA
2011-07-18,0.0901,0.64,NA,NA,NA
2011-07-23,0.13,NA,0,NA,NA
2011-07-24,2e-4,NA,0,NA,NA
2011-07-25,0.6701,NA,0,2e-4,NA
2011-07-26,0.01,NA,0,NA,NA
2011-07-28,3.0000000000000003e-4,NA,0,NA,NA
2011-07-29,0.0205,0,0,NA,NA
2011-07-30,0.1201,0.7999999999999999,0,1e-4,NA
2011-08-01,4e-4,0,0,0.19,NA
2011-08-02,0.0102,NA,0,NA,NA
2011-08-04,1e-4,0,NA,0.0102,NA
2011-08-05,2e-4,0.4003,0.21000000000000002,NA,NA
2011-08-06,2e-4,0.1705,0.19,0.3305,NA
2011-08-07,0.3303,0.050300000000000004,0.15,0.0602,NA
2011-08-08,0.1302,1e-4,NA,NA,NA
2011-08-09,0.0101,1e-4,NA,0.1001,NA
2011-08-10,1.1202,NA,NA,NA,NA
2011-08-13,1e-4,0.0101,NA,0.21009999999999998,NA
2011-08-14,5e-4,NA,NA,1.1601,NA
2011-08-15,1.2703,NA,NA,0.7502000000000001,NA
2011-08-16,0.6403,NA,NA,NA,NA
2011-08-19,2e-4,NA,1e-4,0.28,NA
2011-08-21,0.0101,1.1501,0.1602,1e-4,NA
2011-08-22,0.050300000000000004,NA,NA,NA,NA
2011-08-24,0.02,NA,NA,NA,NA
2011-08-25,0.1901,NA,NA,0.25,NA
2011-08-26,0.1901,NA,NA,NA,NA
2011-08-27,0.2802,NA,NA,0.16019999999999998,NA
2011-08-28,2.7605,NA,NA,0.5704,NA
2011-08-29,1e-4,NA,NA,NA,NA
2011-08-30,2e-4,NA,NA,NA,NA
2011-08-31,2e-4,NA,NA,NA,NA
2011-09-03,1e-4,NA,NA,NA,NA
2011-09-05,0.0105,1.7802,0.4102,0.6405000000000001,NA
2011-09-06,0.3508,2.14,0.1703,1.3602,NA
2011-09-07,2.0006,3.0000000000000003e-4,2e-4,0.6503,NA
2011-09-08,0.8303,NA,NA,0.2305,NA
2011-09-10,3.0000000000000003e-4,NA,0.1,NA,NA
2011-09-11,2e-4,0.2,0.1402,0.02,NA
2011-09-12,1e-4,NA,0.01,0.030100000000000002,NA
2011-09-13,3.0000000000000003e-4,NA,0.01,NA,NA
2011-09-15,0.0304,0.36010000000000003,2e-4,0.16040000000000001,NA
2011-09-16,2e-4,NA,NA,NA,NA
2011-09-18,1e-4,2e-4,1e-4,0.01,NA
2011-09-19,2e-4,0.18030000000000002,0.5002,NA,NA
2011-09-20,0.1001,0.14,3.0000000000000003e-4,0.1602,NA
2011-09-21,2e-4,0.1601,2e-4,0.01,NA
2011-09-22,0.2902,NA,NA,0.02,NA
2011-09-23,0.5501,0.4001,0.5801000000000001,0.1103,NA
2011-09-24,0.3002,0.01,NA,0.01,NA
2011-09-25,2e-4,1e-4,0.0803,4e-4,NA
2011-09-26,4e-4,0.2503,0.5502,NA,NA
2011-09-27,2e-4,NA,NA,0.4601,NA
2011-09-29,1.7003,0.05,1e-4,0.0402,NA
2011-09-30,0.01,NA,NA,NA,NA
2011-10-01,0.1107,NA,NA,0.5502,NA
2011-10-02,0.0507,NA,NA,0.221,NA
2011-10-03,0.0201,NA,NA,0.16040000000000001,NA
2011-10-04,1.8105,NA,NA,0.1301,NA
2011-10-05,0.0402,NA,NA,NA,NA
2011-10-06,0.04,NA,NA,NA,NA
2011-10-07,1e-4,NA,0.01,0.01,NA
2011-10-11,2e-4,NA,NA,0.01,NA
2011-10-12,3.0000000000000003e-4,NA,0.01,0.6505,NA
2011-10-13,0.5302,0.11040000000000001,0.12050000000000001,0.1704,NA
2011-10-14,0.7502,NA,NA,0.5602,NA
2011-10-15,0.0405,NA,NA,NA,NA
2011-10-17,0.020300000000000002,NA,NA,2e-4,NA
2011-10-19,0.7901,0.1104,0.1605,0.1301,NA
2011-10-20,0.4104,0.0905,0.0405,0.11,NA
2011-10-21,0,0,0,0,NA
2011-10-22,2e-4,NA,NA,NA,NA
2011-10-25,0.0101,NA,0.01,0,NA
2011-10-26,0.060200000000000004,0,NA,2e-4,NA
2011-10-27,0.86,0.0906,0.6104,0.0307,NA
2011-10-28,0.1701,0.4803,0.2502,0.01,NA
2011-10-29,0.0704,NA,NA,1.0301,NA
2011-10-30,0.3603,NA,0.01,0.01,NA
2011-11-06,0,0,0,0,NA
2011-11-10,0.6801,0,0,0.0502,NA
2011-11-11,0.0902,0,0,1e-4,NA
2011-11-15,5e-4,0.9,1.76,0.01,NA
2011-11-16,0.0702,1.0003,2.4804,0.5103,NA
2011-11-17,0.1103,NA,NA,0.0201,NA
2011-11-23,1.3908,0.050300000000000004,0.020300000000000002,0.6903,NA
2011-11-24,0.01,NA,NA,0,NA
2011-11-29,2e-4,0.0419,0.0408,0.5901000000000001,NA
2011-11-30,1.0403,0.0207,0.01,NA,NA
2011-12-01,1e-4,NA,NA,NA,NA
2011-12-06,0.0603,0.4408,0.0303,0.111,NA
2011-12-07,0.8003,0.13090000000000002,0.0502,1.23,NA
2011-12-08,1.1001,NA,NA,0.2301,NA
2011-12-10,2e-4,NA,NA,NA,NA
2011-12-15,0.0404,0.0801,0.0704,1e-4,NA
2011-12-16,0.1104,0.39030000000000004,0.5908,NA,NA
2011-12-21,0.050300000000000004,0.1502,0.5502,0.0505,NA
2011-12-22,0.1301,0.4901,0.5603,NA,NA
2011-12-23,0.8104,0.0101,0.0102,0.5502,NA
2011-12-25,2e-4,NA,NA,NA,NA
2011-12-26,1e-4,NA,1e-4,NA,NA
2011-12-27,0.0601,0.8206,0.7704,0.4101,NA
2011-12-28,0.5301,0.06,NA,NA,NA
2011-12-31,0.0303,NA,NA,2e-4,NA
2012-01-02,0.050300000000000004,NA,NA,2e-4,NA
2012-01-05,1e-4,NA,NA,NA,NA
2012-01-06,1e-4,NA,NA,NA,NA
2012-01-12,0.10060000000000001,0.0311,0.081,0.6002000000000001,NA
2012-01-13,0.2908,0.0012000000000000001,7e-4,0.1203,NA
2012-01-14,2e-4,NA,NA,NA,NA
2012-01-17,0.1211,0.6306999999999999,0.30019999999999997,0.16040000000000001,NA
2012-01-18,0.0101,NA,0,2e-4,NA
2012-01-19,0,0,0,0,NA
2012-01-20,6.000000000000001e-4,0,2e-4,2e-4,NA
2012-01-21,0.0011,0.4802,0.5602,0.39030000000000004,NA
2012-01-22,0,0.07,5e-4,2e-4,NA
2012-01-23,0.0104,1.0202,0.6002,0.0403,NA
2012-01-24,0.23,0,0,0,NA
2012-01-25,0,0.07020000000000001,0.22,0,NA
2012-01-26,6.000000000000001e-4,0.32030000000000003,1.2704,0.1205,NA
2012-01-27,1.3506,0.3205,0.16010000000000002,0.38,NA
2012-01-28,0,0,0,0,NA
2012-01-29,1e-4,0,0,0,NA
2012-01-30,4e-4,0,0,0.03,NA
2012-01-31,3.0000000000000003e-4,0,0,0,NA
2012-02-01,0.0101,0.3804,0.2201,0,NA
2012-02-02,0,0.23,0.01,1e-4,NA
2012-02-03,0,0,0,0,NA
2012-02-04,0,0.4803,0.2604,0.28,NA
2012-02-05,0,2e-4,0.0801,0.08070000000000001,NA
2012-02-06,0.42,0,0,0,NA
2012-02-07,0,0,0,0,NA
2012-02-08,0,0.0105,0.0302,0.1701,NA
2012-02-09,0,0,0,0,NA
2012-02-10,0,0.0204,3.0000000000000003e-4,0.03,NA
2012-02-11,2e-4,0.0208,0.030100000000000002,0.1605,NA
2012-02-12,0,0,0,2e-4,NA
2012-02-13,2e-4,0,1e-4,0,NA
2012-02-14,0,0.1608,0.2003,0,NA
2012-02-15,4e-4,2e-4,1e-4,0,NA
2012-02-16,0.0302,0.32030000000000003,0.0803,0.2002,NA
2012-02-17,0.04,0,0,0.0103,NA
2012-02-18,1e-4,0,0,0,NA
2012-02-19,2e-4,0.5204,0.0302,0,NA
2012-02-20,0,0,0,0,NA
2012-02-21,0,0.01,0.08,0,NA
2012-02-22,3.0000000000000003e-4,0.2701,0,0,NA
2012-02-23,0.0103,0,0,0,NA
2012-02-24,0.1205,0,0,0.4003,NA
2012-02-25,0.6801,0,0,1e-4,NA
2012-02-26,0,0,0,0,NA
2012-02-27,0,0,0,0,NA
2012-02-28,0,0,0,0,NA
2012-02-29,7e-4,0.3801,0.0703,1.3401,NA
2012-03-01,0.0023,0.0101,0,0.14,NA
2012-03-02,4e-4,0.1401,0.14020000000000002,0.1,NA
2012-03-03,0.5707,0,0,0.2701,NA
2012-03-04,0.14,0,0,0,NA
2012-03-05,0.0101,2e-4,1e-4,4e-4,NA
2012-03-06,0,0,0,0,NA
2012-03-07,0.03,0,0,0,NA
2012-03-08,0,1.1600000000000001,2.5001,0,NA
2012-03-09,0.0103,0.2601,0.09,0.03,NA
2012-03-10,2e-4,0,0,0,NA
2012-03-11,0,0,0,0,NA
2012-03-12,0,0.020900000000000002,0.1109,0,NA
2012-03-13,0.0204,0,0,2e-4,NA
2012-03-14,0.15009999999999998,0,0,0,NA
2012-03-15,1e-4,0.32030000000000003,0.13,0.03,NA
2012-03-16,0.1801,0.26030000000000003,0.3701,0.09,NA
2012-03-17,0,0.0902,0.24,0,NA
2012-03-18,1e-4,2e-4,0,0,NA
2012-03-19,0,0,0,0.1003,NA
2012-03-20,0,0,0,0.01,NA
2012-03-21,0,0,0,0.01,NA
2012-03-22,0,0.2204,0.4003,0,NA
2012-03-23,0,0.0202,1e-4,0,NA
2012-03-24,0,0.2201,0.1902,0.4102,NA
2012-03-25,0.1003,0,0.0102,0.08020000000000001,NA
2012-03-26,1e-4,0,0,0,NA
2012-03-27,0,0,0,0,NA
2012-03-28,0.0107,0,0,2e-4,NA
2012-03-29,4e-4,0,0,0,NA
2012-03-30,0,0,0,3.0000000000000003e-4,NA
2012-03-31,1e-4,0,0,0.0302,NA
2012-04-01,0.0201,0,0,1e-4,NA
2012-04-02,0.1703,0,0,0.1801,NA
2012-04-03,0,0,0,0,NA
2012-04-04,1e-4,0.0201,1e-4,0,NA
2012-04-05,0,1.1901,0.42,0,NA
2012-04-06,0,0.15,1e-4,0,NA
2012-04-07,0,0,0,0,NA
2012-04-08,0,0,0,0,NA
2012-04-09,0,0,0,0,NA
2012-04-10,0,0,0,1e-4,NA
2012-04-11,1e-4,0,0,5e-4,NA
2012-04-12,0.20090000000000002,0,0,0,NA
2012-04-13,1e-4,0,0,0,NA
2012-04-14,0,0,0,0,NA
2012-04-15,0,0,0,0.0304,NA
2012-04-16,2e-4,0.1401,0.3401,0,NA
2012-04-17,0,0.1804,0,0,NA
2012-04-18,0,0.0102,0,0.2903,NA
2012-04-19,0,0,0,0.0402,NA
2012-04-20,0,0,1e-4,0,NA
2012-04-21,0,0.7302000000000001,0.85,0.68,NA
2012-04-22,0.5606,0.01,2e-4,0.5103,NA
2012-04-23,2.0104,0,0.01,0.5008,NA
2012-04-24,0,0,0.03,0,NA
2012-04-25,0,4e-4,0,0,NA
2012-04-26,0.0201,0,0,0.0303,NA
2012-04-27,0.0903,0.4301,0.1,0,NA
2012-04-28,0,1e-4,0,0.0202,NA
2012-04-29,0,0,0,0.0602,NA
2012-04-30,0,0,0.0402,0,NA
2012-05-01,0.6704,0,0.05,0.11,NA
2012-05-02,0.01,0,0,0.0207,NA
2012-05-03,0.0703,2e-4,0.0502,0.67,NA
2012-05-04,0.0403,0,0,0.0101,NA
2012-05-05,0.030100000000000002,0.24,0.08,0,NA
2012-05-06,3.0000000000000003e-4,0.15,0.0601,0,NA
2012-05-07,1e-4,1e-4,0.03,1e-4,NA
2012-05-08,0.4404,0,1e-4,0.2604,NA
2012-05-09,0.0111,2e-4,0,0.0803,NA
2012-05-10,0.6105,0,0,3.0000000000000003e-4,NA
2012-05-11,1e-4,0,0,0,NA
2012-05-12,2e-4,0.0903,4e-4,0,NA
2012-05-13,6.000000000000001e-4,2.1803,0.3202,1e-4,NA
2012-05-14,0.0512,0.15009999999999998,0.1401,0.7403000000000001,NA
2012-05-15,0.2705,0,0.02,0.21030000000000001,NA
2012-05-16,0.2711,0,0.01,0,NA
2012-05-17,0.2505,0.01,0,0,NA
2012-05-18,1e-4,0,0,0,NA
2012-05-19,8e-4,0,0,0,NA
2012-05-20,0.001,0.09,0,0,NA
2012-05-21,0.0012000000000000001,1e-4,0.59,0.3006,NA
2012-05-22,0.5109,0,0.07,0.4403,NA
2012-05-23,8e-4,0,0,0.9101,NA
2012-05-24,9.000000000000001e-4,0,0,0.050300000000000004,NA
2012-05-25,9.000000000000001e-4,0,0,1e-4,NA
2012-05-26,0.0011,0,0,0,NA
2012-05-27,1e-4,0,0,0,NA
2012-05-28,2e-4,1e-4,0,0.3602,NA
2012-05-29,1e-4,0.76,0.7,1.25,NA
2012-05-30,0.11019999999999999,0.01,0.51,0.0602,NA
2012-05-31,4e-4,0,0,0,NA
2012-06-01,0,0.3504,0.1601,0.7202999999999999,NA
2012-06-02,1.5201,0,0,0.07010000000000001,NA
2012-06-03,0.0204,0,0,0,NA
2012-06-04,0.2508,0.0502,0.0801,0.0502,NA
2012-06-05,0.0905,0.0102,0.21,0,NA
2012-06-06,0.2701,0,0,1e-4,NA
2012-06-07,0.07050000000000001,0,0,6.000000000000001e-4,NA
2012-06-08,0.0202,0,0,0,NA
2012-06-09,0.0104,0,0,0,NA
2012-06-10,0,0.050300000000000004,5e-4,0,NA
2012-06-11,0,0.1003,0,0,NA
2012-06-12,0,0.01,0.12,1.1501000000000001,NA
2012-06-13,0.8603,0,0,0.18,NA
2012-06-14,0,0,0,0,NA
2012-06-15,0,1e-4,0,0,NA
2012-06-16,0,0.0204,0,0,NA
2012-06-17,0,0,0.040100000000000004,0,NA
2012-06-18,0,0,0,0.1002,NA
2012-06-19,0,0,0,1e-4,NA
2012-06-20,0,0,0,0,NA
2012-06-21,0,0,0,1e-4,NA
2012-06-22,0,0,0,0.0305,NA
2012-06-23,4e-4,0,0,0,NA
2012-06-24,0,0,0,0,NA
2012-06-25,9.000000000000001e-4,0,0,0.01,NA
2012-06-26,1e-4,0,0,0,NA
2012-06-27,9.000000000000001e-4,0,0,0,NA
2012-06-28,0.03,0,0,0,NA
2012-06-29,0.1905,0,0,0,NA
2012-06-30,0,0,0,0,NA
2012-07-01,0,0,0,0,NA
2012-07-02,1e-4,2e-4,0,0.4,NA
2012-07-03,0,0,0,0.1,NA
2012-07-04,0.2401,0.03,0,0.0102,NA
2012-07-05,0,0,1e-4,0,NA
2012-07-06,0,0,1.18,0,NA
2012-07-07,2e-4,0,0.18,0,NA
2012-07-08,0,0.4002,0.0201,0.1701,NA
2012-07-09,0,1.1702000000000001,1.06,0.6002,NA
2012-07-10,0,1.1702,0.2902,0,NA
2012-07-11,4e-4,2e-4,1.09,0,NA
2012-07-12,1e-4,0.95,0.01,0,NA
2012-07-13,2e-4,0.35050000000000003,0.46,4e-4,NA
2012-07-14,3.0000000000000003e-4,1.6606,0.27,0.1304,NA
2012-07-15,1e-4,0.020300000000000002,3.0000000000000003e-4,3.0000000000000003e-4,NA
2012-07-16,0.0103,0,0,2e-4,NA
2012-07-17,0,0,0,0,NA
2012-07-18,0.07010000000000001,0.26,0.11,0.1003,NA
2012-07-19,0,0,2e-4,0.22,NA
2012-07-20,0,2.3901,1.73,0.7704000000000001,NA
2012-07-21,3.0000000000000003e-4,0.0102,0.18,0.6202,NA
2012-07-22,1e-4,0,0.01,0,NA
2012-07-23,0.060000000000000005,0,0.05,0,NA
2012-07-24,0.020300000000000002,0,0,0.0104,NA
2012-07-25,0,0,0,0,NA
2012-07-26,2e-4,0,0,0.1502,NA
2012-07-27,0.050499999999999996,1e-4,1.02,0.22069999999999998,NA
2012-07-28,0.0502,0,0,0,NA
2012-07-29,0.0302,1e-4,2e-4,0,NA
2012-07-30,2e-4,0,0.05,0,NA
2012-07-31,2e-4,2e-4,0,1e-4,NA
2012-08-01,2e-4,1.2101,0,0.4404,NA
2012-08-02,0.0202,0,0,0.01,NA
2012-08-03,0,0.02,0.1501,0,NA
2012-08-04,0.7802,0.2201,0.0101,0,NA
2012-08-05,0.0402,0.19,0,0.35009999999999997,NA
2012-08-06,0.1,0.08,0.18,0.1801,NA
2012-08-07,1e-4,0,0,0,NA
2012-08-08,4e-4,0,0,0,NA
2012-08-09,0.6902999999999999,0.36010000000000003,0.03,0.19,NA
2012-08-10,0.6701,0.0101,1e-4,0.4602,NA
2012-08-11,0.2802,0,0,0,NA
2012-08-12,0.8803,0,0,0,NA
2012-08-13,1e-4,0.42,0.9502,0,NA
2012-08-14,2e-4,0,0.0101,0.2602,NA
2012-08-15,0.2102,0,0,0.0102,NA
2012-08-16,0.6,0,0,0.01,NA
2012-08-17,3.0000000000000003e-4,1.0202,0.53,0.44,NA
2012-08-18,0.1003,0,0,2e-4,NA
2012-08-19,0,0,0,0.1106,NA
2012-08-20,2e-4,0,0,0.22010000000000002,NA
2012-08-21,1e-4,0,0,0.01,NA
2012-08-22,2e-4,0,0,0.01,NA
2012-08-23,2e-4,0,0,0,NA
2012-08-24,1e-4,0,0,0,NA
2012-08-25,1e-4,0.0702,0,2e-4,NA
2012-08-26,1e-4,0,1e-4,0.1104,NA
2012-08-27,0,0,0,0.0402,NA
2012-08-28,0.3801,0,0,0.020300000000000002,NA
2012-08-29,0,0,0,0,NA
2012-08-30,0,0.08,0,0,NA
2012-08-31,0,0.0401,2e-4,0,NA
2012-09-01,2e-4,2e-4,0.76,0.1305,NA
2012-09-02,0,1.0603,0.4602,0.0803,NA
2012-09-03,1e-4,0.0604,0.20070000000000002,0.1902,NA
2012-09-04,0.1703,0.1602,0.05,3.0000000000000003e-4,NA
2012-09-05,0.2503,0.25,0.0201,0.0101,NA
2012-09-06,0,0.45,0.030100000000000002,1e-4,NA
2012-09-07,1e-4,0,0.01,0,NA
2012-09-08,2e-4,1.5303,1.1502,0.6801,NA
2012-09-09,0.3005,0,0,0.01,NA
2012-09-10,0,0,0,0,NA
2012-09-11,0,0,0,0,NA
2012-09-12,1e-4,0,0,0,NA
2012-09-13,2e-4,0,0,0.01,NA
2012-09-14,1e-4,0,0.0102,0,NA
2012-09-15,0.0201,0,0.0201,0,NA
2012-09-16,0,1e-4,0.4602,0,NA
2012-09-17,1e-4,1.7801,0.3903,0,NA
2012-09-18,0.0106,0.2603,0.0601,2.2103,NA
2012-09-19,0.7801,0,0,0.0202,NA
2012-09-20,0,0,0,0.01,NA
2012-09-21,0,0,0,0,NA
2012-09-22,0,0,0,0,NA
2012-09-23,0.1003,0,0,0,NA
2012-09-24,0,0,0,0,NA
2012-09-25,0,0,0,0,NA
2012-09-26,5e-4,0,0,0.0202,NA
2012-09-27,0.0103,0,0.1705,0.1403,NA
2012-09-28,1.32,2e-4,0.0703,0.2901,NA
2012-09-29,0.14,0,0,0.01,NA
2012-09-30,0.0306,0,0.01,0.1202,NA
2012-10-01,0.0101,1.3707,1.5202,0.02,NA
2012-10-02,0.10010000000000001,4e-4,0.15000000000000002,0.7105,NA
2012-10-03,0.0604,0,0.01,0.01,NA
2012-10-04,0.0709,0,0,0.0202,NA
2012-10-05,0.0101,0,0.01,0,NA
2012-10-06,0.0301,0.7202,0.4002,0,NA
2012-10-07,0,0.0207,2e-4,0.020900000000000002,NA
2012-10-08,0.1203,0.0402,0,0.1702,NA
2012-10-09,2e-4,0,0,1e-4,NA
2012-10-10,0.2803,0,1e-4,0,NA
2012-10-11,0,0,0,0,NA
2012-10-12,0.030100000000000002,1.1502,0.38,0,NA
2012-10-13,0,0,0,0,NA
2012-10-14,0.3704,1e-4,0.2001,0,NA
2012-10-15,2e-4,0,0.01,0.1402,NA
2012-10-16,0.1903,0,0,0,NA
2012-10-17,0,0,0,0,NA
2012-10-18,0,0.5302,0.7201,0.04,NA
2012-10-19,0.3005,0,0,0.7801,NA
2012-10-20,0.1601,0,0,0,NA
2012-10-21,0,0,0,0,NA
2012-10-22,0,0,0,0,NA
2012-10-23,0,0,0,1e-4,NA
2012-10-24,1e-4,0,0,0,NA
2012-10-25,0,0,0,0,NA
2012-10-26,1e-4,2e-4,0.3703,0,NA
2012-10-27,0,0.0903,0.0104,2e-4,NA
2012-10-28,3.0000000000000003e-4,0,0,0.030699999999999998,NA
2012-10-29,1.2005000000000001,0,0,3.03,NA
2012-10-30,1.5004,0,0,1.1101,NA
2012-10-31,0.8401000000000001,0,0,0.0407,NA
2012-11-01,0,0,0,3.0000000000000003e-4,NA
2012-11-02,2e-4,0,0,0,NA
2012-11-03,0,0.07010000000000001,0,0,NA
2012-11-04,0,0.01,0,0,NA
2012-11-05,0,0,3.0000000000000003e-4,0,NA
2012-11-06,0,0.0404,0.0802,0,NA
2012-11-07,0,0.1301,0.1602,0,NA
2012-11-08,0.41150000000000003,0,0,0,NA
2012-11-09,1e-4,0,0,0,NA
2012-11-10,0,0,0,0,NA
2012-11-11,1e-4,0,0,0,NA
2012-11-12,0,0.73,1.0102,0,NA
2012-11-13,0.1904,0,0,0.5201,NA
2012-11-14,0,0,0,0,NA
2012-11-15,0,0,0,0,NA
2012-11-16,0,0,0,0,NA
2012-11-17,1e-4,0,0,0,NA
2012-11-18,2e-4,0,0,0,NA
2012-11-19,0,0,0,0,NA
2012-11-20,0,2e-4,0,0,NA
2012-11-21,0,0,0,0,NA
2012-11-22,2e-4,0,0,0,NA
2012-11-23,0,0.1201,0.0101,0,NA
2012-11-24,9.000000000000001e-4,0,0,0,NA
2012-11-25,0,0,0,0,NA
2012-11-26,0,0.0201,0.0902,0,NA
2012-11-27,0.0204,0.2601,0.36000000000000004,0.2505,NA
2012-11-28,0,0,0,0,NA
2012-11-29,0,0,0,0,NA
2012-11-30,0,0,0,0,NA
2012-12-01,0.0013000000000000002,0,0,0,NA
2012-12-02,0.0403,0,0,4e-4,NA
2012-12-03,0.0302,0,0,1e-4,NA
2012-12-04,1e-4,0.22010000000000002,0.36010000000000003,0,NA
2012-12-05,0.0201,0.0303,2e-4,0,NA
2012-12-06,1e-4,0,0.06,0,NA
2012-12-07,0.0202,0.0101,0.060500000000000005,0.1304,NA
2012-12-08,0.3205,0.2101,0.3204,0,NA
2012-12-09,0.01,0.3306,1.2402,0.4105,NA
2012-12-10,0.47000000000000003,0.9502,0.8109000000000001,0.0606,NA
2012-12-11,0.0102,0,0,0.0304,NA
2012-12-12,0,0,0,0,NA
2012-12-13,0,0,0,0,NA
2012-12-14,0,0,0,0,NA
2012-12-15,0,0.020300000000000002,0.1402,0,NA
2012-12-16,7e-4,0,0,2e-4,NA
2012-12-17,0.0016,0.3004,0.0801,0,NA
2012-12-18,1.0906,0,0,0.0804,NA
2012-12-19,2e-4,0,0,1e-4,NA
2012-12-20,0,0.5003,0.7000000000000001,0.1401,NA
2012-12-21,0.71,3.0000000000000003e-4,0,0.43,NA
2012-12-22,0,0,0,0,NA
2012-12-23,0,0.08020000000000001,0,0,NA
2012-12-24,0,0.2103,0.030600000000000002,0.3401,NA
2012-12-25,7e-4,1e-4,1e-4,1e-4,NA
2012-12-26,0,1.2406000000000001,1.0203,1.04,NA
2012-12-27,0.0022,2e-4,0,0.2401,NA
2012-12-28,0.0014,0.12040000000000001,0.1002,0,NA
2012-12-29,6.000000000000001e-4,0.5209,0.121,0.1504,NA
2012-12-30,0.0018000000000000002,5e-4,0,0,NA
2012-12-31,0,2e-4,4e-4,0,NA
2013-01-01,0,0.4008,0.2102,0,NA
2013-01-02,2e-4,0,0,0,NA
2013-01-03,0,0,0,0,NA
2013-01-04,0,0,0,0,NA
2013-01-05,0,1e-4,2e-4,0,NA
2013-01-06,0.0604,0,0,0,NA
2013-01-07,0.01,0,0,0,NA
2013-01-08,0.07,0,0,0,NA
2013-01-09,0.0201,0.5901,0.0803,0,NA
2013-01-10,0,0.6302,0.4802,0,NA
2013-01-11,0.0101,0.060200000000000004,0.7003,0.0801,NA
2013-01-12,0.17020000000000002,0.9302,0.0304,1e-4,NA
2013-01-13,0.01,1.76,2.0702000000000003,0,NA
2013-01-14,0,0.1102,2e-4,0.0402,NA
2013-01-15,0,0.3404,0.0401,0.22999999999999998,NA
2013-01-16,0.0013000000000000002,0.6203000000000001,0.060200000000000004,1.0502,NA
2013-01-17,0.27,0.0105,0,0,NA
2013-01-18,0,0,0,0,NA
2013-01-19,0.06,0,0,0,NA
2013-01-20,0,0,0,0,NA
2013-01-21,2e-4,0,0,0,NA
2013-01-22,6.000000000000001e-4,0,0,1e-4,NA
2013-01-23,0,0,0,0,NA
2013-01-24,0,0,0,0.0207,NA
2013-01-25,0,0.4602,0.14049999999999999,0.0405,NA
2013-01-26,4e-4,0,0,0.0207,NA
2013-01-27,0,0,0.0405,0,NA
2013-01-28,6.000000000000001e-4,3.0000000000000003e-4,0.0303,0.1705,NA
2013-01-29,0.001,0,0,0,NA
2013-01-30,0.2805,1.1701000000000001,1.3503,0.8200000000000001,NA
2013-01-31,0.5403,1e-4,0,0.9304,NA
2013-02-01,0,0.12000000000000001,0.0303,0.0103,NA
2013-02-02,0,0.0504,0.0103,0,NA
2013-02-03,0.0013000000000000002,0.0201,3.0000000000000003e-4,9.000000000000001e-4,NA
2013-02-04,3.0000000000000003e-4,0,1e-4,3.0000000000000003e-4,NA
2013-02-05,0,1e-4,1e-4,0.0207,NA
2013-02-06,7e-4,0,0,2e-4,NA
2013-02-07,0,0,0,0,NA
2013-02-08,0.0015,0.1101,0.21,0.030600000000000002,NA
2013-02-09,0.0017000000000000001,0,0,0,NA
2013-02-10,0.04,0.7102,0.32020000000000004,0,NA
2013-02-11,9.000000000000001e-4,0,0,0.1501,NA
2013-02-12,0.23,0,0,0,NA
2013-02-13,0,0.3305,0.1206,0.0202,NA
2013-02-14,0,0,0,0.09,NA
2013-02-15,0,2e-4,1e-4,0.10020000000000001,NA
2013-02-16,0.05,0,0,0.03,NA
2013-02-17,6.000000000000001e-4,0,0,1e-4,NA
2013-02-18,0,0,0.040100000000000004,0,NA
2013-02-19,0.01,0.34040000000000004,0.4202,0.0502,NA
2013-02-20,0.15,0,0,0,NA
2013-02-21,0,0.18,0.24,0,NA
2013-02-22,0,0.5003,0.21030000000000001,0.0303,NA
2013-02-23,0,0,0,0,NA
2013-02-24,0.4003,0,0,0,NA
2013-02-25,0.2612,0,0,0,NA
2013-02-26,0.08,0.1906,0.4708,0.4102,NA
2013-02-27,0.99,0.0106,0.0204,0.4801,NA
2013-02-28,0.11,0.0202,0.0104,0,NA
2013-03-01,0,0.011000000000000001,0.0712,0,NA
2013-03-02,0,0.0816,0.0216,4e-4,NA
2013-03-03,3.0000000000000003e-4,5e-4,0,1e-4,NA
2013-03-04,0,0,0,0,NA
2013-03-05,0,0.8301000000000001,0.5304,0,NA
2013-03-06,0.10010000000000001,8e-4,6.000000000000001e-4,0.4306,NA
2013-03-07,0.0121,0,0,0,NA
2013-03-08,0.1506,0,0,0,NA
2013-03-09,0,0,0,0,NA
2013-03-10,0,0,0.0101,0,NA
2013-03-11,0,0.8505,1.7501,0,NA
2013-03-12,0.34,0,0,0.5403,NA
2013-03-13,0.060000000000000005,0,0,1e-4,NA
2013-03-14,0,0.01,0.050100000000000006,1e-4,NA
2013-03-15,0,0.03,0.0101,0,NA
2013-03-16,0,0,0,4e-4,NA
2013-03-17,0,1e-4,0.060200000000000004,0,NA
2013-03-18,0,1.3902,1.0101,0.3002,NA
2013-03-19,0.0201,0,0,0.02,NA
2013-03-20,0.08,1e-4,0,0,NA
2013-03-21,0.19,0,0,0,NA
2013-03-22,0.05,0,0,0,NA
2013-03-23,0.03,0.0102,0,0,NA
2013-03-24,0,0.3806,0.5904,0.030199999999999998,NA
2013-03-25,0,0.0011,0.002,0.5603,NA
2013-03-26,0,0.0117,0.0111,0.1401,NA
2013-03-27,0,0,0,0,NA
2013-03-28,0.01,0,0,2e-4,NA
2013-03-29,0,0.36060000000000003,0.3403,0,NA
2013-03-30,0,0.1703,0.09999999999999999,0,NA
2013-03-31,0,0.25020000000000003,0.2404,0.2003,NA
2013-04-01,0.4,0,0,0.0403,NA
2013-04-02,0,2e-4,0,0,NA
2013-04-03,0,0,0,0,NA
2013-04-04,0,0.091,0.2403,0,NA
2013-04-05,0,0.02,0,0,NA
2013-04-06,0,0,0,0,NA
2013-04-07,0,0,0,0,NA
2013-04-08,0,0,0,1e-4,NA
2013-04-09,0.04,0,0,0,NA
2013-04-10,0.4,0,0,0,NA
2013-04-11,0.26,1.86,1.8301,0,NA
2013-04-12,0.4404,0.1603,0.07,0.6306,NA
2013-04-13,0.09,0,0,0,NA
2013-04-14,0,2e-4,0,0,NA
2013-04-15,0,0,0,5e-4,NA
2013-04-16,0.01,0.01,0,0,NA
2013-04-17,1e-4,0,0,0.1201,NA
2013-04-18,0,0,0,1e-4,NA
2013-04-19,1e-4,1.25,1.03,0.8302999999999999,NA
2013-04-20,0.44029999999999997,0,0,2e-4,NA
2013-04-21,0,0,0,0,NA
2013-04-22,0,0,0,0,NA
2013-04-23,4e-4,0,0,0,NA
2013-04-24,1e-4,0.7101,0.8404,0.13999999999999999,NA
2013-04-25,0.0701,0,0,2e-4,NA
2013-04-26,0,2e-4,0.2202,0,NA
2013-04-27,0,2.2401999999999997,1.5306,0,NA
2013-04-28,0,1.3203,1.8402,0.1701,NA
2013-04-29,0,0,0,0.1004,NA
2013-04-30,0,0,0,0.0405,NA
2013-05-01,0,0,0,0,NA
2013-05-02,0,0,0,0,NA
2013-05-03,1e-4,0,4e-4,0,NA
2013-05-04,0,1.1102,0.8102,0,NA
2013-05-05,0,0.24000000000000002,0.0404,0,NA
2013-05-06,0,0.0707,0.0503,0.0502,NA
2013-05-07,0,0.07,0.1301,0.7702,NA
2013-05-08,0.0106,0.09,2e-4,0.5502,NA
2013-05-09,0.28040000000000004,0.0201,0.01,0.0402,NA
2013-05-10,0.0107,0.3404,0.6002000000000001,0.0104,NA
2013-05-11,0.1207,0.0201,0.0202,0.051000000000000004,NA
2013-05-12,0.0107,0,0.0101,0.02,NA
2013-05-13,0,0,0,0.01,NA
2013-05-14,0,0,0,0,NA
2013-05-15,4e-4,0,0,0,NA
2013-05-16,0,0,0,0.0201,NA
2013-05-17,0,0.4406,0.1004,0,NA
2013-05-18,0,0.0201,0.1102,0,NA
2013-05-19,0.0102,0.0301,0,2e-4,NA
2013-05-20,0.1202,0,0,1e-4,NA
2013-05-21,0.0104,0.1701,0.11,0,NA
2013-05-22,1.3103,0.1302,0.6402,0.1001,NA
2013-05-23,0.3603,0.01,0,0.4103,NA
2013-05-24,1.0307,0,2e-4,0.1405,NA
2013-05-25,0.511,0,0,0,NA
2013-05-26,0.0408,0,0,0,NA
2013-05-27,0,0,0,2e-4,NA
2013-05-28,0,0,0,0.0606,NA
2013-05-29,0.2504,0,0,0,NA
2013-05-30,0.1202,1e-4,0,0,NA
2013-05-31,3.0000000000000003e-4,0.0102,0.24,0,NA
2013-06-01,1e-4,0.52,0.0106,0,NA
2013-06-02,0.0501,0.0102,0.0305,0.3601,NA
2013-06-03,0.1902,1e-4,0,0.24029999999999999,NA
2013-06-04,0,0,0.01,0,NA
2013-06-05,0,0.0701,0,0,NA
2013-06-06,0,0.32,6.000000000000001e-4,0.6002,NA
2013-06-07,0.9103,0.27,0.01,0.2804,NA
2013-06-08,1.1804000000000001,0,0,0.0101,NA
2013-06-09,0,0.5903,2e-4,0,NA
2013-06-10,0.0305,1.1604,2e-4,0.8903,NA
2013-06-11,0.9503,0,0,0.0103,NA
2013-06-12,0.1003,0,0.01,1e-4,NA
2013-06-13,0.1802,1e-4,0,0.4103,NA
2013-06-14,0.5101,0,0,0,NA
2013-06-15,0,0,0,0,NA
2013-06-16,1e-4,0,0,2e-4,NA
2013-06-17,0.1102,0.03,0.1202,0,NA
2013-06-18,0.3904,0.7604000000000001,0.3103,0.0202,NA
2013-06-19,0,0,0,0.0102,NA
2013-06-20,0,0.8,0,0,NA
2013-06-21,0,0,2e-4,0,NA
2013-06-22,0,0,0,0,NA
2013-06-23,3.0000000000000003e-4,0.06,0,1e-4,NA
2013-06-24,0.21000000000000002,2e-4,0,0.4202,NA
2013-06-25,0.1302,0,0,0,NA
2013-06-26,0.2404,0,0,0.0302,NA
2013-06-27,0.020300000000000002,2e-4,0.2701,0.2,NA
2013-06-28,0.5906,0.0101,3.0000000000000003e-4,0.0101,NA
2013-06-29,2e-4,0,0,0.5001,NA
2013-06-30,2e-4,1e-4,1e-4,0.03,NA
2013-07-01,1.1301999999999999,0,0.1701,4e-4,NA
2013-07-02,0.2205,0,0.0201,0.02,NA
2013-07-03,0,0,0,0.0806,NA
2013-07-04,0,1.9302000000000001,1.5103,0,NA
2013-07-05,0,0.8109000000000001,0.3302,0,NA
2013-07-06,0,1.2402,0.3002,0,NA
2013-07-07,1e-4,0.01,0.3801,0.6601,NA
2013-07-08,0.4802,1e-4,0,0.01,NA
2013-07-09,0,0,0,0.1203,NA
2013-07-10,0.3002,0.38,0,0.3502,NA
2013-07-11,0.0204,0.5103,0,2e-4,NA
2013-07-12,0,0,0,0.4,NA
2013-07-13,3.0000000000000003e-4,0,0,0.0102,NA
2013-07-14,0,0.04,3.0000000000000003e-4,0.01,NA
2013-07-15,0,0,0,0,NA
2013-07-16,0,0,0,0.02,NA
2013-07-17,1e-4,1e-4,0,0,NA
2013-07-18,4e-4,0.5702999999999999,0.3701,0,NA
2013-07-19,0,0,0,0,NA
2013-07-20,0,0,0,1e-4,NA
2013-07-21,2e-4,0.1701,2e-4,0.1801,NA
2013-07-22,1e-4,0.43010000000000004,0,0.040100000000000004,NA
2013-07-23,0.7505000000000001,0,0,0.7702,NA
2013-07-24,0,0,0.0502,0.0101,NA
2013-07-25,2e-4,0,0,0,NA
2013-07-26,0.4106,0,0,0,NA
2013-07-27,1e-4,0.0204,0.0204,0.0701,NA
2013-07-28,2e-4,0.0601,0,3.0000000000000003e-4,NA
2013-07-29,0.060200000000000004,0,0,0.4,NA
2013-07-30,0,0.1001,0.2102,0,NA
2013-07-31,6.000000000000001e-4,0.3306,0.0204,1e-4,NA
2013-08-01,5e-4,1e-4,0.01,0.17020000000000002,NA
2013-08-02,0.7401,0,0,0.0101,NA
2013-08-03,1e-4,0.0402,0.08020000000000001,0.1706,NA
2013-08-04,2e-4,0,0,0,NA
2013-08-05,0,1e-4,0.0702,0,NA
2013-08-06,3.0000000000000003e-4,0.050300000000000004,0.2402,1.1102,NA
2013-08-07,5e-4,0.5303,0.0402,0,NA
2013-08-08,0.1101,0.4203,0.33,0.43019999999999997,NA
2013-08-09,2.0102,0.25,1e-4,0.2606,NA
2013-08-10,0,0,0.5401,2e-4,NA
2013-08-11,3.0000000000000003e-4,0.03,0.0103,0,NA
2013-08-12,2e-4,2e-4,1.4903,0,NA
2013-08-13,0.0502,0.0302,0.05,0.38029999999999997,NA
2013-08-14,0,0,0,0,NA
2013-08-15,0,0,0,0,NA
2013-08-16,1e-4,0,0,0,NA
2013-08-17,2e-4,0.0703,0.09040000000000001,0,NA
2013-08-18,3.0000000000000003e-4,0.0101,0.0202,0.1804,NA
2013-08-19,0,0,0,0.0601,NA
2013-08-20,2e-4,0.1601,0,0,NA
2013-08-21,0,0.0502,0,2e-4,NA
2013-08-22,1e-4,0,0,0.060000000000000005,NA
2013-08-23,0,0.32,0.0103,0.5701,NA
2013-08-24,1e-4,0,0,0.02,NA
2013-08-25,1e-4,0,0,0,NA
2013-08-26,0.0602,0,0.01,0,NA
2013-08-27,3.0000000000000003e-4,0,0,1e-4,NA
2013-08-28,1e-4,0,0,0.12040000000000001,NA
2013-08-29,0.03,0,0,0,NA
2013-08-30,2e-4,0,0,0,NA
2013-08-31,0.1806,0.050100000000000006,0,0.36010000000000003,NA
2013-09-01,0.0104,0.3602,0.71,0.37,NA
2013-09-02,0.28049999999999997,0.13,2e-4,0.01,NA
2013-09-03,4e-4,0,0,0,NA
2013-09-04,0,0,0,0,NA
2013-09-05,2e-4,0,0,0,NA
2013-09-06,0,0,0.01,0,NA
2013-09-07,2e-4,0,0,0,NA
2013-09-08,0.0102,0,0,1e-4,NA
2013-09-09,0,1e-4,0.1,0,NA
2013-09-10,0.1201,1.5601,0,0,NA
2013-09-11,3.0000000000000003e-4,0.0801,0.04,0.06,NA
2013-09-12,0.1803,0.23020000000000002,0.26,0,NA
2013-09-13,0.8906,2e-4,0.21000000000000002,7e-4,NA
2013-09-14,0,0,0,0,NA
2013-09-15,0,0,0,0,NA
2013-09-16,0.0102,0,2e-4,0.1402,NA
2013-09-17,0,0,0,0,NA
2013-09-18,3.0000000000000003e-4,0,0,0,NA
2013-09-19,0,0,0,0,NA
2013-09-20,2e-4,1e-4,0.0501,0,NA
2013-09-21,0,1.6203,2.8401,0.6402,NA
2013-09-22,0.5501,0,0.01,0.030100000000000002,NA
2013-09-23,0,0,0,0,NA
2013-09-24,0,0,1e-4,0,NA
2013-09-25,1e-4,0.5202,0.1301,0,NA
2013-09-26,1e-4,0,0,0,NA
2013-09-27,0,0,0.01,0,NA
2013-09-28,2e-4,0,0,0,NA
2013-09-29,2e-4,0.02,0.1402,0,NA
2013-09-30,2e-4,0,0,0,NA
2013-10-01,1e-4,0,0,0,NA
2013-10-02,0,0.0902,0.26030000000000003,0,NA
2013-10-03,0,0.06999999999999999,2e-4,0,NA
2013-10-04,0.11030000000000001,0.01,0.01,0,NA
2013-10-05,1e-4,0,0,0,NA
2013-10-06,0.2205,0.9203,1.2702,0,NA
2013-10-07,0.4303,0,0,0.6401,NA
2013-10-08,0.1601,0,0,0,NA
2013-10-09,0,0,0,0,NA
2013-10-10,0,0,0,1.5807,NA
2013-10-11,2e-4,0,0.02,1.5602,NA
2013-10-12,3.0000000000000003e-4,0,0,0.8703,NA
2013-10-13,0.0101,0,0,0.6206,NA
2013-10-14,0,0,0,0,NA
2013-10-15,0,0,3.0000000000000003e-4,0,NA
2013-10-16,0,0.2307,0.2905,0,NA
2013-10-17,0,0.0803,0.060200000000000004,0.0206,NA
2013-10-18,0.0303,0,0,0.07,NA
2013-10-19,0,2e-4,0.08020000000000001,0.02,NA
2013-10-20,2e-4,0,0,0,NA
2013-10-21,0,0,0,0,NA
2013-10-22,0,0.1101,0.0405,0,NA
2013-10-23,0,0.01,0.0201,2e-4,NA
2013-10-24,0,0,0,0.0104,NA
2013-10-25,0,0,0,1e-4,NA
2013-10-26,0,0,0,0,NA
2013-10-27,0,0,0,0,NA
2013-10-28,0,0.0104,0.0501,0,NA
2013-10-29,0,0,1e-4,0,NA
2013-10-30,4e-4,0,1e-4,0.050100000000000006,NA
2013-10-31,0.15,0.2802,2.2706,0.0305,NA
2013-11-01,0.0806,0.54,0.21,0.2503,NA
2013-11-02,0.01,2e-4,0.050100000000000006,0,NA
2013-11-03,0.0104,0,0,0,NA
2013-11-04,0,0,0,0,NA
2013-11-05,0,0,0,0,NA
2013-11-06,0.04,0.0403,0.1802,0,NA
2013-11-07,0.0204,0.3104,0.1201,0.2401,NA
2013-11-08,4e-4,0,0,0,NA
2013-11-09,0,0,0,0,NA
2013-11-10,0.020300000000000002,0,0,0,NA
2013-11-11,0,0,0,0,NA
2013-11-12,0.0305,0.0204,0.0506,2e-4,NA
2013-11-13,0,0,0,0,NA
2013-11-14,0,0,0,0,NA
2013-11-15,0,0.1102,0.020300000000000002,0,NA
2013-11-16,0,4e-4,0,0.0103,NA
2013-11-17,4e-4,0.3901,2.0302,1e-4,NA
2013-11-18,0.1703,0.6900000000000001,0.01,0.1202,NA
2013-11-19,3.0000000000000003e-4,0,0,0,NA
2013-11-20,0,0,0,0,NA
2013-11-21,4e-4,0,1e-4,0,NA
2013-11-22,0.1803,0.2904,0.6102000000000001,2e-4,NA
2013-11-23,0,0,0,2e-4,NA
2013-11-24,9.000000000000001e-4,0,2e-4,1e-4,NA
2013-11-25,0,0.13,0.0402,0,NA
2013-11-26,4e-4,0.5506,0.0206,0.6601,NA
2013-11-27,2.1201,2e-4,0,0.7904,NA
2013-11-28,0.0902,0,0,1e-4,NA
2013-11-29,0,0,0,0,NA
2013-11-30,0.25,0,0,0,NA
2013-12-01,0.011300000000000001,0,0,0,NA
2013-12-02,4e-4,0,0,0,NA
2013-12-03,0,3.0000000000000003e-4,0,0,NA
2013-12-04,0,0,0,0,NA
2013-12-05,0.0104,2.0604,0.4003,0,NA
2013-12-06,0.050499999999999996,2.3200000000000003,0.6803,1.5805,NA
2013-12-07,0.3306,3.0000000000000003e-4,0,0.7201,NA
2013-12-08,0,0.5603,0.1606,0.0504,NA
2013-12-09,0.0216,0.0802,0.0102,0.16040000000000001,NA
2013-12-10,0.0504,0.0801,0,0.1901,NA
2013-12-11,0.01,0,0,0,NA
2013-12-12,1e-4,0,0,0,NA
2013-12-13,8e-4,0,1e-4,0,NA
2013-12-14,4e-4,0.5605,0.45030000000000003,0.2902,NA
2013-12-15,0.002,0,0,0.12000000000000001,NA
2013-12-16,1e-4,0,0,0,NA
2013-12-17,8e-4,0,0,8e-4,NA
2013-12-18,7e-4,0,0,0,NA
2013-12-19,0,0,0,0,NA
2013-12-20,0.25,0.0403,0.0402,0,NA
2013-12-21,0.20020000000000002,0.1102,0.6102,1e-4,NA
2013-12-22,0.0508,1.3103,1.0102,0.1504,NA
2013-12-23,0.4305,3.0000000000000003e-4,0.0103,0.44,NA
2013-12-24,0.05,2e-4,2e-4,2e-4,NA
2013-12-25,0,0,0,0,NA
2013-12-26,0.0012000000000000001,0,0,0,NA
2013-12-27,0,0,0,0,NA
2013-12-28,0.02,0.040100000000000004,1e-4,0,NA
2013-12-29,0.64,0.8201,0.2201,1.1702,NA
2013-12-30,0.4201,0,0,0,NA
2013-12-31,0,1e-4,0,0,NA
2014-01-01,1e-4,0,0,0,NA
2014-01-02,0.0019,0.2606,0.0412,0.0403,NA
2014-01-03,0.0016,8e-4,2e-4,0.0704,NA
2014-01-04,0,0,0,0,NA
2014-01-05,0.02,0.22,0.38,0.1303,NA
2014-01-06,0.6006,0.131,9.000000000000001e-4,0.1903,NA
2014-01-07,1e-4,0,0,0,NA
2014-01-08,0,0,0,0,NA
2014-01-09,0,0.1002,0.0703,0,NA
2014-01-10,8e-4,2e-4,1e-4,0.0606,NA
2014-01-11,0.2803,0.9601000000000001,0.81,0.3003,NA
2014-01-12,0.1401,0,0,0.01,NA
2014-01-13,0,0.5604,0.5103,0,NA
2014-01-14,0.43010000000000004,0.3301,0.0102,0.1409,NA
2014-01-15,0.18009999999999998,4e-4,0.0204,0,NA
2014-01-16,0,1e-4,2e-4,3.0000000000000003e-4,NA
2014-01-17,0,0.0402,0.0102,0,NA
2014-01-18,0.001,0,1e-4,0.0103,NA
2014-01-19,0.0016,0,0,0,NA
2014-01-20,0.1801,0,0,0,NA
2014-01-21,4e-4,0.001,7e-4,0.0809,NA
2014-01-22,6.000000000000001e-4,1e-4,0,0.0104,NA
2014-01-23,0,2e-4,0,6.000000000000001e-4,NA
2014-01-24,0,0,0,5e-4,NA
2014-01-25,2e-4,0.0101,2e-4,0,NA
2014-01-26,4e-4,0,0,5e-4,NA
2014-01-27,0.0601,0,0,0,NA
2014-01-28,0,0,0,1e-4,NA
2014-01-29,0,0,0,4e-4,NA
2014-01-30,0,0,0,0,NA
2014-01-31,0,0,0,0,NA
2014-02-01,0,0,0,0,NA
2014-02-02,0.030100000000000002,0.4903,0.6703,0,NA
2014-02-03,6.000000000000001e-4,1.1502000000000001,0.4405,0.8101,NA
2014-02-04,0.05,0.5701,1.05,0,NA
2014-02-05,0.0014,1.5301,0.7006,1.0502,NA
2014-02-06,7e-4,0.0012000000000000001,0.001,0,NA
2014-02-07,0,2e-4,3.0000000000000003e-4,0,NA
2014-02-08,0,9.000000000000001e-4,0.0309,3.0000000000000003e-4,NA
2014-02-09,3.0000000000000003e-4,0.0101,0.0102,0.0303,NA
2014-02-10,8e-4,0,2e-4,0,NA
2014-02-11,0,0,0,0,NA
2014-02-12,0,0.0303,0,0,NA
2014-02-13,0.0013000000000000002,0,0,0.2209,NA
2014-02-14,0.0813,0.2601,0.31,0.0301,NA
2014-02-15,7e-4,0.0903,0.0101,0.050499999999999996,NA
2014-02-16,9.000000000000001e-4,1e-4,0,4e-4,NA
2014-02-17,0.01,0.13,0.1502,1e-4,NA
2014-02-18,0.001,0,0,0.0103,NA
2014-02-19,8e-4,2e-4,0.5202,0.15,NA
2014-02-20,0.5602,0,0.1901,0,NA
2014-02-21,1.0901,0.8303,0.2401,0.3102,NA
2014-02-22,0.0101,0,0,0,NA
2014-02-23,0,0,1e-4,1e-4,NA
2014-02-24,7e-4,1e-4,1e-4,0.0302,NA
2014-02-25,0,0,0,1e-4,NA
2014-02-26,0,0,0,3.0000000000000003e-4,NA
2014-02-27,3.0000000000000003e-4,0,0,0,NA
2014-02-28,4e-4,0,0,0,NA
2014-03-01,0,4e-4,1e-4,0,NA
2014-03-02,2e-4,0.3804,0.4904,0.1801,NA
2014-03-03,0,2.0313,0.771,0.1502,NA
2014-03-04,0,0,1e-4,0,NA
2014-03-05,0.0014,0,0,0,NA
2014-03-06,1e-4,0,0,0,NA
2014-03-07,0,0,2e-4,0,NA
2014-03-08,0,0,0,0,NA
2014-03-09,0,0,2e-4,0,NA
2014-03-10,4e-4,0,0,0,NA
2014-03-11,3.0000000000000003e-4,0,0,0,NA
2014-03-12,0.3006,0.0503,0.0103,0.1101,NA
2014-03-13,0.2216,1e-4,0,0,NA
2014-03-14,0,2e-4,0,0,NA
2014-03-15,3.0000000000000003e-4,0,0,0,NA
2014-03-16,0,0.6104,0.51,5e-4,NA
2014-03-17,0,0.0703,3.0000000000000003e-4,0.1212,NA
2014-03-18,0,0,0,0,NA
2014-03-19,2e-4,0,0,0.030100000000000002,NA
2014-03-20,0.5607,0,0,0.0103,NA
2014-03-21,0,0,0,0.0102,NA
2014-03-22,2e-4,0,0,0,NA
2014-03-23,0,0.1802,2e-4,0,NA
2014-03-24,0,0,0,0,NA
2014-03-25,0,0.0109,0.0108,0.18030000000000002,NA
2014-03-26,0,0,0,2e-4,NA
2014-03-27,0,4e-4,0.0803,0,NA
2014-03-28,0.0404,0.5706,0.4203,0.0805,NA
2014-03-29,0.1502,0.46,0.7404,0.2302,NA
2014-03-30,2.1603,0,0,0.8902,NA
2014-03-31,1.3601,0,0,0,NA
2014-04-01,0,1e-4,0,0,NA
2014-04-02,0,0,0.03,0,NA
2014-04-03,0,0.6402,0.6305000000000001,0.0204,NA
2014-04-04,1e-4,0.7201000000000001,0.85,0.020300000000000002,NA
2014-04-05,0.4202,0,0,0.11,NA
2014-04-06,0,0,0,0,NA
2014-04-07,0,0.5802,0.1508,0.3701,NA
2014-04-08,0.5304,0.0106,0.0302,0,NA
2014-04-09,0,0.04,0,0,NA
2014-04-10,0,0,7e-4,0,NA
2014-04-11,0.0204,0,0.16,0.1201,NA
2014-04-12,0.1804,0.2202,0,0,NA
2014-04-13,0.0502,0,0,0,NA
2014-04-14,0,0.1204,1.0103,0,NA
2014-04-15,0.3006,0.4405,0.2404,0.5907,NA
2014-04-16,0.42010000000000003,0,0,1e-4,NA
2014-04-17,0,0,0,0,NA
2014-04-18,0,0,0,0,NA
2014-04-19,0,0,0,0,NA
2014-04-20,0,0,0,0,NA
2014-04-21,0,0,1e-4,0,NA
2014-04-22,0,0.020300000000000002,3.0000000000000003e-4,0.1002,NA
2014-04-23,0.1104,0,0,0.0101,NA
2014-04-24,1e-4,0,0,0,NA
2014-04-25,0,0.6504,0.1501,0.9501999999999999,NA
2014-04-26,0.2402,0,0,0.030100000000000002,NA
2014-04-27,0.0508,0.04,2e-4,0.01,NA
2014-04-28,1e-4,2.3405,1.1807,0.1501,NA
2014-04-29,4e-4,1.1302,0.1101,0.5802,NA
2014-04-30,0.201,0.35000000000000003,0.0105,0.6504,NA
2014-05-01,0.8102,0,2e-4,0.040100000000000004,NA
2014-05-02,0.0504,0,0,0,NA
2014-05-03,1e-4,0,0,0,NA
2014-05-04,0.0303,0,0,1e-4,NA
2014-05-05,0,0,0,0.04,NA
2014-05-06,3.0000000000000003e-4,0,0,0.1501,NA
2014-05-07,0,0,0,0.3801,NA
2014-05-08,0,0,0,0,NA
2014-05-09,0.0104,0.0603,0.2801,0,NA
2014-05-10,0.0401,0.05,0.3302,0.6103000000000001,NA
2014-05-11,0,0,3.0000000000000003e-4,0.05,NA
2014-05-12,0,0,0,2e-4,NA
2014-05-13,4e-4,0,0,0.67,NA
2014-05-14,1e-4,1.4106,0.3002,0.0202,NA
2014-05-15,0,0.2003,0.0606,0.1403,NA
2014-05-16,0.060399999999999995,0.1504,2e-4,2.5900000000000003,NA
2014-05-17,0.9801000000000001,0,1e-4,0,NA
2014-05-18,0,0,0,0,NA
2014-05-19,2e-4,0,0,0,NA
2014-05-20,4e-4,0,3.0000000000000003e-4,0,NA
2014-05-21,1e-4,0,0,2e-4,NA
2014-05-22,0.2511,0,0,0.0703,NA
2014-05-23,0.0614,0,0,0,NA
2014-05-24,0.2303,0,0,0,NA
2014-05-25,0.050300000000000004,0.11,0.35009999999999997,1e-4,NA
2014-05-26,0.0104,0.2801,0,0,NA
2014-05-27,0.0303,0,0,0.3301,NA
2014-05-28,0.3807,0.2101,0.0902,0.0204,NA
2014-05-29,0.01,1e-4,0,0.2004,NA
2014-05-30,4e-4,0,0,0,NA
2014-05-31,0.020300000000000002,5e-4,0,0,NA
2014-06-01,3.0000000000000003e-4,2e-4,0.0502,0,NA
2014-06-02,0,0,1e-4,1e-4,NA
2014-06-03,0,2e-4,0.0101,2e-4,NA
2014-06-04,3.0000000000000003e-4,0,0,0,NA
2014-06-05,0.1702,0.5203,2.7101,0.4903,NA
2014-06-06,2e-4,0,0,0,NA
2014-06-07,0,1.7301,0.6201,0,NA
2014-06-08,0,0.4702,0,0.030199999999999998,NA
2014-06-09,5e-4,0.32,0.0704,0.0901,NA
2014-06-10,4e-4,0.7205,0.5602,4e-4,NA
2014-06-11,2e-4,0.0703,0.0102,0.36,NA
2014-06-12,2e-4,0,0,1.2907,NA
2014-06-13,0.8905000000000001,0.3401,0.3503,0.0302,NA
2014-06-14,0.0204,0,0,2e-4,NA
2014-06-15,0,0,0,0,NA
2014-06-16,0,0,0,0,NA
2014-06-17,1e-4,0,0,0,NA
2014-06-18,0.1001,0,0.01,1e-4,NA
2014-06-19,0,0,0,0.2207,NA
2014-06-20,0,0.4301,0.1101,1e-4,NA
2014-06-21,0,2e-4,0,0.12040000000000001,NA
2014-06-22,0,0,0,0,NA
2014-06-23,1e-4,2e-4,0.11,0,NA
2014-06-24,0.06,0.040100000000000004,3.0000000000000003e-4,0,NA
2014-06-25,0,0.030100000000000002,1e-4,0.03,NA
2014-06-26,0.3305,0,0,0,NA
2014-06-27,3.0000000000000003e-4,0.6702,1e-4,0,NA
2014-06-28,2e-4,0.3502,1e-4,0,NA
2014-06-29,2e-4,0.1403,0.030100000000000002,0,NA
2014-06-30,0,0.02,0,0.020300000000000002,NA
2014-07-01,0,0,0,0.0601,NA
2014-07-02,0.35,0.2601,0.6103000000000001,0.6701,NA
2014-07-03,0.2703,0,0,0.1201,NA
2014-07-04,0.5502,0,0,2e-4,NA
2014-07-05,0.2404,0,0,0,NA
2014-07-06,0,0,0,1e-4,NA
2014-07-07,0.060200000000000004,0,0,0,NA
2014-07-08,0.25029999999999997,0.0101,2e-4,0.42000000000000004,NA
2014-07-09,0,0.050100000000000006,0,0.0102,NA
2014-07-10,0.3001,0,0,2e-4,NA
2014-07-11,4e-4,0,0,0,NA
2014-07-12,3.0000000000000003e-4,0,0,0.05,NA
2014-07-13,0,0,0,0.3,NA
2014-07-14,7e-4,0.060000000000000005,0.0504,2.0303,NA
2014-07-15,0.1905,0.33,0.07,0.0106,NA
2014-07-16,0.5306,0,0,0,NA
2014-07-17,1e-4,0,0,0,NA
2014-07-18,1e-4,0.1108,1e-4,0,NA
2014-07-19,2e-4,1.3003,0.0101,0.0709,NA
2014-07-20,1e-4,0,0.0101,1e-4,NA
2014-07-21,2e-4,0,0,0,NA
2014-07-22,0,0,0,0,NA
2014-07-23,0,0.0801,0,0.61,NA
2014-07-24,0.26,0,0,0.0603,NA
2014-07-25,0,0,0,0,NA
2014-07-26,0,0,0,1e-4,NA
2014-07-27,0.1501,0,0,0.2302,NA
2014-07-28,0.4001,0.24009999999999998,0,0.2403,NA
2014-07-29,0,0,0,0,NA
2014-07-30,2e-4,0,0,0,NA
2014-07-31,0,0,0,0,NA
2014-08-01,0.0106,0,0,2e-4,NA
2014-08-02,0,0,0,0,NA
2014-08-03,0,0,0,0.5001,NA
2014-08-04,3.0000000000000003e-4,0,0,0,NA
2014-08-05,2e-4,0,0,0,NA
2014-08-06,0.3703,0,0,0.1002,NA
2014-08-07,0.0601,1e-4,0.65,0.01,NA
2014-08-08,0,0.7103,0.0302,0,NA
2014-08-09,3.0000000000000003e-4,0.86,0.02,0,NA
2014-08-10,1e-4,0.62,0,0,NA
2014-08-11,1e-4,0.060300000000000006,0.0303,0.28,NA
2014-08-12,0,0.01,0,0.5302,NA
2014-08-13,2.1002,0,0,0.060000000000000005,NA
2014-08-14,0.0012000000000000001,0,0,0,NA
2014-08-15,0.0101,0,0,0,NA
2014-08-16,0,2e-4,1e-4,0,NA
2014-08-17,3.0000000000000003e-4,0.68,0.9202,0,NA
2014-08-18,0,0.1202,0,0,NA
2014-08-19,1e-4,0.040100000000000004,0,0,NA
2014-08-20,1e-4,0.48009999999999997,0.24000000000000002,0.45999999999999996,NA
2014-08-21,1e-4,0.0102,0.3401,0.07,NA
2014-08-22,0.6103000000000001,0,0,3.0000000000000003e-4,NA
2014-08-23,0,4e-4,0.0601,0.1804,NA
2014-08-24,6.000000000000001e-4,0.060300000000000006,0.5700000000000001,0.0805,NA
2014-08-25,1e-4,0,0,0,NA
2014-08-26,2e-4,0.0101,0.0101,0,NA
2014-08-27,0,0,0.01,0,NA
2014-08-28,0,0,0.2301,0,NA
2014-08-29,2e-4,0,0,0,NA
2014-08-30,2e-4,0.8704,0.0902,0,NA
2014-08-31,2e-4,0.9402,1.0206,2e-4,NA
2014-09-01,0.0302,0,0.15,0.0103,NA
2014-09-02,0.30010000000000003,0.1301,0.13,0.23,NA
2014-09-03,0.18000000000000002,0.0603,0,0,NA
2014-09-04,1e-4,0,0,0,NA
2014-09-05,2e-4,0,0,0.32,NA
2014-09-06,0.41,1e-4,0,1.1201,NA
2014-09-07,0.11040000000000001,1e-4,2e-4,0.040100000000000004,NA
2014-09-08,0,0,0,0,NA
2014-09-09,0,0,0,0,NA
2014-09-10,0.05,0,0,0,NA
2014-09-11,2e-4,0.0204,0.18030000000000002,0,NA
2014-09-12,0,0,0,0,NA
2014-09-13,0.1601,0,2e-4,0.1002,NA
2014-09-14,0.0103,0,0,0,NA
2014-09-15,0,2e-4,0,0,NA
2014-09-16,0.0901,2e-4,0.0101,0.01,NA
2014-09-17,2e-4,0,0,0,NA
2014-09-18,1e-4,0,0,0,NA
2014-09-19,0,0,0,0,NA
2014-09-20,0,0,0,0,NA
2014-09-21,0.7205,0,0,2e-4,NA
2014-09-22,1e-4,0,0,0,NA
2014-09-23,1e-4,0,0,0,NA
2014-09-24,2e-4,0,0,0,NA
2014-09-25,0,0,0,0.4101,NA
2014-09-26,2e-4,0,0,0,NA
2014-09-27,2e-4,0,0,0,NA
2014-09-28,1e-4,0,0,0,NA
2014-09-29,0,0,0,0,NA
2014-09-30,0,0,0,0.1401,NA
2014-10-01,0.1811,0,0,0.1502,NA
2014-10-02,0.3803,0,1e-4,0,NA
2014-10-03,0,0.4202,0.42030000000000006,0.1401,NA
2014-10-04,0.24020000000000002,2e-4,1e-4,0.0706,NA
2014-10-05,0.0101,0,0,0,NA
2014-10-06,0,0.1501,0.2003,1e-4,NA
2014-10-07,1e-4,0.49010000000000004,0.1301,0.1307,NA
2014-10-08,0.050499999999999996,1.09,0.24000000000000002,0.08,NA
2014-10-09,0,2e-4,0.1301,0,NA
2014-10-10,0,1.4205,1.2703,0.0205,NA
2014-10-11,0.2001,1.3102,1e-4,0.4902,NA
2014-10-12,0,0.0501,0.1704,1e-4,NA
2014-10-13,1e-4,0.7401,1.8901999999999999,3.0000000000000003e-4,NA
2014-10-14,0,1.7704,1.4804,0.0104,NA
2014-10-15,1e-4,0.1306,0.1707,2.0905,NA
2014-10-16,0.0012000000000000001,0.030100000000000002,0.0303,2e-4,NA
2014-10-17,1e-4,0,0,1e-4,NA
2014-10-18,2e-4,0,0,0,NA
2014-10-19,0,0,0,1e-4,NA
2014-10-20,0,0,1e-4,2e-4,NA
2014-10-21,2e-4,0,0,0.0405,NA
2014-10-22,0.0018000000000000002,0,0,0.0305,NA
2014-10-23,0.0023,0,0,0,NA
2014-10-24,0.0014,0,0,0,NA
2014-10-25,0,0,0,0,NA
2014-10-26,4e-4,0,0,0,NA
2014-10-27,0,0,0,0,NA
2014-10-28,0,1e-4,0.12040000000000001,0,NA
2014-10-29,3.0000000000000003e-4,0.8101,0.1003,0.1002,NA
2014-10-30,2e-4,0,0,0,NA
2014-10-31,0,0.0204,0.0509,0,NA
2014-11-01,0.001,0,0,7e-4,NA
2014-11-02,3.0000000000000003e-4,0,0,0,NA
2014-11-03,0,0,0,1e-4,NA
2014-11-04,0,0,0,0,NA
2014-11-05,0,1.1601,0.9102,2e-4,NA
2014-11-06,9.000000000000001e-4,0.09,0.0202,0.4303,NA
2014-11-07,7e-4,0,0,6.000000000000001e-4,NA
2014-11-08,0,0,0,0,NA
2014-11-09,0,0,0,0,NA
2014-11-10,0,0,0,0,NA
2014-11-11,0,0.0202,0.0404,0,NA
2014-11-12,1e-4,0.0302,0.0101,0,NA
2014-11-13,0,3.0000000000000003e-4,0,3.0000000000000003e-4,NA
2014-11-14,0.001,0,5e-4,2e-4,NA
2014-11-15,0,0,0,0,NA
2014-11-16,0,0.8501,0.2105,0.0201,NA
2014-11-17,0.0016,0.6103,0.1207,0.4908,NA
2014-11-18,3.0000000000000003e-4,3.0000000000000003e-4,3.0000000000000003e-4,0,NA
2014-11-19,0,0,0,0,NA
2014-11-20,0,0,0,0,NA
2014-11-21,0,0,0,0,NA
2014-11-22,0,0,0.0012000000000000001,0,NA
2014-11-23,0,0.4303,0.4006,0,NA
2014-11-24,8e-4,0.0902,0.1702,0.3601,NA
2014-11-25,0,0,0,0,NA
2014-11-26,0.001,0.01,0.0801,0.8801,NA
2014-11-27,0.001,0.050300000000000004,0.040100000000000004,0,NA
2014-11-28,0.001,0,0,2e-4,NA
2014-11-29,0,0,0,0.0101,NA
2014-11-30,0,0,0,0,NA
2014-12-01,0,0.1502,0.0507,0.0103,NA
2014-12-02,1e-4,0.1403,2e-4,0.331,NA
2014-12-03,0.0015,0,0,0.1002,NA
2014-12-04,0,0.1104,0.1407,1e-4,NA
2014-12-05,0,0.1603,0.6602,0.1002,NA
2014-12-06,0.002,0.8803,1.4304,0.7503,NA
2014-12-07,6.000000000000001e-4,0,0,0.0501,NA
2014-12-08,1e-4,0,0,2e-4,NA
2014-12-09,0.0014,0,0,0.6001,NA
2014-12-10,0.002,0,1e-4,0,NA
2014-12-11,0.0022,0,0,0,NA
2014-12-12,0.0014,0,0,0,NA
2014-12-13,3.0000000000000003e-4,0,0,0,NA
2014-12-14,0,0,0,0,NA
2014-12-15,0,0.0403,0.020300000000000002,0,NA
2014-12-16,2e-4,2e-4,0,0.0902,NA
2014-12-17,0.0013000000000000002,0.01,0,1e-4,NA
2014-12-18,2e-4,0.1401,0.0804,0,NA
2014-12-19,0,0,0,0,NA
2014-12-20,0,1e-4,0,0,NA
2014-12-21,7e-4,0,0,0,NA
2014-12-22,4e-4,3.0000000000000003e-4,0,0.1201,NA
2014-12-23,0.0021000000000000003,0.4801,0.5104,0.0505,NA
2014-12-24,0.0017000000000000001,0.4104,0.2204,0.5405,NA
2014-12-25,0.0011,4e-4,4e-4,0.030100000000000002,NA
2014-12-26,0,0,0,0,NA
2014-12-27,0,0.3002,0.2401,0,NA
2014-12-28,6.000000000000001e-4,0.34049999999999997,0.1207,1e-4,NA
2014-12-29,0,0.0502,0,0,NA
2014-12-30,0,0,0,0,NA
2014-12-31,0,0,0,0,NA
2015-01-01,0,0,2e-4,0,NA
2015-01-02,2e-4,6.000000000000001e-4,0.0107,0,NA
2015-01-03,2e-4,0.2901,0.1501,0.2705,NA
2015-01-04,0.0016,0.4104,0.0407,0.2605,NA
2015-01-05,3.0000000000000003e-4,0,0.0013000000000000002,0,NA
2015-01-06,6.000000000000001e-4,0,3.0000000000000003e-4,0.1104,NA
2015-01-07,6.000000000000001e-4,8e-4,8e-4,4e-4,NA
2015-01-08,1e-4,0,0,0,NA
2015-01-09,6.000000000000001e-4,0,0,0,NA
2015-01-10,0,0,0,0,NA
2015-01-11,0,0.0106,0.0102,0,NA
2015-01-12,0,0.9505,0.6305999999999999,0.3206,NA
2015-01-13,0,1e-4,0,1e-4,NA
2015-01-14,2e-4,2e-4,0,0.0103,NA
2015-01-15,0.0011,0,5e-4,0,NA
2015-01-16,4e-4,0,0,0,NA
2015-01-17,0,0,0,0,NA
2015-01-18,5e-4,1e-4,2e-4,2e-4,NA
2015-01-19,6.000000000000001e-4,0,0,0,NA
2015-01-20,0,0,0,0,NA
2015-01-21,0,0,3.0000000000000003e-4,0.0902,NA
2015-01-22,0,0,0,0.01,NA
2015-01-23,0,0.35000000000000003,0.1405,0.0201,NA
2015-01-24,0.0013000000000000002,0.1104,0.0501,0.81,NA
2015-01-25,4e-4,0.0302,0.1403,0.0201,NA
2015-01-26,3.0000000000000003e-4,0.0501,0.2904,0.0216,NA
2015-01-27,0.0024000000000000002,1e-4,0,0.111,NA
2015-01-28,9.000000000000001e-4,0,0,0,NA
2015-01-29,0,3.0000000000000003e-4,2e-4,4e-4,NA
2015-01-30,0.0018000000000000002,0,0.0103,0.0101,NA
2015-01-31,0.0017000000000000001,0,0,0,NA
2015-02-01,0,0.6302,0.93,3.0000000000000003e-4,NA
2015-02-02,0.0017000000000000001,0.111,0.0905,0.1602,NA
2015-02-03,5e-4,0,0,0,NA
2015-02-04,0,0,0,0,NA
2015-02-05,0.0018000000000000002,0,2e-4,0,NA
2015-02-06,1e-4,0,0,0,NA
2015-02-07,3.0000000000000003e-4,0,0,0,NA
2015-02-08,0.0021000000000000003,0,0,0,NA
2015-02-09,0.0024000000000000002,0,0,0.0305,NA
2015-02-10,9.000000000000001e-4,2e-4,0,0.0201,NA
2015-02-11,0,0,0,0,NA
2015-02-12,0.0011,4e-4,4e-4,0.0202,NA
2015-02-13,5e-4,0,0,0,NA
2015-02-14,8e-4,0,0,4e-4,NA
2015-02-15,0.0022,0,0,2e-4,NA
2015-02-16,6.000000000000001e-4,1.1201,0.7104,4e-4,NA
2015-02-17,0,8e-4,3.0000000000000003e-4,0.0015,NA
2015-02-18,2e-4,0.0106,0.0206,4e-4,NA
2015-02-19,0.0016,0,5e-4,0,NA
2015-02-20,0,0.0502,0.0501,3.0000000000000003e-4,NA
2015-02-21,4e-4,2.5500000000000003,2.9603,0.0011,NA
2015-02-22,0.0011,0.08,0,3.0000000000000003e-4,NA
2015-02-23,0,0,0,0,NA
2015-02-24,0,0,0,0,NA
2015-02-25,5e-4,0,0,0,NA
2015-02-26,0,0.0305,1e-4,6.000000000000001e-4,NA
2015-02-27,0,0,0,0,NA
2015-02-28,0,0,0,0,NA
2015-03-01,4e-4,0.1601,0.0905,0.1305,NA
2015-03-02,6.000000000000001e-4,0.0804,0.11,0,NA
2015-03-03,2e-4,0.02,0.09,5e-4,NA
2015-03-04,7e-4,1.7302,1.52,0.2,NA
2015-03-05,0,0.3509,0.25,0.5112,NA
2015-03-06,0,0,6.000000000000001e-4,0.0205,NA
2015-03-07,0,0,0,0,NA
2015-03-08,2e-4,0,0,0,NA
2015-03-09,0,5e-4,2e-4,0,NA
2015-03-10,0,0.5304,1.0502,0.3101,NA
2015-03-11,6.000000000000001e-4,0.2002,0,0.0501,NA
2015-03-12,3.0000000000000003e-4,2e-4,0,0,NA
2015-03-13,0,0.3805,1.0104,0,NA
2015-03-14,0.0012000000000000001,0.31020000000000003,0.2304,0.4004,NA
2015-03-15,0.0013000000000000002,1e-4,0,0,NA
2015-03-16,0,0,0,0,NA
2015-03-17,8e-4,0,0,1e-4,NA
2015-03-18,3.0000000000000003e-4,0,0,0,NA
2015-03-19,0,0.0805,0.10060000000000001,0,NA
2015-03-20,2e-4,0.0502,0.0402,0.65,NA
2015-03-21,0.0017000000000000001,0,0,0,NA
2015-03-22,0,0,0,0,NA
2015-03-23,0,0,0,0,NA
2015-03-24,0,0,0,0,NA
2015-03-25,1e-4,0,0,0.0302,NA
2015-03-26,0.001,0.1403,0.2806,0.030100000000000002,NA
2015-03-27,0.0012000000000000001,0.0303,3.0000000000000003e-4,0.13040000000000002,NA
2015-03-28,0.0015,0,1e-4,0,NA
2015-03-29,0,0,0,0,NA
2015-03-30,5e-4,0.0303,0.0102,0,NA
2015-03-31,0,0,0,0.0204,NA
2015-04-01,0,0,0,0,NA
2015-04-02,0,4e-4,0.9301,1e-4,NA
2015-04-03,3.0000000000000003e-4,0.9101,0.7901,0.1504,NA
2015-04-04,8e-4,1e-4,0,5e-4,NA
2015-04-05,0,0,0,0,NA
2015-04-06,0,0.5401,0.4602,0,NA
2015-04-07,5e-4,0.0601,0.0304,0.0305,NA
2015-04-08,5e-4,0,0,0.1302,NA
2015-04-09,0.0017000000000000001,0,0,0.0601,NA
2015-04-10,9.000000000000001e-4,0.6301,1.2703,0.0501,NA
2015-04-11,0,0,0,0,NA
2015-04-12,0,0,0,0,NA
2015-04-13,0,0.2201,0.0902,0,NA
2015-04-14,2e-4,0.9702,1.6002,0.3807,NA
2015-04-15,0,0.12100000000000001,0.1605,0.0102,NA
2015-04-16,0,1.0705,0.5204,2e-4,NA
2015-04-17,6.000000000000001e-4,0,0,0.0703,NA
2015-04-18,2e-4,0.34,0,0,NA
2015-04-19,0,0.8603,1.3303,0.04,NA
2015-04-20,0.0011,0.4303,0.2501,1.47,NA
2015-04-21,0.0011,0,0,0.0803,NA
2015-04-22,2e-4,4e-4,0.0704,0.0302,NA
2015-04-23,5e-4,0,0,0,NA
2015-04-24,0,1e-4,2e-4,0,NA
2015-04-25,0,0.0805,0.01,0.04,NA
2015-04-26,0,0.1003,0.3101,0.2201,NA
2015-04-27,2e-4,0,0,0,NA
2015-04-28,8e-4,0,0,0,NA
2015-04-29,0.0101,0,0,0,NA
2015-04-30,4e-4,1e-4,0,0.3602,NA
2015-05-01,1e-4,0,0,0.2,NA
2015-05-02,0,0,0,2e-4,NA
2015-05-03,0,0,0,0,NA
2015-05-04,0,0,0,0,NA
2015-05-05,0,0,0,1e-4,NA
2015-05-06,0,0,0,0.0101,NA
2015-05-07,0,0,0,0.2901,NA
2015-05-08,0,0,0,0,NA
2015-05-09,0,0,0,0,NA
2015-05-10,0,2e-4,1e-4,0,NA
2015-05-11,0,0,0,0,NA
2015-05-12,5e-4,0,0,0.09,NA
2015-05-13,2e-4,0,0,0,NA
2015-05-14,0,0,0,0,NA
2015-05-15,0,0.32,0.05,1e-4,NA
2015-05-16,2e-4,0.0903,1.8103,0.43019999999999997,NA
2015-05-17,0,0.3402,0.2802,0.0108,NA
2015-05-18,0,5e-4,0.3801,2e-4,NA
2015-05-19,9.000000000000001e-4,0,0,1.0503,NA
2015-05-20,0,3.0000000000000003e-4,0.0502,0,NA
2015-05-21,0.01,0.5306,0,0.0504,NA
2015-05-22,0,0,0,0.020300000000000002,NA
2015-05-23,0,0,0,0,NA
2015-05-24,0,0,0,0,NA
2015-05-25,3.0000000000000003e-4,0.5502,2.3004,0,NA
2015-05-26,5e-4,0.6304,2e-4,0,NA
2015-05-27,0,0.15030000000000002,0.1101,0.28,NA
2015-05-28,4e-4,0.020300000000000002,0,0,NA
2015-05-29,1e-4,0.030199999999999998,0,0,NA
2015-05-30,0.0101,0.3004,0.28,0.0101,NA
2015-05-31,0.0016,0.2902,0.17,0.6701,NA
2015-06-01,0.0023,1.0404,0.2701,0.6403,NA
2015-06-02,0.0018000000000000002,0.0103,0,0.3607,NA
2015-06-03,0,0,0,0,NA
2015-06-04,0.01,0,0,0.2202,NA
2015-06-05,0,0,0,0.0303,NA
2015-06-06,3.0000000000000003e-4,0,0,0,NA
2015-06-07,0,0,0.05,0,NA
2015-06-08,0.01,1.1401000000000001,0.7002,0.2101,NA
2015-06-09,0.0107,0,0,0.0103,NA
2015-06-10,0,0,0,0,NA
2015-06-11,0,0,0,0,NA
2015-06-12,0,0.030100000000000002,0,1e-4,NA
2015-06-13,0.0202,0,0,0,NA
2015-06-14,0,0,0,0.1502,NA
2015-06-15,0.3205,0,0,0.4303,NA
2015-06-16,0.0202,0,0,0.0102,NA
2015-06-17,1e-4,0,0,0.1804,NA
2015-06-18,0,0.0301,1e-4,0.1901,NA
2015-06-19,1e-4,0.3801,0.0803,0.0206,NA
2015-06-20,0,0.23020000000000002,0.2902,0.7404,NA
2015-06-21,1.5805,0,0,0.3101,NA
2015-06-22,1e-4,0,0,0,NA
2015-06-23,0.3302,0,1e-4,0.1501,NA
2015-06-24,0,0.2202,0,0,NA
2015-06-25,0,0,0,0.0305,NA
2015-06-26,0.0303,0,0.7801,1e-4,NA
2015-06-27,1e-4,0.2104,0.0603,0.65,NA
2015-06-28,1.2105000000000001,0,0,0.08,NA
2015-06-29,0.0202,0.02,0.0701,0,NA
2015-06-30,0.0102,0.38,0,3.0000000000000003e-4,NA
2015-07-01,0.9302,0.32030000000000003,0.0501,1e-4,NA
2015-07-02,1e-4,2.1902,1.1802000000000001,0,NA
2015-07-03,0,0.45999999999999996,0.0902,1e-4,NA
2015-07-04,0.0502,0.3302,0.1202,0.3906,NA
2015-07-05,3.0000000000000003e-4,0.5003,0,0,NA
2015-07-06,2e-4,0,0,0.0901,NA
2015-07-07,0.07,0.36,0.2001,0,NA
2015-07-08,3.0000000000000003e-4,0.5903,1.3302,0.0208,NA
2015-07-09,1e-4,0,0,0.1202,NA
2015-07-10,0.6804,0,0,0.02,NA
2015-07-11,2e-4,0.14020000000000002,0,0.0106,NA
2015-07-12,1e-4,0.0201,0,0,NA
2015-07-13,0,0,0,0.0402,NA
2015-07-14,0.12,2e-4,0,0.7201,NA
2015-07-15,0,0.06999999999999999,0.37,0.4601,NA
2015-07-16,0,0,0,0,NA
2015-07-17,1e-4,0,0,0,NA
2015-07-18,0.10049999999999999,0,0,0.32010000000000005,NA
2015-07-19,3.0000000000000003e-4,0,0,0,NA
2015-07-20,1e-4,0,2e-4,0,NA
2015-07-21,3.0000000000000003e-4,0,0.07,2e-4,NA
2015-07-22,4e-4,0.2901,0,0,NA
2015-07-23,0,0.4403,0.55,0,NA
2015-07-24,0.0605,0,0,0,NA
2015-07-25,0,0,0,0,NA
2015-07-27,0,0,0,1e-4,NA
2015-07-28,0,1.3301,0.76,0,NA
2015-07-29,0,0.030100000000000002,2.4701,0,NA
2015-07-30,0,0,0.18,0.1902,NA
2015-07-31,0,0,0,0,NA
2015-08-01,0.0201,0,0,0,NA
2015-08-02,0,0,0,0,NA
2015-08-03,0,0.98,0,0,NA
2015-08-04,0.24029999999999999,0,0,0.08,NA
2015-08-05,0,0.07,0.9702,0,NA
2015-08-06,0,1.0802,0.0303,0.040100000000000004,NA
2015-08-07,0,0,0,0.0505,NA
2015-08-08,0,0,0,0,NA
2015-08-09,0,0,0,0.0202,NA
2015-08-10,0,1e-4,1e-4,0,NA
2015-08-11,0.5003,0,0,0.19010000000000002,NA
2015-08-12,2e-4,0,0,0,NA
2015-08-13,0,0,0,0,NA
2015-08-14,0,0.26,0,0,NA
2015-08-15,0.02,1e-4,0.1501,0,NA
2015-08-16,0,0.3303,0,0,NA
2015-08-17,0,0.4602,0.08030000000000001,0,NA
2015-08-18,0,0,0,2e-4,NA
2015-08-19,0,0.6402000000000001,0.04,0.0102,NA
2015-08-20,1e-4,0.050300000000000004,0.08020000000000001,0.9801000000000001,NA
2015-08-21,0.1205,0,0,0,NA
2015-08-22,2e-4,0,3.0000000000000003e-4,0,NA
2015-08-23,0.0102,0.020300000000000002,1e-4,0,NA
2015-08-24,0.0202,0,0,2e-4,NA
2015-08-25,0,0,0,0,NA
2015-08-26,0.03,0,7e-4,0,NA
2015-08-27,0,0,7e-4,0,NA
2015-08-28,0,0,0.0013000000000000002,0,NA
2015-08-29,0,0.10010000000000001,0.0015,0,NA
2015-08-30,0,0,0.040100000000000004,0,NA
2015-08-31,0,0,0.01,2e-4,NA
2015-09-01,0,0,0,0,NA
2015-09-02,0,0,0,0,NA
2015-09-03,0,0,0,0,NA
2015-09-04,0,0,0,0,NA
2015-09-05,0,1e-4,0.06,0.0101,NA
2015-09-06,0,0,0,0,NA
2015-09-07,0,0,0,0,NA
2015-09-08,0,0,0,0,NA
2015-09-09,0,0.16,0.07,0,NA
2015-09-10,0.4901,0.2605,0.32,0.7201000000000001,NA
2015-09-11,0.85,1.02,0.32,0,NA
2015-09-12,0,0,0,0.92,NA
2015-09-13,0.020900000000000002,0,0,0,NA
2015-09-14,0.3301,0,0,0,NA
2015-09-15,0,0,0,0,NA
2015-09-16,0,0,0,0,NA
2015-09-17,0,0,0,0,NA
2015-09-18,0,0,0,0,NA
2015-09-19,0,0,0,0,NA
2015-09-20,1e-4,0,0,0,NA
2015-09-21,0,0,0,0.0703,NA
2015-09-22,0,0,0,0.0102,NA
2015-09-23,0,0,0,0,NA
2015-09-24,0,0,0,0,NA
2015-09-25,0,0.1203,0.0102,0,NA
2015-09-26,0,0.19019999999999998,0.0601,0,NA
2015-09-27,0,0.3202,0.0502,0.0208,NA
2015-09-28,0,2e-4,0,1e-4,NA
2015-09-29,3.0000000000000003e-4,0.1804,1.3103,1.3403,NA
2015-09-30,2.3005,0.0305,0,0.2908,NA
2015-10-01,0,0.0208,0.0202,0.22030000000000002,NA
2015-10-02,0.0305,0.49069999999999997,2e-4,0.3701,NA
2015-10-03,4e-4,0.0404,0.1404,0.6001,NA
2015-10-04,0,0.0303,0.0301,0.0103,NA
2015-10-05,0,0,0,0,NA
2015-10-06,0,0,0,0,NA
2015-10-07,0,0,0,0,NA
2015-10-08,0,0,0,0,NA
2015-10-09,0.4303,0.44010000000000005,0.3,0.14,NA
2015-10-10,0.001,0.1403,0.10010000000000001,0,NA
2015-10-11,0,0,0,0,NA
2015-10-12,0,0,0.16,0,NA
2015-10-13,0.0102,0.3701,0.09999999999999999,0.05,NA
2015-10-14,0,0,0,0,NA
2015-10-15,0,0,0,0,NA
2015-10-16,0.0103,1e-4,0.0302,2e-4,NA
2015-10-17,2e-4,0,0,0,NA
2015-10-18,1e-4,0,0,1e-4,NA
2015-10-19,0,0,0,0,NA
2015-10-20,0.0704,0,0,0,NA
2015-10-21,3.0000000000000003e-4,0,0,0,NA
2015-10-22,3.0000000000000003e-4,0,0,0,NA
2015-10-23,0,0,0,0,NA
2015-10-24,0,0.0307,0.0305,0,NA
2015-10-25,0.0504,0.0803,0.5407,0.0103,NA
2015-10-26,0,0.4304,0.2506,0,NA
2015-10-27,0,1.7402,1.95,0,NA
2015-10-28,0.39,0.3805,0.9503,0.9303,NA
2015-10-29,0.6905,1e-4,0,0.1503,NA
2015-10-30,0,0,0,0,NA
2015-10-31,0,0.1303,0.0304,0,NA
2015-11-01,0.0202,0.0102,0.1004,5e-4,NA
2015-11-02,0,0.0308,0,0,NA
2015-11-03,0,0,0,0,NA
2015-11-04,0,0,0,0,NA
2015-11-05,0,0,0,0,NA
2015-11-06,0,0.4204,0.8602,0,NA
2015-11-07,0,0,0,0,NA
2015-11-08,0,0,0,0,NA
2015-11-09,0,0.1305,0.2101,0.01,NA
2015-11-10,1e-4,7e-4,0,0.6204000000000001,NA
2015-11-11,0.4603,0,0,0,NA
2015-11-12,0.1003,0.0602,0.10010000000000001,0.1301,NA
2015-11-13,0.0402,0,0,0,NA
2015-11-14,0,0,0,0,NA
2015-11-15,0,0,0,0,NA
2015-11-16,0,0.020300000000000002,0.0805,0,NA
2015-11-17,0,0,0.3402,0,NA
2015-11-18,0,1.4201,2.5404,1e-4,NA
2015-11-19,0,0,0,0.4601,NA
2015-11-20,1.06,0,0,0,NA
2015-11-21,0,0.0104,0.1,0,NA
2015-11-22,0.0103,1e-4,0,0.0016,NA
2015-11-23,4e-4,0,0,0.001,NA
2015-11-24,0,0,0,0,NA
2015-11-25,0,0,0,0,NA
2015-11-26,0,0,0,0,NA
2015-11-27,0,0,1e-4,0,NA
2015-11-28,0.2303,0.2004,1.0007,6.000000000000001e-4,NA
2015-11-29,0,1.2001,0.6904,0.3202,NA
2015-11-30,0,1.1001,0.5703,0.0402,NA
2015-12-01,0.0108,0.9102,0.8304,0.47000000000000003,NA
2015-12-02,0.4406,0,0,0.2703,NA
2015-12-03,0.0904,0,0,0,NA
2015-12-04,0,0,0,0,NA
2015-12-05,0,0,0,0,NA
2015-12-06,0,0,0,0,NA
2015-12-07,0,0,0,0,NA
2015-12-08,2e-4,0,1e-4,0,NA
2015-12-09,0,0,0,0,NA
2015-12-10,0.020300000000000002,0,0,0.040100000000000004,NA
2015-12-11,0,0,0,0,NA
2015-12-12,0,0,0,2e-4,NA
2015-12-13,2e-4,0,0,0,NA
2015-12-14,0.030600000000000002,0.5502,0.5004,0.0401,NA
2015-12-15,0.4404,0,0,0.0202,NA
2015-12-16,0,1e-4,2e-4,0,NA
2015-12-17,0.3903,0.0404,0.0202,0.4101,NA
2015-12-18,0.1502,0,4e-4,0,NA
2015-12-19,0,0,0,2e-4,NA
2015-12-20,0,0,0,0,NA
2015-12-21,0,0.1704,0.2603,2e-4,NA
2015-12-22,0.3705,1.0702,0.2303,0.0805,NA
2015-12-23,0.0701,4e-4,0.0207,0.2503,NA
2015-12-24,1.0003,0.0302,0.4401,0.0201,NA
2015-12-25,0,1.1703,1.04,0.28,NA
2015-12-26,0,0.5503,0.5802,0.03,NA
2015-12-27,0.6106,0,0.1401,3.0000000000000003e-4,NA
2015-12-28,0,0.6802,1.7502,6.000000000000001e-4,NA
2015-12-29,0.002,0,0,0.8302,NA
2015-12-30,0.0314,0,0,0.0502,NA
2015-12-31,0.8603,0,0,1e-4,NA
2016-01-01,0.24,0,0,0,NA
2016-01-02,0,0,0,0,NA
2016-01-03,0,0,0,0,NA
2016-01-04,4e-4,0,0,1e-4,NA
2016-01-05,0,0,0,1e-4,NA
2016-01-06,0,0,0,0,NA
2016-01-07,0,0,0,0,NA
2016-01-08,0,0.0202,0.2802,0,NA
2016-01-09,0,1e-4,0.39030000000000004,0.0101,NA
2016-01-12,2e-4,0,0,2e-4,NA
2016-01-13,0.0207,0,0,1e-4,NA
2016-01-14,2e-4,0,0,0,NA
2016-01-15,0,0.37010000000000004,0.3502,0.03,NA
2016-01-16,0.41040000000000004,1e-4,0,0.31,NA
2016-01-17,0,0,0,3.0000000000000003e-4,NA
2016-01-18,0.0018000000000000002,0,0,3.0000000000000003e-4,NA
2016-01-19,1e-4,0,0,0,NA
2016-01-20,0,0.2601,0.2901,0,NA
2016-01-21,0,0,0,0,NA
2016-01-22,0,1.1601000000000001,0.4611,7e-4,NA
2016-01-23,0,7e-4,0.0013000000000000002,0.0014,NA
2016-01-24,0,0,0,0.0305,NA
2016-01-25,0,0,0,0.01,NA
2016-01-26,0,0.0802,0.07050000000000001,0,NA
2016-01-27,0,0,0,0,NA
2016-01-28,0,0,0,0,NA
2016-01-29,3.0000000000000003e-4,0,0,1e-4,NA
2016-01-30,0,0,0,0,NA
2016-01-31,0,0,0,0,NA
2016-02-01,0,0.1804,0.3103,0.1401,NA
2016-02-02,0,0.1302,0.23,0,NA
2016-02-03,0.39,0.9299999999999999,1.1501,0.6403,NA
2016-02-04,1e-4,0,0,0,NA
2016-02-05,0.45030000000000003,0,0,0,NA
2016-02-06,3.0000000000000003e-4,0,0,0,NA
2016-02-07,0,0,0,0,NA
2016-02-08,0.0207,5e-4,0.0204,0,NA
2016-02-09,0.0613,0.1016,0.0022,0.0609,NA
2016-02-10,0.001,0.0312,0.0109,3.0000000000000003e-4,NA
2016-02-11,9.000000000000001e-4,0.0403,3.0000000000000003e-4,0,NA
2016-02-12,1e-4,4e-4,0,2e-4,NA
2016-02-13,0,0,0,4e-4,NA
2016-02-14,0,0.0204,0.1506,0,NA
2016-02-15,5e-4,1.2004,0.4405,0.0013000000000000002,NA
2016-02-16,0.7306,0.7302,0.4503,0.6907,NA
2016-02-17,2e-4,0,0,0,NA
2016-02-18,0,0,0,0,NA
2016-02-19,0,0,0,0,NA
2016-02-20,0.0207,0,0,0,NA
2016-02-21,0,0.0205,0.0805,0.18009999999999998,NA
2016-02-22,0,0,0,0,NA
2016-02-23,0,0.13040000000000002,0.0801,0.1201,NA
2016-02-24,0,0.9708,1.5904,0.6301,NA
2016-02-25,0,0.0507,0.0709,0.12010000000000001,NA
2016-02-26,0,5e-4,1e-4,1e-4,NA
2016-02-27,0,0,1e-4,0,NA
2016-02-28,0,0,0,0,NA
2016-02-29,2e-4,1e-4,0,2e-4,NA
2016-03-01,0,0.5604,0.33,0,NA
2016-03-02,0.5503,0,0,2e-4,NA
2016-03-03,0,0.2802,0.1802,0,NA
2016-03-04,9.000000000000001e-4,3.0000000000000003e-4,0.0102,0.0505,NA
2016-03-05,5e-4,1e-4,0.0011,0,NA
2016-03-06,0,0,3.0000000000000003e-4,0.0302,NA
2016-03-07,1e-4,0,0,0,NA
2016-03-08,0,0,0,0,NA
2016-03-09,0.29,0,0.0303,0,NA
2016-03-10,0.1701,0.8402999999999999,2.3602000000000003,0,NA
2016-03-11,0.2004,0.1903,0.04,0.0102,NA
2016-03-12,0,0.06,0.2901,2e-4,NA
2016-03-13,0,0.81,1.3203,0.4304,NA
2016-03-14,0.09040000000000001,3.0000000000000003e-4,0.2301,0.5701,NA
2016-03-15,0.6204999999999999,0,4e-4,0.0202,NA
2016-03-16,0.0103,1e-4,0,0,NA
2016-03-17,0.2003,0,0,0,NA
2016-03-18,1e-4,0,0,0,NA
2016-03-19,0,3.0000000000000003e-4,4e-4,0.3202,NA
2016-03-20,0,0.0101,0.0201,0.0101,NA
2016-03-21,0.1804,0,0,0,NA
2016-03-22,0,0,0,0,NA
2016-03-23,2e-4,0,0,0,NA
2016-03-24,3.0000000000000003e-4,0.7403,0.2401,0,NA
2016-03-25,0.1509,0,0,2e-4,NA
2016-03-26,0,0,4e-4,0,NA
2016-03-27,0,0.030100000000000002,2e-4,0,NA
2016-03-28,0.69,0.1502,0.15,0.31020000000000003,NA
2016-03-29,0,0,1e-4,0,NA
2016-03-30,0,0,0,0,NA
2016-03-31,0,0.5805,1.9705000000000001,0,NA
2016-04-01,0.0303,0.1,1e-4,3.0000000000000003e-4,NA
2016-04-02,0.1603,0,0,0.0104,NA
2016-04-03,0.0704,0,0,0.1105,NA
2016-04-04,0.1607,0,0,0.0105,NA
2016-04-05,5e-4,0,0,1e-4,NA
2016-04-06,0,0.1902,0.21000000000000002,0,NA
2016-04-07,0.7003,3.0000000000000003e-4,0.030100000000000002,0.1504,NA
2016-04-08,3.0000000000000003e-4,0.0404,0.0403,1e-4,NA
2016-04-09,0,0,0,0.0103,NA
2016-04-10,0,0.0403,0.020300000000000002,0,NA
2016-04-11,0.030600000000000002,6.000000000000001e-4,0.3401,0.0603,NA
2016-04-12,0.1608,0.0201,0.13,0.02,NA
2016-04-13,0,0,0,0,NA
2016-04-14,0,0.01,0.0402,0,NA
2016-04-15,0,2e-4,0,0,NA
2016-04-16,0,0,0,0,NA
2016-04-17,0,0,0,0,NA
2016-04-18,0,0,1e-4,0,NA
2016-04-19,0.0202,0,0,0,NA
2016-04-20,0,0,0,0,NA
2016-04-21,0,0.2201,0.5405,0.020300000000000002,NA
2016-04-22,0.060700000000000004,0,0.19030000000000002,0.0202,NA
2016-04-23,0.030100000000000002,0,3.0000000000000003e-4,0.27040000000000003,NA
2016-04-24,0,0,0.0105,0,NA
2016-04-25,0,0,0,0,NA
2016-04-26,0.3303,0,0,0,NA
2016-04-27,0,0.4301,0.3305,0.020300000000000002,NA
2016-04-28,0,1e-4,0.0404,0.3102,NA
2016-04-29,0,1e-4,0.0501,1e-4,NA
2016-04-30,0,0.17049999999999998,0.6402,0.020300000000000002,NA
2016-05-01,0.0405,5e-4,0.0606,0.6402,NA
2016-05-02,0.2706,0.4003,0.5701,0.1902,NA
2016-05-03,0.0405,4e-4,0,0.2606,NA
2016-05-04,0.0104,0.0601,0.0605,0.4102,NA
2016-05-05,0.0914,0,0,0.0302,NA
2016-05-06,0.030100000000000002,0,1e-4,0.7008,NA
2016-05-07,0.051,0,1e-4,0.0407,NA
2016-05-08,0.0202,0,0,0.0902,NA
2016-05-09,2e-4,0,0.0501,0.0205,NA
2016-05-10,0,0.060200000000000004,0.2901,0.1006,NA
2016-05-11,0,0.02,0.7902,0.2202,NA
2016-05-12,0,0.1201,0.29000000000000004,0,NA
2016-05-13,0.19,0,0,0.1101,NA
2016-05-14,0.0403,1e-4,0.0101,0.0801,NA
2016-05-15,0.0201,0,3.0000000000000003e-4,2e-4,NA
2016-05-16,0,0,0.01,0,NA
2016-05-17,0,0.1605,0.1709,0.08020000000000001,NA
2016-05-18,0,0,0.2702,0.0407,NA
2016-05-19,1e-4,0,7e-4,0.01,NA
2016-05-20,0.0801,1.2602,1.1602,0,NA
2016-05-21,0,0,1e-4,0.6905,NA
2016-05-22,0,0,7e-4,0.7302000000000001,NA
2016-05-23,0,0,0,0.0604,NA
2016-05-24,0.2401,0,0,0.0402,NA
2016-05-25,0,2e-4,1.1605,0,NA
2016-05-26,0,0.29009999999999997,0.3305,3.0000000000000003e-4,NA
2016-05-27,0,2e-4,0.0602,1e-4,NA
2016-05-28,0,0,0,0,NA
2016-05-29,0,0,0,0.0301,NA
2016-05-30,0.2602,0,2e-4,0.15030000000000002,NA
2016-05-31,0,0,0,1e-4,NA
2016-06-01,0,0.04,0.0301,0,NA
2016-06-02,0,0.2501,1e-4,0.0102,NA
2016-06-03,0,0.01,0,0.2302,NA
2016-06-04,0,1.0902,0.9502,1e-4,NA
2016-06-05,0.5405,0.12040000000000001,0.1701,0.3408,NA
2016-06-06,0.47,0,1e-4,3.0000000000000003e-4,NA
2016-06-07,0,0,0,0.030100000000000002,NA
2016-06-08,0.0302,0,0,0.03,NA
2016-06-09,0,0,4e-4,0,NA
2016-06-10,3.0000000000000003e-4,0,2e-4,0,NA
2016-06-11,0.0103,0,1e-4,0,NA
2016-06-12,2e-4,0,1e-4,0,NA
2016-06-13,0,0.0402,0,0,NA
2016-06-14,0,0.11,0,0,NA
2016-06-15,0,0.2403,0.5801,0.0101,NA
2016-06-16,0,0,1e-4,0.7502000000000001,NA
2016-06-17,0,0,0,0.4402,NA
2016-06-18,0,1e-4,0,0,NA
2016-06-19,0,0,1e-4,0,NA
2016-06-20,0,0,0,0,NA
2016-06-21,0.4102,0,1e-4,0.22039999999999998,NA
2016-06-22,0.050100000000000006,0,0,0.0101,NA
2016-06-23,0,0,0,1e-4,NA
2016-06-24,0,1.9999999999999998,1.7999999999999998,0.0102,NA
2016-06-25,0,0,0,1e-4,NA
2016-06-26,0,0,0,0,NA
2016-06-27,0,0.0804,1.2,5e-4,NA
2016-06-28,0.0404,0.47,0.15050000000000002,0.0201,NA
2016-06-29,0,0,0,0,NA
2016-06-30,0,0,1e-4,0,NA
2016-07-01,0.0602,0.0102,0.0201,0.050100000000000006,NA
2016-07-02,4e-4,0,1e-4,0,NA
2016-07-03,0,0,2e-4,0,NA
2016-07-04,0,0.6401,0.6803,0.27040000000000003,NA
2016-07-05,0.030100000000000002,1.0403,0.42,0.030600000000000002,NA
2016-07-06,0,1.1300000000000001,0.5202,0,NA
2016-07-07,0,1.6804000000000001,3.3402,0,NA
2016-07-08,2e-4,0,0,1e-4,NA
2016-07-09,0.1706,0.24000000000000002,0.32,0,NA
2016-07-10,0.060700000000000004,0,1e-4,0,NA
2016-07-11,0,0.07,0,0,NA
2016-07-12,0,0,1.0701,0,NA
2016-07-13,0,0,0,1e-4,NA
2016-07-14,1e-4,0.19,0.38,1e-4,NA
2016-07-15,0.01,0,0.07010000000000001,0,NA
2016-07-16,3.0000000000000003e-4,3.0000000000000003e-4,0.0202,0,NA
2016-07-17,2e-4,0,2e-4,0,NA
2016-07-18,0.13,0,0,0.46,NA
2016-07-19,0,1e-4,2e-4,0.03,NA
2016-07-20,0,0,0,0,NA
2016-07-21,0,0,4e-4,0,NA
2016-07-22,0,0,1e-4,0,NA
2016-07-23,0.12,0,0,0,NA
2016-07-24,1e-4,0,0.14,0,NA
2016-07-25,0,5e-4,0,1e-4,NA
2016-07-26,1e-4,0.15,0.7202999999999999,0,NA
2016-07-27,0,0.03,0.0102,0,NA
2016-07-28,0,0.7602,3.4602,0.07,NA
2016-07-29,0.1102,1e-4,0.6103,0.21,NA
2016-07-30,0,0,0.18009999999999998,0.0102,NA
2016-07-31,0.12050000000000001,0.37,3.0000000000000003e-4,0.0103,NA
2016-08-01,0.1306,0,0.1501,0,NA
2016-08-02,0.0602,0.1201,0.0902,0,NA
2016-08-03,0,0.67,1.1302,0,NA
2016-08-04,0,0,0.7302000000000001,0,NA
2016-08-05,0,0.6800999999999999,0.4004,0.0602,NA
2016-08-06,0.0501,0.0801,0.13,0.0305,NA
2016-08-07,1e-4,2e-4,1e-4,0,NA
2016-08-08,0,0,0,0,NA
2016-08-09,0,0.8003,0.0102,0,NA
2016-08-10,0.9800000000000001,0,0,0,NA
2016-08-11,0,1e-4,3.0000000000000003e-4,1e-4,NA
2016-08-12,1e-4,0,0,0.31,NA
2016-08-13,0,0,0.01,0.0901,NA
2016-08-14,0.4002,1e-4,0.2404,1e-4,NA
2016-08-15,0,0.07010000000000001,0.0202,0.3401,NA
2016-08-16,0.0201,0.1302,0.0102,0.20020000000000002,NA
2016-08-17,0,0,0.2803,1.1201,NA
2016-08-18,0,0.1202,1.0304,0.0202,NA
2016-08-19,0,0.5006,0.0901,1e-4,NA
2016-08-20,0,0.6004,0.5703,0,NA
2016-08-21,0,0.5406,0.5004,0.0202,NA
2016-08-22,1.0201,0,6.000000000000001e-4,0,NA
2016-08-23,0,0,6.000000000000001e-4,0,NA
2016-08-24,0,0,0,0,NA
2016-08-25,0,0.55,2e-4,0,NA
2016-08-26,0,0,4e-4,0,NA
2016-08-27,0,1.6,0.4901,0,NA
2016-08-28,0,0,0,0,NA
2016-08-29,0,0,0,0,NA
2016-08-30,0,0,0.2,0,NA
2016-08-31,0,0,3.0000000000000003e-4,0,NA
2016-09-01,1e-4,0,0,0.2602,NA
2016-09-02,0,0,0,0,NA
2016-09-03,0,0,0,0,NA
2016-09-04,0,0,0,0,NA
2016-09-05,0,0,2e-4,0,NA
2016-09-06,0.0205,0,4e-4,0,NA
2016-09-07,0.0107,0,5e-4,0.4702,NA
2016-09-08,0,0,0,0,NA
2016-09-09,0.1401,0,0,0,NA
2016-09-10,3.0000000000000003e-4,0.3101,0.72,0.24,NA
2016-09-11,0.0703,0,2e-4,0,NA
2016-09-12,0,0,5e-4,0,NA
2016-09-13,0,0,0,0,NA
2016-09-14,0,0,0,0,NA
2016-09-15,0,0,0,3.0000000000000003e-4,NA
2016-09-16,0,0,0.01,0,NA
2016-09-17,0,1.0001,0.5601,0,NA
2016-09-18,0.030100000000000002,0.3301,2e-4,1e-4,NA
2016-09-19,1.4408,0,7e-4,0.1605,NA
2016-09-20,0,0,3.0000000000000003e-4,0,NA
2016-09-21,0,0,2e-4,0,NA
2016-09-22,0,0,3.0000000000000003e-4,0,NA
2016-09-23,3.0000000000000003e-4,0,3.0000000000000003e-4,0,NA
2016-09-24,0.3701,0,3.0000000000000003e-4,0,NA
2016-09-25,0,0,2e-4,0,NA
2016-09-26,0,0.0802,0.3403,0.03,NA
2016-09-27,0.21,0,0.0108,0.0201,NA
2016-09-28,0,1e-4,1e-4,0.1601,NA
2016-09-29,0,0.0403,0.0103,2.2304,NA
2016-09-30,1e-4,0.1102,0.3508,0.7803,NA
2016-10-01,0.2806,0,0.0201,0.3804,NA
2016-10-02,0.0103,0,2e-4,0,NA
2016-10-03,0,0,3.0000000000000003e-4,2e-4,NA
2016-10-04,0,0,5e-4,0,NA
2016-10-05,0,0,0,0,NA
2016-10-06,0,0,0,0,NA
2016-10-07,0,0,0,0,NA
2016-10-08,1e-4,0,0,0.1903,NA
2016-10-09,0.6005,0,0,1e-4,NA
2016-10-10,0,0,0,0,NA
2016-10-11,0,0,0,0,NA
2016-10-12,0,0,0,0,NA
2016-10-13,2e-4,0,1e-4,1e-4,NA
2016-10-14,0,0.0704,0.0501,0,NA
2016-10-15,0,0,0,0,NA
2016-10-16,0,0,0,0,NA
2016-10-17,1e-4,0,0,0,NA
2016-10-18,0.1101,0,0,0,NA
2016-10-19,0,0,0,0,NA
2016-10-20,0,0.3501,0.13,0,NA
2016-10-21,0.9406,0.0106,0.040100000000000004,0.0603,NA
2016-10-22,1.4405000000000001,0,0,1e-4,NA
2016-10-23,4e-4,0,0,0,NA
2016-10-24,0,0,0,0,NA
2016-10-25,0,0,0,0,NA
2016-10-26,0,0,0,0,NA
2016-10-27,0.2501,3.0000000000000003e-4,0.0101,0.1305,NA
2016-10-28,1.1006,0,0,0,NA
2016-10-29,0.0106,0,0,0,NA
2016-10-30,0.0402,0,0,0.2001,NA
2016-10-31,1e-4,0,0,0,NA
2016-11-01,0,0,0,0,NA
2016-11-02,0,0,0,0,NA
2016-11-03,0.0906,0,0,1e-4,NA
2016-11-04,0,0,0,0.01,NA
2016-11-05,0,0,0,0,NA
2016-11-06,0.1101,0,0,0,NA
2016-11-07,0,0,0,0,NA
2016-11-08,0,0,0.0202,0,NA
2016-11-09,3.0000000000000003e-4,0.0102,2e-4,0.2404,NA
2016-11-10,0,0,0,0,NA
2016-11-11,0,0,0,0,NA
2016-11-12,0,0,0,0,NA
2016-11-13,0,0,0,0,NA
2016-11-14,0,0,0,0,NA
2016-11-15,0.7104,1e-4,0.040100000000000004,3.0000000000000003e-4,NA
2016-11-16,0.1203,0,0,1e-4,NA
2016-11-17,0,0,0,0,NA
2016-11-18,0,0,0,0,NA
2016-11-19,0,0.1301,0.4302,0.0102,NA
2016-11-20,0.2412,0,0,0.001,NA
2016-11-21,0.0108,0,0,7e-4,NA
2016-11-22,0,0,0,0,NA
2016-11-23,0,0.0103,0.0707,2e-4,NA
2016-11-24,4e-4,0,0.0501,2e-4,NA
2016-11-25,0.2207,0,0,0,NA
2016-11-26,3.0000000000000003e-4,0,0,0,NA
2016-11-27,0,1e-4,0,0,NA
2016-11-28,0,0.1206,0.8703,0,NA
2016-11-29,0.49050000000000005,1.0001,0.2201,0.2704,NA
2016-11-30,0.37,0.6001,0.2301,0.5501,NA
2016-12-01,1.02,0,0,0.12,NA
2016-12-02,0,0,0,0,NA
2016-12-03,1e-4,1e-4,0,0,NA
2016-12-04,0,0.3905,0.1206,0,NA
2016-12-05,0.0407,0.030100000000000002,0,0.16040000000000001,NA
2016-12-06,0.12,0.6607,1.0004,0.8401000000000001,NA
2016-12-07,0.1305,0,0,0.03,NA
2016-12-08,0,0,0,0,NA
2016-12-09,0,0,0,0,NA
2016-12-10,0,0,0,0,NA
2016-12-11,0,2e-4,3.0000000000000003e-4,2e-4,NA
2016-12-12,0.1513,0.9703,0.4401,0.21020000000000003,NA
2016-12-13,0.11,0.1103,0.03,0,NA
2016-12-14,0.0201,0,0,0,NA
2016-12-15,2e-4,0,0,0,NA
2016-12-16,5e-4,0,0,0,NA
2016-12-17,0.1107,0.0105,0.0205,0.20020000000000002,NA
2016-12-18,0.4707,1.4201000000000001,1.7204,0.0305,NA
2016-12-19,0,0,5e-4,0,NA
2016-12-20,0,2e-4,0,0,NA
2016-12-21,0,0,0,0,NA
2016-12-22,0.0706,0,0,0,NA
2016-12-23,1e-4,0,2e-4,0,NA
2016-12-24,0.2601,2.0602,0.42010000000000003,0.1505,NA
2016-12-25,0,0.1105,0.1101,0,NA
2016-12-26,1e-4,0,2e-4,0,NA
2016-12-27,0.0305,0.8306,1.4202,2e-4,NA
2016-12-28,2e-4,1e-4,0.08,0,NA
2016-12-29,0.5104,0.1301,0.040100000000000004,0.1605,NA
2016-12-30,0.0907,0,0,7e-4,NA
2016-12-31,1e-4,0.14049999999999999,0.20020000000000002,0,NA
2017-01-01,0.3302,0.1206,0.0601,0,NA
2017-01-02,0,0.0103,0.01,0.2801,NA
2017-01-03,0.3907,0.8708,0.4703,0.8003,NA
2017-01-04,0.4702,2e-4,0,0.07,NA
2017-01-05,0,0,3.0000000000000003e-4,0,NA
2017-01-06,0.0109,0.060700000000000004,6.000000000000001e-4,7e-4,NA
2017-01-07,8e-4,0,1e-4,1e-4,NA
2017-01-08,0.051000000000000004,0,0,0,NA
2017-01-09,1e-4,0,0,0.02,NA
2017-01-10,1e-4,4e-4,0.0202,4e-4,NA
2017-01-11,0.1801,0.29040000000000005,0.2102,0.17020000000000002,NA
2017-01-12,0.0905,3.0000000000000003e-4,0.020300000000000002,0.1701,NA
2017-01-13,0,0.021,0.2907,3.0000000000000003e-4,NA
2017-01-14,0,3.0000000000000003e-4,0.38,0.2202,NA
2017-01-15,0,0.030100000000000002,0.0103,0.0102,NA
2017-01-16,0,0,0.0102,1e-4,NA
2017-01-17,1e-4,0.6905,0.9001,0.2502,NA
2017-01-18,0.3805,0,0,0.0103,NA
2017-01-19,0.0805,0.8104,0.5001,0,NA
2017-01-20,0,0.4501,0.1801,0.060200000000000004,NA
2017-01-21,0,0,0,0,NA
2017-01-22,0.0404,0.0402,1e-4,1e-4,NA
2017-01-23,0.0511,0.0202,3.0000000000000003e-4,1.36,NA
2017-01-24,0.3519,0,0,0.0603,NA
2017-01-25,0.31,2e-4,1e-4,0,NA
2017-01-26,4e-4,0,0,0,NA
2017-01-27,1e-4,0,0,5e-4,NA
2017-01-28,0,0,0,0,NA
2017-01-29,0,0.0504,0.0604,0,NA
2017-01-30,1e-4,1e-4,0,7e-4,NA
2017-01-31,5e-4,0,0,0,NA
2017-02-01,0.0915,0,0,0,NA
2017-02-02,2e-4,3.0000000000000003e-4,0,0,NA
2017-02-03,0,0,0,0,NA
2017-02-04,0,0,0,0,NA
2017-02-05,0,2e-4,0,0,NA
2017-02-06,0,0.2801,0.03,0,NA
2017-02-07,0.0012000000000000001,0.22010000000000002,2.2002,0.0302,NA
2017-02-08,0.341,0.17,0.3102,0,NA
2017-02-09,0.0014,1e-4,0,0.3409,NA
2017-02-10,0.0011,0,0,1e-4,NA
2017-02-11,0.0013000000000000002,4e-4,1e-4,0,NA
2017-02-12,0.011000000000000001,1e-4,2e-4,0.2703,NA
2017-02-13,0.051500000000000004,0,0,0.0202,NA
2017-02-14,0.08030000000000001,0.0606,0.18030000000000002,0,NA
2017-02-15,0,0.5800000000000001,0.31,5e-4,NA
2017-02-16,0.0117,0,0,4e-4,NA
2017-02-17,1e-4,0,0,0,NA
2017-02-18,0,0.0604,0.1204,0,NA
2017-02-19,0,0,1e-4,0,NA
2017-02-20,0,0,0,0,NA
2017-02-21,0,3.0000000000000003e-4,0.0101,0,NA
2017-02-22,0,0.050300000000000004,0.020300000000000002,0,NA
2017-02-23,0.02,0,0,0,NA
2017-02-24,0.10020000000000001,0,0,0,NA
2017-02-25,2e-4,0,0,2e-4,NA
2017-02-26,0.23020000000000002,0,0,0,NA
2017-02-27,0,0.0103,0.1501,0,NA
2017-02-28,0,0.1301,0.0102,0.1201,NA
2017-03-01,0.020300000000000002,0.8001,0.4701,0.2503,NA
2017-03-02,0.0103,0,0,0.02,NA
2017-03-03,1e-4,0,0,5e-4,NA
2017-03-04,4e-4,0,0,0,NA
2017-03-05,0,0,0,0,NA
2017-03-06,0,1e-4,0.0905,0.0204,NA
2017-03-07,0.001,0.7805,1.4903,0.1107,NA
2017-03-08,0.0208,0,0,0.0202,NA
2017-03-09,2e-4,0,0,0,NA
2017-03-10,0.020900000000000002,0.8601,1.19,0.1905,NA
2017-03-11,8e-4,0.1603,0.020300000000000002,0,NA
2017-03-12,0,0,0,0,NA
2017-03-13,0,0.07,0.08,0,NA
2017-03-14,0.0411,0.0102,2e-4,0.2013,NA
2017-03-15,0.0308,0,1e-4,2e-4,NA
2017-03-16,1e-4,0,0,2e-4,NA
2017-03-17,0.0101,0.0306,0.1003,1e-4,NA
2017-03-18,0,0.4602,0.17,0.2406,NA
2017-03-19,0,0,0,0.03,NA
2017-03-20,0,0,0.18,0,NA
2017-03-21,0,0.3601,0.1802,2e-4,NA
2017-03-22,2e-4,2e-4,0,0,NA
2017-03-23,0,1e-4,0.0201,0,NA
2017-03-24,0.0802,0,0,0.2601,NA
2017-03-25,0.3305,0.0201,0.0101,0,NA
2017-03-26,0.0101,0.1704,0.0402,0,NA
2017-03-27,0.6802,0.0501,1.0502,0.2106,NA
2017-03-28,0.3602,0.10020000000000001,0.1601,0.6002000000000001,NA
2017-03-29,0.2803,0,0,0,NA
2017-03-30,0,0.01,0,0,NA
2017-03-31,0.1205,0.14020000000000002,0.51,0.8004000000000001,NA
2017-04-01,0.5612,0,0,0.0302,NA
2017-04-02,0.66,0,0,0,NA
2017-04-03,0,0.2306,0.0106,0.0102,NA
2017-04-04,0.5401,1e-4,1e-4,0.0507,NA
2017-04-05,0.2003,0,0.03,0,NA
2017-04-06,0.6702,0.011300000000000001,0.1505,0.8204,NA
2017-04-07,0.1203,0,0,2e-4,NA
2017-04-08,0,0,0,0,NA
2017-04-09,0,0,0,0,NA
2017-04-10,0,0,2e-4,0,NA
2017-04-11,0,0.0201,0.4305,0,NA
2017-04-12,0.17,0.1801,1e-4,0.01,NA
2017-04-13,0,0,0,0,NA
2017-04-14,0,0,0,0,NA
2017-04-15,0,0,0,0,NA
2017-04-16,3.0000000000000003e-4,2e-4,0,0,NA
2017-04-17,1e-4,0.5203,0.7804,0.37060000000000004,NA
2017-04-18,0,1.0601,0.4901,0,NA
2017-04-19,4e-4,0.34,0.2502,4e-4,NA
2017-04-20,0.0702,0.08,0.0101,0.2101,NA
2017-04-21,0.42060000000000003,0.5104,0.2502,0.11040000000000001,NA
2017-04-22,0.0808,2.9102,0.8903,0.2604,NA
2017-04-23,0,0.6506,0.3405,0,NA
2017-04-24,0,0.4,0.3901,0.2004,NA
2017-04-25,0.3907,0,0,0.2803,NA
2017-04-26,0.6103,0,0,0,NA
2017-04-27,0.020300000000000002,0.2701,0.43,0,NA
2017-04-28,1e-4,0.0101,2e-4,1e-4,NA
2017-04-29,0,0,0,0.1201,NA
2017-04-30,4e-4,0.18,0.05,0.2502,NA
2017-05-01,0.0103,0.1602,0.3301,0.01,NA
2017-05-02,0.8107,0,0,0,NA
2017-05-03,2e-4,0,0,0,NA
2017-05-04,0,0.6806,1.2003000000000001,1e-4,NA
2017-05-05,0.6803,0.1307,0.1008,2.7102,NA
2017-05-06,0.2806,0,0,0.1405,NA
2017-05-07,0.0103,0,0,0.0013000000000000002,NA
2017-05-08,0.0103,0,0,2e-4,NA
2017-05-09,0,0,0,0,NA
2017-05-10,0,0,0,0,NA
2017-05-11,0,1e-4,0,1.28,NA
2017-05-12,5e-4,0.8404,0.1402,0.0303,NA
2017-05-13,1e-4,0,0,0.4002,NA
2017-05-14,0.8409,0,0,0.0103,NA
2017-05-15,0.1707,0,0,0,NA
2017-05-16,0,0,0,0,NA
2017-05-17,3.0000000000000003e-4,0,0,1e-4,NA
2017-05-18,0,0,0,0,NA
2017-05-19,0.19,2e-4,0.0702,1e-4,NA
2017-05-20,0,0.72,0.55,1e-4,NA
2017-05-21,0,0.3402,0,0,NA
2017-05-22,0.1311,0,0,0.0105,NA
2017-05-23,0.1503,0,0,0.0101,NA
2017-05-24,0,0.4204,0.7803,0.3002,NA
2017-05-25,0.2204,0.0102,0.1501,1.6902000000000001,NA
2017-05-26,1.2007,0,0,0.0801,NA
2017-05-27,3.0000000000000003e-4,0.0202,0.6201,0.0505,NA
2017-05-28,0,0.4804,0.4501,0.37,NA
2017-05-29,0.0105,0,0,0.0205,NA
2017-05-30,0,0.1303,0.08,0.22999999999999998,NA
2017-05-31,0.0102,0,0,1e-4,NA
2017-06-01,0.1501,0,0,0.06,NA
2017-06-02,0,0,0,0,NA
2017-06-03,3.0000000000000003e-4,0,0,0,NA
2017-06-04,4e-4,0.0302,0.3104,0,NA
2017-06-05,0.5309,0.6103,4.1801,0.0602,NA
2017-06-06,1.2406000000000001,0.01,0,0,NA
2017-06-07,0.51,0,0,3.0000000000000003e-4,NA
2017-06-08,0,0,0,0,NA
2017-06-09,0,0,0,0,NA
2017-06-10,0,0,0,0,NA
2017-06-11,0,0,0,0,NA
2017-06-12,0,0,0,0,NA
2017-06-13,1e-4,0.01,0,1e-4,NA
2017-06-14,1e-4,1e-4,0,0,NA
2017-06-15,0.02,0.9300999999999999,0.24009999999999998,0,NA
2017-06-16,0.1305,0,0,3.0000000000000003e-4,NA
2017-06-17,0.14,0,0,1e-4,NA
2017-06-18,0,1.28,0.21000000000000002,1e-4,NA
2017-06-19,1e-4,0.0202,0.04,0.1802,NA
2017-06-20,0.20020000000000002,0,0,1e-4,NA
2017-06-21,0,0,0,0,NA
2017-06-22,0,0.8005,1.1002,0.0101,NA
2017-06-23,1e-4,0.2806,0.6101,0.16,NA
2017-06-24,4e-4,0,1e-4,0.6403,NA
2017-06-25,0,0,0,0,NA
2017-06-26,0.0504,0,0,0,NA
2017-06-27,0.1303,0,0,0,NA
2017-06-28,0,0,0,0,NA
2017-06-29,1e-4,4e-4,1e-4,1e-4,NA
2017-06-30,0.5201,0.0101,0,0,NA
2017-07-01,0.0501,0.3301,0.27999999999999997,0.1201,NA
2017-07-02,0.02,0,0.01,0,NA
2017-07-03,1e-4,0,0.33,0,NA
2017-07-04,0,0.3701,0.08,0.01,NA
2017-07-05,0,0.6603,0.5401,0.1304,NA
2017-07-06,0,0.65,0.54,1.6402,NA
2017-07-07,0.33030000000000004,0.34,0,0.7504000000000001,NA
2017-07-08,0.0404,1e-4,0.25,2e-4,NA
2017-07-09,1e-4,0,0,0,NA
2017-07-10,0,0,0,0,NA
2017-07-11,0.1703,0,0,0.050300000000000004,NA
2017-07-12,2e-4,0,0,0.0101,NA
2017-07-13,0.0506,2e-4,0,0,NA
2017-07-14,0,0.0601,0,1e-4,NA
2017-07-15,0.0202,1.55,0.5501,0,NA
2017-07-16,0,0,0,0,NA
2017-07-17,0,0,0,3.0000000000000003e-4,NA
2017-07-18,0.1701,0,0,0,NA
2017-07-19,0,0.02,0.0301,0,NA
2017-07-20,0,0,0,0,NA
2017-07-21,0,0,0,0.16,NA
2017-07-22,0,0,0,0.8902,NA
2017-07-23,0,0,0,0.26,NA
2017-07-24,0.8404,0,0,0.1601,NA
2017-07-25,0.0104,0,0,0,NA
2017-07-26,0,0,0,0,NA
2017-07-27,0.0106,0,0,0,NA
2017-07-28,0,0.1106,0.1501,0.1004,NA
2017-07-29,0,0,0,2.1504,NA
2017-07-30,0,0,0,0,NA
2017-07-31,0,0,0,0,NA
2017-08-01,0,0,0,0,NA
2017-08-02,0.0903,0.35009999999999997,0.0201,0,NA
2017-08-03,0,1e-4,1e-4,0.0201,NA
2017-08-04,1.02,0.68,0.14,0.02,NA
2017-08-05,1.4703,0,0,0.3501,NA
2017-08-06,0.03,0.12,1.9001,0,NA
2017-08-07,1e-4,1.5904,1.7004,0.2808,NA
2017-08-08,0.0904,0,0,3.0000000000000003e-4,NA
2017-08-09,0,0,0,0,NA
2017-08-10,0,0,0,0,NA
2017-08-11,0,0,0,0.46,NA
2017-08-12,0.12040000000000001,1e-4,0.7401,0.40009999999999996,NA
2017-08-13,0.020300000000000002,0,0,0,NA
2017-08-14,0,0.3105,0.32030000000000003,0.1605,NA
2017-08-15,0.0701,2e-4,0,0.0304,NA
2017-08-16,0,0.7503,0,0,NA
2017-08-17,0,0.05,0.0501,0,NA
2017-08-18,0.9904000000000001,0.0102,0,0.0701,NA
2017-08-19,0.0403,0,0,0,NA
2017-08-20,0,0,0,0.16999999999999998,NA
2017-08-21,0,0,0,0,NA
2017-08-22,0,0.38,0.29009999999999997,0,NA
2017-08-23,0.5901,0.38,0,0.16040000000000001,NA
2017-08-24,0,0,0,0,NA
2017-08-25,1e-4,0,0,0,NA
2017-08-26,0,0,0,0,NA
2017-08-27,0,0,0,0,NA
2017-08-28,0,0.1203,0.7101,0,NA
2017-08-29,0,0,0,0.1601,NA
2017-08-30,3.0000000000000003e-4,0.24,0.07,1e-4,NA
2017-08-31,0,0.7804,0.4601,0,NA
2017-09-01,0,3.7603,5.54,1e-4,NA
2017-09-02,0,0.1402,0.0102,0.3302,NA
2017-09-03,1.1603,0,0,0.0204,NA
2017-09-04,0.0101,0,0,0,NA
2017-09-05,0,0.3503,0.4502,0.53,NA
2017-09-06,0.5801000000000001,0,0,0.4307,NA
2017-09-07,1.3800000000000001,0,0,1e-4,NA
2017-09-08,0.0502,0,0,0,NA
2017-09-09,0,0,0,0,NA
2017-09-10,0,0,0,0,NA
2017-09-11,0,0.040100000000000004,0,0,NA
2017-09-12,0,0.7507,0.3505,0,NA
2017-09-13,0,0.1109,0.3003,0.0103,NA
2017-09-14,0,0.0403,0.2301,0.0401,NA
2017-09-15,0.0603,0,0,0,NA
2017-09-16,0,0,0,0,NA
2017-09-17,0,0,0,0,NA
2017-09-18,4e-4,0,1e-4,0,NA
2017-09-19,3.0000000000000003e-4,0.6,0.10010000000000001,0,NA
2017-09-20,0.020900000000000002,3.0000000000000003e-4,0,0,NA
2017-09-21,0,0.08,0,0,NA
2017-09-22,0,0,0,0,NA
2017-09-23,0,0,0,0,NA
2017-09-24,0,0,1e-4,0,NA
2017-09-25,0,0,0,0,NA
2017-09-26,0,0,0,0,NA
2017-09-27,0,0,0,0,NA
2017-09-28,0,0,0,0,NA
2017-09-29,0,0,0,0,NA
2017-09-30,0.1007,0,0,2e-4,NA
2017-10-01,0,0,0,0,NA
2017-10-02,0,0,0,0,NA
2017-10-03,0,0,0,0,NA
2017-10-04,0,0,0,0,NA
2017-10-05,0,0,0,1e-4,NA
2017-10-06,0.0304,0,0,2e-4,NA
2017-10-07,3.0000000000000003e-4,0.01,0.0101,0,NA
2017-10-08,0.20010000000000003,0.3106,1.8001,0.1305,NA
2017-10-09,0.8505,0,0,1.11,NA
2017-10-10,0.0102,0.31020000000000003,1.7303,0,NA
2017-10-11,0,2e-4,0,0.6005,NA
2017-10-12,1e-4,0,0,0.6804,NA
2017-10-13,0,0,0,0,NA
2017-10-14,0,0,0,0,NA
2017-10-15,0,0.0403,0.3601,0,NA
2017-10-16,0.0103,1e-4,0,0.020300000000000002,NA
2017-10-17,0,0,0,0,NA
2017-10-18,0,0,0,0,NA
2017-10-19,0,0,0,0,NA
2017-10-20,0,0,0,0,NA
2017-10-21,0,0,0,0,NA
2017-10-22,0,2e-4,2e-4,0,NA
2017-10-23,0,1.3407,2.3204,0,0.53
2017-10-24,0.3002,0.0101,0.05,0.5901,0
2017-10-25,1.7805,0,0,0,0
2017-10-26,1.3203,0,0,0,0
2017-10-27,1e-4,0,0.4502,0,0
2017-10-28,0,1.4601,0.49010000000000004,0,0.79
2017-10-29,0.2803,0,0,1.5607,0
2017-10-30,2.1502,0,0,0.49,0
2017-10-31,0,0,0,0,0
2017-11-01,2e-4,0.0205,0.27040000000000003,2e-4,0.02
2017-11-02,3.0000000000000003e-4,3.0000000000000003e-4,6.000000000000001e-4,0,0
2017-11-03,1e-4,0.2203,0.5503,0,0.18
2017-11-04,0,0,0,0.18,0
2017-11-05,0,0,0,0.19,0
2017-11-06,0.0706,0.1704,0.3107,0.030100000000000002,0.26
2017-11-07,0,3.3105,0.5702,0.4701,0.36
2017-11-08,0.0107,3.0000000000000003e-4,0.0103,2e-4,0
2017-11-09,0,0,0,0.0303,0
2017-11-10,0.0303,0,0,0,0
2017-11-11,0,0,0,0,0
2017-11-12,0,2e-4,0.0401,0,0
2017-11-13,0.0504,0,0,0.0506,0
2017-11-14,0.0502,0,0,0,0
2017-11-15,0,0.12040000000000001,0.1302,0,0.03
2017-11-16,0.3104,1e-4,0,0.0303,0
2017-11-17,0.05,0,0,0,0
2017-11-18,2e-4,0.3801,0.4001,0.0904,0.01
2017-11-19,0.2406,2e-4,1e-4,0.0304,0.44999999999999996
2017-11-20,1e-4,0,0,1e-4,0
2017-11-21,0,0,0,0,0
2017-11-22,0.36,0,0,0,0
2017-11-23,0,0,0,0,0
2017-11-24,0,0,0,0,0
2017-11-25,0,0,0,0,0
2017-11-26,1e-4,0,0,0,0
2017-11-27,0,0,0,0,0
2017-11-28,0,0,0,0,0
2017-11-29,0,0,0,0,0
2017-11-30,0,0.2402,0.060200000000000004,0,0.01
2017-12-01,0.0103,0,0,2e-4,0
2017-12-02,0,0,0,0,0
2017-12-03,0,0,0,2e-4,0
2017-12-04,0,0,7e-4,0,0
2017-12-05,0.1103,0.4803,0.93,0.20020000000000002,0.52
2017-12-06,0.2505,0,0,0.0202,0
2017-12-07,0,0,0,0,0
2017-12-08,0,0,0,0,0
2017-12-09,8e-4,0,0,5e-4,0
2017-12-10,0.0112,0,0,0,0
2017-12-11,0.030100000000000002,0,0,0,0
2017-12-12,0.0811,1e-4,0,3.0000000000000003e-4,0
2017-12-13,0.040100000000000004,0,0,1e-4,0
2017-12-14,1e-4,0,0,4e-4,0
2017-12-15,0,0,0,2e-4,0
2017-12-16,3.0000000000000003e-4,0,0,0,0
2017-12-17,0,0.14,0.0303,0,0.01
2017-12-18,0.001,0,0,0,0
2017-12-19,0.0305,0.060200000000000004,0,0,0
2017-12-20,2e-4,1.3604,0.1705,0,0.24
2017-12-21,0,1e-4,0,0,0
2017-12-22,0.0015,0.5002,0.54,0,0.45
2017-12-23,0.2015,2.0103,2.8401,0.6303000000000001,1.47
2017-12-24,0.3002,0.0104,0.0103,0,0.03
2017-12-25,0.0115,4e-4,1e-4,0.0101,0.01
2017-12-26,3.0000000000000003e-4,0,0,0,0
2017-12-27,0,0,0,4e-4,0
2017-12-28,2e-4,0,0,0,0
2017-12-29,2e-4,0,0,0,0
2017-12-30,7e-4,0,0,0.0012000000000000001,0
2017-12-31,1e-4,0,0,2e-4,0
2018-01-01,0,1e-4,0,0,0
2018-01-02,0,0,0,0,0
2018-01-03,1e-4,0,0,0,0
2018-01-04,0.011300000000000001,2e-4,0,1e-4,0
2018-01-05,0.0106,0,0,0,0
2018-01-06,2e-4,0,0,0,0
2018-01-07,3.0000000000000003e-4,1e-4,0,0,0
2018-01-08,7e-4,0.3008,0.36060000000000003,0.0105,0.19
2018-01-09,1e-4,0.0502,0,0,0.07
2018-01-10,0,0,1e-4,0,0
2018-01-11,0,0.0403,0.02,0,0
2018-01-12,0.39080000000000004,0.3809,1.8006,0.6603,0.13
2018-01-13,0.5003000000000001,0.0014,7e-4,0.9104,0
2018-01-14,0,0,0,0,0
2018-01-15,0,0,0.0103,0,0
2018-01-16,4e-4,0.1008,0.011300000000000001,1e-4,0.01
2018-01-17,0.0422,7e-4,8e-4,5e-4,0
2018-01-18,0.0105,0,0,0,0
2018-01-19,0,0,0,0,0
2018-01-20,0.13999999999999999,0,0,0,0
2018-01-21,0,0,0,0,0
2018-01-22,0.0412,0.1701,0.3501,0,0.1
2018-01-23,0.5015,0,0,0.9806,0.01
2018-01-24,0.0701,0,0,0,0
2018-01-25,0,0,0,0,0
2018-01-26,0,0,0,0,0
2018-01-27,0,0.1901,0.8300000000000001,0,0.01
2018-01-28,4e-4,0.4001,0.0702,0.1406,0.58
2018-01-29,0,2e-4,0,0,0
2018-01-30,0,1e-4,0,0.0201,0
2018-01-31,0,0,0,0,0
2018-02-01,7e-4,0.2101,0.0802,1e-4,0.16999999999999998
2018-02-02,0.2204,0.0102,1e-4,0.0603,0.1
2018-02-03,0,0,0,0,0
2018-02-04,0.0103,0.6403,0.72,0.6903,0.42
2018-02-05,0.4502,0,4e-4,0.0201,0
2018-02-06,3.0000000000000003e-4,0.16010000000000002,1e-4,0,0.02
2018-02-07,8e-4,1.4701,0.8403,0.7201,1.1600000000000001
2018-02-08,0.06,0,0,0,0
2018-02-09,0.0303,0,0,0,0
2018-02-10,0.4006,2.3601,1.27,0.07050000000000001,2.11
2018-02-11,1.1304,0.9601000000000001,0.2703,0.5301,0.84
2018-02-12,0.0103,1e-4,1e-4,3.0000000000000003e-4,0
2018-02-13,0,0,0,0,0
2018-02-14,0,0.3705,0.0805,0,0.16
2018-02-15,0,0.0201,1e-4,0.0704,0.16999999999999998
2018-02-16,0.0204,0.1202,0.27,0.3509,0.23
2018-02-17,0,1.2701,0.8901,0.020300000000000002,1.1300000000000001
2018-02-18,0.311,0,0,0.02,0
2018-02-19,2e-4,0,0,0.0202,0
2018-02-20,0.0504,0,0,0,0
2018-02-21,0,0.37010000000000004,0.8002,0.03,0.02
2018-02-22,0.0104,0.6802,1.9002,0.0305,0.27
2018-02-23,0.1503,0,0.5700000000000001,0.0403,0
2018-02-24,0.0401,0.0703,0.7403000000000001,0.2505,0.47000000000000003
2018-02-25,0.41040000000000004,1.0901,1.1201,0.2801,1.22
2018-02-26,0.0102,0.060200000000000004,0,0,0.24
2018-02-27,0,0,0,0,0
2018-02-28,0,0.7005,0.3206,0,0.13
2018-03-01,0,0.7402,0.6401,0.1302,0.97
2018-03-02,1.0703,0,0,0.2603,0.01
2018-03-03,5e-4,0,0,0,0
2018-03-04,1e-4,0,0,0,0
2018-03-05,0.0011,0.07050000000000001,0.2001,0,0
2018-03-06,0,0.0702,1e-4,5e-4,0.13
2018-03-07,0.0011,0,2e-4,0.0501,0.03
2018-03-08,0.18180000000000002,0.0204,3.0000000000000003e-4,2e-4,0
2018-03-09,0.0204,0,0,1e-4,0
2018-03-10,8e-4,0.0302,0.0603,0,0
2018-03-11,0,0.6001,0.65,0,0.01
2018-03-12,1e-4,0.2604,0.0302,0.0201,1.09
2018-03-13,0.0218,0,0,0,0
2018-03-14,0.1312,0,0,0,0
2018-03-15,6.000000000000001e-4,0,0,0,0
2018-03-16,0,0,0,2e-4,0
2018-03-17,2e-4,0.1301,0.16999999999999998,1e-4,0.04
2018-03-18,0,0,0,0,0
2018-03-19,0,0.0407,0.5106,0,0.12
2018-03-20,0,0.1003,0.2106,0.0512,0.43
2018-03-21,0,8e-4,0.0402,0.2616,0.08
2018-03-22,0.0409,0,0,0.0201,0
2018-03-23,0,0,2e-4,0,0
2018-03-24,0,0.1207,0.15030000000000002,0,0.65
2018-03-25,0.0308,0.8602000000000001,0.0103,0,0.35
2018-03-26,0,0,0,0,0
2018-03-27,0,0,0,0.1103,0
2018-03-28,5e-4,0.0705,1.2306000000000001,0.1905,0
2018-03-29,4e-4,2.0403000000000002,0.8101,0.0205,0.64
2018-03-30,0.0412,0.0305,0.2303,0.0107,0.07
2018-03-31,0,0,0,0,0
2018-04-01,0,0.0802,0.2104,0,0.01
2018-04-02,0.0404,6.000000000000001e-4,0.1704,0.42,0.1
2018-04-03,0.1903,0,2e-4,0.1804,0
2018-04-04,0.3907,1.0502,0.3201,0.030100000000000002,0.66
2018-04-05,0,0,1e-4,0,0
2018-04-06,0.0503,0.1002,1e-4,0,0.02
2018-04-07,0.20020000000000002,0.0501,0.0409,0,0.26
2018-04-08,0,0,0,0,0
2018-04-09,2e-4,0,0,0.0105,0.06
2018-04-10,5e-4,0,0,0,0
2018-04-11,0.0101,0,0,0,0
2018-04-12,0.0104,0,0,2e-4,0
2018-04-13,0.0901,0,0,2e-4,0
2018-04-14,0,0.6102000000000001,0.7801,0,0.56
2018-04-15,0.0012000000000000001,1.0202,0.5403,1e-4,1.77
2018-04-16,1.431,0.0106,0.1409,2.1902,0.08
2018-04-17,2e-4,0,0,1e-4,0
2018-04-18,0,0,0,0,0
2018-04-19,0.1002,0.1,0,0.0105,0.17
2018-04-20,0,0,0,0,0
2018-04-21,0,0,0,0,0
2018-04-22,0,0.9802,0.7701,0,0
2018-04-23,0,1.4003,1.6502000000000001,0,0.39
2018-04-24,0,0.0306,1e-4,0.2503,1.07
2018-04-25,0.4603,1e-4,0.0101,0.18030000000000002,0.08
2018-04-26,0.2306,0.1303,0.0604,0,0
2018-04-27,0.1703,0,2e-4,0.4802,0.02
2018-04-28,0.0205,0,0,3.0000000000000003e-4,0
2018-04-29,0.2602,0,0,0,0
2018-04-30,0.0805,0,0,0,0
2018-05-01,0.0202,0,0,0,0
2018-05-02,0,0,2e-4,0,0
2018-05-03,4e-4,0,0,0,0
2018-05-04,4e-4,0.0402,0.07,1e-4,0
2018-05-05,2e-4,1.1502,1.1402,0.1004,0.16
2018-05-06,0.1502,0.030100000000000002,0.051,0.8603000000000001,0.05
2018-05-07,0.08,0.0201,0,0,0.03
2018-05-08,0,0,0,0,0
2018-05-09,0,0,0,0,0.01
2018-05-10,0,0.1401,0.35000000000000003,0.1004,0.02
2018-05-11,0,0,0,0,0.02
2018-05-12,0.0107,0,0,0,0
2018-05-13,0,0,0,0.6401,0
2018-05-14,0,0,0,0.7401,0
2018-05-15,0.6802,1e-4,0,4e-4,0
2018-05-16,0,0,0.0603,0.6208,0.01
2018-05-17,0,2.33,0.1003,1.5503,0
2018-05-18,0,0.36,0.7802,0.4103,0.04
2018-05-19,0.3402,0.05,0,0.7301,0.19
2018-05-20,0.0305,0.0201,0.0801,4e-4,0
2018-05-21,0,0.1202,1.0903,0,0
2018-05-22,0.0108,0.39,0.5704,0.1603,0.22
2018-05-23,0,1e-4,0,0,0
2018-05-24,0,0,0,0,0
2018-05-25,0,0,0.0101,0,0
2018-05-26,0.02,0.22010000000000002,0.0305,0,0.96
2018-05-27,0.030600000000000002,0,0.30010000000000003,0.0903,0.01
2018-05-28,0.0308,0.0602,0.2201,0.0101,0.06
2018-05-29,0,0.3906,0.1008,0,0.08
2018-05-30,0,0.1103,1.8504,2e-4,0.33
2018-05-31,0,3.0000000000000003e-4,0.0402,1.2302,0.35000000000000003
2018-06-01,4e-4,0.7403000000000001,0.211,0.0201,1.33
2018-06-02,0,0,3.0000000000000003e-4,0.9002,0
2018-06-03,0,0,0.0013000000000000002,0.9602999999999999,0.01
2018-06-04,0.3406,0,0,0.03,0
2018-06-05,0.0407,0,5e-4,1e-4,0
2018-06-06,0.030100000000000002,0,0,0.0102,0
2018-06-07,0,0,0,0,0
2018-06-08,0,0,0,0,0
2018-06-09,1e-4,0,0,0.0301,1.16
2018-06-10,0,1.5103000000000002,0,0.0601,0
2018-06-11,0,0,0,0.8002,0
2018-06-12,0,2e-4,0,0,0
2018-06-13,3.0000000000000003e-4,1e-4,0.5001,0.0402,0
2018-06-14,0.040100000000000004,0,0,1e-4,0
2018-06-15,0.0103,2e-4,0.02,0,0
2018-06-16,0,1e-4,0.0101,0,0
2018-06-17,0,0.35,0,0,0
2018-06-18,0.2,0.22,0,0,0.25
2018-06-19,0.01,0,0,0.1903,0
2018-06-20,0,4e-4,0.050100000000000006,0.6302,0
2018-06-21,0,0.18080000000000002,0.5102,0.0202,0.01
2018-06-22,0,0.0503,0.2703,0.7705,0
2018-06-23,8e-4,0,0,0.6505,0
2018-06-24,0.0702,0.18,0,0,0.16
2018-06-25,0.8101,0,0.38,0,0.41000000000000003
2018-06-26,0,0.1202,0.0101,0,0.59
2018-06-27,0,0.6801,1.45,0.1107,1.77
2018-06-28,1.6304,0.2102,0.0701,0.0204,0.33
2018-06-29,0.01,0,0.15,0,0
2018-06-30,0,0,0,0,0
2018-07-01,0,1e-4,0,0,0.47
2018-07-02,0,0.0602,0,0,0.1
2018-07-03,0,4e-4,0,0,0
2018-07-04,0,0,0,0.1301,0
2018-07-05,0,0.0201,1e-4,0,0
2018-07-06,0.2,0.4202,5e-4,0.0103,0.29000000000000004
2018-07-07,0,2e-4,0,0,0
2018-07-08,0,0,1e-4,0,0
2018-07-09,0,0,0,0,0.01
2018-07-10,0,0.1601,0,0,0.1
2018-07-11,2e-4,0.0301,3.0000000000000003e-4,0,0
2018-07-12,0,0,0,0,0
2018-07-13,0,0,0,0,0
2018-07-14,0,0,0,0,0
2018-07-15,0.1302,0.9403,2e-4,0.23,0.63
2018-07-16,0.10010000000000001,1e-4,1e-4,0,0.07
2018-07-17,0.72,0.49,1e-4,0.0805,0.06
2018-07-18,0.24,0,0,0.43,0
2018-07-19,0.01,0,0,0,0
2018-07-20,0,0,0,0,0
2018-07-21,0,2e-4,0,1.04,0.9
2018-07-22,0.07050000000000001,0.0103,5e-4,0.4002,0.58
2018-07-23,0.0112,2e-4,0,1.0106,0.33
2018-07-24,3.0000000000000003e-4,0,0,0.7405,0
2018-07-25,4e-4,0,0,2.1004,0
2018-07-26,6.000000000000001e-4,0,0,0,0
2018-07-27,0,0,0,0.1601,0
2018-07-28,1e-4,0,0,0,0
2018-07-29,0,0,0,0,0
2018-07-30,0,0,0.1503,0.68,0.06
2018-07-31,0,0,0.0902,0.04,0.07
2018-08-01,0,0.6003000000000001,0,0.5801999999999999,0.1
2018-08-02,0,0,0,0.9003,0.01
2018-08-03,0,0,0,1.3306,0
2018-08-04,0,0,0,0.2101,0
2018-08-05,0,0.69,0,0,0.13
2018-08-06,0,0,0,0,0
2018-08-07,0,2e-4,0,0.0103,0
2018-08-08,0,0.31999999999999995,0.06,0.0301,0.01
2018-08-09,0,0.1102,0.4201,0.0102,0.03
2018-08-10,0,0.4304,0.01,0,0.32
2018-08-11,0,0,0,0.2902,0
2018-08-12,0,0,0,0.030199999999999998,0
2018-08-13,8e-4,0,0,0.020300000000000002,0
2018-08-14,3.0000000000000003e-4,0,0,0.13,0
2018-08-15,0,0,0,0.0202,0.05
2018-08-16,0,0.0603,0.9001,0,0.45999999999999996
2018-08-17,0,0.63,0.21000000000000002,0.5204,0.07
2018-08-18,0,1.3601,0,0.2101,0.88
2018-08-19,0,0,0,0,0
2018-08-20,0,0.2102,0.09000000000000001,0,0
2018-08-21,0,0.17020000000000002,2.0801,1.7503,0.060000000000000005
2018-08-22,0,0,0,0.48,0.09999999999999999
2018-08-23,0,0,0,0,0
2018-08-24,0,0,1e-4,0,0
2018-08-25,0,0,0,0,0
2018-08-26,0,0,0,0,0
2018-08-27,0,0,0,0.0101,0
2018-08-28,0,0,0,0,0
2018-08-29,0,0.2301,0,0,0
2018-08-30,0,0,0,0,0.02
2018-08-31,0,0.09029999999999999,0.0702,0.3901,0.03
2018-09-01,0,0.0201,0,0.2701,0
2018-09-02,0,0,0,0,0
2018-09-03,0,0,0,0,0
2018-09-04,0,0,0,0,0
2018-09-05,0,2e-4,0,0,0.13
2018-09-06,0.0302,0.21030000000000001,0.05,0,0.1
2018-09-07,0,0,0.08020000000000001,0.16999999999999998,0
2018-09-08,0,0.28,0.13,0.9203,0.02
2018-09-09,0,0.9902000000000001,1.0205,2.94,1.98
2018-09-10,0.0104,2e-4,0,0.5002,0.63
2018-09-11,0.2001,0,0,0.0103,0
2018-09-12,0.2604,0,0,0,0
2018-09-13,0.0102,0,0,0.6102,0
2018-09-14,0,0,0,0.0205,0
2018-09-15,0,0,1e-4,0,0
2018-09-16,0,0,0,1e-4,0.16
2018-09-17,0,1e-4,1e-4,0.3403,0.03
2018-09-18,0.0605,0,0,0.060200000000000004,0
2018-09-19,0,0,0.29000000000000004,0,0
2018-09-20,0,0,0,0,0
2018-09-21,0,0.02,0,0,0
2018-09-22,0,0.4503,0.2904,0.1401,0.22
2018-09-23,0,2.1203,1.6302,0.6602,1.57
2018-09-24,0,1.1102,1.7701,0.3705,0.61
2018-09-25,0,0.0901,0.27,0.5603,0.67
2018-09-26,0,0.5304,0.18,0.1703,0.51
2018-09-27,0,0.9102,0.7301,0.7205,1.27
2018-09-28,0,0,0,0.7901,0
2018-09-29,0,0,0,0,0
2018-09-30,0,0,0,0,0
2018-10-01,1e-4,0,0,0,0
2018-10-02,4e-4,0.3901,0.1402,3.0000000000000003e-4,0.16999999999999998
2018-10-03,0,0,0,2e-4,0.02
2018-10-04,0,0,0,0,0
2018-10-05,0,0,0,0.0801,0
2018-10-06,0,0,0,0,0
2018-10-07,2e-4,0.1402,0,0,0
2018-10-08,0,0.0701,1e-4,0,0
2018-10-09,0,0,0,0,0
2018-10-10,0,0.2901,1e-4,0,0
2018-10-11,1.0205,0.07,0,0.5807,0.45
2018-10-12,0.01,1e-4,0.0101,0,0
2018-10-13,0.0801,1e-4,0.040100000000000004,0.1403,0
2018-10-14,1e-4,0.191,0.9904000000000001,0.04,0.14
2018-10-15,0.0105,1.0704,2.2301,0.1103,0
2018-10-16,0.0303,0.0403,0,2e-4,0.03
2018-10-17,0.01,0.01,0,1e-4,0.08
2018-10-18,0.0102,0,0,0,0
2018-10-19,0,0,0.0101,0,0
2018-10-20,0,0.1905,0.2102,0.0104,0.06
2018-10-21,2e-4,0,0,0.060399999999999995,0
2018-10-22,0,0,0,0,0
2018-10-23,0.2201,0,0,0,0
2018-10-24,0.0609,0,0,0,0
2018-10-25,0,0.0205,0.0102,0,0
2018-10-26,0,0.401,0.2605,0.060200000000000004,0.55
2018-10-27,0.8902,0.0101,0.0201,0.8801,0.03
2018-10-28,0.1704,0,2e-4,0.0105,0
2018-10-29,0.3705,0,0,0.0202,0
2018-10-30,0,0,0,0,0
2018-10-31,0,0,0,0,0
2018-11-01,0.32,0.3002,0.6804,0,0.77
2018-11-02,0.5402,2e-4,2e-4,0.8601,0.16999999999999998
2018-11-03,2.0503,0,2e-4,0.13040000000000002,0
2018-11-04,0,0.1201,0.0903,0,0
2018-11-05,0.0304,0.0601,0.35009999999999997,0.8503000000000001,0.19
2018-11-06,0.8603999999999999,1.4604,1.11,0.5503,0.78
2018-11-07,0.030100000000000002,0.0103,1e-4,0,0
2018-11-08,0,0,0,0,0
2018-11-09,1e-4,0.5103,0.3302,0.5907,0
2018-11-10,0.8203,0,0,0.0201,0
2018-11-11,0,0,0,0,0
2018-11-12,0,0.4802,0.1903,0.0601,0.45
2018-11-13,1.4001000000000001,0.10060000000000001,0.2104,0.64,0.09
2018-11-14,2e-4,0.6601,0.52,0,0.23
2018-11-15,0,0.3109,0.1408,0.0011,0.8200000000000001
2018-11-16,0.4907,0,0,1e-4,0
2018-11-17,0.12,0,0,0,0
2018-11-18,0,0,0,0,0
2018-11-19,0.2109,2e-4,0.0101,0,0
2018-11-20,0.2906,0,0,0.0103,0.01
2018-11-21,0.0904,0,0,0,0
2018-11-22,1e-4,0,0,0,0
2018-11-23,0,1e-4,4e-4,0,0
2018-11-24,0.05,0.2102,0.181,1.0901,0.21
2018-11-25,0.0702,0,1e-4,0,0.01
2018-11-26,0.3007,0.0103,0.0422,0.0102,0.12
2018-11-27,1.0403,0,0.0024000000000000002,0,0
2018-11-28,5e-4,0,1e-4,0,0
2018-11-29,1e-4,0.060700000000000004,1e-4,0,0.01
2018-11-30,0,0.1002,0.3109,3.0000000000000003e-4,0.18
2018-12-01,0,0.5809,0.9302,0.3402,0.21
2018-12-02,0.9003,0,1e-4,0.1002,0.31
2018-12-03,0.01,0,0,0,0
2018-12-04,2e-4,0,2e-4,0,0
2018-12-05,0,0.030100000000000002,5e-4,2e-4,0.07
2018-12-06,2e-4,0,0,0,0
2018-12-07,0,0,0,2e-4,0
2018-12-08,0,0.2006,0,0,0
2018-12-09,0,0.7905,0.4504,0,0.85
2018-12-10,0,1e-4,0,0,0.01
2018-12-11,0,0,0,0,0
2018-12-12,0,0,0,0,0
2018-12-13,0,0.0206,1e-4,0,0.01
2018-12-14,0,0.1607,1.5003,0.0502,0.84
2018-12-15,0,0.01,0.8201,1.7602,0.45
2018-12-16,4e-4,0.0201,0,0.9301,0.43
2018-12-17,0.4702,0,0,0,0
2018-12-18,3.0000000000000003e-4,0,0,0,0
2018-12-19,0,0,0,0,0
2018-12-20,1e-4,0.6003000000000001,0.2301,0.22010000000000002,0.84
2018-12-21,0.6805,0.1309,0.1903,0.5404,0.44
2018-12-22,0.1004,0.0101,0,0.0304,0.01
2018-12-23,0,0.1304,0.25020000000000003,0,0.22
2018-12-24,0,0,0,0.1201,0
2018-12-25,0,0,0,0,0
2018-12-26,0,0,0,0,0
2018-12-27,4e-4,0.5606,0.48040000000000005,0,0.07
2018-12-28,0.3305,0.1301,0.3401,1.1003,1.64
2018-12-29,0.02,0,0,0,0
2018-12-30,0,0,0,0,0
2018-12-31,1e-4,2.1804,1.67,0.57,1.3699999999999999
2019-01-01,0.6602,1e-4,0,0.07,0.24
2019-01-02,0,2e-4,0,0,0
2019-01-03,7e-4,0.4703,0.0101,0,0.59
2019-01-04,0,0.3004,0.1501,1e-4,0.94
2019-01-05,0.0608,0.03,0.0101,0.4802,0.14
2019-01-06,0,0,0,0,0
2019-01-07,1e-4,1e-4,0.0101,0,0
2019-01-08,0.0313,1e-4,0,0.020300000000000002,0
2019-01-09,0.4303,0,0,0.0505,0
2019-01-10,8e-4,0,0,0,0
2019-01-11,0,0,0,0,0
2019-01-12,0,0.2405,0.2602,4e-4,0.06999999999999999
2019-01-13,0,0.1705,0.25,0.0024000000000000002,0.18
2019-01-14,0,3.0000000000000003e-4,0,0.3316,0
2019-01-15,0,0,0,0,0
2019-01-16,0,0,0,0,0
2019-01-17,0,0.4103,0.2102,3.0000000000000003e-4,0.33
2019-01-18,2e-4,0.0104,1e-4,7e-4,0.01
2019-01-19,1e-4,1.8802,1.0103,0.0601,1.1400000000000001
2019-01-20,0.0024000000000000002,0.0013000000000000002,0.0305,0.8302,0.060000000000000005
2019-01-21,0.0013000000000000002,4e-4,3.0000000000000003e-4,1e-4,0
2019-01-22,6.000000000000001e-4,0,0,0,0
2019-01-23,0.2801,0.8201,0.8301000000000001,0,0.65
2019-01-24,1.6202,0.1802,0.02,0.5202,0.76
2019-01-25,1e-4,0,0,0,0
2019-01-26,0,0,1e-4,0,0
2019-01-27,0,0,0,0,0
2019-01-28,0,1e-4,0.03,0,0
2019-01-29,7e-4,0.0303,0.0301,4e-4,0.05
2019-01-30,0.1913,4e-4,4e-4,0,0
2019-01-31,5e-4,0,0,0,0
2019-02-01,0,4e-4,0.0105,0.0011,0
2019-02-02,0,0,1e-4,0,0
2019-02-03,0,0,0,0,0
2019-02-04,0,2e-4,0.040100000000000004,0,0
2019-02-05,2e-4,0,0,2e-4,0
2019-02-06,0,1.6401000000000001,1.2201,0.1202,0.77
2019-02-07,0.47050000000000003,2.3501,0.8906000000000001,0.0403,1.25
2019-02-08,0.1706,0.2902,0.25,0.1501,0.69
2019-02-09,0,0,0,0,0
2019-02-10,0,0.6602,0.49010000000000004,0,0.4
2019-02-11,0,0.2101,1.53,0.2815,0.14
2019-02-12,5e-4,0.9404,1.41,1.2102,0.9
2019-02-13,0.8911,0,0,0.1,0
2019-02-14,4e-4,0,0,0,0
2019-02-15,0.020300000000000002,0.1202,0.060200000000000004,0,0.04
2019-02-16,1e-4,0.5302,0.59,0,0.36
2019-02-17,0,1.3302,0.3502,0.030100000000000002,0.9400000000000001
2019-02-18,0.0514,0.16,0,0.1301,0.33
2019-02-19,1e-4,0.45999999999999996,0.04,0,0.05
2019-02-20,1e-4,1.5501,1.3401,0.0013000000000000002,2.51
2019-02-21,0.3814,0.1402,0,0.0104,0.01
2019-02-22,0,0.7804,0.2803,0,0.63
2019-02-23,0,1.4801,1.8901,0.0102,1.31
2019-02-24,0.5804,0.74,0.3901,0.6501,0.5
2019-02-25,9.000000000000001e-4,0,0,0,0
2019-02-26,0,0,0,0,0
2019-02-27,1e-4,0,0,0,0
2019-02-28,0.0814,4e-4,5e-4,0,0.12
2019-03-01,0,0.0106,0,0.0412,0.08
2019-03-02,0.0304,2e-4,0,0.0501,0
2019-03-03,0,0.5304,0.2102,0.0408,0.86
2019-03-04,0.4304,2e-4,0,4e-4,0
2019-03-05,2e-4,0,0,0,0
2019-03-06,0,0,0,1e-4,0
2019-03-07,0,0,0,0,0
2019-03-08,2e-4,0.4104,0.1101,0.0107,0.4
2019-03-09,0,1.4404,1.0601,1e-4,0.42
2019-03-10,0.5403,0.5101,0,0.5301,0.48
2019-03-11,0,0.0102,0,0,0
2019-03-12,0,0,0,0,0
2019-03-13,0,0,0,0,0
2019-03-14,3.0000000000000003e-4,0.0303,0.2805,0,0.03
2019-03-15,0.0102,0,0,0,0.52
2019-03-16,0.23,0,0,2e-4,0
2019-03-17,0,0,0,0,0
2019-03-18,0,0,0,0,0
2019-03-19,0,0,0,0,0
2019-03-20,0,0,0,0,0
2019-03-21,0,0,2e-4,1.7703,0
2019-03-22,0.1703,0,0,0.3504,0
2019-03-23,0.0309,0,0,0,0
2019-03-24,0,2e-4,0.1801,0,0
2019-03-25,0,0.2,0.37,0.08030000000000001,0.31
2019-03-26,0,2e-4,0,1e-4,0
2019-03-27,0,0,0,0,0
2019-03-28,0,0,0,0,0
2019-03-29,0.0607,0.0101,0.04,0.0501,0
2019-03-30,0,0.04,0.37010000000000004,2e-4,0
2019-03-31,0.2703,0.4301,0.1502,6.000000000000001e-4,0.45
2019-04-01,1e-4,0,0,0,0
2019-04-02,0,0,0,0,0.01
2019-04-03,0.0604,0,0,0,0
2019-04-04,0,5e-4,2e-4,0,0
2019-04-05,0,0.4,0.0801,0.5702,0.27
2019-04-06,0.1203,0,0,0.0201,0
2019-04-07,0,0.9203,0.73,1e-4,0.32
2019-04-08,0.3504,1.66,0.47000000000000003,0.0804,1.79
2019-04-09,0.19030000000000002,0,0.01,0,0
2019-04-10,0.0103,0,0,0,0
2019-04-11,0,0,0,0,0
2019-04-12,0,0.08,0.16,0.1701,0.57
2019-04-13,0.2705,0.1004,0.1304,0.64,0
2019-04-14,1e-4,1.4801,1.1102,0.1902,0.45
2019-04-15,1.1402,0,0,0.1502,0
2019-04-16,0,0,0,0,0
2019-04-17,0,0,0,0,0
2019-04-18,8e-4,0,0.43019999999999997,0,0
2019-04-19,0.0205,1.0309,1.4302000000000001,1.59,1.19
2019-04-20,0.3012,0.6303,0.7201000000000001,0.13999999999999999,0.05
2019-04-21,0.1106,0,0,3.0000000000000003e-4,0
2019-04-22,0.38,0,0,0.01,0
2019-04-23,0.8204,0,0,0,0
2019-04-24,0.0602,0,0,1e-4,0
2019-04-25,0,1e-4,0.0101,6.000000000000001e-4,0
2019-04-26,0.5302,0.2101,0.1,0.1807,0.18
2019-04-27,1.0902,0,1e-4,0.0101,0
2019-04-28,0.020300000000000002,0,0,0.1306,0
2019-04-29,0,0,0,0,0
2019-04-30,0.0907,0,0,2e-4,0
2019-05-01,0.0102,0.02,0,0,0
2019-05-02,0.4203,0.0602,0,0,0.07
2019-05-03,0.1202,0.23040000000000002,1.6801,0.5506,0.25
2019-05-04,0.0907,0.0605,0.2102,1.2401,0.19
2019-05-05,0.0605,0.32030000000000003,0.08,1.8903,0.53
2019-05-06,0,0,0,0.0202,0
2019-05-07,0.0701,0,0,0,0
2019-05-08,0.030100000000000002,0,0,0,0
2019-05-09,0,0.4002,0.0901,0,0
2019-05-10,0.0606,0,0,4e-4,0
2019-05-11,0,0.2107,0.1802,1e-4,1.48
2019-05-12,0.0103,0.0704,0.0101,0.9702000000000001,0.3
2019-05-13,0.1801,0,0,0.47050000000000003,0
2019-05-14,0.4108,0,0,1e-4,0
2019-05-15,0.0305,0.14,0.32,0,0
2019-05-16,4e-4,0,0,0.0201,0
2019-05-17,0.1503,0,0,0,0.31
2019-05-18,1e-4,0,0,2e-4,0
2019-05-19,0.3102,0.06,0.1407,0,0
2019-05-20,0.0105,0,0.040100000000000004,0.0902,0
2019-05-21,0,0,0,0,0
2019-05-22,0,0,0.4401,0,0
2019-05-23,1e-4,0,0,0.03,0
2019-05-24,0.11,0,0,0,0
2019-05-25,0,0.01,0,0.3601,0
2019-05-26,0.0205,0,0.21000000000000002,0.0201,0
2019-05-27,0,0,0,0.08020000000000001,0.01
2019-05-28,0.4802,0,0,0.0302,0
2019-05-29,0.0702,0,0,0,0
2019-05-30,0,0.0102,0.45,0.1202,0.01
2019-05-31,0.0204,0,0,2e-4,0.03
2019-06-01,0,0,0,0,0
2019-06-02,0.6101,0,0.0201,0.47030000000000005,0
2019-06-03,0.5001,0,0,0,0
2019-06-04,0,0,0,0,0
2019-06-05,4e-4,0,0,0.020300000000000002,0.7999999999999999
2019-06-06,1.3302,8e-4,0.0101,0.01,0.08
2019-06-07,0,2.15,0.8105,0,0.56
2019-06-08,0,0.0502,0.0603,0,0.02
2019-06-09,0,0.9500000000000001,1.1001,0.1504,0.01
2019-06-10,0,1e-4,0.01,0.1206,0
2019-06-11,0.32030000000000003,0,0,0.1801,0
2019-06-12,0,0,3.0000000000000003e-4,0,0.02
2019-06-13,0.3404,0,0,0.8304999999999999,0.3
2019-06-14,0,0,0,0,0
2019-06-15,0,0,0,0,0
2019-06-16,0.5504,0,0,3.0000000000000003e-4,0
2019-06-17,0.0202,0.4301,4e-4,2e-4,0.27
2019-06-18,0.0104,1.2904,0.40049999999999997,6.000000000000001e-4,0.25
2019-06-19,0,1e-4,0.4,0.0403,0.18000000000000002
2019-06-20,0.7903,0.9103,0.32,0,0.36
2019-06-21,0.0708,0,0.16,2e-4,0
2019-06-22,0,0.1902,1.4001,0,1.08
2019-06-23,0,1e-4,0,0,0.21000000000000002
2019-06-24,0,0.6302,1.0102,0.1201,0.17
2019-06-25,0.3901,0,0,0.2102,0
2019-06-26,0,0.44,0,0,0
2019-06-27,0,1.1802,0.22,0.48009999999999997,0
2019-06-28,0,0.12010000000000001,0,2e-4,0
2019-06-29,0.4704,0,0.02,1e-4,0
2019-06-30,0.09040000000000001,0,0,0.12040000000000001,0
2019-07-01,0,0,0.0101,0,0
2019-07-02,0,3.0000000000000003e-4,0,0,0
2019-07-03,0,0.0201,0.38,1e-4,0.01
2019-07-04,0,0.4705,1.95,4e-4,0
2019-07-05,0,1e-4,0.0101,4e-4,0
2019-07-06,0.52,0.0901,0.0301,0.0101,0
2019-07-07,0.0201,0.1201,0.06,0,0
2019-07-08,0,0.26,0,0.0704,0
2019-07-09,0,0,0,0,0
2019-07-10,0.12,0.01,0,0,0
2019-07-11,2.3701,0,0,0.3102,2.54
2019-07-12,0.5405,0,0,0,0.01
2019-07-13,0,2e-4,0.4,0,0.03
2019-07-14,0,3.0000000000000003e-4,1.6200999999999999,0,0.23
2019-07-15,0,0.0303,0.1002,0,0
2019-07-16,0,0.01,0.1802,2e-4,0
2019-07-17,0.27,0.0101,1.44,0.1502,0.08
2019-07-18,0.0103,0.040100000000000004,0.0302,1e-4,0
2019-07-19,0,0,0,0,0
2019-07-20,0,0.2701,0,0,0.55
2019-07-21,0,0.1805,0,0.03,0.26
2019-07-22,0.5602,1.6601000000000001,0.5501,0.10070000000000001,0.07
2019-07-23,1.84,1.0002,0.2602,2.4004,0.81
2019-07-24,0,0,0,0,0
2019-07-25,0,0,0,0,0
2019-07-26,0,0,0,0,0
2019-07-27,0,0,0,0,0
2019-07-28,0,0,0,0,0
2019-07-29,1e-4,0,0,0,0
2019-07-30,0,0.65,0,1e-4,0.25
2019-07-31,0.19,0.01,0,3.0000000000000003e-4,0.04
2019-08-01,2e-4,0,0,0,0.02
2019-08-02,0,0,0,1e-4,0.21000000000000002
2019-08-03,0.0102,0.8602,0.64,0.2001,0.02
2019-08-04,0,0.6301,0.21009999999999998,0,NA
2019-08-05,0,0,0,0,0
2019-08-06,0,0,0.0102,3.0000000000000003e-4,0
2019-08-07,0.07020000000000001,0.6001000000000001,0.5700000000000001,0,0.12
2019-08-08,0.6901,0,0,0,0
2019-08-09,2e-4,1e-4,0.31,0,0
2019-08-10,0.0202,2e-4,2e-4,0,0
2019-08-11,0,0,0,0,0
2019-08-12,0,0,0,0,0
2019-08-13,0.0101,1.47,0,0.0206,0.11
2019-08-14,0,1e-4,0,0,0
2019-08-15,0,0,0,5e-4,0
2019-08-16,0,0,0,1e-4,0
2019-08-17,0,0,0,1e-4,0
2019-08-18,0.24,0,0,2e-4,0.15
2019-08-19,0.0201,0,0,0,0
2019-08-20,0,0.02,0.1801,0,0
2019-08-21,0.2501,0,0.04,3.0000000000000003e-4,0.01
2019-08-22,0,0.1601,0.0504,1e-4,0.15
2019-08-23,2e-4,1e-4,0.040100000000000004,0.0012000000000000001,0.24
2019-08-24,0,1e-4,0,0,0
2019-08-25,0,0.0402,0.3304,0,0
2019-08-26,0,1.0002,0.3104,0,0.2
2019-08-27,0,0,0.03,5e-4,0.03
2019-08-28,0.3401,1e-4,0,0.02,0.34
2019-08-29,0.1902,0,0,0,0
2019-08-30,0,0,0,0,0
2019-08-31,0,0,0,0,0
2019-09-01,0,0,0,0,0
2019-09-02,2e-4,0,0,0,0
2019-09-03,0,0,0,0,0
2019-09-04,1e-4,0,0,0,0
2019-09-05,0,0,0,0,0
2019-09-06,0,0,0,0,0
2019-09-07,2e-4,0,0,0,0
2019-09-08,0,0,0,0,0
2019-09-09,0,0,0,0,0
2019-09-10,0,0.01,0,0,0.02
2019-09-11,2e-4,0,0,0.12,0
2019-09-12,5e-4,0,0,1e-4,0
2019-09-13,0,2e-4,0,0.0403,0.02
2019-09-14,0.1502,0,0,0.01,0
2019-09-15,0.03,0,0,0,0
2019-09-16,0,0,0,0,0
2019-09-17,0,0,0,0,0
2019-09-18,0,0,0,0,0
2019-09-19,0,0,0,0,0
2019-09-20,0,0,0,0,0
2019-09-21,0,0,0,0.55,0
2019-09-22,0,0,0,0.03,0
2019-09-23,0,0.01,2e-4,0.050100000000000006,0.03
2019-09-24,1e-4,0,0,0,0
2019-09-25,0,2e-4,0,0,0
2019-09-26,0.0101,2e-4,0.3501,2e-4,0.02
2019-09-27,0.01,0,0,0,0.08
2019-09-28,0,0,0,0,0
2019-09-29,0,0,0,0,0
2019-09-30,0,0,0,0.47040000000000004,0
2019-10-01,0.0208,0,0,0,0
2019-10-02,0.0204,0,0,0,0
2019-10-03,0.040600000000000004,0,0,0,0
2019-10-04,0.1702,0,0,5e-4,0
2019-10-05,0,0,0,0,0
2019-10-06,0,0.2202,0.0502,0.26030000000000003,0.1
2019-10-07,0.14040000000000002,1.9702,2.3204000000000002,0.5404,0.19
2019-10-08,0.7001000000000001,0,0,0.2409,0
2019-10-09,0,0,0,0.1605,0
2019-10-10,0,0,0,0,0
2019-10-11,0,0.040100000000000004,0.8702000000000001,0,0
2019-10-12,2e-4,0.2602,0.01,3.0000000000000003e-4,0.03
2019-10-13,0,0,0,0,0
2019-10-14,0,0,0,0,0
2019-10-15,0,1e-4,0,0,0
2019-10-16,0,0.35040000000000004,1.5502,0.6001,0.53
2019-10-17,0.10010000000000001,0,0,0,0.02
2019-10-18,0,0,0,0,0
2019-10-19,0,0.0102,0,0,0.02
2019-10-20,0,2e-4,0,0.251,0.1
2019-10-21,0,0.3305,0.0907,1e-4,0.36
2019-10-22,0,0,0,0.6403,0.84
2019-10-23,0,0,0,0,0
2019-10-24,0,0,0,0,0
2019-10-25,0,0.26030000000000003,0.1301,0,0.19
2019-10-26,0.0102,1.3903,1.3001,5e-4,0.67
2019-10-27,0.9706,0.0205,0.01,0.9002,0.37
2019-10-28,0.0402,0,0,0,0
2019-10-29,0.030600000000000002,0,0,0,0
2019-10-30,0.0606,0.6602,1.45,0.2601,0.17
2019-10-31,0.6008,0.9905,0.6705,1.0903,1.5899999999999999
2019-11-01,0.0708,0,0,0.1702,0
2019-11-02,0,0,0,0,0
2019-11-03,0,0,0,0,0
2019-11-04,0,0,0,0,0
2019-11-05,0.0105,0,0,0,0
2019-11-06,0,0,0.01,0,0
2019-11-07,0.0204,0.7303000000000001,0.9302,0.1302,0.5
2019-11-08,0.0205,0,0,3.0000000000000003e-4,0.01
2019-11-09,0,0,0,0,0
2019-11-10,0,0,0,0,0
2019-11-11,0,0.0901,0.1401,0,0
2019-11-12,9.000000000000001e-4,0.2601,0.1605,0.0405,0.26
2019-11-13,2e-4,0,0,3.0000000000000003e-4,0
2019-11-14,0,0,0,0,0
2019-11-15,0,0,0,0,0
2019-11-16,0,0,0,0,0
2019-11-17,0,0,0,0,0
2019-11-18,0.001,0,0,0.01,0
2019-11-19,0.0508,4e-4,0.020300000000000002,0,0
2019-11-20,0.0608,0,0,0,0
2019-11-21,1e-4,1e-4,2e-4,0,0
2019-11-22,0.0104,1.1204,2.1201,3.0000000000000003e-4,0.68
2019-11-23,0,0.3707,4e-4,0.0202,0.48
2019-11-24,0.0506,0,0,0.4605,0.02
2019-11-25,0.0202,0,0,0,0
2019-11-26,0,0.1301,0.49,0,0
2019-11-27,0.0101,1.21,1.34,2e-4,0.6799999999999999
2019-11-28,0.040600000000000004,1e-4,1e-4,0,0
2019-11-29,0,5e-4,0.0104,0,0
2019-11-30,0,0.4104,0.7101000000000001,0,0.74
2019-12-01,4e-4,1.06,0.0501,0.5203,1.02
2019-12-02,0.0024000000000000002,0.020300000000000002,0.0107,0.0206,0.02
2019-12-03,0.002,0,0,0,0
2019-12-04,0.02,0,0,0.030100000000000002,0
2019-12-05,0.0201,0,0,2e-4,0
2019-12-06,7e-4,0.030100000000000002,0.0105,1e-4,0
2019-12-07,6.000000000000001e-4,0,0,0,0
2019-12-08,0,0,1e-4,0,0
2019-12-09,4e-4,0,0.0502,0.2304,0
2019-12-10,0.0114,0.8009,0.08020000000000001,0.1106,0.59
2019-12-11,0.0112,0,0,0.0504,0.02
2019-12-12,0,0,0,0,0
2019-12-13,4e-4,0.0408,0.040100000000000004,0.18030000000000002,0.11
2019-12-14,0.0111,7e-4,0.08,0.4703,0.21
2019-12-15,0.0201,0.0102,3.0000000000000003e-4,0,0
2019-12-16,0,1.1604,1.4405000000000001,0.3211,0.48
2019-12-17,0,0.2705,0.1205,0.5503,0.5
2019-12-18,3.0000000000000003e-4,0,0,2e-4,0
2019-12-19,6.000000000000001e-4,0,0,1e-4,0
2019-12-20,0,0,0,0,0
2019-12-21,0,0,0,0,0
2019-12-22,0,0.0204,0,0,0
2019-12-23,0,0.07050000000000001,0,0,0.02
2019-12-24,0,0,0,0,0
2019-12-25,0,0,0,0,0
2019-12-26,0,0,0,0,0
2019-12-27,5e-4,0.0103,0,0,0
2019-12-28,0,0.0403,0.020300000000000002,0,0
2019-12-29,0,2.2601,1.7302,0.4703,1.3599999999999999
2019-12-30,0.0213,0.2701,0.2101,0.0409,1.12
2019-12-31,0.0216,0,0,0,0
2020-01-01,0.04,0,0,0.0101,0
2020-01-02,0.02,0.91,0.53,0,0.5900000000000001
2020-01-03,0.03,0.7103,0.8603000000000001,0.151,0.89
2020-01-04,0.0309,0.0303,0.0702,0.1009,0.22
2020-01-05,0.021,0,0,2e-4,0
2020-01-06,5e-4,0,0,0,0
2020-01-07,0,0.08020000000000001,0,0.0106,0.06
2020-01-08,6.000000000000001e-4,0,0,0,0
2020-01-09,0,0,0,0,0
2020-01-10,1e-4,2e-4,0,0,0
2020-01-11,1e-4,1.5005,1.9407,0,0.91
2020-01-12,7e-4,0.08,1e-4,0.8101999999999999,0.12
2020-01-13,5e-4,0,0,0,0
2020-01-14,1e-4,0.6202,0.53,0.0701,0.72
2020-01-15,3.0000000000000003e-4,0.0206,0.2904,2e-4,0
2020-01-16,0.0107,0.0201,0,2e-4,0.13
2020-01-17,0,0,0,0,0
2020-01-18,4e-4,0.2203,0.2204,3.0000000000000003e-4,0.43
2020-01-19,0.021,0,0,0.020300000000000002,0
2020-01-20,0,0.0014,6.000000000000001e-4,0,0
2020-01-21,3.0000000000000003e-4,1e-4,0,0,0
2020-01-22,0,0,0,0,0
2020-01-23,0,0.27,0.1201,0,0.01
2020-01-24,0,0.5307000000000001,0.2004,4e-4,0.67
2020-01-25,2e-4,5e-4,1e-4,1.3503,0.01
2020-01-26,0,1e-4,1e-4,0,0
2020-01-27,0,0.0705,0.040100000000000004,0,0.2
2020-01-28,0,0,0,0,0
2020-01-29,0,4e-4,8e-4,0,0
2020-01-30,0,0,0.0103,0,0.02
2020-01-31,0,0.0108,0.2403,2e-4,0
2020-02-01,6.000000000000001e-4,0.1205,0,0.0603,0.09
2020-02-02,0,0,0,5e-4,0
2020-02-03,0,0,0,0,0
2020-02-04,0,0.30069999999999997,0.6403,1e-4,0.43000000000000005
2020-02-05,4e-4,0.9504,0.1104,0.0604,1.78
2020-02-06,0.021500000000000002,0.5206,0.1803,0.5003,3.67
2020-02-07,0.0814,0.1207,0.0112,0.6206,0.07
2020-02-08,0.0102,0,0,4e-4,0
2020-02-09,6.000000000000001e-4,0,0,1e-4,0
2020-02-10,0.0313,1.1107,1.0302,0.1108,0.8300000000000001
2020-02-11,0.0206,0.6305000000000001,0.6701,0.1002,0.69
2020-02-12,1e-4,0.7706,0.7904,0.0601,0.08
2020-02-13,0.0412,0.9103,0.0205,0.1201,0.8
2020-02-14,0.01,2e-4,0,0,0
2020-02-15,0,0,0,0,0
2020-02-16,0,2e-4,1e-4,0,0
2020-02-17,0,0,0,0,0
2020-02-18,8e-4,0.3302,0.4502,1e-4,0.39
2020-02-19,0.0202,1e-4,0,1e-4,0.05
2020-02-20,0,0.1602,0,0,0
2020-02-21,0.01,0,0,0,0
2020-02-22,0,0,0,0,0
2020-02-23,0,3.0000000000000003e-4,0,0,0
2020-02-24,0,0.6206,0.7702,0,0.28
2020-02-25,0,0.0204,0.08,0.0804,0.13
2020-02-26,9.000000000000001e-4,0.011000000000000001,0.0206,0,0.1
2020-02-27,0.0205,0.0105,2e-4,0.34040000000000004,0
2020-02-28,4e-4,4e-4,2e-4,0,0.01
2020-02-29,1e-4,0.12,0.0101,0,0.05
2020-03-01,0,0,0,0,0
2020-03-02,2e-4,0.4505,0.8401000000000001,3.0000000000000003e-4,0.33999999999999997
2020-03-03,2e-4,0.5801,0.9701000000000001,0.3005,1.05
2020-03-04,0.0106,0,0,0.0402,0
2020-03-05,0,0,0,0,0
2020-03-06,3.0000000000000003e-4,0,0,0.0102,0
2020-03-07,0,0,0,0,0
2020-03-08,0,0,0,0,0
2020-03-09,0,0,1e-4,0,0
2020-03-10,0,0.2007,0.2404,0.0305,0.18
2020-03-11,2e-4,0.0301,0.030199999999999998,0.03,0
2020-03-12,0,0,0.1101,0,0
2020-03-13,0.0109,0.0702,0,0.23,0.41000000000000003
2020-03-14,0,0.1003,0.3601,0.030100000000000002,0.15
2020-03-15,0,0.1603,0.05,0.3,0.14
2020-03-16,0,0.0101,0.0801,0,0
2020-03-17,0.0012000000000000001,1.0004,0.7001,0.0101,0.31
2020-03-18,0,0.4502,0.9401,0.0301,0.08
2020-03-19,0.0211,0.18030000000000002,0.1202,0.3502,0.08
2020-03-20,0.0104,0.7903,0.71,0.02,1.06
2020-03-21,0,3.0000000000000003e-4,0,0,0.16999999999999998
2020-03-22,0,0.0402,0.0402,0,0
2020-03-23,7e-4,0.4904,0.19,0.040600000000000004,0.46
2020-03-24,0.020900000000000002,0.9701,0.9703,0,0.44
2020-03-25,0,0,0,0.4001,0.56
2020-03-26,0,0,0,0,0
2020-03-27,2e-4,0,0,0.0104,0
2020-03-28,0,0,0,0.5705,0
2020-03-29,0.041800000000000004,0.36010000000000003,0.74,0.0401,0.6799999999999999
2020-03-30,0.0313,0,0,0,0
2020-03-31,0.0205,0.6403,0.5702,0,0.9500000000000001
2020-04-01,0,0,0,0.2401,0.02
2020-04-02,0.0012000000000000001,0,0,0,0
2020-04-03,0.0212,0,1e-4,0,0
2020-04-04,0.0206,1e-4,0.02,0,0
2020-04-05,0,0,2e-4,1e-4,0
2020-04-06,0,0,0,2e-4,0
2020-04-07,0,2e-4,0,0.1606,0
2020-04-08,5e-4,0,0,0.1101,0
2020-04-09,4e-4,0.27,0.5801,0.2906,0
2020-04-10,0,0,0,0.0601,0
2020-04-11,0,0,0,0,0
2020-04-12,0,2.14,1.0104,3.0000000000000003e-4,1.3
2020-04-13,0.0106,0.5003,0.35000000000000003,0.7706000000000001,1.04
2020-04-14,0,1e-4,0,0.0101,0
2020-04-15,0,0,0,0.1501,0
2020-04-16,3.0000000000000003e-4,0,0,0,0
2020-04-17,0,0,0.0101,1e-4,0
2020-04-18,0.0012000000000000001,0.2604,0.1902,0.09040000000000001,0.35000000000000003
2020-04-19,0,0.0204,0.1102,0,0
2020-04-20,0,0.2901,0,0,0.28
2020-04-21,3.0000000000000003e-4,0.1,0.0101,4e-4,0
2020-04-22,1e-4,1e-4,0,0,0
2020-04-23,0,0.6805,0.3602,0.1501,0.19
2020-04-24,0.011300000000000001,0.0402,0.0201,0.4404,0.43
2020-04-25,0,0.4603,0.6102,0,0.26
2020-04-26,5e-4,2e-4,0.06,0.6606,0.22
2020-04-27,0.0314,0,0,0.0703,0
2020-04-28,2e-4,0.03,0.0103,0.1502,0
2020-04-29,0,0.1005,0.4701,1e-4,1.1
2020-04-30,1e-4,0,2e-4,1.1306,0.04
2020-05-01,5e-4,0,0,0.03,0.01
2020-05-02,0.0103,0,0,0,0
2020-05-03,1e-4,0.41000000000000003,0.77,2e-4,0.07
2020-05-04,1e-4,3.0000000000000003e-4,0.0201,0.3801,0.2
2020-05-05,0,0.3803,0.2301,2e-4,0.14
2020-05-06,0,0.0202,0.040100000000000004,0.3306,0.02
2020-05-07,5e-4,0,0,0.0102,0
2020-05-08,2e-4,0.3001,0.9001,0.5302,0.37
2020-05-09,0.0311,0,0,2e-4,0.02
2020-05-10,0,0,0,0,0
2020-05-11,0.0105,0,0,7e-4,0
2020-05-12,0.0103,5e-4,0.0501,0,0
2020-05-13,0,0.1305,0.6803,0,0.08
2020-05-14,0,0,0,0.01,0
2020-05-15,4e-4,0,0.050100000000000006,0.01,0
2020-05-16,0.0504,0,0,0,0
2020-05-17,0,2e-4,3.0000000000000003e-4,0.1401,0
2020-05-18,5e-4,0.0304,0.2901,0,0.04
2020-05-19,0,0.1603,0.0403,0,3.08
2020-05-20,0,0.0305,0,0,0.14
2020-05-21,0,0.0103,0.03,0,0
2020-05-22,0,0.2,2e-4,0.3502,0.02
2020-05-23,0,0.0701,0.01,0.0802,0.02
2020-05-24,0,2e-4,0,0,0
2020-05-25,2e-4,0.0801,0.21,0,0.05
2020-05-26,0,0.1501,1e-4,0,0.51
2020-05-27,0,0.5504,0.2102,0,0.04
2020-05-28,0,0.1002,0.0902,0.11030000000000001,0.03
2020-05-29,0,0.0801,0.0301,0.05,0
2020-05-30,1e-4,1e-4,0,0,0
2020-05-31,0,0,0,0,0
2020-06-01,0,0,0,0,0
2020-06-02,0,0,0,4e-4,0
2020-06-03,0,1e-4,0,0,0
2020-06-04,0,0.28,0.01,3.0000000000000003e-4,0
2020-06-05,0,0.3401,1.2501,0.3705,0.28
2020-06-06,4e-4,0,0,0,0
2020-06-07,3.0000000000000003e-4,0,0,0.0101,0
2020-06-08,0,0,0,0,0
2020-06-09,1e-4,0.0605,0.4509,0,0.04
2020-06-10,0,0,1e-4,2e-4,0.01
2020-06-11,0.0703,0,0,0.11030000000000001,0
2020-06-12,0,0,0,0,0
2020-06-13,0,0,0,0,0
2020-06-14,0,1e-4,0.0201,0.0103,0.09
2020-06-15,0,0,0,0,0
2020-06-16,0,0,0,0,0
2020-06-17,0,0,0,0.1901,0
2020-06-18,0,0,1e-4,0.3302,0
2020-06-19,0,1e-4,0,2e-4,0.43000000000000005
2020-06-20,0,0,0,0.4,0
2020-06-21,0,0.6405,0.5303,0,0.44
2020-06-22,0,1e-4,0.2304,2e-4,0.15
2020-06-23,0,0.5701,0.17,1.1602000000000001,0.32
2020-06-24,0.04,0,0,0.6101,0
2020-06-25,0,0.0101,0,0.43000000000000005,0
2020-06-26,0,0,0,0.11,0
2020-06-27,0,2e-4,0.69,0,0
2020-06-28,2e-4,1e-4,0,2e-4,1.59
2020-06-29,0.1502,0.0103,0.0101,0,0.06999999999999999
2020-06-30,0.0707,1.2601,0.2704,0,0.14
2020-07-01,0.3204,0.2302,0.0202,0.37,0.01
2020-07-02,1e-4,0,0,0,0.01
2020-07-03,1e-4,0,0,0,0
2020-07-04,0,0,0,0,0
2020-07-05,0,0.41000000000000003,0.46,0,0.79
2020-07-06,2e-4,0,0.18000000000000002,2e-4,0
2020-07-07,0,0,0,0.03,0
2020-07-08,0,1e-4,0.8001,0,0
2020-07-09,0,0,0,0,0.11
2020-07-10,0,0,0,0,0
2020-07-11,3.0000000000000003e-4,0,0,0.030199999999999998,0
2020-07-12,1e-4,0.7000000000000001,1.9602,0.0801,0
2020-07-13,0.8901,1e-4,0,4e-4,0
2020-07-14,0.5502,0,0,0.01,0
2020-07-15,0.0205,0,0,0,0
2020-07-16,0,0,1.1400000000000001,0.03,0.01
2020-07-17,0.0103,0,0,0.0104,0
2020-07-18,0,0,0,0,0
2020-07-19,0,0,0,0,0
2020-07-20,0,0,0.37010000000000004,0,0.16
2020-07-21,0,0.030199999999999998,0.1201,0.0603,0
2020-07-22,0,0.10020000000000001,2e-4,0.29000000000000004,0.24000000000000002
2020-07-23,0.6905,0.0304,0.0701,2e-4,0.05
2020-07-24,2e-4,0,0.29000000000000004,0.4803,0
2020-07-25,0,0.1602,0.0101,1e-4,0
2020-07-26,0,0.21,0.09,0,0.02
2020-07-27,0,0,0,0,0
2020-07-28,1e-4,0.29000000000000004,0,0,0
2020-07-29,0,1.2103,1.0002,0,0.03
2020-07-30,4e-4,0.08020000000000001,1.0002,1e-4,0.29
2020-07-31,0,1.0603,0.1602,0.28090000000000004,0.51
2020-08-01,0,0.4003,1.0105,0.0102,NA
2020-08-02,3.0000000000000003e-4,0,0,3.0000000000000003e-4,0
2020-08-03,1e-4,0,0.06,0.08020000000000001,0
2020-08-04,5e-4,0,0,0.6605,0
2020-08-05,0,0,0,0,0.02
2020-08-06,0,0,0,0.0303,0.63
2020-08-07,0,0,0,0.2103,0
2020-08-08,0,0,0,1e-4,0
2020-08-09,0,0,0.03,0,0
2020-08-10,0,0.04,0,0,1.35
2020-08-11,0,0,0.1002,1e-4,0.31
2020-08-12,0,0.09010000000000001,0.72,0.3401,0
2020-08-13,0,0,0.2601,0.1406,0.12
2020-08-14,0,0.4001,0.7801,0,0.060000000000000005
2020-08-15,1e-4,0.030100000000000002,1e-4,0.0911,0.34
2020-08-16,0,1e-4,0,0.2003,0
2020-08-17,4e-4,0,0,0,0
2020-08-18,0.28,0,1e-4,0,0
2020-08-19,0,0,0,1e-4,0.02
2020-08-20,0,0,0,0,0.77
2020-08-21,0,0.3205,0.1401,0,0.11
2020-08-22,2e-4,1.4702,0.0402,0.1904,0.29
2020-08-23,2e-4,0.03,0,0.08,0
2020-08-24,0,0.41,0,0.0502,0.02
2020-08-25,1e-4,0,0,0.0701,0
2020-08-26,0,0,1e-4,0,0
2020-08-27,3.0000000000000003e-4,0,1e-4,0,0
2020-08-28,0,1.1203,0.5104,0.020300000000000002,0.08
2020-08-29,2e-4,0.2504,0.7999999999999999,0.21080000000000002,0.36
2020-08-30,1e-4,0.8602,0.0802,0,0
2020-08-31,0,0.4104,0.5504,0.8402000000000001,0.29
2020-09-01,0,0.10010000000000001,0.13999999999999999,0.0504,0
2020-09-02,0.1009,0.01,0.4708,0.12040000000000001,0.17
2020-09-03,0.0404,0.07,0.7001,0.1702,0.04
2020-09-04,0,0,0,2e-4,0
2020-09-05,0,0,0,0,0
2020-09-06,0,0,0,0,0
2020-09-07,0,0,0,0,0
2020-09-08,0,0,0,0,0
2020-09-09,0,0,0,0,0
2020-09-10,0.3505,0,0,0.1404,0
2020-09-11,0.01,0,0,0,0
2020-09-12,0,0.20020000000000002,0.0201,1e-4,0
2020-09-13,0,3.2702,1e-4,4e-4,0.4
2020-09-14,2e-4,0,0,0,0
2020-09-15,0,0,0,0,0
2020-09-16,0,1e-4,0,0,0
2020-09-17,0,0,0,0,0
2020-09-18,0,0,0,0,0
2020-09-19,0,0,0,0,0
2020-09-20,0,0,0,0,0
2020-09-21,0,0,0,0,0
2020-09-22,0,0,0,0,0
2020-09-23,0,0.0106,0.060200000000000004,0,0
2020-09-24,0,0.0405,0.1201,0,0.17
2020-09-25,0,2e-4,0.0101,0,0.46
2020-09-26,0,0,0,0.0102,0
2020-09-27,1e-4,0,0,0,0
2020-09-28,0.0301,0.10030000000000001,0.2901,0,0.78
2020-09-29,2e-4,0,0,0.9401,0.31
2020-09-30,0.2003,0,0,0.52,0.02
2020-10-01,0,0,0,0,0
2020-10-02,7e-4,0,0,0.0103,0
2020-10-03,0,0,0,1e-4,0
2020-10-04,0,0,0,0,0
2020-10-05,0,0,0,0.0101,0
2020-10-06,0,0,0,0,0
2020-10-07,0.01,0,0,0,0
2020-10-08,0,0,0,0,0
2020-10-09,0,1e-4,2e-4,0,0
2020-10-10,0,0.8903,0.21050000000000002,0,0.41000000000000003
2020-10-11,0,0.8004,0.21030000000000001,0.10010000000000001,0.67
2020-10-12,0,0.16010000000000002,0,1.46,0
2020-10-13,3.0000000000000003e-4,0.02,0,0.06,0.16
2020-10-14,0,0,0,0,0
2020-10-15,0,1e-4,0.11019999999999999,0,0
2020-10-16,0,0.0902,0.04,0,0.09
2020-10-17,0.1702,0,0,0,0
2020-10-18,0,0.0102,0.3602,0,0
2020-10-19,0,0,1.2701,0,0
2020-10-20,1e-4,0,0,0,0
2020-10-21,3.0000000000000003e-4,0,0,0,0
2020-10-22,0,0,0,0,0
2020-10-23,3.0000000000000003e-4,4e-4,0.15,0,0
2020-10-24,0,0.6506,0.0604,0.0101,0.25
2020-10-25,0,0.0101,0.0701,0.0404,0
2020-10-26,0.0212,0.0104,0,0.01,0
2020-10-27,1e-4,2e-4,0,0,0
2020-10-28,0.3309,0.6803,1.0401,0,0.9400000000000001
2020-10-29,0.0103,0.1706,1.3703,1.0803,0.39
2020-10-30,0,0.0202,0.030100000000000002,0.0605,0
2020-10-31,0.16,0,0,0,0
2020-11-01,0.0104,3.0000000000000003e-4,0,2e-4,0
2020-11-02,0.0404,0,0,0,0
2020-11-03,3.0000000000000003e-4,0,0,0,0
2020-11-04,0,0,0,0,0
2020-11-05,0,0,0,0,0
2020-11-06,0,0,0,0,0
2020-11-07,0,0,0,0,0
2020-11-08,0,0,0,0,0
2020-11-09,0,0,0,0,0
2020-11-10,0,2e-4,0.0903,0,0
2020-11-11,1e-4,0.09040000000000001,0.2701,0.9701000000000001,0.93
2020-11-12,5e-4,0,0,0.1907,0
2020-11-13,0.020300000000000002,0,0,0,0
2020-11-14,1e-4,0,0.0801,0,0
2020-11-15,0,0.1504,0.4502,0.20020000000000002,0.19
2020-11-16,0.20020000000000002,0,0,0,0
2020-11-17,0,0,0,3.0000000000000003e-4,0
2020-11-18,1e-4,0,0,1e-4,0
2020-11-19,0,0,0,0,0
2020-11-20,2e-4,0,3.0000000000000003e-4,0,0
2020-11-21,0,0,0,1e-4,0
2020-11-22,3.0000000000000003e-4,0.0701,0.0309,0,0
2020-11-23,1.1704,0,1e-4,0.2002,0.14
2020-11-24,0,0,0,0,0
2020-11-25,0,0.0403,0.3406,0,0.21000000000000002
2020-11-26,0.7308,0,0,6.000000000000001e-4,0
2020-11-27,0.01,0,0,0,0
2020-11-28,0,0,0,0,0
2020-11-29,0,0.0101,0.0102,0,0
2020-11-30,0.9701,0.8410000000000001,0.3408,1.12,0.71
2020-12-01,0.4201,5e-4,2e-4,2e-4,0.02
2020-12-02,1e-4,0,0,0,0
2020-12-03,0,0.02,0.0102,0,0
2020-12-04,0,0.7605,0.0903,0.2805,1.12
2020-12-05,1.3505,0,0,0.2902,0
2020-12-06,0.6003000000000001,0,0,0,0
2020-12-07,0,0,0,0,0.02
2020-12-08,1e-4,0,0,0,0
2020-12-09,4e-4,0,0,0,0
2020-12-10,0,0,0,0,0
2020-12-11,0,0,0,0,0
2020-12-12,0.3902,0.1103,0.1302,0,0.15
2020-12-13,0.1501,0,1e-4,0,0
2020-12-14,0.0108,1.19,1.25,0.8001,1.02
2020-12-15,1e-4,0,0,0,0
2020-12-16,0,0.1506,0.1103,0.001,0.31
2020-12-17,0.0019,0.0105,0,0,0
2020-12-18,0.01,0,0,5e-4,0
2020-12-19,0.01,0.0102,0.0302,0,0
2020-12-20,6.000000000000001e-4,0.3701,0.36,0,0.14
2020-12-21,0.11,0,0,0,0
2020-12-22,0,0,0,0.0406,0
2020-12-23,0,0,1e-4,0,0
2020-12-24,0,0.7704,0.6201,0.0107,0.79
2020-12-25,0.7208,0.0104,4e-4,0,0
2020-12-26,0,0,NA,0,0
2020-12-27,0,0,NA,0,0
2020-12-28,0,0,3.0000000000000003e-4,0,0
2020-12-29,0,0,0,0,0
2020-12-30,0,0,0.2001,0,0
2020-12-31,0.0101,0,1.3102,0.0204,0.29
2021-01-01,0,0.5401,0.8901000000000001,0.8502,0.09
2021-01-02,0.7905,0,0,0.2911,0
2021-01-03,2e-4,0.0509,0.0501,0.1203,0.03
2021-01-04,4e-4,0,0,0,0
2021-01-05,6.000000000000001e-4,0,0,0.0402,0
2021-01-06,8e-4,0,0,0,0
2021-01-07,0,0,0,0,0
2021-01-08,0,2e-4,2e-4,0,0.06
2021-01-09,0,0,0,0,0
2021-01-10,0,0,0,0,0
2021-01-11,0,0.001,0,0,0.05
2021-01-12,0,0.0104,0,0,0
2021-01-13,0,0,0,0,0
2021-01-14,0.0205,0,0,1e-4,0
2021-01-15,0.01,0.0403,0.0304,0.09010000000000001,0.05
2021-01-16,0.6005,5e-4,8e-4,0.0302,0.04
2021-01-17,0,0,0,0,0
2021-01-18,0,0,1e-4,0,0
2021-01-19,0,0,0,0,0
2021-01-20,0,0,0,2e-4,0
2021-01-21,7e-4,0.2404,0.1701,0,0.12
2021-01-22,2e-4,0,0,0,0
2021-01-23,3.0000000000000003e-4,0,0,1e-4,0
2021-01-24,0,0.0305,0.0105,0,0
2021-01-25,0,0.5302,2.1501,0.0401,0.6
2021-01-26,3.0000000000000003e-4,0.82,0,0.1701,0.32
2021-01-27,0.1015,0.0201,0.0103,0,0
2021-01-28,0.0109,3.0000000000000003e-4,1e-4,0,0
2021-01-29,2e-4,0,0,2e-4,0
2021-01-30,0,0.0104,0.0107,0,0.05
2021-01-31,0,0.2703,0.37020000000000003,0.3902,0.27
2021-02-01,7e-4,0.021,6.000000000000001e-4,0.1611,0.01
2021-02-02,0.0119,0,0,0.0115,0
2021-02-03,0.0102,0,0,6.000000000000001e-4,0
2021-02-04,9.000000000000001e-4,1e-4,0.1703,0,0
2021-02-05,0.0104,0.16,0.12,2e-4,0.21
2021-02-06,0,0,0,0,0
2021-02-07,9.000000000000001e-4,0.1703,0.0702,0.1102,0.3
2021-02-08,6.000000000000001e-4,0,0,0,0.05
2021-02-09,0.0015,0,3.0000000000000003e-4,0,0
2021-02-10,6.000000000000001e-4,2e-4,0.1707,0.0202,0
2021-02-11,1e-4,0.3606,0.2405,0.3406,0.47000000000000003
2021-02-12,0,0,0,0,0
2021-02-13,0,2e-4,0,0.0205,0
2021-02-14,0,5e-4,0,0,0
2021-02-15,8e-4,0.881,0.381,0.0103,0.37
2021-02-16,0.2112,0.0512,0.0114,0.3002,0.19
2021-02-17,1e-4,0.050499999999999996,0.0204,0,0
2021-02-18,4e-4,0.2609,0.0906,0.4903,0.43
2021-02-19,0.0219,0,0,0.0107,0
2021-02-20,0.0015,0,0,2e-4,0
2021-02-21,2e-4,0,0,0,0
2021-02-22,0.0504,0.1403,0.1402,0.1905,0.5
2021-02-23,0.0811,0,0,0,0
2021-02-24,0,0,1e-4,0,0
2021-02-25,2e-4,2e-4,2e-4,0,0
2021-02-26,0,0.1202,0.030100000000000002,1e-4,0.2
2021-02-27,0.1306,0.8305,0.31,0.1702,0.56
2021-02-28,0,0.9003,1.4004,0.8902,0.8200000000000001
2021-03-01,0.0905,1.1303,1.5601,0.22010000000000002,1.57
2021-03-02,4e-4,0,0,0,0
2021-03-03,0,0,0,0,0
2021-03-04,0,0,0,0,0
2021-03-05,0,0,0,0,0
2021-03-06,0,0,0,0,0
2021-03-07,0,0,0,0,0
2021-03-08,0,0,0,0,0
2021-03-09,1e-4,0,0,0,0
2021-03-10,0,0,0,0,0
2021-03-11,0,0,0,1e-4,0
2021-03-12,0,0.1603,0.3402,0.0103,0.17
2021-03-13,1e-4,0.2706,1.0602,0,0.02
2021-03-14,3.0000000000000003e-4,0.0104,0,0,0
2021-03-15,2e-4,0.2001,0.63,0,0.1
2021-03-16,0,0,0,0.0103,0
2021-03-17,0,0.5202,1.1501,0,0.31
2021-03-18,0.1203,0.7205,0.3302,0.6303,0.67
2021-03-19,0.0501,4e-4,2e-4,0.0204,0.08
2021-03-20,0,0,0,0,0
2021-03-21,0,0,0,0,0
2021-03-22,0,0,0,0,0
2021-03-23,0,3.0000000000000003e-4,0.03,0,0
2021-03-24,0,0,0,0.08,0
2021-03-25,0.0606,0.86,0.5402,2e-4,0.9400000000000001
2021-03-26,0.0304,0.8999999999999999,0.0201,1e-4,0.13999999999999999
2021-03-27,0,1.5402,0.43010000000000004,0,1.9300000000000002
2021-03-28,0.2602,5.48,1.1901,0.4402,3.22
2021-03-29,0.0603,0,0,0,0
2021-03-30,0,1e-4,0.0101,0,0
2021-03-31,3.0000000000000003e-4,1.3705,0.9,0.4301,0.98
2021-04-01,0.1111,0,0,0.3703,0
2021-04-02,0,0,0,0,0
2021-04-03,0,0,0,0,0
2021-04-04,0,0,0,0,0
2021-04-05,0,0,0,0,0
2021-04-06,0,0,0,0,0
2021-04-07,0,0,0,0,0
2021-04-08,0,0.47,0.62,0,0.46
2021-04-09,0,0,0,0.4002,0.01
2021-04-10,0,0.20020000000000002,0.1302,0,0.13
2021-04-11,0,0,0,1.3901,0
2021-04-12,3.0000000000000003e-4,0,0,0.1303,0
2021-04-13,0,1e-4,0.0204,0.04,0.01
2021-04-14,0,3.0000000000000003e-4,0.0102,0.1203,0.02
2021-04-15,0.0107,0,0,0.0201,0
2021-04-16,0.7104,0,0,0,0
2021-04-17,0.0317,2e-4,0.01,0,0
2021-04-18,1e-4,0,0,0,0
2021-04-19,2e-4,0.0101,0.0201,0,0
2021-04-20,1e-4,0,0,0,0
2021-04-21,0.2701,0.0801,0.1202,2e-4,0.02
2021-04-22,1e-4,0,0,0,0
2021-04-23,0,0.0703,4e-4,1e-4,0
2021-04-24,0,0.3402,0.9902000000000001,0.0103,0.52
2021-04-25,0.0703,1e-4,1e-4,0.62,0.12
2021-04-26,0,0,0,0,0
2021-04-27,0,0,0,0,0
2021-04-28,0.2505,0.7201000000000001,0.2902,0,0
2021-04-29,0.98,0.4703,0.4302,0.0904,0.39
2021-04-30,0.8402000000000001,0.01,0,0.0802,0.33999999999999997
2021-05-01,5e-4,0,0,0,0
2021-05-02,2e-4,0.030100000000000002,0.0901,0,0
2021-05-03,0,2.1202,0.9400999999999999,1.2104,0.12
2021-05-04,0.24050000000000002,0.5303,0.3301,0.0804,0.9400000000000001
2021-05-05,1.2302,0.5101,0.2,0.3402,0.03
2021-05-06,0.0404,0.28,0.38,0,0
2021-05-07,0,1e-4,0.0901,0.0104,0.01
2021-05-08,0,0,0,0.1901,0
2021-05-09,0,0.3802,1.28,0.0202,0.91
2021-05-10,0.3002,0.0502,0,0.0104,0.7000000000000001
2021-05-11,0,0,0,0,0
2021-05-12,2e-4,0.0102,2e-4,0,0
2021-05-13,0,0,0,0,0
2021-05-14,1e-4,0,0,0,0
2021-05-15,0,0,0,0,0
2021-05-16,0,0.0202,0.0201,2e-4,0
2021-05-17,0,0,0,0,0
2021-05-18,1e-4,0,0.0701,0,0
2021-05-19,0,2e-4,2e-4,0,0
2021-05-20,0,0,6.000000000000001e-4,0,0
2021-05-21,3.0000000000000003e-4,0,1e-4,0,0
2021-05-22,0,0,0,0,0
2021-05-23,1e-4,0,0,0,0
2021-05-24,0,0,0,0.5805,0
2021-05-25,0,0,0,1e-4,0
2021-05-26,2e-4,0.2602,0.0506,0.1501,0
2021-05-27,0,0,0,1e-4,0.06
2021-05-28,0,0.7003,0.4001,0.4402,1.4400000000000002
2021-05-29,0.0908,0.2802,1e-4,0.2806,0.04
2021-05-30,0.1105,0,0,0.0101,0
2021-05-31,0.1506,0,0,0,0
2021-06-01,0,2e-4,0.0101,0,0
2021-06-02,0,1.1903,1.87,0,0.04
2021-06-03,1e-4,0.07010000000000001,1.0101,0.0705,0.9400000000000001
2021-06-04,4e-4,0,0,0,0.03
2021-06-05,2e-4,0,0,0,0
2021-06-06,0,0.020900000000000002,1.7001,0,0.01
2021-06-07,0,3.0000000000000003e-4,0.19010000000000002,0,0.15
2021-06-08,0,0,0.020300000000000002,1e-4,0.05
2021-06-09,0,0.34030000000000005,0.0201,0.0104,0.11
2021-06-10,0,0.1601,0.01,3.0000000000000003e-4,0.37
2021-06-11,0,0.2702,0.4601,1.5407000000000002,0.15
2021-06-12,2e-4,1e-4,0.01,0.0403,0.81
2021-06-13,0,0,0.0102,0.5201,0
2021-06-14,0,0,0,0,0
2021-06-15,0,0,0,0.1301,0
2021-06-16,0,0,0,0,0
2021-06-17,0,0,0,0,0
2021-06-18,0,0,0,0,0
2021-06-19,0,0,0,0.0102,0
2021-06-20,0,0,0,0,0
2021-06-21,0,0.06,0.1001,0.6702,0.2
2021-06-22,0,0.0102,0,0.5306,0.91
2021-06-23,0,0,0,0,0
2021-06-24,0,0,0,0,0
2021-06-25,0,0,2e-4,0,0
2021-06-26,0,0,0,0,0
2021-06-27,0,0,0,0,0
2021-06-28,0,0.0902,0,0,0
2021-06-29,0,0,1.1101,0,0.24
2021-06-30,0,2e-4,1e-4,0.18030000000000002,0
2021-07-01,0,0.3403,0.8801,0.6508,1.19
2021-07-02,0,0.0101,0,0.1201,0.54
2021-07-03,0,0,0,0,0
2021-07-04,0,0,0,0.21,0
2021-07-05,0,0,0,0,0
2021-07-06,0,0,0,0,0
2021-07-07,0,0.6001000000000001,0,2e-4,0.01
2021-07-08,0.0701,0,0.13,0.020300000000000002,0
2021-07-09,1.5904,2e-4,0,0.13,0.13
2021-07-10,0.1004,0,0.95,0,0.3
2021-07-11,3.0000000000000003e-4,0.5604,0.92,0.0701,0.16
2021-07-12,1.4102999999999999,2e-4,0.0106,0.0502,0.42000000000000004
2021-07-13,0.1905,0.020300000000000002,0.3403,0,0
2021-07-14,0.0103,0,0,0,0
2021-07-15,1e-4,0,0,0,0
2021-07-16,0,0.01,0.0101,0,0.3
2021-07-17,0.0405,1e-4,1e-4,1.1503,0.45
2021-07-18,1.2705,2.4902,0.0602,0.0101,1.16
2021-07-19,0.1406,0,0,0,0.09
2021-07-20,0,0,0,0,0
2021-07-21,0.1,0,0,0.0201,0
2021-07-22,0,0,0,0,0
2021-07-23,0.8901,0,0,0,0
2021-07-24,0,0,0,0,0
2021-07-25,0.1401,1.4101000000000001,0.0201,2e-4,0
2021-07-26,0,0.16030000000000003,0.49,0,0.44
2021-07-27,0.28,0,0,0,0
2021-07-28,0.3301,0,0,0,0
2021-07-29,0.24000000000000002,0,0,2e-4,0
2021-07-30,2.1402,0,0,0,0.35
2021-07-31,0,0,0,0,0
2021-08-01,0,3.4001,0.24,0.0105,1.3
2021-08-02,0.020300000000000002,0,0,0.01,0
2021-08-03,0,0,0,0,0
2021-08-04,0,0,0,0,0
2021-08-05,0.2307,0,0,0,0
2021-08-06,0,0,0,0,0
2021-08-07,0,0.01,0,0,0
2021-08-08,0,0,0,0,0
2021-08-09,0,0.1201,0.040100000000000004,1e-4,1.87
2021-08-10,0.8801,0,0,0.11019999999999999,0.45
2021-08-11,0,0,0,0.3,0
2021-08-12,0,1e-4,0,0,0
2021-08-13,0,0.2203,0,0.0502,0.13
2021-08-14,0,0,2.53,0.060200000000000004,0.24
2021-08-15,0,0.37010000000000004,0,1e-4,0
2021-08-16,0,0.0103,0,0.2402,0.14
2021-08-17,0,0,0,0.14049999999999999,0.43
2021-08-18,4e-4,0.3801,0.0104,0.2004,0.26
2021-08-19,1.0306,0.2602,0.0202,0,0.18
2021-08-20,0.3103,0.05,0,0.35050000000000003,0.09
2021-08-21,0,0.4702,2.6802,0,0
2021-08-22,0.4103,1.89,0.02,2e-4,0.1
2021-08-23,1.0404,0,0,1e-4,0
2021-08-24,0.1701,0,0,0,0
2021-08-25,0,0,0,1e-4,0
2021-08-26,0,1e-4,0,2e-4,0.04
2021-08-27,0,2e-4,0.35009999999999997,0,0
2021-08-28,1e-4,0.19,0,3.2600000000000002,0.16
2021-08-29,3.0000000000000003e-4,0.08,0,0.0103,0
2021-08-30,1e-4,0.2303,0.1601,1e-4,1.52
2021-08-31,0,2.4402,2.3802,4e-4,0.66
2021-09-01,0.1607,0.060000000000000005,0,3.6703,0.63
2021-09-02,2.6901,0,0,0,0
2021-09-03,0,0,0,0,0
2021-09-04,0,0,0,0,0
2021-09-05,4e-4,0.0402,0.3102,0.0706,0.16
2021-09-06,2e-4,0,0,0.0205,0
2021-09-07,0,0,0,0,0
2021-09-08,0,0.0101,0.2201,0,0
2021-09-09,1.1704,0,0,0.4208,0
2021-09-10,0.3701,0,0,0,0
2021-09-11,0,0,0,0,0
2021-09-12,0,0,0,0,0
2021-09-13,0.7001,0,0,0,0
2021-09-14,0,0.030199999999999998,1e-4,0,0
2021-09-15,0.0101,0.2801,0.35,0.0801,0.26
2021-09-16,0.1202,0,0,0.3104,0.01
2021-09-17,0,0.3603,0.88,0,0
2021-09-18,0,0.64,0.11019999999999999,2e-4,2.04
2021-09-19,0.0901,0.8004,0.0501,0,0
2021-09-20,0,1.5704,0.0502,0,0.46
2021-09-21,0,0.19,0.11,2e-4,0.16
2021-09-22,0.11019999999999999,0.5501,0.6204000000000001,0.331,1.1500000000000001
2021-09-23,0.0102,0,0,1.8401,0
2021-09-24,0.4912,0,0,0,0
2021-09-25,0,1e-4,0.0101,0,0
2021-09-26,2e-4,0,0,1e-4,0
2021-09-27,0.0102,0,0,0,0
2021-09-28,0.1801,0,0,0.0204,0
2021-09-29,0,0,0,0,0
2021-09-30,1e-4,0,0,0,0
2021-10-01,0,0,0,0,0
2021-10-02,0,0.0601,0.4001,0,0
2021-10-03,0.0204,1.3403,0.1402,2e-4,2.9299999999999997
2021-10-04,1.1905,0,0,0.0405,0.01
2021-10-05,0.5201,0.5802,0.0402,1e-4,0.05
2021-10-06,0,0.5303,1.0402,3.0000000000000003e-4,0.01
2021-10-07,0,0.15,0.0201,0.01,0.59
2021-10-08,0,0,0,0,0
2021-10-09,0,0,0,0,0
2021-10-10,0,0,0,0.0903,0
2021-10-11,1e-4,0,0.01,2e-4,0
2021-10-12,0,0.0201,0.05,0,0
2021-10-13,0,0,0,0,0
2021-10-14,0,0,0,0,0
2021-10-15,0,0.09029999999999999,0.3101,0,0.04
2021-10-16,3.0000000000000003e-4,0.1501,0.0202,0.37000000000000005,0.62
2021-10-17,0.62,0,0,0,0
2021-10-18,0,0,0,0,0
2021-10-19,0,0,0,0,0
2021-10-20,0,0,0,0,0
2021-10-21,2e-4,0.0601,1e-4,0,0.23
2021-10-22,0,0,0,0.0901,0
2021-10-23,0,0,3.0000000000000003e-4,0.0104,0
2021-10-24,0,0,0,1e-4,0
2021-10-25,0.4908,1.12,0.9406,0.0402,1.04
2021-10-26,0.8708,0,0,0.0803,0.02
2021-10-27,0.2908,0,0,2e-4,0
2021-10-28,0.0102,0.1805,0.3502,0,0.04
2021-10-29,0,0.32030000000000003,0.2106,1.2005000000000001,0.23
2021-10-30,0.8302,0.1103,0.11,0.0107,0.84
2021-10-31,1.0901,1e-4,0,2e-4,0.15
2021-11-01,0,0,0,0,0
2021-11-02,1e-4,3.0000000000000003e-4,0.0103,0.0504,0
2021-11-03,6.000000000000001e-4,0,0,0,0
2021-11-04,0,0,0,0,0
2021-11-05,0,0,0,0,0
2021-11-06,0,0,0,0,0
2021-11-07,0,0,0,0,0
2021-11-08,0,0,0,0,0
2021-11-09,0,0,0,0,0
2021-11-10,3.0000000000000003e-4,0,0,0,0
2021-11-11,0,0.51,0.2703,0,0.31
2021-11-12,1.8502,0,2e-4,1.4401,0.02
2021-11-13,0.33,2e-4,2e-4,2e-4,0.05
2021-11-14,1e-4,0,0.0101,0,0
2021-11-15,0.0702,0,0,0,0
2021-11-16,0,0,0,0,0
2021-11-17,0,0,1e-4,0,0
2021-11-18,0,0.23,0.7002,0.0103,0.45
2021-11-19,0.1703,0,0,2e-4,0
2021-11-20,0,0,0,0,0
2021-11-21,0,0.2501,0.7001000000000001,0,0.08
2021-11-22,0.1302,0.0501,0,0.0402,0.09
2021-11-23,0,0,0,0,0
2021-11-24,0,0,0,0,0
2021-11-25,0,0.3602,0.23,0,0.11
2021-11-26,0.1311,0.07010000000000001,0,0.0101,0.23
2021-11-27,0.1202,0,0,0,0
2021-11-28,0,0,0,0,0
2021-11-29,1e-4,0,0,0,0
2021-11-30,0,0,0,1e-4,0
2021-12-01,0,0.04,1e-4,2e-4,0
2021-12-02,0.0805,1e-4,0,0.0205,0
2021-12-03,0.060200000000000004,0,0,0,0
2021-12-04,0,0,0,0,0
2021-12-05,0,0.0101,0.04,0,0
2021-12-06,0.08070000000000001,1.5405,0.8704000000000001,2e-4,0.47
2021-12-07,0.1102,0,0,0,0
2021-12-08,3.0000000000000003e-4,0,0,1e-4,0
2021-12-09,0.0108,0,0,0,0
2021-12-10,1e-4,0.15,0.0101,0,0
2021-12-11,0.6901,0.2102,0.79,6.000000000000001e-4,1.05
2021-12-12,0.3002,0,0,0.01,0
2021-12-13,0,0,0,0,0
2021-12-14,0,0,0,0,0
2021-12-15,1e-4,0,0,0,0
2021-12-16,0.1404,0.1102,0.5003,0,0.24
2021-12-17,0,0.9004,0.48000000000000004,0,0.36
2021-12-18,0.1002,0.32039999999999996,0.060200000000000004,0.0903,0.45
2021-12-19,0.5604,1e-4,0,2e-4,0.04
2021-12-20,0,0,0,0,0
2021-12-21,0,0,0,0,0
2021-12-22,0.3403,0,0,1e-4,0
2021-12-23,0,0,0,0,0
2021-12-24,2e-4,0,0,0,0
2021-12-25,0.4206,0,0,0.2705,0
2021-12-26,0.3003,0,0,0.02,0.04
2021-12-27,0,0,0,0.020300000000000002,0.01
2021-12-28,0.0506,0.0204,0.2601,3.0000000000000003e-4,0.04
2021-12-29,0,0.36010000000000003,0.19010000000000002,0.0405,0.48
2021-12-30,0.0303,0.0801,0,0.3204,0.74
2021-12-31,0.0304,0.01,0.0201,1e-4,0.04
2022-01-01,0.1003,1.2901,1.6701000000000001,0.3708,0.45
2022-01-02,0.1606,0.6402,0.2705,0.3905,0.79
2022-01-03,0,0.2501,0.0202,0,0.26
2022-01-04,0,0,0,0,0.03
2022-01-05,0.1503,0,0,0,0
2022-01-06,0,0.5703,0.0508,0,0.03
2022-01-07,0.0212,1e-4,2e-4,0,0.07
2022-01-08,0.0505,0,0,0,0.03
2022-01-09,0.1002,1.3902,2.3002000000000002,0,0.93
2022-01-10,1e-4,0,0,0,0
2022-01-11,7e-4,0,0,0,0
2022-01-12,0,0,0,0,0
2022-01-13,0,2e-4,2e-4,0,0
2022-01-14,0,0,0,0,0
2022-01-15,0,0.0102,2e-4,0,0
2022-01-16,0,1.3102,0.31020000000000003,0.2001,0.78
2022-01-17,1.1105,3.0000000000000003e-4,2e-4,0.6804,0.1
2022-01-18,2e-4,0,0,0,0.16
2022-01-19,0,0.7902,0.7203,0,0.07
2022-01-20,0.0102,0.33030000000000004,0.14049999999999999,0.0804,0.59
2022-01-21,0,0,0,0,0
2022-01-22,0,0,0,0,0
2022-01-23,0,0,0,0,0
2022-01-24,1e-4,0,0,0,0
2022-01-25,0.0307,0,0,0,0
2022-01-26,0,0,0,0,0
2022-01-27,0,0,0,0,0
2022-01-28,0,7e-4,4e-4,0.050300000000000004,0
2022-01-29,0.0018000000000000002,4e-4,5e-4,7e-4,0
2022-01-30,6.000000000000001e-4,0,0,0,0
2022-01-31,0,0,0,0,0
2022-02-01,0,0,0,0,0
2022-02-02,0,1.1803,0.5602,0,0.16
2022-02-03,0.1806,1.1502000000000001,1.3606,0.6401,1.32
2022-02-04,1.4808000000000001,0.031,0.0107,0.3305,0.55
2022-02-05,0.0014,0,0,1e-4,0
2022-02-06,0.15,0,0,0,0
2022-02-07,0.4702,0,0,0,0
2022-02-08,0.5002,0,0,0,0
2022-02-09,0,0,0,0,0
2022-02-10,1e-4,0,0,1e-4,0
2022-02-11,1e-4,0,0,0,0
2022-02-12,0,3.0000000000000003e-4,2e-4,0,0
2022-02-13,9.000000000000001e-4,0,0,0.0108,0
2022-02-14,0.0014,0,0,1e-4,0
2022-02-15,0,0,0,0,0
2022-02-16,0,0,0,0,0
2022-02-17,0,2.0301,1.0802,0.17,0.23
2022-02-18,0.3604,0,2e-4,0.1503,1.05
2022-02-19,4e-4,0,0,0,0
2022-02-20,0,0,0,0,0
2022-02-21,0,2e-4,2e-4,0,0
2022-02-22,0.26,1.7403,1.2603,0.08040000000000001,1.59
2022-02-23,0.3701,0.48000000000000004,0.03,0,1.03
2022-02-24,0,1.9001000000000001,1.1004,0.0204,1.41
2022-02-25,0.0016,0.0806,0.24029999999999999,0.5403,0.59
2022-02-26,0.3308,0,0,0,0
2022-02-27,0,0.0403,0,0,0.02
2022-02-28,4e-4,0,0,0,0
2022-03-01,2e-4,0,0,0,0
2022-03-02,0.1003,0,0,0,0
2022-03-03,4e-4,0,5e-4,4e-4,0
2022-03-04,0,0,0,0,0
2022-03-05,0,0,2e-4,0,0
2022-03-06,0.0103,0,0.1903,0.0101,0
2022-03-07,0.1101,0.47030000000000005,0.8402000000000001,0.020300000000000002,0.71
2022-03-08,0.1603,0,0,0.0101,0
2022-03-09,0.0702,0.2404,0.1302,0.4103,0.4
2022-03-10,0.1502,0,0,0,0
2022-03-11,0,1e-4,3.0000000000000003e-4,0,0
2022-03-12,0.27090000000000003,0.2504,0.0803,0.161,0.01
2022-03-13,4e-4,0,0,3.0000000000000003e-4,0.01
2022-03-14,0,0,0,0,0
2022-03-15,0,2e-4,2e-4,0,0
2022-03-16,0.0105,0.1107,0.030100000000000002,0,0.08
2022-03-17,0.0103,0,0,0.0607,0
2022-03-18,0.0102,0.3901,0.11,0,0.01
2022-03-19,0.3008,3.0000000000000003e-4,1e-4,0.0303,0.04
2022-03-20,0.1101,0,0,2e-4,0
2022-03-21,0,0,0,0,0
2022-03-22,0,0.0801,1.0401,0,0
2022-03-23,0,1.37,0.3002,0.2003,0.56
2022-03-24,0.45080000000000003,0,0.02,0.07,0
2022-03-25,0.4503,1e-4,0,0,0
2022-03-26,3.0000000000000003e-4,0,0,0.0302,0
2022-03-27,0,0,0,5e-4,0
2022-03-28,4e-4,0,0,5e-4,0
2022-03-29,3.0000000000000003e-4,0,0,0,0
2022-03-30,0,0,0.0101,4e-4,0
2022-03-31,5e-4,0.8805,1.11,0.2304,0.49
2022-04-01,0.5309,0.0103,0.02,0.0206,0.04
2022-04-02,0,0,0,0,0
2022-04-03,1e-4,0,0,1e-4,0
2022-04-04,0.060200000000000004,0,0.0403,0,0
2022-04-05,0,0.4003,0.29,0.050300000000000004,0.36
2022-04-06,6.000000000000001e-4,0.2404,0.2705,0.9402,0.12
2022-04-07,0.0102,2e-4,0,0.7306,0
2022-04-08,1.0206,0.0304,0.1504,4e-4,0.07
2022-04-09,0.3004,0,0,0.0205,0.04
2022-04-10,0.030100000000000002,0,0,1e-4,0
2022-04-11,0,0.2903,0.5503,0,0.05
2022-04-12,0.0608,1.9004,1.7902,0,0.99
2022-04-13,0,6.000000000000001e-4,0.7701,0,0
2022-04-14,0.07010000000000001,1.4301,0.64,0,0.68
2022-04-15,0.0502,0,0,0,0
2022-04-16,0.1205,0.52,0.42,0,0.19
2022-04-17,0.3803,1e-4,3.0000000000000003e-4,1e-4,0
2022-04-18,0,0.8802,0.3402,0.7001000000000001,0.68
2022-04-19,1.0201,0,0,0.1404,0
2022-04-20,0,0,0.02,1e-4,0
2022-04-21,3.0000000000000003e-4,0.1104,0.1303,0.0603,0
2022-04-22,0,0,0,0,0
2022-04-23,0,0,0,0,0
2022-04-24,2e-4,0,0,0,0
2022-04-25,0,0.48,0.2903,0,0
2022-04-26,0.2001,0.0204,0.01,0.0502,1.54
2022-04-27,0.1706,0,0,0,0
2022-04-28,4e-4,0,0,0,0
2022-04-29,0,0,2e-4,0,0
2022-04-30,0,0,0,0,0
2022-05-01,0,0.29,0.55,0.42,0.02
2022-05-02,0.0204,0,0,0.18,0
2022-05-03,0.32030000000000003,1e-4,0.04,0,0
2022-05-04,0.2605,2e-4,0,0.9002000000000001,0.31
2022-05-05,0,0.25,0.31010000000000004,0,0
2022-05-06,0,0.2006,0.41030000000000005,0.97,1.12
2022-05-07,0,0.0204,0.01,1.3106,0.42000000000000004
2022-05-08,0,0,0,0.030100000000000002,0
2022-05-09,0,0,0,0,0
2022-05-10,0,0,0,0,0
2022-05-11,0,0,0,0,0
2022-05-12,2e-4,0,0,0,0
2022-05-13,0,0,0,0.1706,0
2022-05-14,0,0,0,0.0407,0.02
2022-05-15,0.0106,0.01,0.08,1.28,0.22999999999999998
2022-05-16,0.6402,0,0,1e-4,0
2022-05-17,0.25020000000000003,0,0,0,0
2022-05-18,0,0,0,0,0
2022-05-19,0.1809,0,0.01,0.6902,0
2022-05-20,0,0,1e-4,0.030100000000000002,0
2022-05-21,0.0103,0,0.69,0,0.22
2022-05-22,0,0.8906,0.4603,2e-4,0
2022-05-23,0.14,0.11030000000000001,0.0102,6.000000000000001e-4,0.66
2022-05-24,0,0.5701,1e-4,0.1004,0
2022-05-25,0,0.8003,0.1903,0,0.09
2022-05-26,0,0.4507,0.7601,0,0.47
2022-05-27,0,0,2e-4,0.62,0.53
2022-05-28,0.4504,0,0,0.6903,0
2022-05-29,0,0,0,0,0
2022-05-30,0,0,0,0,0
2022-05-31,0,0,0,0,0
2022-06-01,0.1104,0,0,0,0
2022-06-02,0.0402,4e-4,0.0501,0.3,0
2022-06-03,0.0804,0,0,0,0
2022-06-04,3.0000000000000003e-4,0,0,0,0
2022-06-05,0,0,0,0,0
2022-06-06,0,0.040100000000000004,0.6905,0,0.06
2022-06-07,0,0.4804,0.26,0.08020000000000001,0.88
2022-06-08,0.1504,0.10010000000000001,0,0.2202,0.05
2022-06-09,1.09,0,0,0.0902,0
2022-06-10,0,0,0,0,0
2022-06-11,0,0,0,0.1004,0
2022-06-12,0,0,0,0.19019999999999998,0
2022-06-13,0.0202,0,0,0,0
2022-06-14,0,0,0,0.030199999999999998,0
2022-06-15,0,0,0,0,0
2022-06-16,0,0,0,0.5202,0
2022-06-17,0.02,0.26,1e-4,0,0
2022-06-18,0,0,0,0,0
2022-06-19,0.1704,0,0,0,0
2022-06-20,0,0,0,0,0
2022-06-21,0,0,0,0.0101,0
2022-06-22,0.0101,0,0,0.5203,0
2022-06-23,1e-4,0,0,0.5704,0
2022-06-24,0.1304,0,0,0,0
2022-06-25,0,0,0,0,0
2022-06-26,0,0,0,0.6202,0.2
2022-06-27,0.0603,0,0,0.0302,0
2022-06-28,0,0,0,0,NA
2022-06-29,0,0,0,0,NA
2022-06-30,0.1001,0.42000000000000004,0,0,NA
2022-07-01,0,0,0,0.48,NA
2022-07-02,0.0404,0,0.42000000000000004,0.56,NA
2022-07-03,0,0.9202,2e-4,0.02,NA
2022-07-04,0,0.19010000000000002,0,0,NA
2022-07-05,0.0403,2e-4,0,0.1101,NA
2022-07-06,0.27030000000000004,1e-4,0,0,NA
2022-07-07,0,1.2401,0.2301,0.1001,NA
2022-07-08,0,0.02,0,0.36,NA
2022-07-09,0,2.1503,1.4801000000000002,0.7506,NA
2022-07-10,0,0.6101,1e-4,0,NA
2022-07-11,0,0,0,0,NA
2022-07-12,0,2e-4,0.16,0.1102,NA
2022-07-13,2e-4,0,0,0,NA
2022-07-14,0.17020000000000002,0,0,0,NA
2022-07-15,0,0,0,0,NA
2022-07-16,0,0,1e-4,3.0000000000000003e-4,NA
2022-07-17,0.0901,0,3.0000000000000003e-4,1e-4,NA
2022-07-18,0.2305,0.4904,0.5101,0,NA
2022-07-19,0.2802,0,0,0,NA
2022-07-20,0,0,0,0,NA
2022-07-21,0.3801,0.0101,2e-4,0,NA
2022-07-22,0,0,0,0,NA
2022-07-23,0,0,0,0.1601,NA
2022-07-24,0,0,0,0.01,NA
2022-07-25,0.060399999999999995,0,0.03,0.020300000000000002,NA
2022-07-26,0,0.4702,1.06,1e-4,NA
2022-07-27,0,0,1e-4,3.0000000000000003e-4,NA
2022-07-28,0.0502,0.0901,1.0003,1e-4,NA
2022-07-29,0.0901,1.6802,0.0401,0.3004,NA
2022-07-30,2e-4,0,0.030100000000000002,0.0102,NA
2022-07-31,0,2e-4,0.46030000000000004,0.21030000000000001,NA
2022-08-01,3.0000000000000003e-4,0,0,0.0502,NA
2022-08-02,0,0,0,0.0301,NA
2022-08-03,0,2e-4,0,0,NA
2022-08-04,0,0,0.18009999999999998,0.0301,NA
2022-08-05,0.3,0.22999999999999998,1.3503,0.6101,NA
2022-08-06,0,0.1901,0,0,NA
2022-08-07,0.2502,1.3900000000000001,1e-4,0.24029999999999999,NA
2022-08-08,0,0,0,0,NA
2022-08-09,0.060200000000000004,0.8901,0.9801,0.06,NA
2022-08-10,0,0.4602,0.8100999999999999,0.9701,NA
2022-08-11,0,1e-4,0.0103,0.36019999999999996,NA
2022-08-12,0,0,0,0.0502,NA
2022-08-13,0,0,0,0,NA
2022-08-14,0,0,0,0.020300000000000002,NA
2022-08-15,0,0,0,0.2006,NA
2022-08-16,0,0.0204,0.08,0.0103,NA
2022-08-17,2e-4,0,0,2e-4,NA
2022-08-18,0.0907,0,0,0,NA
2022-08-19,0,0.66,0,0,NA
2022-08-20,0,0.13,0.0202,0,NA
2022-08-21,0,1e-4,0,0,NA
2022-08-22,1.42,2e-4,0.4901,0.0404,NA
2022-08-23,0.1202,0,0,0,NA
2022-08-24,0.0301,0,0,2e-4,NA
2022-08-25,0,0.03,1e-4,0,NA
2022-08-26,0,0,1e-4,0.050100000000000006,NA
2022-08-27,2e-4,0,0,0,NA
2022-08-28,0,0,0.02,0,NA
2022-08-29,0,0.030199999999999998,0.4001,0,0
2022-08-30,0,2e-4,0.12,0.8902,0.01
2022-08-31,0.41,0,0,0,NA
2022-09-01,0,0,0,0,0
2022-09-02,0,0,0,0,0
2022-09-03,0,0.6306,0.6601,0,0.14
2022-09-04,0,0.060000000000000005,0.030100000000000002,0,0.58
2022-09-05,1.1300000000000001,0.1102,0,0.2805,0.12
2022-09-06,1.1304,2e-4,0,1.2005000000000001,0
2022-09-07,0.0011,0,0,0.3803,0
2022-09-08,0,0,0,3.0000000000000003e-4,0
2022-09-09,0,0,0.01,0,0
2022-09-10,0,0.1804,0.0103,3.0000000000000003e-4,0.18000000000000002
2022-09-11,3.0000000000000003e-4,0.1104,1.3701,0.36050000000000004,0.51
2022-09-12,5e-4,0.3301,0,0.54,0.01
2022-09-13,4e-4,0,0,0,0
2022-09-14,0.0601,0,0,0,0
2022-09-15,1e-4,0,0,0,0
2022-09-16,0,0,0,0,0
2022-09-17,0,0,0,0,0
2022-09-18,0,0,0,0,0
2022-09-19,0.5104,0,0,0,0
2022-09-20,0.3603,0,0,1e-4,0
2022-09-21,0.0201,0,0,0,0.02
2022-09-22,1.0803,1e-4,0,4e-4,0
2022-09-23,0,0,0,0,0
2022-09-24,0,0.0106,0.0503,0,0
2022-09-25,4e-4,1e-4,0,0.3902,0.06
2022-09-26,0.15,0,0,0.0302,0
2022-09-27,0,0,0,0,0
2022-09-28,0,0,0,0,0
2022-09-29,0,0,0,0,0
2022-09-30,0,0,0,0.04,0
2022-10-01,2e-4,0,0,0.6905,0
2022-10-02,0,0,0,0.9604,0
2022-10-03,0,0,0,0.0106,0
2022-10-04,0.020300000000000002,0,0,0.0805,0
2022-10-05,0.0309,0,0,4e-4,0
2022-10-06,0.18000000000000002,0,0,0,0
2022-10-07,0,0,0,0,0
2022-10-08,0,0,0,0,NA
2022-10-09,0,0,0,0,NA
2022-10-10,3.0000000000000003e-4,0,0,0,0
2022-10-11,0,0,0,0,0
2022-10-12,0,0.2901,0.3102,0,0.01
2022-10-13,0.3704,1e-4,0,0.0503,0.33
2022-10-14,0.8102,0,0,0.0601,0
2022-10-15,0,0.01,0,0,0
2022-10-16,0,0.020300000000000002,0.0102,0,0.11
2022-10-17,0.10049999999999999,0.08,0,0,0.45
2022-10-18,0.3503,0,0,0,0
2022-10-19,0,0,0,0,0
2022-10-20,0,0,0,0,0
2022-10-21,0,0,0,0,0
2022-10-22,0,0,0,0,0
2022-10-23,0.0401,0,0,0,0
2022-10-24,0.1408,0,0,0,0
2022-10-25,0.0404,1e-4,0.8303,0,0
2022-10-26,0.2907,0.0101,0,0.0303,0.33999999999999997
2022-10-27,0.01,0,0,0,0
2022-10-28,0,0,0,0,0
2022-10-29,0,0,0,0,0
2022-10-30,0,0.3301,1.1106,0,0
2022-10-31,0,0.1102,6.000000000000001e-4,0.1203,NA
2022-11-01,0.1003,0.03,0,0.4401,NA
2022-11-02,0,0.0103,0,0,NA
2022-11-03,0.01,0,0,0,NA
2022-11-04,0,0,0,0,NA
2022-11-05,0,0.3701,0.3002,0,NA
2022-11-06,0,0.0506,1e-4,0.0402,0.04
2022-11-07,0.0901,1e-4,0.0303,0,0
2022-11-08,0,0,0.0104,0,0
2022-11-09,0,0,0,0,0
2022-11-10,0,0,0,0,0
2022-11-11,0.0501,1.4501,0.1003,1.4304,0.85
2022-11-12,1.0306,0.0803,0.19,0.5102,0.18
2022-11-13,0.14100000000000001,0,0,0.0201,0
2022-11-14,0,0,0,0,0
2022-11-15,0,0.3004,0.06,0.6603,0.33
2022-11-16,0.7303000000000001,0,0,0.13,0
2022-11-17,2e-4,0,0,2e-4,0
2022-11-18,0,0,0,0,0
2022-11-19,0,0,0,0,0
2022-11-20,2e-4,0,0,0,0
2022-11-21,2e-4,0,0,0,0
2022-11-22,0,0,0,0,0
2022-11-23,0,0,0,0,0
2022-11-24,0,2e-4,0.0201,0,0
2022-11-25,4e-4,0.0206,1e-4,0.0202,0
2022-11-26,0,2e-4,0.0601,0,0
2022-11-27,0.3201,0.37020000000000003,0.2803,0.11019999999999999,0.11
2022-11-28,0.2403,0.0403,0,2e-4,0
2022-11-29,0,0.34,0.1401,0,0.07
2022-11-30,0.3902,1.3503,0.5001,0.1402,0.89
2022-12-01,0.1601,0,0,0,0
2022-12-02,0,6.000000000000001e-4,0.0403,0,0
2022-12-03,0.20040000000000002,0.3004,0.1105,0.2605,0.24000000000000002
2022-12-04,1e-4,0,0,0,0
2022-12-05,0,0.1301,3.0000000000000003e-4,0,0.01
2022-12-06,0.0303,0.3805,0.2203,0.0804,0.35
2022-12-07,0.9003,0.6106,0.9303,0.1003,0.85
2022-12-08,0.01,0.9001,1.1702000000000001,0,0.33
2022-12-09,0,0,0,1e-4,0
2022-12-10,0,0.030100000000000002,0.2,4e-4,0.01
2022-12-11,5e-4,0,0,4e-4,0.01
2022-12-12,0.0711,0,0,0,0
2022-12-13,0,0,0,0,0
2022-12-14,3.0000000000000003e-4,0.8206,0.7901,0,1.84
2022-12-15,3.0000000000000003e-4,0.43000000000000005,0.5101,1.6102,0.43
2022-12-16,1.2805,0,0,0.0501,0
2022-12-17,0.2801,0,0,1e-4,0
2022-12-18,0,0,0,2e-4,NA
2022-12-19,2e-4,0,0,0,NA
2022-12-20,0,1e-4,0,1e-4,NA
2022-12-21,0,0,0,0,0
2022-12-22,2e-4,0.07020000000000001,0.0601,0.9207,0
2022-12-23,2.2703,0.0408,0.0108,0.5603,0.23
2022-12-24,0.0104,0,0,0,0
2022-12-25,0,0,0,0,0
2022-12-26,0,0.050499999999999996,0.0105,0,0
2022-12-27,0,0,2e-4,0,0
2022-12-28,0,0,0,0,0
2022-12-29,0,0.040100000000000004,0.030100000000000002,0,0
2022-12-30,0,1e-4,0.06,0,0
2022-12-31,0.0501,0.7,0.26,0.1003,0.02
2023-01-01,0.1302,0,0,0.23020000000000002,0
2023-01-02,0,1e-4,0.0701,1e-4,0
2023-01-03,0.3101,1.5704,2.3802,0.0604,0.63
2023-01-04,0.0707,0.07020000000000001,0,0,0.39999999999999997
2023-01-05,0.33039999999999997,0,0,1e-4,0
2023-01-06,0.2302,0,0,2e-4,0
2023-01-07,0,0.1102,2e-4,0,0
2023-01-08,0,0,0,0,0.01
2023-01-09,0,0,0,1e-4,0
2023-01-10,0,0,0,0,0
2023-01-11,0,0,0,0,0
2023-01-12,0.1208,0.1701,0.35000000000000003,0.030199999999999998,0.37
2023-01-13,0.8106,0.0112,8e-4,0.0702,0.2
2023-01-14,0.0107,0,0,3.0000000000000003e-4,0.01
2023-01-15,0,0,0,0,0
2023-01-16,0.1215,4e-4,0.2203,0,0
2023-01-17,0.09999999999999999,0.4003,3.0000000000000003e-4,0.1103,0.51
2023-01-18,0.0104,0,1e-4,1e-4,0
2023-01-19,0.06,0.7201000000000001,0.7101,0.3005,0.49000000000000005
2023-01-20,0.7401,0,0,0,0
2023-01-21,0.0213,0,0,0,0
2023-01-22,3.0000000000000003e-4,0.1706,0.3901,0.22,0.21
2023-01-23,0.9703,0,0,0.2004,0.02
2023-01-24,0.0105,0,0,0,0
2023-01-25,0.0206,0.3308,0.3705,0.2003,0
2023-01-26,1.4501,4e-4,0.0404,1e-4,0.05
2023-01-27,0,0,0,1e-4,0
2023-01-28,0,0,0,0,0
2023-01-29,0,0.7605000000000001,0.6405000000000001,3.0000000000000003e-4,0.7
2023-01-30,0,0.0304,2e-4,1e-4,0.11
2023-01-31,0.020900000000000002,0.1704,0.23020000000000002,1e-4,0.15000000000000002
2023-02-01,0,0.2601,0.020300000000000002,4e-4,0.26
2023-02-02,0,0.1202,0,0,0.1
2023-02-03,3.0000000000000003e-4,0,0,1e-4,0
2023-02-04,0,0,0,0,0
2023-02-05,0,0,0,0,0
2023-02-06,0,0,0,0,0
2023-02-07,0,0,0,0,0
2023-02-08,0.0502,3.0000000000000003e-4,0.0506,0,0
2023-02-09,0.020300000000000002,0.2904,0.3401,3.0000000000000003e-4,0
2023-02-10,0.0101,0,0,0,0
2023-02-11,1e-4,0,0,0,0
2023-02-12,0,0.0101,0,0.050300000000000004,0.61
2023-02-13,0,0,0,0.12000000000000001,0
2023-02-14,0,0,0.02,0,0
2023-02-15,0.14,4e-4,0.05,0,0.04
2023-02-16,1e-4,1.7306,2.7302,0.4103,1.33
2023-02-17,0.0407,0.0702,0,0.4405,2.13
2023-02-18,0,0,0,0,0
2023-02-19,0,0,0,0,0
2023-02-20,0,4e-4,0.0102,0,0.16999999999999998
2023-02-21,0.2008,0,0,0.0404,0
2023-02-22,0.0501,0,0.1601,0.2402,0
2023-02-23,0.0419,0.0705,0.9501000000000001,1e-4,0.02
2023-02-24,0.1108,0.0403,0.0102,2e-4,0.01
2023-02-25,5e-4,0.3201,2e-4,2e-4,0.89
2023-02-26,0.1115,0.0103,1e-4,0,0
2023-02-27,0.1506,0.13999999999999999,0.0201,0.2201,0.13999999999999999
2023-02-28,0.251,0,0,0.4001,0
2023-03-01,0.0303,1e-4,0.08,0,0
2023-03-02,0.4704,0.5301,0.4401,0.030100000000000002,0.77
2023-03-03,2e-4,0.4504,1.2704,0.2202,0.21
2023-03-04,0.7305,0,0,0.56,0
2023-03-05,3.0000000000000003e-4,0,0,0,0
2023-03-06,0,0,0,0,0
2023-03-07,4e-4,0,0,3.0000000000000003e-4,0
2023-03-08,6.000000000000001e-4,0,0,0,0
2023-03-09,0,3.0000000000000003e-4,0.0604,0,0
2023-03-10,0,6.000000000000001e-4,0.1201,0.1404,0.07
2023-03-11,4e-4,0.0101,0.0101,2e-4,0
2023-03-12,0,0.4802,0.6103000000000001,0.0404,0.8400000000000001
2023-03-13,0.1104,0,0,0.0606,0.04
2023-03-14,1.56,0,0,0,0
2023-03-15,1e-4,0,0,0,0
2023-03-16,0,0,0,0,0
2023-03-17,0,0.6305,0.4501,0.0403,0.59
2023-03-18,0,0,0,0.0801,0
2023-03-19,0,3.0000000000000003e-4,0,0,0
2023-03-20,0,0,0,0,0
2023-03-21,0,0.050100000000000006,0.11,0,0
2023-03-22,0,0.2811,0.2507,0,0.46
2023-03-23,6.000000000000001e-4,0,0,0.050300000000000004,0
2023-03-24,2e-4,0.1202,1.1,0.5005,0.01
2023-03-25,0.0603,0.63,1,0.2804,0.8
2023-03-26,0.1304,0,0,0,0
2023-03-27,0,0,0,0,0
2023-03-28,0.1607,0,0,0,0
2023-03-29,0,0,0,0,0
2023-03-30,0,0,0,0.0102,0
2023-03-31,0.0501,0.0905,0.9403,1e-4,0.06
2023-04-01,0.7905000000000001,0.2602,0.61,0.0608,0.88
2023-04-02,0.3601,0,0,0.0103,0
2023-04-03,0,5e-4,0,0,0
2023-04-04,0.0503,0,0,0,0
2023-04-05,1e-4,0.36,0.33,0,0
2023-04-06,0.0207,1.5203,0.2804,0.0703,0.09
2023-04-07,0.0201,0.0204,0,0,0.39
2023-04-08,0,0.08030000000000001,0,0,0.11
2023-04-09,0,0,0,0,0
2023-04-10,0,0,0,0,0
2023-04-11,0,0,0,0,0
2023-04-12,0,0,0,0,0
2023-04-13,0,1e-4,0,0,0
2023-04-14,0,0.030199999999999998,0,0,0.06
2023-04-15,0,0,0,0.0102,0
2023-04-16,0.0603,0.030199999999999998,0.0103,0,0.24000000000000002
2023-04-17,0.10099999999999999,0,0,0.0803,0
2023-04-18,0.0107,0,0,0,0
2023-04-19,0,0,0,0,0
2023-04-20,0,0,0,0,0
2023-04-21,1e-4,0.03,0.7101,0,0.03
2023-04-22,0,0.7202000000000001,0.2901,0.3904,0.98
2023-04-23,2.0103,1e-4,0,1e-4,0
2023-04-24,0.0603,0,0,0,0
2023-04-25,4e-4,0,0,0,0
2023-04-26,1e-4,0,0,2e-4,0
2023-04-27,0.0204,0.0604,0.6202,0,0.13999999999999999
2023-04-28,0,0.2003,0.0302,1.0901,0.5
2023-04-29,4e-4,0,0.1502,0.09,0
2023-04-30,0.8604,0.01,0.0703,0.5703,0.07
2023-05-01,0.9406,0,0,0.0104,0
2023-05-02,0.7401,0,0,0.041,0
2023-05-03,5e-4,0,0,0.0107,0
2023-05-04,0.0208,0,0,0.3405,0
2023-05-05,0.0204,2e-4,2e-4,1e-4,0
2023-05-06,0,0,0,0,0
2023-05-07,0,1.2301,0.1801,0.1404,0.53
2023-05-08,3.0000000000000003e-4,1.0701,0.5904,1e-4,0.56
2023-05-09,0,1e-4,0.05,0.33030000000000004,0.3
2023-05-10,0,0,0,0,0
2023-05-11,1e-4,0.0204,0.2,0,0
2023-05-12,2e-4,0.6003000000000001,0.7401,0,0
2023-05-13,1e-4,0.01,0.2501,0.2204,0
2023-05-14,0,0.25029999999999997,0,0,0
2023-05-15,0,0.4001,0.46,0,0
2023-05-16,0,0.0101,0.18009999999999998,0.0102,0.26
2023-05-17,0,0.01,0,0,0
2023-05-18,0,0,0,0,0
2023-05-19,0,0,1e-4,0,0
2023-05-20,0.9601000000000001,0.9004000000000001,0.8501,0.08020000000000001,0.81
2023-05-21,0.8200000000000001,0,0,0,0
2023-05-22,0,0,0,0,0
2023-05-23,0,1e-4,0,0,0
2023-05-24,0.23,1e-4,0,0,0
2023-05-25,2e-4,0,0,0,0
2023-05-26,0,0,0,0,0.13
2023-05-27,0,0,2e-4,0,0
2023-05-28,0,0,0,0,0
2023-05-29,0,0,0,0.0101,0.02
2023-05-30,0,0,0,1e-4,0.04
2023-05-31,0,0.01,0,0,0
2023-06-01,0,0,0,0,0
2023-06-02,0.91,0,0,0,0
2023-06-03,0.061200000000000004,0,0,1e-4,0
2023-06-04,0.031,0.1,0,0.030600000000000002,0
2023-06-05,0.1407,1e-4,0,0,0
2023-06-06,0,0,0,0,0
2023-06-07,0,2e-4,1e-4,0,0.2
2023-06-08,0.1106,0,0,0,0
2023-06-09,0.0404,0,0,3.0000000000000003e-4,0
2023-06-10,0.2806,0,0,0,0
2023-06-11,0,0.38,0.59,0,0.6900000000000001
2023-06-12,0,0.0101,0.01,0.4702,0.6
2023-06-13,0.1104,0,0,0,0
2023-06-14,0.3302,1e-4,0,0.0206,0
2023-06-15,0.0401,1e-4,0,0,0
2023-06-16,0,0,0,0.3902,0
2023-06-17,1.2603,2e-4,0,0.02,0
2023-06-18,0.1201,0,0,0,0.21
2023-06-19,0,0.9004,0.8105,1e-4,1.12
2023-06-20,0.0202,0.3402,0.2301,0.6901,0.34
2023-06-21,0,0.11,0.02,0.22010000000000002,0.12
2023-06-22,0,0.040600000000000004,0.0601,0.2501,0.8
2023-06-23,1e-4,0,0,0.2403,0
2023-06-24,0.3508,0,0,0.0704,0
2023-06-25,0,0,1e-4,0.0301,1.08
2023-06-26,0.8501,0,0,0.1,0.93
2023-06-27,0.7204,0,0,0.2003,0
2023-06-28,0.52,0,0,0,0
2023-06-29,0,0.8103,0.0103,0,0
2023-06-30,0,0,0,0,1.21
2023-07-01,0,1.2001,0.23,0.030199999999999998,0
2023-07-02,1.3702,0,0.46,0.1,0.46
2023-07-03,0.5802,0.01,0.22010000000000002,0.0104,0
2023-07-04,0.5803,0.18,0,0,0
2023-07-05,0.0101,0.4503,1e-4,0,0.16999999999999998
2023-07-06,0,0.2701,2e-4,3.0000000000000003e-4,0.33
2023-07-07,2e-4,0,0,0,0
2023-07-08,0,0.18,0.4202,0,1.09
2023-07-09,0,0.3605,0.1502,0.6901,0.02
2023-07-10,0.4409,0,0,0,0
2023-07-11,0.0101,0,0,0,0
2023-07-12,0.12,0,0,0,0
2023-07-13,1e-4,0,0,1e-4,0
2023-07-14,0.3803,1e-4,0,0.7302000000000001,0
2023-07-15,0.10020000000000001,0.5902,0.25,0,0.02
2023-07-16,2.6603,0,0,6.000000000000001e-4,0.01
2023-07-17,0.0102,0,0,0,0
2023-07-18,0.6701,1.1501,0.43,0.1,0.01
2023-07-19,0,0.9301,0.4501,0,0.14
2023-07-20,0,0.18,0.2502,0,1.24
2023-07-21,0.6603,0,0,0.30010000000000003,0
2023-07-22,0.02,0,2e-4,0,0.02
2023-07-23,0,0,0,0,0
2023-07-24,0.15,0,0.18009999999999998,2e-4,0
2023-07-25,1e-4,0.0201,0,0.050300000000000004,0
2023-07-26,2e-4,0,0.0101,0,0
2023-07-27,0.0202,0.0201,0,0.0101,0
2023-07-28,0,0,0,0.74,0
2023-07-29,1.0901,0.15,0,0.0201,0.19999999999999998
2023-07-30,0.0103,0.98,0.3402,0,0.03
2023-07-31,1e-4,0,0,3.0000000000000003e-4,0
2023-08-01,0.02,0,0,0,0
2023-08-02,0,1e-4,3.0000000000000003e-4,0,0
2023-08-03,0,1.1902,0.46,0,0.52
2023-08-04,3.0000000000000003e-4,0.12010000000000001,0.3002,2e-4,0.02
2023-08-05,0,0.1101,0.71,1e-4,0
2023-08-06,0,0.1401,0.0502,0,0
2023-08-07,0.0207,0.0602,0,1.7602,0.77
2023-08-08,1.2406,0,0,0,0.04
2023-08-09,2e-4,0.1702,0.4,1e-4,0.01
2023-08-10,0.0401,0.32020000000000004,0.5900000000000001,0.0602,1.07
2023-08-11,0.2802,0,0,0,0
2023-08-12,0,0.9400999999999999,0.16,0,0.44
2023-08-13,0.0501,0.1601,0.48000000000000004,0.0502,0
2023-08-14,1e-4,0.13,0.4401,0.2601,0.8
2023-08-15,0.7106,0,0,0.0101,0.13
2023-08-16,1e-4,0,0,0,0
2023-08-17,0,0,0,0,0
2023-08-18,0.45020000000000004,0,0,1e-4,0
2023-08-19,1e-4,0,0,0,0
2023-08-20,0,0,0,0,0
2023-08-21,0,0,0,0,0
2023-08-22,0,0,0,0,0
2023-08-23,0,0,0,1e-4,0
2023-08-24,0,0,0,1e-4,0
2023-08-25,0.8607,0,0,0.2702,0
2023-08-26,3.0000000000000003e-4,0,0.18,0,0.07
2023-08-27,1e-4,0.0305,2.3102,2e-4,0.06999999999999999
2023-08-28,0.01,0,0,1e-4,0.5900000000000001
2023-08-29,2e-4,2e-4,0,1e-4,0.52
2023-08-30,0.4306,0,0,2e-4,0
2023-08-31,0,0,0,0,0
2023-09-01,0,0,0,0,0
2023-09-02,0,0,0,0,0
2023-09-03,0.0102,0,0,0,0
2023-09-04,0,0,0,0,0
2023-09-05,0,0.2303,0.6401,0,0
2023-09-06,0,0.6103000000000001,0.0303,0,0
2023-09-07,0,0.08,0.31,0.10010000000000001,0.04
2023-09-08,0.3401,0,0,0.0302,0
2023-09-09,0.1502,0,0,0.6703,0
2023-09-10,0.22039999999999998,0,0,0.0103,0
2023-09-11,2.2005,0,0,0.4901,0
2023-09-12,0.5202,3.0000000000000003e-4,0.0102,1e-4,0
2023-09-13,0.0103,0,0,0.1,0
2023-09-14,0,0,1e-4,0,0
2023-09-15,0.01,0,0,0,0
2023-09-16,5e-4,0.1704,1.1900000000000002,0,0.06
2023-09-17,0,0.30019999999999997,0.15009999999999998,0.5401,0.14
2023-09-18,7e-4,0,0,0.2,0
2023-09-19,1e-4,0,0,0,0
2023-09-20,0,0,0,0,0
2023-09-21,0,0,0,0,0
2023-09-22,0,0,0,0,0
2023-09-23,0,0,0,0.9802000000000001,0
2023-09-24,9.000000000000001e-4,0,0,0.7304,0
2023-09-25,0.0111,0,0,1e-4,0
2023-09-26,0,0,0,0.0302,0
2023-09-27,0,0.05,0,0,0.78
2023-09-28,0,0.8402999999999999,1.6001,0,0.13
2023-09-29,0.0106,0.16,0.01,2e-4,0
2023-09-30,5e-4,0,0,0,0
2023-10-01,0.01,0,0,0,0
2023-10-02,0,0,0,0,0
2023-10-03,0.12,0,0,0,0
2023-10-04,0,0,0,0,0
2023-10-05,0,0.22,0.1902,0,0
2023-10-06,0.0102,0.0803,0.0201,0,0.2
2023-10-07,0.3004,0,0,0.6502,0
2023-10-08,0.1602,0,0,0,0
2023-10-09,0,0,0,0.0601,0
2023-10-10,2e-4,0,0,0,0
2023-10-11,0,0,0,0,0
2023-10-12,0,0,0,0,0
2023-10-13,0,0,0,0,0
2023-10-14,0,1e-4,0.0502,0.2306,0
2023-10-15,0,5e-4,2e-4,0.07050000000000001,0.09
2023-10-16,0.0307,6.000000000000001e-4,0,0,0.2
2023-10-17,0,0,0,0,0
2023-10-18,0.0101,0,0,0,0
2023-10-19,0,0,0.05,0,0.01
2023-10-20,1e-4,2e-4,0,0.1503,0.49
2023-10-21,1.2906,0,0,0.0201,0
2023-10-22,0.0502,0,0,1e-4,0
2023-10-23,2e-4,0,0,0,0
2023-10-24,0,0,0,0,0
2023-10-25,0,0,0,0,0
2023-10-26,2e-4,0,0,1e-4,0
2023-10-27,0,0,0.9300999999999999,0,0
2023-10-28,0,0,0,0,0
2023-10-29,0.1704,3.0000000000000003e-4,0.6503,0.0605,0
2023-10-30,0.8002,0.4303,0.3703,0.0205,0.09
2023-10-31,0.01,0,0,0,0.01
2023-11-01,0,0,0,0,0
2023-11-02,0,0,0,0,0
2023-11-03,0,0,0,0,0
2023-11-04,2e-4,0,0,0,0
2023-11-05,1e-4,0,0,0,0
2023-11-06,0,0,0,0,0
2023-11-07,0.0302,0,0,0,0
2023-11-08,0,0,0,0,0
2023-11-09,0.2104,1e-4,0,0.18000000000000002,0
2023-11-10,0,0.3303,0.0307,0.2501,0.53
2023-11-11,0,0,0,0,0
2023-11-12,0,0,0,0,0
2023-11-13,0,0,0,0,0
2023-11-14,2e-4,0,0,0,0
2023-11-15,0,0,0,0,0
2023-11-16,0.05,0.040100000000000004,0,0,0
2023-11-17,0,1e-4,1e-4,1e-4,0.08
2023-11-18,0.1703,1e-4,0,0.030100000000000002,0.03
2023-11-19,0,0,0,0,0
2023-11-20,1e-4,0,0.0501,0,0
2023-11-21,0,1.1105,1.45,1.3703,1.1500000000000001
2023-11-22,1.3502,4e-4,0,0.9,0
2023-11-23,0,0,0,0,0
2023-11-24,0,0,0,0,0
2023-11-25,0,0,0,0,0
2023-11-26,0,7e-4,0.020300000000000002,0,0.02
2023-11-27,0.3901,0.0101,0,1e-4,0.03
2023-11-28,0,0,0,2e-4,0
2023-11-29,0,0,0,0,0
2023-11-30,0,0,0,0,0
2023-12-01,0.030100000000000002,0.6303,0.3503,0.0602,0.26
2023-12-02,0.0604,0.1706,0,0,0.15
2023-12-03,0.6402,0.0901,0,0.2503,0.06
2023-12-04,0.3302,0.0101,0.01,0,0.04
2023-12-05,5e-4,0,1e-4,2e-4,0
2023-12-06,0.0105,2e-4,0,0.0703,0.16
2023-12-07,0,0,0,0,0
2023-12-08,0,0,0,0,0
2023-12-09,0,0.1608,0.0105,0,0.04
2023-12-10,0.4801,0.7303000000000001,0.0101,0.5504,1.02
2023-12-11,1.4303000000000001,0,0,0.5301,0
2023-12-12,0,0,0,0,0
2023-12-13,1e-4,0,0,0,0
2023-12-14,2e-4,0,0,0,0
2023-12-15,0,0,0,0,0
2023-12-16,0,0.0102,0.05,0,0
2023-12-17,0.0801,0.16040000000000001,0.24000000000000002,0.2601,0.52
2023-12-18,3.5602,0,0,1.29,0
2023-12-19,0,0,0,1e-4,0
2023-12-20,0,0,0,0,0
2023-12-21,0,0,0,0,0
2023-12-22,0,0,0,0,0
2023-12-23,0,0.3201,0.0701,0,0
2023-12-24,0.0106,0.0106,0.0305,0.0302,0
2023-12-25,0.0604,0.7703,0.4902,0,0.29
2023-12-26,0,0,0,0.1305,0.37
2023-12-27,0.040600000000000004,0,0,0.4006,0.03
2023-12-28,0.5502,2e-4,1e-4,1e-4,0
2023-12-29,0.0509,1e-4,0.020300000000000002,0,0
2023-12-30,0.0606,2e-4,2e-4,0,0
2023-12-31,0,0,0,1e-4,0
2024-01-01,0,0,0,5e-4,0
2024-01-02,0,0,0,0,0
2024-01-03,0,0,0,0,0
2024-01-04,1e-4,0,0,0,0
2024-01-05,0,0,0,0,0
2024-01-06,1e-4,0.4905,0.4602,0.2309,0.47
2024-01-07,0.0222,0.0102,0.0102,0.06,0.08
2024-01-08,0.2505,0,0.01,0,0
2024-01-09,5e-4,1.0604,1.8906,1.73,2
2024-01-10,2.3302,5e-4,0.0101,0.1101,0.03
2024-01-11,0,0,0,0,0
2024-01-12,0,1.1004,0.9601000000000001,0.040100000000000004,0.43000000000000005
2024-01-13,1.2103,1e-4,0,0.45,0.06
2024-01-14,0.0103,1e-4,4e-4,2e-4,0
2024-01-15,0,0.5404,0.011600000000000001,9.000000000000001e-4,0.06
2024-01-16,0.0018000000000000002,1e-4,1e-4,0.0508,0.01
2024-01-17,0.0204,0,0,0,0
2024-01-18,0.09,0.10010000000000001,2e-4,0,0.02
2024-01-19,0.03,0.0207,4e-4,0.1906,0.13
2024-01-20,5e-4,0,2e-4,0,0
2024-01-21,3.0000000000000003e-4,0,0,0,0
2024-01-22,0,0,0,0,0
2024-01-23,0,1e-4,0.0805,0,0
2024-01-24,0.2306,0.6804,1.1803000000000001,1e-4,0.31
2024-01-25,0.3401,0.7405,0.2701,0.0409,0.64
2024-01-26,0.7608,0,1e-4,0.0103,0.07
2024-01-27,0.0211,0.44020000000000004,0.6302,0,0.22
2024-01-28,0.2901,0.0311,0.0707,1.4803000000000002,0.49000000000000005
2024-01-29,0.6003000000000001,6.000000000000001e-4,1e-4,0.0103,0.08
2024-01-30,0.0014,0.0101,0,0,0
2024-01-31,2e-4,0,0,2e-4,0
2024-02-01,0,0,0,0,0
2024-02-02,0,0,0,2e-4,0
2024-02-03,1e-4,0,0,0,0
2024-02-04,0,0,0,0,0
2024-02-05,0,0,0,0,0
2024-02-06,0,0,0,0,0
2024-02-07,0,0,0,0,0
2024-02-08,0,0,0,0,0
2024-02-09,0,0.4803,0,0,0.3
2024-02-10,1e-4,0.5301,0.4402,0.01,0.7000000000000001
2024-02-11,0.0201,0.4701,0.4302,0.0105,0.72
2024-02-12,0,0.7306,0.64,0.1104,0.45
2024-02-13,0.0103,0.43010000000000004,0.2501,1.3501,0.5599999999999999
2024-02-14,1e-4,0,0,0,0
2024-02-15,0,0,0,2e-4,0
2024-02-16,0.061,0.21000000000000002,0.15009999999999998,0,0
2024-02-17,9.000000000000001e-4,0.06,0.0101,0.0506,0.25
2024-02-18,0,0,0,0,0
2024-02-19,0,0,0,0,0
2024-02-20,0,0,0,0,0
2024-02-21,0,0,0,0,0
2024-02-22,0,0.02,0.36010000000000003,0.2902,0
2024-02-23,0.2507,0.37020000000000003,0.30019999999999997,0.020300000000000002,0.95
2024-02-24,0,0,0,0.0405,0
2024-02-25,0,1e-4,0,0,0
2024-02-26,0,0,0,0,0
2024-02-27,0,2e-4,1e-4,1e-4,0
2024-02-28,0.3204,0.5102,0.29009999999999997,0.2002,0.35
2024-02-29,0.0604,0,0,0,0
2024-03-01,0,0.1707,0.1507,0,0.12
2024-03-02,0.17020000000000002,0.0605,0,0.8802,0.04
2024-03-03,0.9801000000000001,0,0,0,0
2024-03-04,0,0,0,0,0
2024-03-05,0.1907,0.4501,0.1303,0.1802,0.01
2024-03-06,0.20020000000000002,0.5303,0,0.020300000000000002,0.93
2024-03-07,1.7303,0,0,0.0903,0.05
2024-03-08,0,0.2203,0.1504,0,0
2024-03-09,1e-4,0.2609,0.2501,1.3900000000000001,0.63
2024-03-10,1.1603,0,0,6.000000000000001e-4,0
2024-03-11,4e-4,0,0,5e-4,0
2024-03-12,0,0,0,0,0
2024-03-13,0,0,0,0,0
2024-03-14,0,0,0,0,0
2024-03-15,0.1508,1.2001,0.6501,0.1404,0.4
2024-03-16,0,0,0,0,0
2024-03-17,0.0305,0,0,0,0
2024-03-18,0,0,0,0,0
2024-03-19,0,0,0,0,0
2024-03-20,0,0,0,0,0
2024-03-21,4e-4,0,0,0,0
2024-03-22,0,0.0504,0,0,0
2024-03-23,1.9608,0.1202,0.0102,0.8701,0.61
2024-03-24,0.34,0,0,0,0
2024-03-25,0,0,0,0,0
2024-03-26,3.0000000000000003e-4,0.8204,0.7901,0.03,0.78
2024-03-27,0.0608,0,0,0.0304,0
2024-03-28,1.2004,0,0,0,0
2024-03-29,0.4303,0,0,0,0
2024-03-30,0,0,0,0.0103,0
2024-03-31,0,0,0,0.06,0
2024-04-01,0,0,0,0.9202,0
2024-04-02,1e-4,0.6504,1.1804000000000001,0.7003,0.41
2024-04-03,0.3604,0.3503,0.0105,0.8304,0.58
2024-04-04,1.4301,0,0,0.0201,0.02
2024-04-05,0.0906,0,0,0.0104,0.03
2024-04-06,0.031,0,0,0,0
2024-04-07,0.0102,0,0,0,0
2024-04-08,0,0.0502,0.16,0,0
2024-04-09,0,0.33039999999999997,0.5801,0,0.03
2024-04-10,0.0102,0.1702,0.0103,2e-4,0.06
2024-04-11,0.1703,0.31070000000000003,1.0904,0.0401,0.19
2024-04-12,0.9604,0.0402,1e-4,0.4907,0.12
2024-04-13,0.01,0,0,5e-4,0
2024-04-14,0.0303,0,0,0,0
2024-04-15,0.060200000000000004,0,0,0.1004,0
2024-04-16,0,1e-4,0,0,0
2024-04-17,0,0.0601,0.07010000000000001,0.0302,0.07
2024-04-18,0.1706,0,0,1e-4,0
2024-04-19,0.0102,0.0204,0.0804,3.0000000000000003e-4,0.16
2024-04-20,0.18,0.36,3.0000000000000003e-4,2e-4,0.06
2024-04-21,1e-4,0,0,0,0
2024-04-22,0,0,0,0,0
2024-04-23,0,0,0,0,0
2024-04-24,0.0306,0.0402,1e-4,0,0.06
2024-04-25,0,0,0,0,0
2024-04-26,0,0.2504,0.3302,0,0.19
2024-04-27,0,0,0.03,0.2902,0
2024-04-28,0.2102,0,0,0.01,0
2024-04-29,0,1e-4,1e-4,0,0
2024-04-30,0.1203,1.8902,1.46,0.39,0.67
2024-05-01,0.2402,0,0,0.0102,0
2024-05-02,0.0801,0,0,0,0
2024-05-03,0,0.2803,0.3402,0,0.28
2024-05-04,0,0.8204,0.2701,0.1206,0.06
2024-05-05,0.26030000000000003,0,0.050100000000000006,0.3108,0.29
2024-05-06,0.2,0.4405,1.2404,0,0.13999999999999999
2024-05-07,0,0.13,0.2001,1e-4,0.13
2024-05-08,0.3602,0.2706,2.57,2e-4,1.43
2024-05-09,0.0201,2.06,2.5602,0.1403,2.16
2024-05-10,0,0,0,0.4807,0
2024-05-11,0,0,0,0.22039999999999998,0
2024-05-12,2e-4,0,0,0.2602,0
2024-05-13,0,0.0201,0.0102,0,0.02
2024-05-14,1e-4,0.7303,0.6701,0.0303,0.03
2024-05-15,0.0303,0.0305,0.03,0.0804,0.18
2024-05-16,6.000000000000001e-4,0,0,0,0.02
2024-05-17,0,0.0606,0.37020000000000003,3.0000000000000003e-4,0.39
2024-05-18,4e-4,2e-4,0.03,0.2803,0.04
2024-05-19,0,0,0,0,0
2024-05-20,0,0,0,0,0
2024-05-21,0,1e-4,0,0,0
2024-05-22,0,0.66,0.4101,0.0201,0.56
2024-05-23,0,0.050100000000000006,0.22000000000000003,4e-4,1.8
2024-05-24,0,4e-4,0,0.0201,0.05
2024-05-25,0,0.26,0.1302,0.13,0.35
2024-05-26,0.05,0.4802,2.9000000000000004,0.03,0.8700000000000001
2024-05-27,0.031200000000000002,0.71,1.42,0.1902,0.53
2024-05-28,0.3602,0,0,0,0
2024-05-29,0,0,0,2e-4,0
2024-05-30,1e-4,0,0,0,0
2024-05-31,0,0,0,0,0
2024-06-01,0,0.6003000000000001,0.6905,0,0
2024-06-02,0,0.0103,0.5,0.0103,0
2024-06-03,0,1e-4,0.02,0,0
2024-06-04,0,0.0702,0.11,0,0
2024-06-05,2e-4,0.10010000000000001,0.61,0.2002,0.02
2024-06-06,3.0000000000000003e-4,0.050100000000000006,0.19,0.07,0.13
2024-06-07,0,0,0,0,0
2024-06-08,0,0,0,0,0
2024-06-09,0.0202,0.1705,0.1502,1e-4,0.5
2024-06-10,0,0,0,1e-4,0
2024-06-11,0,0,0,0,0
2024-06-12,0,0,0,0,0
2024-06-13,0,0,0,0,0
2024-06-14,5e-4,0,0,3.0000000000000003e-4,0
2024-06-15,3.0000000000000003e-4,0,0,1e-4,0
2024-06-16,0,0.4001,0,0,0
2024-06-17,0,0.3,0,0,0
2024-06-18,0,2e-4,1e-4,0,0
2024-06-19,1e-4,0,0,0,0
2024-06-20,1e-4,0,0,0,0
2024-06-21,2e-4,0,0,0,0
2024-06-22,3.0000000000000003e-4,0,0,0,0
2024-06-23,0,2e-4,0.0103,0.0104,0.25
2024-06-24,0,0.04,0,0.0102,0
2024-06-25,2e-4,0,0,0,0
2024-06-26,0,0.42,0.9201,1e-4,0.29
2024-06-27,0.0704,0.2001,0.18009999999999998,0.2,0.77
2024-06-28,0,0,0,0,0
2024-06-29,5e-4,0,0,1e-4,0
2024-06-30,5e-4,0.22,0.1601,5e-4,0
2024-07-01,0,0,0,0,0
2024-07-02,0,0,0,0,0
2024-07-03,0,0,0,0,0
2024-07-04,1e-4,0,0.25,0,0
2024-07-05,4e-4,0.0402,0.4001,0,0.72
2024-07-06,2e-4,0,0,0,0
2024-07-07,2e-4,0,0,0,0
2024-07-08,0,0,0.18,0,0
2024-07-09,0,0.2801,0.42000000000000004,1e-4,0
2024-07-10,0,0,0.0101,0.71,0.02
2024-07-11,0,0,0,0.01,0
2024-07-12,0,0,0,0,0
2024-07-13,0,0,0,0,0
2024-07-14,0.09999999999999999,0,0,0,0
2024-07-15,0,0,0,0,0
2024-07-16,1e-4,0,0,0,0
2024-07-17,1.61,0,0.0601,0.2402,0
2024-07-18,0.0204,0.09040000000000001,3.0000000000000003e-4,3.0000000000000003e-4,0.28
2024-07-19,0,0,0,0,0
2024-07-20,0,3.0000000000000003e-4,1e-4,4e-4,0.09000000000000001
2024-07-21,0,0.03,1e-4,0,0
2024-07-22,0,2e-4,0.7801,4e-4,1.23
2024-07-23,5e-4,0.26030000000000003,0.0501,0.05,0.06
2024-07-24,0.09,2e-4,1e-4,0.2607,0.29
2024-07-25,2e-4,0.0201,0,1e-4,0
2024-07-26,0,0.1303,0.06,2e-4,0
2024-07-27,0,0,0,0,0
2024-07-28,0,0.1601,0.08020000000000001,0,0.56
2024-07-29,0.7203,1.1701000000000001,0.18009999999999998,0,0.02
2024-07-30,0,3.0000000000000003e-4,0,0.8403,0
2024-07-31,0.4002,0.8502,0.92,0,1.77
2024-08-01,0.0201,0.04,0,0.01,0.29
2024-08-02,1e-4,0.3202,0.5801000000000001,0,0.9
2024-08-03,0.1701,1e-4,0,1.0606,0.44
2024-08-04,1.2302,0,0,2e-4,0
2024-08-05,0.0101,0,0,0,0
2024-08-06,0.411,0,0,0,0
2024-08-07,0.9402,0,0,2.07,0
2024-08-08,0.1601,0,0,3.5104,0.02
2024-08-09,0.3804,0,0,2.9002,0.03
2024-08-10,0.3301,0,0,0,0
2024-08-11,0,0,0,0,0
2024-08-12,0.0104,0,0,0,0
2024-08-13,0,0,0,0,0
2024-08-14,0,0,0,0,0
2024-08-15,0.43,0,0,0,0
2024-08-16,0,0,0.0402,0,0.04
2024-08-17,0,2e-4,0,0.0902,0
2024-08-18,0.2306,0.31,0.2701,0.4803,0.42000000000000004
2024-08-19,0.0202,0,0,0,0
2024-08-20,0.16999999999999998,0,0,1e-4,0
2024-08-21,3.0000000000000003e-4,0,0,0,0
2024-08-22,0,0,0,0,0
2024-08-23,0,0,0,0,0
2024-08-24,0,0,0,0,0
2024-08-25,2e-4,0,0,0,0
2024-08-26,0.0202,0,0,0.0303,0
2024-08-27,1e-4,0,0,0,0
2024-08-28,0,0,0,0.03,0
2024-08-29,0,2e-4,0,4e-4,0
2024-08-30,0,0.4401,0.0703,0.36010000000000003,0
2024-08-31,0,0,0,0.53,0.06
2024-09-01,0.0101,1.56,0.07020000000000001,1e-4,0.27
2024-09-02,0,0,0,0,0
2024-09-03,0,0,0,0,0
2024-09-04,0,0,1e-4,0,0
2024-09-05,0,0,0,0,0
2024-09-06,0,0,0,0,0
2024-09-07,2e-4,0.0403,0.0601,0.2003,0.05
2024-09-08,0.0401,0,0,0,0
2024-09-09,0,0,0,0,0
2024-09-10,0,0,0,0,0
2024-09-11,0.07,0,0,0,0
2024-09-12,0,0.1101,0.02,0,0.04
2024-09-13,0,0.0601,0.8302,0,0.04
2024-09-14,0,0.4702,0.6303,0,0
2024-09-15,0,0,0.12010000000000001,0,0
2024-09-16,0,0,0,0,0
2024-09-17,0,0,0,0.0503,0.05
2024-09-18,0,0,0,0.3106,0
2024-09-19,0,0,0,0,0
2024-09-20,0.0408,0,0,0,0
2024-09-21,0.7703,0.35009999999999997,0,0.0801,0
2024-09-22,0.0202,1e-4,0,0,0.04
2024-09-23,0,0.21,0.09000000000000001,0.1004,0
2024-09-24,0,0.9102,0.060300000000000006,0.2103,0.03
2024-09-25,1e-4,0.0102,1e-4,0.0102,0.44
2024-09-26,0.3409,0,1e-4,0.31020000000000003,0.65
2024-09-27,0.2003,4.53,3.5801,0.1505,1.52
2024-09-28,0,0.2809,0.3801,0.0307,0.09
2024-09-29,0,0.3306,0.0504,0.0206,0.04
2024-09-30,0,0.0502,0.0101,0.4507,0
2024-10-01,1e-4,0,1e-4,0.2604,0.03
2024-10-02,0,0,1e-4,0.2003,0
2024-10-03,0,0,0,0,0
2024-10-04,2e-4,0,0,0,0
2024-10-05,4e-4,2e-4,0,0,0
2024-10-06,0,0,0,0,0
2024-10-07,0.1303,3.0000000000000003e-4,0,0.0501,0
2024-10-08,0,1e-4,0,0,0
2024-10-09,1e-4,0,0,0,0
2024-10-10,0.0101,0,0,0,0
2024-10-11,0,0,0,0,0
2024-10-12,0,0,0,0,0
2024-10-13,0.1704,0,0,0,0
2024-10-14,0.4911,0,0,2e-4,0
2024-10-15,0,0,0,1e-4,0.04
2024-10-16,0,0,0,0,0.01
2024-10-17,0,0,0,0,0
2024-10-18,0,0,0,0,0
2024-10-19,0,0,0,0,0
2024-10-20,0,0,0,0,0
2024-10-21,0,0,0,0,0
2024-10-22,0,0,0,0,0
2024-10-23,4e-4,0,0,0,0
2024-10-24,1e-4,0,0,0,0
2024-10-25,0,0,0,0,0
2024-10-26,0,0.0502,0,0,0.07
2024-10-27,0,0,0,0,0
2024-10-28,1e-4,0,0,0,0
2024-10-29,0,0,0,0,0
2024-10-30,0.32030000000000003,0,0,0,0
2024-10-31,0.0104,0.35,0.61,0,0
2024-11-01,0,0.0901,0.07010000000000001,1e-4,0.11
2024-11-02,0,0,0,0,0
2024-11-03,0,0,0,0,0
2024-11-04,0,0,0,0,0
2024-11-05,1e-4,0,0.0501,0,0
2024-11-06,0,0.12,1.8402,0,0
2024-11-07,0,0,0.3004,0,0
2024-11-08,0,2e-4,0,0,0
2024-11-09,0.0102,0.0102,0.0404,0,0
2024-11-10,1e-4,1.3602,0.45030000000000003,0.10020000000000001,0.01
2024-11-11,0.0904,0.0202,0.0301,0.0702,0.02
2024-11-12,0,0,0,0,0
2024-11-13,0,0.1302,0.8201,0,0
2024-11-14,0,0.8003,0.8201,0.09,0.33
2024-11-15,0,0,0,0.1202,0
2024-11-16,0,0,0,0,0
2024-11-17,0,0,0,0,0
2024-11-18,2e-4,0,0,0,0
2024-11-19,0,0.0905,0.5403,3.0000000000000003e-4,0.37
2024-11-20,0,2e-4,0,0.0103,0.02
2024-11-21,0.6404,0,0,0.0105,0.02
2024-11-22,0.6302,0,0,0.0305,0
2024-11-23,0.6801,0,0,0.0103,0
2024-11-24,0,0,0,0,0
2024-11-25,0,0.08,0,0,0
2024-11-26,0.31,3.0000000000000003e-4,0.26,0.0502,0.03
2024-11-27,0,2e-4,0.0202,0,0
2024-11-28,0.6101,0.1103,0.1301,0.3106,0.25
2024-11-29,2e-4,0,0,1e-4,0
2024-11-30,2e-4,0,0,0,0
2024-12-01,0,0,0,3.0000000000000003e-4,0
2024-12-02,0,2e-4,2e-4,0,0
2024-12-03,0,0.0103,3.0000000000000003e-4,0,0
2024-12-04,0,0,0,1e-4,0
2024-12-05,0.191,0,0,0.0103,0
2024-12-06,0,0,0,0,0
2024-12-07,0,0,0,0,0
2024-12-08,0.0109,0.0202,0.030100000000000002,0,0
2024-12-09,0.0502,1.17,0.9501000000000001,0.2504,0.61
2024-12-10,0,0.1403,0.0202,0.0101,0.26
2024-12-11,0,3.0000000000000003e-4,2e-4,1.5803,0.04
2024-12-12,0.07,0,0,0,0
2024-12-13,0,0,0,0,0
2024-12-14,0,1e-4,0.0701,0,0
2024-12-15,0,0.3203,0.3902,0.0105,0.44
2024-12-16,0,0.4603,1.3202,0.5001,0.28
2024-12-17,0,0.6900000000000001,0.6201,2e-4,0.19
2024-12-18,0,0.49,1.5101,0.0604,0.72
2024-12-19,0,0,0,2e-4,0
2024-12-20,0.001,0,0,3.0000000000000003e-4,0
2024-12-21,9.000000000000001e-4,0,0,1e-4,0
2024-12-22,0,0,0,0,0
2024-12-23,0,1e-4,0,0,0
2024-12-24,0.0303,2e-4,1e-4,0,0
2024-12-25,0,0,0,1e-4,0
2024-12-26,0,0,0.0404,0,0
2024-12-27,0,0.5401,0.4901,0,0.5800000000000001
2024-12-28,1e-4,2e-4,0.27,0.1606,0.08
2024-12-29,0.0315,0.8704000000000001,0.5704,0.0205,0.67
2024-12-30,0.651,0,1e-4,3.0000000000000003e-4,0.14
2010-10-03,NA,0,NA,NA,NA
2010-10-08,NA,0,NA,NA,NA
2010-10-10,NA,0,NA,NA,NA
2010-10-11,NA,0,NA,NA,NA
2010-10-13,NA,0.0502,1e-4,NA,NA
2010-10-14,NA,0.03,0.0101,0.6802,NA
2010-10-18,NA,0,0,1e-4,NA
2010-10-19,NA,1e-4,NA,0.1801,NA
2010-10-20,NA,0.0501,NA,NA,NA
2010-10-22,NA,0,NA,NA,NA
2010-10-23,NA,0,NA,NA,NA
2010-10-25,NA,1.51,0.1603,3.0000000000000003e-4,NA
2010-10-31,NA,0,NA,NA,NA
2010-11-01,NA,0,NA,NA,NA
2010-11-02,NA,0,NA,NA,NA
2010-11-03,NA,0.1403,0.0105,NA,NA
2010-11-06,NA,0.01,NA,NA,NA
2010-11-11,NA,0,NA,NA,NA
2010-11-12,NA,0,0,NA,NA
2010-11-13,NA,1e-4,0.2002,NA,NA
2010-11-14,NA,0.1703,0.10010000000000001,NA,NA
2010-11-15,NA,0,0,NA,NA
2010-11-18,NA,0,0.01,NA,NA
2010-11-21,NA,0,NA,NA,NA
2010-11-22,NA,0,NA,NA,NA
2010-11-24,NA,0.0601,0.2701,4e-4,NA
2010-11-25,NA,0.09,0.9801000000000001,0.1601,NA
2010-11-28,NA,0,NA,3.0000000000000003e-4,NA
2010-11-29,NA,0.24000000000000002,0.28,NA,NA
2010-11-30,NA,1.9602,1.2703,0.3503,NA
2010-12-03,NA,0,NA,NA,NA
2010-12-05,NA,0.0011,5e-4,9.000000000000001e-4,NA
2010-12-08,NA,0,NA,6.000000000000001e-4,NA
2010-12-09,NA,0,NA,NA,NA
2010-12-17,NA,0,NA,NA,NA
2010-12-18,NA,0,0,NA,NA
2010-12-24,NA,2e-4,0.0102,NA,NA
2010-12-25,NA,0.1413,0.1212,3.0000000000000003e-4,NA
2010-12-28,NA,0,NA,NA,NA
2010-12-30,NA,0.09,0.1804,2e-4,NA
2010-12-31,NA,0,NA,NA,NA
2011-01-05,NA,0.07010000000000001,0.0101,NA,NA
2011-01-06,NA,0.0101,NA,NA,NA
2011-01-10,NA,0.2406,0.0204,NA,NA
2011-01-11,NA,0.0015,0.0117,0.0803,NA
2011-01-17,NA,5e-4,NA,NA,NA
2011-01-24,NA,3.0000000000000003e-4,NA,NA,NA
2011-01-31,NA,0.0504,NA,0.0101,NA
2011-02-10,NA,0.0302,NA,NA,NA
2011-02-18,NA,0.0301,NA,NA,NA
2011-02-22,NA,0.25,NA,0.4204,NA
2011-03-04,NA,0,NA,NA,NA
2011-03-08,NA,0.07,NA,NA,NA
2011-03-09,NA,0.8104,NA,0.0803,NA
2011-03-10,NA,0.021,NA,0.9603,NA
2011-03-15,NA,2e-4,NA,0.0103,NA
2011-03-23,NA,0.040100000000000004,NA,0.4304,NA
2011-03-26,NA,0.22,NA,NA,NA
2011-03-27,NA,0.01,NA,4e-4,NA
2011-03-28,NA,0.1602,NA,NA,NA
2011-03-29,NA,0.0101,NA,NA,NA
2011-03-30,NA,1.3805,NA,0.0701,NA
2011-04-12,NA,0.1904,NA,0.8901,NA
2011-04-15,NA,0.8502,NA,NA,NA
2011-04-21,NA,0.07010000000000001,NA,NA,NA
2011-04-22,NA,2e-4,NA,0.2203,NA
2011-04-29,NA,1e-4,NA,NA,NA
2011-05-01,NA,0.7102,NA,0.1104,NA
2011-05-02,NA,0.1303,NA,0.020300000000000002,NA
2011-05-03,NA,1.4704,NA,NA,NA
2011-05-06,NA,2e-4,NA,2e-4,NA
2011-05-13,NA,0.0702,NA,0.1004,NA
2011-05-14,NA,0.3103,NA,0.0102,NA
2011-06-04,NA,0,NA,1e-4,NA
2011-06-05,NA,0.03,NA,2e-4,NA
2011-06-15,NA,2.0500000000000003,NA,NA,NA
2011-06-19,NA,0.54,NA,0.0403,NA
2011-06-21,NA,0.0305,NA,0.2702,NA
2011-06-28,NA,1.66,NA,0.0201,NA
2011-07-06,NA,0.8701,NA,NA,NA
2011-07-16,NA,0,NA,NA,NA
2011-07-19,NA,0.0102,NA,1e-4,NA
2011-07-31,NA,1e-4,0,NA,NA
2011-09-04,NA,0.3504,1.53,NA,NA
2011-10-18,NA,0.050100000000000006,0.56,NA,NA
2011-11-03,NA,0.4603,0.3103,0,NA
2011-11-04,NA,0.0101,NA,0,NA
2011-11-08,NA,0.19,NA,NA,NA
2011-11-09,NA,0.0304,0.13999999999999999,0,NA
2011-11-20,NA,0.7201,0.7402,1e-4,NA
2011-11-21,NA,0.7302,1.2901,0.4102,NA
2011-11-22,NA,0.1105,0.4903,0.8001,NA
2011-11-26,NA,0,NA,0,NA
2011-11-27,NA,0.9605,1.1505,NA,NA
2011-11-28,NA,1.1502000000000001,1.09,0,NA
2011-12-05,NA,1.1906,2.8801,NA,NA
2011-12-12,NA,0,NA,NA,NA
2011-12-13,NA,3.0000000000000003e-4,4e-4,NA,NA
2011-12-20,NA,0.1801,0.0801,1e-4,NA
2012-01-03,NA,1e-4,NA,2e-4,NA
2012-01-07,NA,0.0103,NA,NA,NA
2012-01-09,NA,0.2701,0.050300000000000004,NA,NA
2012-01-10,NA,0.0102,1e-4,NA,NA
2012-01-11,NA,1.8804,0.9102,0.2202,NA
2012-01-16,NA,0.0205,0.020300000000000002,NA,NA
2015-07-26,NA,0,0.11,0,NA
2016-01-10,NA,0.2804,0.1904,1.0102,NA
2016-01-11,NA,0,0,0,NA
2011-07-20,NA,NA,0,NA,NA
2011-07-21,NA,NA,0,NA,NA
2011-07-22,NA,NA,0,0.030199999999999998,NA
2011-07-27,NA,NA,0,NA,NA
2011-08-18,NA,NA,0.09,NA,NA
2011-09-09,NA,NA,0.0101,0.5101,NA
2011-09-14,NA,NA,0.0101,1.47,NA
2011-12-04,NA,NA,0.3802,NA,NA
2011-04-03,NA,NA,NA,2e-4,NA
2011-04-07,NA,NA,NA,0,NA
2011-04-08,NA,NA,NA,0.4305,NA
2011-04-09,NA,NA,NA,0.030100000000000002,NA
2011-06-16,NA,NA,NA,0.0804,NA
2011-06-20,NA,NA,NA,0.1306,NA
2011-06-27,NA,NA,NA,0.0101,NA
2011-08-03,NA,NA,NA,0.2708,NA
2011-08-20,NA,NA,NA,0.01,NA
2011-09-01,NA,NA,NA,0.28,NA
2011-09-02,NA,NA,NA,0.09,NA
2011-09-17,NA,NA,NA,0.0401,NA
2011-09-28,NA,NA,NA,0.1302,NA
2011-10-08,NA,NA,NA,0,NA
2011-10-09,NA,NA,NA,0.01,NA
2011-10-10,NA,NA,NA,0,NA
2011-10-23,NA,NA,NA,0,NA
2011-10-24,NA,NA,NA,0.0202,NA
2011-10-31,NA,NA,NA,0,NA
2011-11-01,NA,NA,NA,0,NA
2011-11-05,NA,NA,NA,0,NA
2011-11-07,NA,NA,NA,0,NA
2011-11-12,NA,NA,NA,0,NA
2011-11-13,NA,NA,NA,0,NA
2011-11-19,NA,NA,NA,0,NA
2011-11-25,NA,NA,NA,0,NA
2011-12-17,NA,NA,NA,2e-4,NA
2011-12-18,NA,NA,NA,1e-4,NA
2011-12-24,NA,NA,NA,2e-4,NA
2011-12-30,NA,NA,NA,1e-4,NA
2012-01-01,NA,NA,NA,0.0103,NA
